id,profession,gender,pred_class_idx,pred_label,pred_prob_original,pred_prob_erased,faithfulness,tokens_erased,n_tokens_erased
12781,nurse,F,5,nurse,0.9995,0.1914,0.8081,"nursing, studies, university, patients, medical",5
34470,photographer,M,3,photographer,0.9974,0.9299,0.0676,"photography, photographic, are, nudes, experts",5
9342,professor,M,0,professor,0.9983,0.9755,0.0228,"award, faculty, faculty, publications, research",5
30362,professor,M,0,professor,0.9275,0.8426,0.0849,"software, chairs, radio, ieee, leading",5
90967,professor,M,0,professor,0.9998,0.9996,0.0002,"editorial, materials, journals, journals, reviewed",5
13344,software engineer,M,15,software engineer,0.1232,0.0595,0.0637,"stories, decided, passion, speculative, fiction",5
6239,journalist,M,4,journalist,0.9989,0.9932,0.0056,"reported, markets, turkey, lebanon, has",5
42028,attorney,F,2,attorney,0.4263,0.2361,0.1902,"food, enjoys, country, pbs, enjoys",5
90212,architect,F,10,architect,0.9954,0.0552,0.9401,"architectural, design, construction, progressive, buildings",5
43953,teacher,F,7,teacher,0.9792,0.9548,0.0244,"students, students, hashtag, with, gafe4littles",5
27966,professor,F,0,professor,0.9992,0.9953,0.0039,"ph, endodontics, received, school, research",5
41556,teacher,M,7,teacher,0.8869,0.2264,0.6604,"curriculum, school, school, traveled, german",5
43148,professor,M,0,professor,0.9992,0.9983,0.0009,"instructor, research, haissam, the, ph",5
93200,professor,F,0,professor,0.9987,0.9985,0.0002,"courses, methodologies, in, interests, education",5
46307,professor,F,0,professor,0.8814,0.0738,0.8077,"received, associates, taught, paramedic, detroit",5
61841,teacher,F,7,teacher,0.792,0.1822,0.6099,"nominated, outstanding, teachers, and, educators",5
23333,teacher,F,7,teacher,0.997,0.9738,0.0232,"bachelor, elementary, reggio, working, education",5
15551,attorney,F,2,attorney,0.9995,0.7901,0.2094,"law, of, bachelor, degree, juris",5
90631,journalist,F,4,journalist,0.9985,0.9954,0.0031,"contributor, media, cape, has, and",5
54445,professor,F,0,professor,0.9907,0.9551,0.0356,"fellowship, biochemical, sch, ucla, genetics",5
93903,professor,M,0,professor,0.6336,0.8214,-0.1877,"editor, emergency, valani, dr, also",5
16348,physician,F,1,physician,0.9998,0.5018,0.498,"practices, medicine, medical, medicine, specializes",5
46287,professor,F,0,professor,0.5826,0.3693,0.2134,"examining, research, experience, interests, city",5
72503,physician,M,1,physician,0.9866,0.9926,-0.006,"medical, medicine, prolapse, schifter, at",5
4602,physician,F,1,physician,0.9998,0.9961,0.0037,"medicine, practices, croteau, croteau, croteau",5
49360,psychologist,M,6,psychologist,0.8835,0.737,0.1465,"parent, autism, child, professional, maximize",5
42951,professor,M,0,professor,0.9414,0.2969,0.6445,"funded, has, was, in, rushton",5
77124,professor,M,0,professor,0.9997,0.9993,0.0003,"sharakhov, leads, sharakhov, cytogenetics, editorial",5
39711,dentist,M,8,dentist,0.7826,0.2348,0.5478,"dr, is, stone, caredash, licensed",5
30282,teacher,M,7,teacher,0.783,0.4356,0.3475,"focuses, on, adult, facilitation, facilitation",5
33409,professor,M,0,professor,0.9148,0.4618,0.4529,"consultant, physician, pittsburgh, is, physician",5
36561,model,M,12,model,0.9991,0.9899,0.0091,"born, [UNK], determined, name, is",5
10637,professor,M,0,professor,0.9245,0.5216,0.4029,"lecturing, university, arts, the, started",5
24817,attorney,F,2,attorney,0.4946,0.3576,0.137,"think, texas, arguments, think, world",5
31505,software engineer,M,15,software engineer,0.9668,0.7164,0.2504,"development, application, driven, experience, system",5
58312,journalist,F,4,journalist,0.9989,0.9988,0.0001,"newspapers, news, hungarian, graduating, major",5
42143,psychologist,M,6,psychologist,0.9991,0.9727,0.0264,"psychotherapy, psychotherapeutic, psychology, counsellor, humanistic",5
4145,attorney,F,2,attorney,0.9969,0.9825,0.0144,"law, ohio, degree, university, majored",5
64458,filmmaker,M,14,filmmaker,0.8139,0.0073,0.8065,"film, direction, move, art, in",5
74377,psychologist,M,6,psychologist,0.46,0.3803,0.0797,"recuperating, current, ordinary, bill, bill",5
20281,professor,M,0,professor,0.9898,0.9901,-0.0003,"of, the, krynetskiy, received, lab",5
55020,photographer,M,3,photographer,0.9684,0.4425,0.5258,"studios, studios, area, models, currently",5
74809,psychologist,F,6,psychologist,0.9389,0.6903,0.2487,"counselling, body, image, click, body",5
27933,professor,M,0,professor,0.9985,0.7511,0.2475,"arrival, prior, ucla, studies, theater",5
11662,professor,F,0,professor,0.9998,0.9997,0.0001,"ph, faculty, research, dokuz, interests",5
83094,professor,M,0,professor,0.996,0.9959,0.0002,"program, interests, fathering, development, studies",5
42156,physician,M,1,physician,0.954,0.9606,-0.0067,"medical, university, minnesota, school, affiliations",5
15615,software engineer,M,15,software engineer,0.5904,0.4478,0.1426,"based, management, microsystems, the, startup",5
79286,nurse,F,5,nurse,0.9975,0.8763,0.1212,"nursing, faculty, instructor, university, career",5
43044,photographer,F,3,photographer,0.9907,0.5475,0.4432,"capturing, small, in, keen, happiness",5
79135,professor,F,0,professor,0.9992,0.989,0.0102,"philosophy, doctorate, specialty, ethics, earned",5
17636,professor,M,0,professor,0.9992,0.998,0.0012,"director, investigating, postdoctoral, the, ph",5
54221,poet,M,13,poet,0.9854,0.5879,0.3975,"poets, literature, writer, critical, engagement",5
73575,photographer,M,3,photographer,0.9864,0.052,0.9344,"photographs, clients, magazines, director, sunwear",5
13578,journalist,M,4,journalist,0.9857,0.527,0.4587,"news, newspapers, magazines, zine, variety",5
5448,professor,F,0,professor,0.9974,0.2345,0.7629,"researcher, organization, behavior, as, studies",5
80601,architect,M,10,architect,0.9987,0.9901,0.0086,"architects, institute, architectural, design, international",5
43877,nurse,F,5,nurse,0.9953,0.8628,0.1326,"health, aging, diagnosis, practice, scope",5
44557,professor,M,0,professor,0.9998,0.9998,0.0,"university, microeconomics, research, conducts, massachusetts",5
61558,architect,M,10,architect,0.5147,0.8823,-0.3676,"experience, engineering, degree, masters, deployments",5
12480,professor,M,0,professor,0.9882,0.2965,0.6917,"areas, work, coordinator, prior, teri",5
37372,dentist,F,8,dentist,0.9933,0.9216,0.0717,"dental, surgery, dr, carriers, especially",5
48225,professor,F,0,professor,0.5874,0.1757,0.4117,"residency, earned, the, netherlands, minneapolis",5
35423,composer,F,17,composer,0.9901,0.2193,0.7707,"composers, works, ensembles, ensemble, symphony",5
4598,teacher,M,7,teacher,0.9987,0.0486,0.9502,"ratemyteachers, college, walsh, college, st",5
76006,journalist,F,4,journalist,0.9828,0.8517,0.1311,"work, of, fact, knucklebone, has",5
52486,physician,F,1,physician,0.9996,0.8492,0.1505,"md, 1093920274, alabama, professional, credentials",5
702,professor,M,0,professor,0.9891,0.9929,-0.0038,"chicago, published, law, cardiology, fellow",5
71994,journalist,F,4,journalist,0.9986,0.9973,0.0012,"publications, indigenous, news, both, mail",5
29015,attorney,F,2,attorney,0.9996,0.9996,-0.0,"counsel, law, as, serves, matters",5
93020,professor,M,0,professor,0.9998,0.9995,0.0003,"joining, prior, tufts, harvard, phd",5
24289,professor,F,0,professor,0.9991,0.9957,0.0034,"bachelor, grant, service, postdoctoral, 2008",5
85541,professor,F,0,professor,0.9968,0.9892,0.0076,"scholarly, is, papers, embassies, label",5
42719,professor,M,0,professor,0.9975,0.9211,0.0764,"received, sociolinguistics, the, university, learning",5
50174,architect,F,10,architect,0.9982,0.8623,0.1359,"architecture, architects, documenting, architecture, heinrich",5
14729,psychologist,M,6,psychologist,0.9932,0.3864,0.6068,"psychopathology, evaluated, interventions, developmental, designed",5
84291,physician,M,1,physician,0.9552,0.4159,0.5393,"professor, member, association, carolina, medical",5
11815,journalist,F,4,journalist,0.9909,0.9479,0.043,"columns, who, being, com, denver",5
65795,professor,F,0,professor,0.9996,0.9993,0.0003,"minnesota, teaches, research, courses, ph",5
70364,professor,F,0,professor,0.9882,0.2376,0.7506,"research, ph, the, politechnical, electronic",5
22347,journalist,F,4,journalist,0.9978,0.2938,0.704,"media, australian, cover, rules, football",5
39122,professor,F,0,professor,0.9555,0.6629,0.2925,"has, been, courtauld, fellow, at",5
31046,model,F,12,model,0.9989,0.645,0.354,"photoshoots, modeling, professionalism, photoshoot, commercial",5
33201,professor,F,0,professor,0.9992,0.9983,0.0009,"director, program, areas, cannon, after",5
34406,physician,M,1,physician,0.9414,0.8578,0.0836,"medicine, harrell, epo, graduate, health",5
74946,professor,M,0,professor,0.724,0.0432,0.6808,"community, interests, in, for, intellectual",5
84715,teacher,F,7,teacher,0.3082,0.0979,0.2103,"the, lecturer, delware, build, been",5
11351,painter,M,11,painter,0.766,0.0569,0.7091,"exhibition, studio, art, recently, public",5
436,physician,M,1,physician,0.9973,0.9947,0.0026,"medicine, graduate, medicine, saporito, dr",5
6302,physician,M,1,physician,0.4947,0.0888,0.4059,"2002, clinic, there, medical, patients",5
72269,physician,M,1,physician,0.8618,0.0417,0.8201,"medicine, university, program, residency, medical",5
24338,journalist,F,4,journalist,0.9143,0.3291,0.5852,"bbc, economist, covering, bonello, worked",5
55848,dentist,M,8,dentist,0.9906,0.957,0.0337,"dr, patients, gave, choice, provider",5
79663,journalist,F,4,journalist,0.7515,0.6445,0.1069,"broken, india, wildlife, time, for",5
50546,nurse,F,5,nurse,0.9937,0.0076,0.9862,"nursing, degree, opportunity, geriatric, acute",5
19540,physician,M,1,physician,0.9412,0.949,-0.0078,"dr, medical, at, medicine, school",5
30143,professor,M,0,professor,0.998,0.5968,0.4012,"previously, mfa, an, mailman, at",5
88326,professor,F,0,professor,0.8055,0.2559,0.5496,"focuses, nurse, students, nursing, research",5
42175,professor,F,0,professor,0.9995,0.9982,0.0013,"ethnographic, ethnography, research, diaspora, canada",5
16410,nurse,F,5,nurse,0.6857,0.6138,0.0719,"2013, graduated, 5531, of, clinic",5
16813,accountant,F,16,accountant,0.9973,0.0117,0.9856,"accounts, aged, mainly, works, receivables",5
2321,architect,F,10,architect,0.9851,0.8446,0.1406,"implementations, automotive, global, sap, sap",5
61142,physician,F,1,physician,0.9721,0.7656,0.2064,"medicine, at, of, dr, studied",5
52916,attorney,M,2,attorney,0.999,0.9995,-0.0005,"counsel, nwirp, at, law, practice",5
53976,professor,M,0,professor,0.9984,0.976,0.0224,"faculty, missouri, lindenwood, january, charles",5
51899,photographer,F,3,photographer,0.9979,0.285,0.7129,"photo, fame, attempted, impressive, series",5
47145,surgeon,M,9,surgeon,0.7119,0.4676,0.2443,"focused, surgery, surgery, several, tumor",5
75696,professor,M,0,professor,0.8129,0.654,0.1589,"department, at, sabbatical, research, associate",5
94259,professor,M,0,professor,0.9996,0.9993,0.0003,"rhetoric, journals, published, university, 2008",5
46960,journalist,M,4,journalist,0.9991,0.9984,0.0008,"publications, reported, from, times, other",5
93000,attorney,M,2,attorney,0.9986,0.9993,-0.0007,"bar, practiced, law, law, law",5
46505,professor,M,0,professor,0.999,0.9976,0.0014,"multidisciplinary, developing, lab, currently, chemoproteomic",5
68349,physician,F,1,physician,0.9624,0.9655,-0.0032,"medicine, health, dr, interests, graduate",5
42600,physician,F,1,physician,0.9997,0.734,0.2657,"practices, medicine, charleston, disease, wv",5
30588,professor,F,0,professor,0.9965,0.9955,0.001,"journalism, mfa, nonfiction, appeared, fellowship",5
40257,professor,F,0,professor,0.9987,0.446,0.5527,"dyslipidemia, dr, academia, pharmacy, pharmacy",5
66822,accountant,M,16,accountant,0.9984,0.3919,0.6065,"financial, finance, positions, director, held",5
41479,physician,M,1,physician,0.9989,0.9989,0.0,"no, virginia, hospital, received, insurance",5
22425,accountant,M,16,accountant,0.9986,0.0365,0.9621,"accountants, financial, accounts, public, pennsylvania",5
11945,attorney,M,2,attorney,0.6235,0.7996,-0.1761,"officio, attain, member, volunteer, kirkland",5
89703,attorney,F,2,attorney,0.9997,0.9996,0.0001,"matters, insurance, reinsurance, reinsurance, experience",5
85218,filmmaker,M,14,filmmaker,0.9924,0.9901,0.0023,"film, film, tribeca, feature, festival",5
51511,composer,M,17,composer,0.9967,0.7249,0.2718,"composing, mastering, bands, pieces, years",5
47791,software engineer,M,15,software engineer,0.8385,0.1618,0.6767,"intel, hosting, roles, development, engineering",5
45238,attorney,M,2,attorney,0.9997,0.999,0.0008,"represents, clients, disputes, businesses, forgery",5
79600,filmmaker,M,14,filmmaker,0.9849,0.9326,0.0523,"documentary, directing, career, label, film",5
66457,professor,M,0,professor,0.9783,0.9415,0.0369,"research, musculoskeletal, dr, osteoporosis, technical",5
19907,physician,F,1,physician,0.9995,0.9993,0.0002,"dr, 1821027434, 0101233200, virginia, credentials",5
25606,journalist,F,4,journalist,0.6782,0.4862,0.1919,"bikepsych, longtime, lives, rides, biker",5
46063,filmmaker,F,14,filmmaker,0.9913,0.9804,0.0109,"videos, films, has, been, documentaries",5
82848,attorney,M,2,attorney,0.9996,0.9996,0.0,"of, graduating, clerked, student, courts",5
57242,journalist,M,4,journalist,0.9983,0.4304,0.5679,"journalists, other, contact, surprise, keep",5
29759,surgeon,M,9,surgeon,0.9882,0.1599,0.8283,"surgery, university, program, plastic, plastic",5
28025,professor,F,0,professor,0.9997,0.9992,0.0005,"doctorate, studies, critical, dr, journals",5
2878,nurse,F,5,nurse,0.7652,0.5551,0.21,"2007, specialists, graduated, appointment, hospital",5
36532,dietitian,F,18,dietitian,0.998,0.0169,0.9811,"nutrition, having, experiences, 1999, years",5
94939,surgeon,M,9,surgeon,0.999,0.9987,0.0003,"graduated, dr, indiana, medicine, dr",5
85031,photographer,F,3,photographer,0.995,0.9441,0.0509,"portraiture, portraits, particularly, helping, working",5
29515,photographer,M,3,photographer,0.9964,0.1039,0.8926,"photography, photography, photography, ladakh, gopalpur",5
60123,nurse,M,5,nurse,0.9867,0.1818,0.8049,"nursing, presented, and, australian, masters",5
87861,physician,M,1,physician,0.6488,0.2693,0.3795,"st, from, medical, medical, mary",5
7856,poet,M,13,poet,0.9949,0.9758,0.0191,"poetry, poetry, poetry, writing, born",5
6655,surgeon,M,9,surgeon,0.6382,0.0469,0.5913,"aneurysm, endarterectomy, dr, medicine, thoracoabdominal",5
85177,physician,F,1,physician,0.4521,0.0831,0.369,"myelopathy, wikipedia, matters, org, patients",5
43831,professor,M,0,professor,0.9991,0.9977,0.0014,"undergraduate, major, master¹s, phd, directs",5
30012,dentist,M,8,dentist,0.9981,0.0817,0.9164,"dentists, 78, dn19353, florida, and",5
56328,physician,M,1,physician,0.5442,0.2468,0.2974,"medicine, physical, rehabilitation, certified, extensive",5
29403,professor,F,0,professor,0.9875,0.9324,0.0551,"oncoplastic, cerrahpasa, is, interests, also",5
95197,photographer,M,3,photographer,0.9931,0.9819,0.0113,"photographs, photographs, working, where, from",5
89401,professor,M,0,professor,0.9994,0.9995,-0.0001,"university, ortiz, taught, studies, author",5
51435,professor,M,0,professor,0.9994,0.9995,-0.0001,"mit, primary, by, 2001, phenomenological",5
52937,psychologist,M,6,psychologist,0.9985,0.9892,0.0093,"depression, following, stress, management, dr",5
29236,professor,M,0,professor,0.9996,0.0723,0.9273,"faculty, specializes, university, prior, undergraduates",5
34825,dentist,M,8,dentist,0.9887,0.3365,0.6522,"practising, lybrate, com, clinic, dr",5
78327,attorney,M,2,attorney,0.9829,0.121,0.8618,"soccer, school, university, law, chicago",5
93723,professor,M,0,professor,0.9966,0.9967,-0.0002,"research, british, interest, has, nailsworth",5
75691,professor,M,0,professor,0.9743,0.7903,0.184,"doctoral, 2005, study, directs, research",5
92636,physician,F,1,physician,0.999,0.9983,0.0007,"medicine, medicine, medicine, kuang, wang",5
31199,dentist,F,8,dentist,0.9988,0.9815,0.0173,"dentistry, maxillofacial, specialties, and, dr",5
38464,teacher,F,7,teacher,0.8784,0.271,0.6074,"educators, nysape, education, early, board",5
50763,software engineer,M,15,software engineer,0.956,0.933,0.023,"dbus, projects, bluetooth, kernel, bus1",5
18312,physician,F,1,physician,0.5026,0.4853,0.0172,"practice, 1255510053, dolstein, years, location",5
71970,professor,M,0,professor,0.9795,0.9593,0.0202,"evaluating, include, interventions, preventive, individualized",5
78380,professor,M,0,professor,0.4574,0.2265,0.2309,"genomics, is, has, pine, mapping",5
60161,journalist,F,4,journalist,0.9987,0.9963,0.0024,"journalism, civic, school, state, moscow",5
82402,professor,M,0,professor,0.9948,0.9737,0.0211,"ph, virotherapy, graduated, doctoral, received",5
14691,poet,M,13,poet,0.9704,0.0134,0.9569,"poems, 20x20, released, poetry, recordings",5
91561,professor,F,0,professor,0.8415,0.4405,0.4009,"doctorate, earned, passionate, publications, lives",5
6664,photographer,M,3,photographer,0.9961,0.8928,0.1033,"documents, sites, of, inhabited, organically",5
13852,professor,F,0,professor,0.9996,0.9985,0.0011,"phd, research, industrial, wisconsin, fromsirindhorninternational",5
84153,psychologist,F,6,psychologist,0.9986,0.0073,0.9913,"psychotherapy, counselling, transactional, integrative, working",5
52651,journalist,M,4,journalist,0.9886,0.0517,0.9369,"news, ophthalmic, also, is, as",5
22417,professor,M,0,professor,0.9996,0.9991,0.0005,"phd, research, andrade, main, are",5
84895,professor,F,0,professor,0.9902,0.8206,0.1696,"fellowship, ph, doctoral, behavior, specialization",5
11717,attorney,M,2,attorney,0.9992,0.9969,0.0024,"firm, texas, law, clients, accidents",5
59641,nurse,F,5,nurse,0.9866,0.0467,0.9399,"nursing, the, at, college, health",5
52246,professor,M,0,professor,0.9488,0.5683,0.3806,"focuses, research, scientific, machine, human",5
94896,professor,M,0,professor,0.5209,0.0104,0.5105,"is, otolaryngology, surgery, chicago, medical",5
39234,professor,F,0,professor,0.9823,0.8193,0.163,"edu, has, stereotype, the, advisory",5
78969,professor,F,0,professor,0.6731,0.5371,0.136,"role, is, in, course, education",5
86259,teacher,F,7,teacher,0.7117,0.0323,0.6794,"schools, children, includes, prisoners, imprisoned",5
85634,architect,M,10,architect,0.9976,0.0367,0.9609,"architecture, architecture, advanced, the, ricardo",5
82926,professor,F,0,professor,0.9839,0.9028,0.081,"dr, neuroblastoma, chair, focuses, oncology",5
32501,professor,F,0,professor,0.9997,0.9973,0.0024,"teaches, courses, focuses, in, dr",5
34205,poet,F,13,poet,0.9893,0.9888,0.0004,"poetry, poetry, masters, writing, creative",5
65797,journalist,M,4,journalist,0.9857,0.1298,0.856,"tunisian, covered, news, bahraini, award",5
58689,photographer,M,3,photographer,0.9957,0.0258,0.9698,"photography, camera, images, bloody, by",5
86967,journalist,M,4,journalist,0.9954,0.8166,0.1787,"editor, bbc, news, clem, decade",5
86329,physician,F,1,physician,0.776,0.7963,-0.0203,"california, berkeley, license, professional, credentials",5
26151,professor,F,0,professor,0.9948,0.359,0.6359,"received, university, dissertation, bergson, phd",5
60167,nurse,F,5,nurse,0.5136,0.4757,0.0379,"graduated, 1985, label, specialists, number",5
25483,teacher,M,7,teacher,0.8342,0.208,0.6262,"erich, on, lovely, puzzles, puzzles",5
23270,nurse,F,5,nurse,0.9981,0.7708,0.2273,"nurses, critical, experience, label, predominantly",5
52297,physician,M,1,physician,0.9998,0.7748,0.225,"medicine, practices, orthopaedic, dasnoit, in",5
6860,nurse,F,5,nurse,0.7892,0.2445,0.5446,"renee, graduated, 2013, having, specialists",5
199,professor,F,0,professor,0.9974,0.9903,0.007,"examines, sciences, applied, the, behavior",5
76157,photographer,F,3,photographer,0.9918,0.0985,0.8933,"photo, photo, projects, april, won",5
7540,professor,F,0,professor,0.9987,0.9987,-0.0,"stanford, university, phd, diaspora, interests",5
3207,physician,M,1,physician,0.9916,0.9904,0.0013,"medical, medical, school, hospital, expertise",5
38122,physician,M,1,physician,0.9998,0.8806,0.1192,"medicine, monteleone, dermatology, practices, specializes",5
53129,nurse,M,5,nurse,0.9922,0.0728,0.9195,"nurses, and, healthcare, bgs, professionals",5
72555,professor,M,0,professor,0.9998,0.9997,0.0001,"faculty, the, the, prior, at",5
72583,architect,M,10,architect,0.9377,0.9913,-0.0536,"computing, computing, cloud, foundation, computer",5
79884,physician,F,1,physician,0.9998,0.8044,0.1954,"medicine, practices, pediatrics, in, pa",5
76575,teacher,M,7,teacher,0.8936,0.2156,0.6781,"the, nctm, meetings, at, midschoolmath",5
83665,attorney,F,2,attorney,0.9996,0.9982,0.0015,"legal, clients, law, litigation, firm",5
10587,composer,F,17,composer,0.995,0.9335,0.0615,"compositions, conducting, conduct, have, performed",5
47866,nurse,F,5,nurse,0.5838,0.385,0.1988,"1996, graduated, cooperates, 0790, center",5
313,professor,M,0,professor,0.9998,0.9994,0.0004,"dr, strahlenchemie, redmond, phd, research",5
87658,software engineer,F,15,software engineer,0.3794,0.0925,0.2869,"nintendo, toru, been, any, game",5
527,professor,F,0,professor,0.9983,0.9734,0.0249,"earned, kinesiology, phd, taiwan, teaching",5
27434,professor,F,0,professor,0.9997,0.9995,0.0002,"research, sociology, manuscript, book, ethnographic",5
10082,professor,F,0,professor,0.8278,0.4108,0.417,"received, biology, davila, university, pylori",5
75175,physician,M,1,physician,0.9995,0.9905,0.009,"degree, medical, medical, medicine, received",5
86883,dentist,M,8,dentist,0.7043,0.553,0.1513,"dr, choice, patients, bergman, medical",5
70995,professor,F,0,professor,0.9412,0.2106,0.7306,"focuses, alcohol, related, alabama, risk",5
37066,attorney,M,2,attorney,0.9993,0.0339,0.9654,"association, bar, president, posts, the",5
75949,teacher,M,7,teacher,0.9699,0.0584,0.9115,"teaching, students, praised, and, earned",5
78990,architect,M,10,architect,0.5529,0.0221,0.5308,"solutions, efficient, webassembly, provide, secure",5
82304,dentist,M,8,dentist,0.959,0.4954,0.4636,"currently, dr, associated, appointment, dr",5
5058,professor,M,0,professor,0.9998,0.9992,0.0005,"scholarly, journals, primary, award, research",5
57502,journalist,F,4,journalist,0.4748,0.0177,0.4571,"mothers, children, interviewed, fathers, medication",5
41823,model,F,12,model,0.9947,0.0937,0.9009,"playboy, appeared, playmate, be, selected",5
28206,attorney,F,2,attorney,0.9968,0.9982,-0.0014,"counsel, law, bachelor, college, llc",5
39579,professor,F,0,professor,0.9995,0.9994,0.0001,"research, scholarship, acuff, studies, teaches",5
69270,physician,M,1,physician,0.9938,0.8238,0.17,"medical, medicine, school, school, education",5
61835,professor,F,0,professor,0.9998,0.9997,0.0001,"meteorologist, studies, research, works, 1994",5
62639,journalist,M,4,journalist,0.863,0.0431,0.8199,"journalism, professor, collaborative, pub, serves",5
93365,professor,M,0,professor,0.9992,0.9957,0.0035,"journal, studies, editor, cities, appeared",5
16315,professor,F,0,professor,0.9927,0.9791,0.0136,"had, law, history, cambridge, legal",5
57070,professor,F,0,professor,0.999,0.9934,0.0055,"teaches, symposium, external, manages, information",5
57612,professor,F,0,professor,0.9994,0.9838,0.0156,"focuses, reading, research, on, education",5
47862,photographer,F,3,photographer,0.9967,0.0754,0.9213,"photography, photographs, time, interests, historic",5
5869,professor,M,0,professor,0.9994,0.3156,0.6838,"earned, researcher, phd, brook, computer",5
79826,photographer,M,3,photographer,0.9885,0.6166,0.3719,"photography, lens, at, athletes, sports",5
16505,professor,F,0,professor,0.9995,0.9944,0.0051,"palgrave, published, essays, 9780230109551look, studies",5
55992,professor,M,0,professor,0.9545,0.0335,0.9211,"editorial, economics, member, cerm, the",5
39707,nurse,F,5,nurse,0.7892,0.697,0.0922,"helping, team, joining, doing, is",5
82386,architect,F,10,architect,0.9954,0.0024,0.993,"architects, board, architectural, the, of",5
31942,dentist,F,8,dentist,0.9277,0.1334,0.7943,"dental, dental, bds, dr, preeti",5
14518,photographer,F,3,photographer,0.9983,0.8955,0.1028,"photography, shoot, captures, ballet, combining",5
6952,professor,M,0,professor,0.9905,0.9258,0.0647,"obtained, algorithms, algorithms, analysis, carnegie",5
29369,professor,F,0,professor,0.9981,0.8981,0.1,"academia, construction, 2009, has, phd",5
56991,professor,F,0,professor,0.9994,0.8759,0.1235,"examines, phd, ethnic, disparities, work",5
45248,psychologist,M,6,psychologist,0.9418,0.8925,0.0493,"psychology, stigma, mindfulness, interests, therapy",5
44868,surgeon,M,9,surgeon,0.6672,0.0103,0.657,"surgeon, practices, mask, holds, professional",5
89093,professor,M,0,professor,0.781,0.0466,0.7345,"review, harper, eloquence, author, books",5
91091,professor,M,0,professor,0.9981,0.9867,0.0114,"completed, focuses, scholarship, studies, architecture",5
27303,attorney,F,2,attorney,0.9997,0.998,0.0017,"representing, courts, kentucky, advises, trucking",5
53371,professor,M,0,professor,0.999,0.9989,0.0,"phd, economics, determinants, research, the",5
26474,surgeon,M,9,surgeon,0.9966,0.993,0.0036,"surgeries, invasive, performed, dr, minimally",5
40556,professor,M,0,professor,0.9988,0.9976,0.0012,"collider, physicist, part, higgs, collider",5
56089,nurse,F,5,nurse,0.7913,0.0548,0.7365,"np, has, worked, unc, mask",5
47268,attorney,F,2,attorney,0.9963,0.6223,0.374,"represents, cases, violence, violence, domestic",5
89046,nurse,F,5,nurse,0.8885,0.709,0.1795,"specialists, honors, experiences, oconnor, appointment",5
40636,professor,F,0,professor,0.9986,0.9971,0.0016,"creative, phd, nonfiction, tutors, teaches",5
4183,journalist,F,4,journalist,0.9732,0.9713,0.002,"writer, writing, publications, times, writes",5
74029,professor,M,0,professor,0.9982,0.9972,0.001,"environmental, activehistory, the, history, research",5
36066,journalist,M,4,journalist,0.9978,0.9846,0.0133,"variety, sports, covered, authored, books",5
14092,professor,M,0,professor,0.9828,0.3679,0.6149,"disproportionate, research, interests, include, minority",5
5715,painter,M,11,painter,0.995,0.9852,0.0098,"exhibitions, paintings, new, paintings, shown",5
33429,professor,M,0,professor,0.9916,0.9609,0.0307,"received, university, tehran, linguistics, 1996",5
67912,physician,M,1,physician,0.9945,0.9873,0.0073,"dr, clinical, interests, training, medical",5
2076,professor,F,0,professor,0.9115,0.0943,0.8173,"areas, published, narrative, research, methodology",5
24607,filmmaker,M,14,filmmaker,0.9952,0.9919,0.0033,"screened, bafta, award, animation, film",5
68747,attorney,M,2,attorney,0.9996,0.8932,0.1064,"criminal, prosecutor, defense, utah, legal",5
35881,dentist,F,8,dentist,0.9913,0.891,0.1003,"dr, sandhya, associated, kandivali, appointment",5
52567,photographer,F,3,photographer,0.9963,0.9703,0.026,"photographing, photography, practising, art, stunning",5
77797,professor,F,0,professor,0.9107,0.7819,0.1288,"immunotherapy, has, immunotherapy, biomarker, nih",5
88595,professor,F,0,professor,0.9844,0.9764,0.008,"cardiology, graduated, cardiology, medicine, 2011",5
86494,nurse,F,5,nurse,0.9609,0.9192,0.0417,"cooperates, graduated, having, medical, 2014",5
90729,professor,M,0,professor,0.9995,0.9994,0.0002,"ph, studies, publications, pittsburgh, osama",5
22308,journalist,F,4,journalist,0.9777,0.9094,0.0683,"works, organisations, feminist, in, masters",5
93139,attorney,F,2,attorney,0.9998,0.9997,0.0,"counsel, litigation, focuses, litigation, santander",5
94587,professor,M,0,professor,0.9891,0.8067,0.1824,"studies, author, memory, the, novels",5
44329,nurse,F,5,nurse,0.5038,0.1927,0.3111,"2012, graduated, honors, number, label",5
28268,filmmaker,M,14,filmmaker,0.9567,0.2414,0.7153,"has, directed, film, debut, made",5
36863,psychologist,F,6,psychologist,0.9918,0.9576,0.0342,"psychology, psychology, clinical, doctorate, from",5
21705,professor,F,0,professor,0.6444,0.1105,0.5339,"also, programs, uplift, director, health",5
23419,photographer,M,3,photographer,0.9916,0.6096,0.382,"photography, photography, photos, photography, with",5
12822,professor,F,0,professor,0.6981,0.1309,0.5671,"phd, social, the, editor, receiving",5
76369,professor,M,0,professor,0.8681,0.5101,0.358,"publication, education, research, linguistics, language",5
90580,professor,F,0,professor,0.9919,0.8386,0.1532,"book, ashgate, based, suzanne, dissertation",5
12023,dietitian,F,18,dietitian,0.9984,0.9173,0.0811,"nutrition, healthlinkbc, provides, nutrition, where",5
36518,physician,M,1,physician,0.9997,0.903,0.0967,"md, 1588633150, alaska, credentials, professional",5
88947,attorney,F,2,attorney,0.9843,0.8615,0.1228,"rights, criminal, also, monitors, legal",5
32260,professor,M,0,professor,0.9997,0.9986,0.0011,"sociology, criminology, dr, received, in",5
60193,journalist,F,4,journalist,0.3688,0.1151,0.2537,"challenges, moldova, many, perpetrators, in",5
76809,professor,M,0,professor,0.9768,0.8229,0.1539,"specializes, research, epidemiology, interests, burn",5
56521,attorney,F,2,attorney,0.9976,0.9971,0.0004,"degree, immigrated, jodie, after, laubenberg",5
53363,professor,M,0,professor,0.9994,0.9992,0.0002,"biomedical, anesthesiology, neuroscience, the, 2005",5
76667,dentist,M,8,dentist,0.9896,0.8024,0.1872,"patients, highly, carriers, choice, insurance",5
71468,comedian,M,19,comedian,0.9965,0.9037,0.0929,"comedians, comedy, stand, reviewed, comedy",5
93003,physician,F,1,physician,0.9808,0.0586,0.9222,"medicine, at, 2009, toronto, sunnybrook",5
26758,psychologist,M,6,psychologist,0.6292,0.8728,-0.2437,"dr, disorders, the, experience, acute",5
33632,nurse,F,5,nurse,0.9055,0.7843,0.1212,"2005, specialists, graduated, honors, number",5
21267,physician,F,1,physician,0.9998,0.7615,0.2384,"medicine, practices, medicine, oxnard, specializes",5
17139,physician,F,1,physician,0.9998,0.7269,0.2728,"medicine, practices, stanford, specializes, in",5
91255,filmmaker,M,14,filmmaker,0.9942,0.9699,0.0244,"documentaries, producing, films, currently, short",5
4016,comedian,M,19,comedian,0.2593,0.1495,0.1098,"some, and, 2016, sargi, include",5
83781,filmmaker,M,14,filmmaker,0.9975,0.994,0.0034,"filmmaking, filmmakers, uk, film, production",5
60744,journalist,M,4,journalist,0.9986,0.1487,0.8499,"journalism, news, univision, booker, the",5
6281,surgeon,M,9,surgeon,0.999,0.4635,0.5355,"dr, practice, languages, pletcher, practices",5
41214,attorney,F,2,attorney,0.841,0.0913,0.7497,"legal, and, served, director, affairs",5
33498,surgeon,M,9,surgeon,0.999,0.9987,0.0003,"dentistry, medicine, dr, orthopedics, practices",5
88467,professor,F,0,professor,0.9993,0.998,0.0013,"college, behavior, phd, journal, the",5
17392,professor,F,0,professor,0.9991,0.9984,0.0007,"palgrave, author, religion, scholarship, macmillan",5
23666,nurse,F,5,nurse,0.9987,0.8584,0.1403,"nursing, in, science, bachelor, chigamik",5
94907,filmmaker,M,14,filmmaker,0.8832,0.0064,0.8768,"video, film, producer, and, podcast",5
365,teacher,M,7,teacher,0.5093,0.1009,0.4085,"texts, samadhi, was, journals, anthologies",5
83624,dentist,M,8,dentist,0.9982,0.0571,0.9411,"prosthodontics, specialties, dr, of, 27",5
46796,professor,M,0,professor,0.9946,0.0548,0.9398,"research, counselor, change, career, counselor",5
92257,attorney,M,2,attorney,0.9968,0.9838,0.0131,"dermot, law, skadden, school, firm",5
49539,dentist,M,8,dentist,0.9988,0.9859,0.0129,"dentistry, dr, maxillofacial, specialties, years",5
90617,photographer,M,3,photographer,0.9909,0.9377,0.0532,"photography, uses, understand, to, the",5
32341,physician,F,1,physician,0.9998,0.3665,0.6333,"medicine, practices, dermatology, medical, sumter",5
42652,attorney,M,2,attorney,0.9998,0.9998,-0.0,"legal, practice, courtrooms, fordham, evidentiary",5
26638,physician,M,1,physician,0.9841,0.9672,0.017,"dr, dr, of, diabetes, patients",5
65490,physician,M,1,physician,0.9979,0.0026,0.9953,"professor, medicine, harvard, assistant, internal",5
69683,professor,M,0,professor,0.9989,0.9982,0.0007,"the, author, argument, research, expert",5
64609,professor,M,0,professor,0.9981,0.9745,0.0236,"capstone, teaches, in, until, cny",5
6886,professor,F,0,professor,0.9484,0.5082,0.4402,"research, cognitive, interests, technology, behavioral",5
54290,photographer,F,3,photographer,0.9454,0.0005,0.9448,"photography, collapsed, vocational, in, low",5
2509,photographer,M,3,photographer,0.9986,0.9896,0.009,"photographs, works, magazines, camera, for",5
90074,physician,M,1,physician,0.9086,0.7426,0.1661,"clinical, training, school, medical, obtained",5
51522,professor,M,0,professor,0.997,0.9673,0.0297,"phd, research, editorial, holds, journals",5
5242,attorney,M,2,attorney,0.999,0.9851,0.0139,"does, law, work, graduated, bono",5
89223,professor,M,0,professor,0.9472,0.5487,0.3985,"said, report, addictive, aap, provides",5
59158,professor,M,0,professor,0.9996,0.9994,0.0002,"research, ieee, current, database, focus",5
52230,composer,M,17,composer,0.9979,0.0008,0.9971,"music, to, contributed, has, cannes",5
46126,photographer,F,3,photographer,0.9978,0.8527,0.1451,"photographs, com, photokina, photomonitor, photography",5
69355,photographer,M,3,photographer,0.9982,0.9934,0.0048,"photography, photography, cameraman, motion, shoots",5
2788,photographer,F,3,photographer,0.9145,0.9578,-0.0434,"photographs, kimbra, is, shot, takes",5
51786,nurse,F,5,nurse,0.875,0.9424,-0.0674,"medicine, pittsburgh, cooperates, number, affiliates",5
77215,photographer,F,3,photographer,0.9962,0.1598,0.8364,"photography, photography, bfa, holds, the",5
11549,photographer,F,3,photographer,0.9922,0.9697,0.0226,"photography, shoots, photography, photography, photography",5
51662,professor,M,0,professor,0.9997,0.9997,0.0,"ph, university, economics, economics, areas",5
92899,physician,M,1,physician,0.9638,0.7779,0.1859,"at, medicine, studied, winkle, hmo",5
24261,physician,M,1,physician,0.8139,0.432,0.3819,"dr, experiences, label, 8900, 2014",5
52753,professor,F,0,professor,0.999,0.9274,0.0716,"previously, was, at, california, university",5
6013,photographer,M,3,photographer,0.994,0.8332,0.1608,"visual, search, mark, passion, continued",5
21442,professor,M,0,professor,0.9997,0.9997,0.0001,"phd, research, articles, mathematics, systems",5
28480,teacher,M,7,teacher,0.9759,0.1837,0.7922,"teaching, teachers, coordinator, students, global",5
11359,attorney,F,2,attorney,0.9997,0.9892,0.0106,"represents, individual, held, matters, on",5
6551,professor,M,0,professor,0.9978,0.9762,0.0216,"award, ph, kharagpur, 2007, nsf",5
21851,architect,M,10,architect,0.8541,0.8428,0.0113,"technical, developers, company, technical, evangelist",5
13697,professor,F,0,professor,0.8312,0.4344,0.3969,"these, appointments, endocrinology, endocrinology, densitometrist",5
93111,professor,F,0,professor,0.9976,0.3143,0.6833,"education, counselor, counselor, dr, earned",5
8842,professor,M,0,professor,0.995,0.8266,0.1684,"research, faculty, committee, college, interests",5
90522,psychologist,M,6,psychologist,0.9801,0.031,0.949,"psychological, medical, doctors, experiences, other",5
36900,dietitian,F,18,dietitian,0.9978,0.005,0.9928,"nutrition, doctors, having, experiences, medical",5
36808,physician,F,1,physician,0.9996,0.9252,0.0744,"md, montebello, professional, 1497048672, dr",5
32143,nurse,F,5,nurse,0.6359,0.5261,0.1097,"2015, graduated, 7774, of, appointment",5
91070,attorney,M,2,attorney,0.9996,0.9993,0.0003,"firm, law, law, firm, firm",5
40409,professor,M,0,professor,0.4111,0.0069,0.4042,"krassovski, is, oceanographic, the, implemented",5
72554,nurse,F,5,nurse,0.9973,0.9939,0.0034,"professional, anchorage, practices, alaska, number",5
71862,professor,M,0,professor,0.9998,0.9967,0.0032,"research, focuses, grants, university, on",5
70410,journalist,F,4,journalist,0.977,0.0304,0.9465,"journalism, fellowships, supported, aru, alesund",5
51306,photographer,F,3,photographer,0.5622,0.9115,-0.3493,"is, heads, about, communications, assistant",5
89998,professor,M,0,professor,0.9999,0.9997,0.0001,"prior, university, methodist, postdoctoral, lyle",5
60351,surgeon,M,9,surgeon,0.9988,0.066,0.9328,"dr, practice, cristini, graduated, dr",5
48840,professor,F,0,professor,0.9995,0.9993,0.0002,"department, the, 2013, texas, university",5
23239,psychologist,M,6,psychologist,0.9766,0.9317,0.0449,"neuropsychological, children, theories, learning, adolescence",5
8846,professor,F,0,professor,0.9803,0.9865,-0.0063,"author, been, contributor, active, achievements",5
75434,teacher,F,7,teacher,0.5943,0.6311,-0.0367,"awareness, conviction, ordained, interfaith, an",5
38657,professor,M,0,professor,0.9996,0.7058,0.2938,"lab, focuses, scholar, understanding, the",5
53116,dietitian,F,18,dietitian,0.996,0.5316,0.4643,"nutrition, diets, diets, pregnancy, nutritional",5
12684,teacher,F,7,teacher,0.6972,0.4895,0.2077,"writing, dance, bible, study, group",5
10473,physician,F,1,physician,0.9998,0.6717,0.3281,"medicine, zamora, practices, medical, zamora",5
58717,physician,M,1,physician,0.9508,0.9414,0.0094,"dr, medicine, vora, arthroscopy, clinical",5
24191,professor,F,0,professor,0.8689,0.6852,0.1836,"director, ucsf, postdoctoral, visiting, microenvironment",5
17997,journalist,F,4,journalist,0.9974,0.9943,0.0031,"editor, hurriyet, agence, france, label",5
4740,nurse,M,5,nurse,0.9973,0.0091,0.9882,"nursing, nursing, degree, the, professional",5
86810,nurse,F,5,nurse,0.9355,0.041,0.8945,"nursing, nursing, degrees, received, johns",5
29741,professor,F,0,professor,0.9906,0.9757,0.0149,"methods, focused, research, fellows, also",5
92639,professor,F,0,professor,0.9992,0.9988,0.0004,"narratology, interests, research, film, digital",5
82485,surgeon,M,9,surgeon,0.8373,0.1043,0.733,"dr, challenges, matheson, wellington, of",5
55751,composer,M,17,composer,0.9736,0.0091,0.9645,"film, score, major, electropop, uk",5
39398,attorney,M,2,attorney,0.9998,0.9998,-0.0,"litigation, law, matters, travel, practices",5
52336,psychologist,F,6,psychologist,0.2341,0.0434,0.1907,"sexual, uploader, performing, leak, take",5
6314,psychologist,F,6,psychologist,0.767,0.2575,0.5095,"for, approaches, brighton, organisational, and",5
84578,photographer,F,3,photographer,0.7292,0.8037,-0.0745,"archaeology, documenting, worked, artefacts, many",5
76345,professor,M,0,professor,0.9904,0.3516,0.6388,"involves, faculty, students, wimmer, project",5
62658,photographer,M,3,photographer,0.8487,0.8783,-0.0296,"misty, new, latest, be, is",5
91491,photographer,F,3,photographer,0.8944,0.3988,0.4956,"trees, wildflowers, the, of, watches",5
84097,professor,M,0,professor,0.9963,0.0031,0.9933,"leadership, graduate, research, heads, boardand",5
85047,architect,M,10,architect,0.9957,0.741,0.2547,"architects, diploma, has, designed, built",5
68131,physician,F,1,physician,0.9998,0.9308,0.069,"medicine, gastroenterology, practices, specializes, maitland",5
27881,professor,M,0,professor,0.9974,0.9925,0.0049,"researching, signal, has, practicing, sheybani",5
68489,journalist,F,4,journalist,0.9947,0.0032,0.9914,"pop, writing, about, writing, after",5
33093,psychologist,M,6,psychologist,0.3525,0.1325,0.22,"tend, relationship, having, loved, lie",5
84896,dentist,M,8,dentist,0.9541,0.9758,-0.0217,"dental, prashant, dental, indian, dentistry",5
88437,photographer,M,3,photographer,0.9839,0.0004,0.9835,"photography, communication, both, and, and",5
65579,surgeon,M,9,surgeon,0.7561,0.0933,0.6628,"dr, graduated, medical, lettering, texas",5
50563,physician,F,1,physician,0.9872,0.9749,0.0124,"brown, honors, physicians, philadelphia, doctors",5
46302,dentist,F,8,dentist,0.9503,0.0054,0.9448,"dental, owning, garces, addition, havana",5
15309,attorney,M,2,attorney,0.9046,0.9048,-0.0003,"businesses, has, deductible, words, expense",5
22867,professor,F,0,professor,0.9971,0.3427,0.6544,"wiersma, phd, dr, the, ba",5
62621,psychologist,F,6,psychologist,0.9987,0.9984,0.0003,"psychodynamic, adults, mental, adolescents, addressing",5
15452,composer,M,17,composer,0.9963,0.988,0.0083,"music, conservatoire, composition, fugue, studying",5
51695,professor,F,0,professor,0.9992,0.9955,0.0036,"research, faculty, epidemiology, 2007, primary",5
94756,photographer,M,3,photographer,0.9371,0.9205,0.0166,"show, gallery, for, upcoming, realized",5
57456,photographer,M,3,photographer,0.9856,0.9905,-0.0049,"takes, also, but, producing, videos",5
59259,professor,M,0,professor,0.9972,0.9982,-0.001,"information, research, interests, teknologi, computer",5
23455,professor,F,0,professor,0.9993,0.6136,0.3857,"centers, research, mardis, on, dr",5
13699,professor,M,0,professor,0.9994,0.0186,0.9808,"doctoral, faculty, 2004, dr, the",5
38984,attorney,M,2,attorney,0.2507,0.0202,0.2305,"client, told, is, be, detailed",5
86605,professor,M,0,professor,0.9994,0.997,0.0024,"papers, research, lies, published, requirements",5
38637,attorney,F,2,attorney,0.9998,0.9997,0.0001,"firm, services, provides, llp, legal",5
18779,photographer,M,3,photographer,0.9701,0.8233,0.1468,"national, portrait, and, work, in",5
85658,dentist,M,8,dentist,0.9979,0.0032,0.9947,"licence, dr, 1124280466, professional, of",5
10208,psychologist,F,6,psychologist,0.9986,0.9975,0.0011,"psychology, clinical, psychological, degree, help",5
66909,accountant,F,16,accountant,0.9319,0.0174,0.9145,"financial, families, families, understands, ends",5
68771,dentist,F,8,dentist,0.9617,0.0989,0.8628,"dental, clinic, kawatra, bds, dr",5
36766,professor,F,0,professor,0.6845,0.1489,0.5356,"previously, fellow, wisconsin, environmental, use",5
76580,professor,M,0,professor,0.9994,0.9993,0.0002,"phd, journals, nanofluids, applied, journals",5
13838,model,F,12,model,0.9994,0.9509,0.0485,"freeones, gallery, ranked, since, 3971th",5
9735,physician,M,1,physician,0.9997,0.9996,0.0001,"md00024073, washington, professional, credentials, dr",5
51513,professor,M,0,professor,0.7906,0.0143,0.7763,"oncological, other, catolica, includes, also",5
63979,physician,M,1,physician,0.9789,0.6205,0.3584,"medicine, medical, graduate, shamekh, of",5
25862,physician,F,1,physician,0.9998,0.8654,0.1344,"medicine, practices, nephrology, in, dr",5
57974,surgeon,M,9,surgeon,0.9739,0.9926,-0.0187,"arthroplasty, specializes, patellofemoral, surgery, arthroplasty",5
38603,professor,F,0,professor,0.9855,0.9808,0.0047,"dr, smith, evaluation, research, maltreatment",5
49942,professor,M,0,professor,0.9998,0.9997,0.0,"postdoctoral, faculty, fellow, received, scuola",5
65346,software engineer,M,15,software engineer,0.96,0.9514,0.0086,"received, focus, performance, machine, high",5
82854,dentist,M,8,dentist,0.9787,0.9587,0.02,"dental, dental, dr, life, dr",5
33142,professor,M,0,professor,0.9971,0.8558,0.1413,"ph, software, engineering, in, 2009",5
50356,filmmaker,F,14,filmmaker,0.9934,0.9921,0.0013,"film, sundance, documentary, vimeo, film",5
14592,attorney,F,2,attorney,0.9961,0.6223,0.3737,"legal, seminar, and, directors, traveled",5
93860,professor,F,0,professor,0.9997,0.9992,0.0005,"author, project, literature, romanticism, masochistic",5
67756,psychologist,M,6,psychologist,0.9989,0.9659,0.033,"therapy, dr, depression, anxiety, therapy",5
4394,journalist,M,4,journalist,0.987,0.9606,0.0264,"hosts, radio, from, writes, websites",5
64038,physician,F,1,physician,0.9954,0.1127,0.8826,"physicians, graduate, medical, medicare, kasturba",5
78385,attorney,M,2,attorney,0.9995,0.9986,0.0009,"florida, practicing, legal, practice, career",5
79403,attorney,M,2,attorney,0.9997,0.9997,0.0,"matters, appeals, firm, clients, parekh",5
90392,journalist,F,4,journalist,0.3054,0.226,0.0794,"unfair, samoa, because, the, held",5
17588,professor,F,0,professor,0.9997,0.9995,0.0002,"harjusola, research, interests, include, research",5
24140,nurse,F,5,nurse,0.9966,0.1507,0.8459,"nursing, community, pediatric, from, gained",5
14646,physician,M,1,physician,0.9998,0.5841,0.4157,"medicine, practices, orthopaedic, specializes, in",5
17841,photographer,F,3,photographer,0.9987,0.9963,0.0024,"photographic, photography, most, recent, incredible",5
65415,professor,M,0,professor,0.9998,0.9985,0.0013,"demographer, research, strong, funding, numerous",5
58919,professor,F,0,professor,0.9996,0.9994,0.0002,"expertise, has, interest, courses, issues",5
42060,physician,F,1,physician,0.9998,0.9954,0.0044,"medicine, practices, medical, dallas, specializes",5
83381,professor,M,0,professor,0.9993,0.9974,0.0019,"is, of, area, scientifically, appraise",5
16917,surgeon,F,9,surgeon,0.6377,0.0137,0.6241,"orthopaedics, label, completed, exercise, university",5
79689,professor,M,0,professor,0.9997,0.9993,0.0004,"cornell, edu, university, ph, research",5
28718,nurse,M,5,nurse,0.9644,0.1333,0.8311,"nurse, they, academic, counsel, who",5
73209,professor,F,0,professor,0.9995,0.1651,0.8343,"canadian, researches, modernity, society, history",5
17265,physician,M,1,physician,0.9899,0.4191,0.5708,"medicine, emergency, management, authority, credits™",5
55102,architect,M,10,architect,0.9947,0.9968,-0.0021,"architecture, of, parametric, design, with",5
556,professor,M,0,professor,0.9997,0.9996,0.0001,"scholar, stanford, visiting, university, ph",5
24634,professor,F,0,professor,0.9995,0.9989,0.0007,"research, 2008, university, interests, university",5
27305,journalist,M,4,journalist,0.8955,0.068,0.8276,"publish, book, grasmere, challenges, runners",5
11784,physician,M,1,physician,0.9966,0.8674,0.1292,"attended, wright, smolak, dr, professionally",5
659,surgeon,M,9,surgeon,0.4987,0.2188,0.2799,"dr, bhatt, practices, treatment, doctor",5
7190,physician,M,1,physician,0.9926,0.8898,0.1028,"graduate, volk, medicine, osteopathic, dr",5
24430,journalist,M,4,journalist,0.9123,0.7561,0.1562,"student, for, creativity, 2008, net",5
17726,attorney,M,2,attorney,0.9996,0.9371,0.0626,"legal, unions, advisor, michael, 2011",5
7550,professor,M,0,professor,0.9998,0.9996,0.0002,"courses, teaches, political, research, focuses",5
25200,attorney,M,2,attorney,0.9075,0.0516,0.8558,"trial, jury, of, hyperbolic, 2001",5
15166,attorney,M,2,attorney,0.9966,0.9704,0.0262,"year, eviction, says, eviction, silverman",5
95147,professor,F,0,professor,0.9998,0.9996,0.0002,"prof, huie, huie, research, impact",5
81678,surgeon,F,9,surgeon,0.7716,0.2525,0.5191,"practices, dr, medical, ganesh, and",5
81212,physician,F,1,physician,0.996,0.776,0.22,"medicine, medical, physicians, osteopathic, residency",5
79306,photographer,M,3,photographer,0.998,0.8884,0.1096,"photography, lens, portraits, climbing, capturing",5
3546,composer,F,17,composer,0.9966,0.957,0.0396,"scores, music, discography, ambient, sound",5
52495,photographer,M,3,photographer,0.9692,0.2771,0.692,"camera, work, dslr, has, captures",5
53791,professor,F,0,professor,0.9996,0.9923,0.0073,"publications, book, race, racial, imaging",5
81987,professor,F,0,professor,0.4092,0.0612,0.348,"accompanied, diab, establishing, was, journal",5
22627,professor,M,0,professor,0.9995,0.8788,0.1207,"research, spans, receiving, editor, computer",5
29398,professor,M,0,professor,0.9998,0.9993,0.0005,"served, research, publications, phd, interests",5
10165,professor,M,0,professor,0.9964,0.9887,0.0078,"elkouss, ph, dissertation, paristech, double",5
28947,physician,F,1,physician,0.9998,0.9883,0.0115,"buenviaje, medicine, practices, in, buenviaje",5
6696,poet,M,13,poet,0.5622,0.4163,0.1458,"published, oxford, song, cultural, the",5
5053,architect,M,10,architect,0.933,0.114,0.819,"design, bruxelles, of, space, exhibition",5
35842,professor,F,0,professor,0.9989,0.9922,0.0066,"currently, completed, chod, ethnographic, intersections",5
31623,physician,M,1,physician,0.9997,0.9996,0.0001,"1316965692, professional, credentials, alaska, 1527",5
40083,professor,M,0,professor,0.9997,0.984,0.0156,"phd, civil, received, undergraduate, expertise",5
19737,journalist,F,4,journalist,0.9974,0.7938,0.2036,"appeared, articles, wired, washington, post",5
75878,architect,M,10,architect,0.9872,0.7099,0.2773,"architecture, architecture, architecture, of, university",5
23744,attorney,F,2,attorney,0.2176,0.0381,0.1795,"law, american, publications, in, number",5
70198,physician,F,1,physician,0.9974,0.9966,0.0008,"expertise, dr, hospital, clinic, medicine",5
22714,professor,F,0,professor,0.9951,0.932,0.0631,"investigator, whose, clinician, dr, is",5
91970,physician,F,1,physician,0.7966,0.4524,0.3442,"practice, thomas, thomas, registry, location",5
11852,filmmaker,M,14,filmmaker,0.9944,0.7169,0.2775,"directed, the, the, film, feature",5
85341,professor,M,0,professor,0.8777,0.0466,0.8311,"an, the, faculty, alcock, ministry",5
12989,poet,M,13,poet,0.9897,0.2257,0.764,"poetry, poetry, events, of, provocative",5
72533,professor,M,0,professor,0.9992,0.8125,0.1867,"of, focuses, research, program, the",5
66765,professor,M,0,professor,0.9978,0.9885,0.0093,"oncologist, staff, genomics, genomics, research",5
58171,dentist,F,8,dentist,0.9584,0.9263,0.0321,"mamta, dental, dental, dental, dentures",5
30463,attorney,M,2,attorney,0.9485,0.0214,0.9271,"clients, trial, other, other, kathryn",5
20226,professor,F,0,professor,0.8996,0.6101,0.2895,"endocrinology, completed, gynecology, medical, residencies",5
49323,filmmaker,M,14,filmmaker,0.9961,0.3599,0.6362,"film, productions, graduation, created, started",5
45080,attorney,M,2,attorney,0.9997,0.9972,0.0025,"represented, both, tarantino, private, transactions",5
46062,professor,M,0,professor,0.9981,0.9452,0.053,"ph, research, seoul, university, interests",5
89904,physician,F,1,physician,0.9998,0.9034,0.0964,"medicine, practices, dearborn, orthopaedic, in",5
59741,professor,F,0,professor,0.9874,0.4869,0.5005,"focuses, research, throughput, heterogeneity, methods",5
78122,nurse,F,5,nurse,0.9975,0.9625,0.0349,"nursing, president, nursing, services, working",5
19856,software engineer,M,15,software engineer,0.9497,0.8395,0.1102,"ibm, the, worked, websphere, ibm",5
91371,physician,M,1,physician,0.9998,0.9773,0.0225,"medicine, specializes, medicine, kampfe, practices",5
55854,photographer,M,3,photographer,0.9422,0.9893,-0.0471,"photography, passion, camera, the, and",5
88894,comedian,M,19,comedian,0.5798,0.4729,0.1069,"the, comics, called, scrawling, journal",5
88794,attorney,F,2,attorney,0.8187,0.3223,0.4965,"murdered, board, owner, connects, using",5
27882,professor,M,0,professor,0.9905,0.9867,0.0037,"erik, award, research, research, holds",5
41261,professor,F,0,professor,0.9983,0.97,0.0283,"works, interests, are, utica, research",5
804,painter,F,11,painter,0.9266,0.8923,0.0342,"ar, paint, received, panelabstract, and",5
34895,software engineer,M,15,software engineer,0.8173,0.8511,-0.0338,"websphere, laboratory, informatics, execution, process",5
44078,photographer,M,3,photographer,0.4474,0.0964,0.3511,"35mm, enjoys, shooting, time, too",5
40146,professor,M,0,professor,0.8657,0.444,0.4217,"recently, teaching, student, to, project",5
18559,photographer,F,3,photographer,0.9956,0.9926,0.003,"images, photographs, photographs, inspirational, label",5
60063,psychologist,F,6,psychologist,0.9892,0.306,0.6832,"psychology, psychological, texas, president, forensic",5
55905,physician,M,1,physician,0.9913,0.7887,0.2026,"graduate, midwestern, medicine, osteopathic, honors",5
13482,teacher,F,7,teacher,0.9623,0.923,0.0393,"schools, habilitation, lifeprep, colleen, life",5
51135,surgeon,M,9,surgeon,0.5918,0.2384,0.3534,"surgery, tummy, medicine, dermabrasion, tuck",5
87508,physician,M,1,physician,0.9638,0.0004,0.9634,"medicine, dr, unc, of, unc",5
10650,model,F,12,model,0.9985,0.5573,0.4413,"jeter, bikini, american, jeter, hannah",5
83149,professor,F,0,professor,0.8304,0.13,0.7004,"2003, been, prize, received, theatre",5
25348,physician,F,1,physician,0.9998,0.9107,0.0891,"medicine, practices, medicine, saint, specializes",5
20822,physician,F,1,physician,0.543,0.4898,0.0531,"practice, 0515, location, 1316940737, 6421",5
43622,journalist,M,4,journalist,0.9492,0.8088,0.1404,"thinks, lives, small, pace, says",5
73713,professor,M,0,professor,0.9988,0.0158,0.9831,"minnis, the, studies, empirically, examine",5
8349,professor,M,0,professor,0.9995,0.9993,0.0002,"teaching, research, press, blackwell, dispossession",5
52335,filmmaker,F,14,filmmaker,0.9968,0.8809,0.1159,"film, film, melissa, to, mfa",5
74945,comedian,M,19,comedian,0.5741,0.4416,0.1325,"fringe, traveled, part, festivalas, new",5
43961,physician,F,1,physician,0.9998,0.9093,0.0905,"medicine, practices, midwest, specializes, medicine",5
5299,physician,F,1,physician,0.9998,0.3405,0.6593,"practices, medicine, hubacek, saint, orthopaedic",5
14999,professor,M,0,professor,0.9958,0.9897,0.0061,"organizational, focuses, papers, research, managerial",5
56088,professor,M,0,professor,0.8215,0.0896,0.7319,"debakey, chief, reconstructive, of, surgery",5
39268,filmmaker,F,14,filmmaker,0.9972,0.9968,0.0004,"short, festival, best, film, editing",5
69189,professor,M,0,professor,0.9986,0.9958,0.0028,"concentrates, social, of, psychosocial, psychosocial",5
23039,teacher,F,7,teacher,0.9982,0.5448,0.4534,"teaching, this, attended, students, earned",5
7990,professor,M,0,professor,0.5335,0.1448,0.3888,"prize, american, berggruen, mcgill, was",5
11187,professor,M,0,professor,0.9992,0.967,0.0322,"research, teaching, investigating, currently, received",5
44299,professor,M,0,professor,0.9998,0.9987,0.001,"postdoctoral, uses, doctoral, lab, faculty",5
56139,photographer,M,3,photographer,0.9928,0.1326,0.8602,"photos, book, stunning, is, eric",5
37888,psychologist,F,6,psychologist,0.9987,0.0313,0.9675,"counselling, graduate, degree, the, from",5
40533,physician,F,1,physician,0.9678,0.2473,0.7205,"medicine, prior, tiffany, physical, attended",5
59052,attorney,M,2,attorney,0.2083,0.0999,0.1085,"party, organizer, monthly, also, strom",5
10913,professor,M,0,professor,0.9922,0.8769,0.1154,"studies, social, social, lgbt, cultural",5
60691,nurse,F,5,nurse,0.9996,0.9772,0.0224,"nursing, womana€™s, van, degrees, from",5
34862,professor,F,0,professor,0.9998,0.9995,0.0003,"director, 2016, postdoctoral, ph, geological",5
68434,attorney,M,2,attorney,0.9997,0.9903,0.0094,"medicaid, wills, counsel, probate, seniors",5
4680,professor,M,0,professor,0.9804,0.9935,-0.013,"doctorate, scientific, nutrition, dr, abstracts",5
51896,photographer,F,3,photographer,0.9088,0.2085,0.7003,"posing, listens, fountain, bills, to",5
43110,physician,F,1,physician,0.9998,0.9316,0.0683,"medicine, san, practices, in, scripps",5
36580,psychologist,F,6,psychologist,0.5372,0.0947,0.4425,"depression, exhaustion, are, common, issues",5
88684,physician,F,1,physician,0.978,0.9354,0.0426,"western, medicine, california, of, graduated",5
23742,professor,F,0,professor,0.9995,0.9981,0.0014,"focuses, research, essays, issues, upon",5
91201,professor,F,0,professor,0.9996,0.9995,0.0001,"university, cornell, social, press, research",5
22214,nurse,F,5,nurse,0.4785,0.0134,0.4651,"2005, suzette, gynecological, medicine, management",5
44,professor,F,0,professor,0.9946,0.9956,-0.001,"holds, disparities, in, sociology, nih",5
58334,software engineer,M,15,software engineer,0.9912,0.9032,0.0881,"software, development, computer, after, graduation",5
66927,physician,M,1,physician,0.5433,0.0091,0.5342,"doctor, process, leave, in, puts",5
47567,professor,F,0,professor,0.9998,0.9997,0.0001,"majors, university, phd, machemer, teaches",5
90150,professor,F,0,professor,0.9995,0.9844,0.0151,"research, background, participatory, interests, processes",5
92726,physician,F,1,physician,0.9998,0.6002,0.3996,"medicine, practices, loma, specializes, in",5
61193,professor,M,0,professor,0.9997,0.7006,0.2991,"focuses, nanomaterials, engineered, research, materials",5
62831,poet,F,13,poet,0.9759,0.8206,0.1553,"poemmemoirstory, mfa, poetry, writing, from",5
93775,physician,M,1,physician,0.9435,0.2898,0.6538,"medicine, graduate, dr, of, dr",5
37255,software engineer,M,15,software engineer,0.8728,0.874,-0.0012,"is, an, management, php, expert",5
79446,attorney,M,2,attorney,0.9997,0.088,0.9117,"transactional, law, franchise, practices, commercial",5
43925,professor,F,0,professor,0.9829,0.8072,0.1757,"professors, phd, lu, level, favourite",5
89663,physician,F,1,physician,0.9998,0.6944,0.3054,"medicine, practices, kochmeier, kochmeier, specializes",5
35758,physician,F,1,physician,0.9998,0.5866,0.4132,"practices, medicine, medicine, hospital, specializes",5
61034,professor,M,0,professor,0.9995,0.9995,0.0,"xiaofang, doctoral, denmark, supervision, 2017",5
13527,psychologist,F,6,psychologist,0.9972,0.235,0.7622,"psychological, variety, topics, television, been",5
35951,dentist,F,8,dentist,0.9775,0.0195,0.958,"dental, bds, chakkalakkal, neethu, clinic",5
62296,architect,M,10,architect,0.9447,0.3553,0.5894,"microsoft, michael, interactions, partner, division",5
26643,professor,M,0,professor,0.9985,0.994,0.0046,"old, perspectives, courses, judaism, areas",5
47029,dentist,M,8,dentist,0.9936,0.9815,0.0121,"dental, dental, practising, dr, experience",5
1941,accountant,M,16,accountant,0.9991,0.5811,0.418,"accounting, offices, accounting, finance, financial",5
91298,teacher,F,7,teacher,0.5947,0.0431,0.5516,"teacher, inspired, as, matters, translated",5
41803,professor,M,0,professor,0.8437,0.7321,0.1116,"business, intellectual, american, book, oxford",5
19971,photographer,M,3,photographer,0.9988,0.9054,0.0934,"shoot, to, portraits, available, hire",5
87426,filmmaker,M,14,filmmaker,0.8312,0.776,0.0552,"co, andrew, installation, profiled, on",5
11600,physician,M,1,physician,0.5266,0.1199,0.4067,"stuivenberg, hospital, african, the, label",5
61710,professor,F,0,professor,0.9982,0.9982,-0.0,"studies, and, gender, focus, and",5
64760,professor,F,0,professor,0.9997,0.9995,0.0002,"interests, include, in, attitudes, racial",5
54748,filmmaker,F,14,filmmaker,0.9977,0.9971,0.0007,"cinequest, screenwriting, developing, film, film",5
44498,attorney,M,2,attorney,0.9997,0.9992,0.0004,"law, school, practice, matters, focuses",5
68474,nurse,F,5,nurse,0.7465,0.0713,0.6752,"professional, passionate, health, fernanda, profession",5
16218,physician,M,1,physician,0.9126,0.7694,0.1432,"medical, smoot, graduate, texas, doctors",5
22467,physician,F,1,physician,0.9998,0.7185,0.2813,"medicine, practices, medicine, obst, internal",5
17099,professor,F,0,professor,0.9997,0.9996,0.0001,"program, focuses, research, understanding, dr",5
48852,photographer,M,3,photographer,0.9965,0.9958,0.0008,"portraiture, photography, filming, shooting, images",5
8607,professor,F,0,professor,0.9996,0.4415,0.5581,"ph, university, holds, criminology, justice",5
49710,professor,F,0,professor,0.9993,0.9842,0.0151,"westernesque, examines, interested, work, current",5
38611,dentist,M,8,dentist,0.8495,0.4231,0.4265,"residency, affiliated, dr, choice, insurance",5
12083,professor,F,0,professor,0.9996,0.9981,0.0015,"ph, university, trimmer, dr, researches",5
70054,physician,F,1,physician,0.9138,0.6805,0.2332,"practice, 1639334170, merchant, nj, 6136",5
76239,attorney,M,2,attorney,0.982,0.9963,-0.0143,"counsel, lead, counsel, incarceration, annucci",5
75866,professor,F,0,professor,0.9983,0.994,0.0043,"grants, research, phd, psychology, interests",5
20541,attorney,F,2,attorney,0.9937,0.9916,0.0021,"mediator, hong, resolution, arbitrator, arbitration",5
31598,journalist,F,4,journalist,0.998,0.998,-0.0,"times, york, publications, stories, the",5
70094,professor,F,0,professor,0.9997,0.9996,0.0001,"pharmaceutics, research, alabama, include, interests",5
66486,photographer,M,3,photographer,0.9805,0.6753,0.3052,"capturing, work, images, traveled, images",5
77151,software engineer,M,15,software engineer,0.9361,0.1751,0.761,"electrical, engineering, preceded, in, university",5
45097,photographer,M,3,photographer,0.9839,0.9839,-0.0,"works, publications, editing, glamorous, portraits",5
74778,professor,F,0,professor,0.9992,0.9979,0.0013,"explores, edited, theorizing, journals, publications",5
78276,nurse,F,5,nurse,0.958,0.5615,0.3965,"within, working, care, as, 2016",5
3712,physician,F,1,physician,0.9997,0.6322,0.3675,"medicine, practices, behrmann, specializes, medicine",5
23116,professor,M,0,professor,0.9997,0.999,0.0007,"university, islamism, interests, joining, research",5
26726,accountant,F,16,accountant,0.999,0.998,0.001,"accounting, accounting, auditing, tax, accounting",5
31052,model,M,12,model,0.614,0.4115,0.2025,"current, reportedly, lebron, re, oklahoma",5
5094,composer,F,17,composer,0.8923,0.0795,0.8129,"music, albums, report, described, world",5
47502,accountant,M,16,accountant,0.4443,0.4399,0.0045,"franke, the, public, member, tobey",5
80560,poet,F,13,poet,0.7661,0.0582,0.7079,"professor, poetry, english, books, guy",5
90982,composer,M,17,composer,0.996,0.9808,0.0152,"sinfonia, music, philharmonic, has, octandre",5
59486,professor,M,0,professor,0.9996,0.999,0.0005,"university, research, at, focuses, doctorate",5
9307,professor,M,0,professor,0.7742,0.0482,0.726,"research, research, experience, years, laboratory",5
58861,professor,F,0,professor,0.995,0.8348,0.1601,"strong, investigator, is, the, grant",5
3342,journalist,M,4,journalist,0.5086,0.3166,0.192,"intellectual, pursuing, degree, the, scottish",5
14098,psychologist,F,6,psychologist,0.9831,0.9086,0.0745,"emotional, social, tools, emotional, editor",5
74224,physician,F,1,physician,0.9821,0.4687,0.5134,"medicine, dr, mbbs, diploma, indraprastha",5
89030,professor,F,0,professor,0.9993,0.9945,0.0048,"faculty, faculty, graduated, ucsf, undergraduate",5
78493,psychologist,F,6,psychologist,0.9871,0.5025,0.4846,"psychotherapy, hypnosis, relational, focusing, trained",5
29428,professor,F,0,professor,0.9984,0.9887,0.0097,"media, global, teaching, research, an",5
52407,attorney,M,2,attorney,0.9995,0.9997,-0.0001,"experience, handled, appeals, courts, court",5
42222,physician,F,1,physician,0.5813,0.0101,0.5712,"medical, trainees, clinical, trains, violence",5
34155,architect,M,10,architect,0.5272,0.0254,0.5018,"office, electronica, not, has, in",5
21167,professor,F,0,professor,0.9871,0.8395,0.1476,"depaul, sociocultural, phd, understanding, impact",5
43208,architect,M,10,architect,0.8674,0.0593,0.8081,"architecture, masters, in, architecture, year",5
54699,architect,F,10,architect,0.9982,0.326,0.6722,"architecture, design, consultancy, an, based",5
38674,professor,F,0,professor,0.9926,0.8829,0.1097,"theology, analysis, bonhoeffer, academy, american",5
48772,professor,F,0,professor,0.9953,0.9648,0.0305,"phd, mostly, 2006, status, university",5
68259,attorney,M,2,attorney,0.9485,0.4248,0.5237,"bachelor, law, university, law, history",5
86480,physician,M,1,physician,0.9803,0.0123,0.9681,"healthcare, biotechnology, medical, issues, reform",5
90130,poet,F,13,poet,0.9843,0.9599,0.0243,"poetry, mfa, graduated, cosmonauts, an",5
74765,architect,M,10,architect,0.9978,0.0997,0.898,"architectural, architects, using, publisher, editor",5
93978,composer,F,17,composer,0.9974,0.9941,0.0033,"electronic, composed, polyphonic, music, minimalism",5
87867,professor,M,0,professor,0.9986,0.9719,0.0267,"is, with, marketing, areas, advertising",5
48180,attorney,M,2,attorney,0.9998,0.9998,0.0,"matters, firm, focuses, law, 2014",5
32972,journalist,F,4,journalist,0.3114,0.2718,0.0396,"passion, parks, anything, to, kayaking",5
32711,nurse,F,5,nurse,0.3119,0.114,0.1979,"officers, center, radio, monday, the",5
6673,accountant,M,16,accountant,0.9972,0.1105,0.8868,"accounting, accounting, and, in, bachelor",5
80434,attorney,F,2,attorney,0.9997,0.0175,0.9822,"law, practices, labor, exclusively, employment",5
38333,professor,M,0,professor,0.9995,0.998,0.0015,"history, focus, teaching, and, development",5
25059,professor,F,0,professor,0.9996,0.9997,-0.0002,"include, interests, targeted, ambika, musculoskeletal",5
5645,professor,M,0,professor,0.9167,0.1102,0.8065,"edu, review, udayton, david, llp",5
92516,journalist,F,4,journalist,0.9979,0.3941,0.6038,"reported, from, pulitzer, has, iraq",5
27554,psychologist,F,6,psychologist,0.999,0.9987,0.0004,"psychotherapy, psychotherapy, depression, therapy, psychodynamic",5
36109,photographer,M,3,photographer,0.9893,0.0075,0.9819,"photography, was, book, sportswriter, up",5
64205,model,F,12,model,0.969,0.5634,0.4056,"debut, films, films, hindi, in",5
53421,architect,F,10,architect,0.9949,0.9941,0.0008,"practices, understanding, certification, hydroponic, environmentally",5
26682,physician,F,1,physician,0.998,0.9903,0.0077,"school, problems, dr, interests, college",5
26737,attorney,M,2,attorney,0.9987,0.9069,0.0918,"legal, practicing, law, matters, financial",5
7858,professor,F,0,professor,0.9891,0.7407,0.2484,"doctorate, degrees, philology, armenia, education",5
61696,professor,F,0,professor,0.9997,0.9992,0.0004,"research, joining, prior, graduate, examines",5
20441,filmmaker,M,14,filmmaker,0.8555,0.8373,0.0182,"recently, theatre, two, featured, founder",5
42200,professor,M,0,professor,0.999,0.9978,0.0012,"retirement, visiting, higher, irapuato, mechanics",5
18732,nurse,F,5,nurse,0.9996,0.7249,0.2747,"nursing, nursing, bsn, graduated, fnp",5
78654,nurse,F,5,nurse,0.9699,0.8624,0.1075,"honors, appointment, 1977, graduated, cooperates",5
11156,physician,F,1,physician,0.962,0.9581,0.0039,"medical, network, dr, residency, affiliated",5
77846,attorney,F,2,attorney,0.9679,0.9917,-0.0239,"medicine, actions, and, law, administrative",5
48658,professor,M,0,professor,0.9996,0.9993,0.0003,"journals, studies, studies, journal, published",5
30942,psychologist,M,6,psychologist,0.8423,0.3493,0.493,"psychology, psychology, ph, at, bruner",5
43983,attorney,M,2,attorney,0.8696,0.7311,0.1385,"hurt, executive, world, hill, range",5
44544,attorney,M,2,attorney,0.9998,0.9987,0.0011,"litigation, tort, focused, has, mass",5
85952,professor,M,0,professor,0.9917,0.3815,0.6103,"prior, economics, that, university, label",5
62170,teacher,M,7,teacher,0.4452,0.2262,0.219,"has, games, educate, peer, looking",5
89370,filmmaker,F,14,filmmaker,0.9649,0.9833,-0.0185,"filmmaking, premiered, film, mcknight, best",5
18158,attorney,M,2,attorney,0.999,0.9995,-0.0005,"counsel, disputes, litigation, torts, business",5
77201,professor,M,0,professor,0.9997,0.9997,0.0001,"phd, research, modeling, interests, from",5
52820,psychologist,M,6,psychologist,0.9985,0.7938,0.2046,"psychology, interventions, psychological, dysregulation, psychological",5
45176,professor,M,0,professor,0.9978,0.9974,0.0004,"mentorship, center, earned, materials, chemistry",5
58044,physician,M,1,physician,0.9998,0.8483,0.1515,"medicine, practices, in, selma, practice",5
56744,professor,M,0,professor,0.9997,0.9986,0.0011,"faculty, bioengineering, white, postdoctoral, dr",5
28898,composer,M,17,composer,0.9821,0.9076,0.0745,"music, musicians, music, performed, classical",5
16998,professor,M,0,professor,0.9982,0.9248,0.0734,"pharmacy, earned, of, residency, cardiology",5
3594,dentist,M,8,dentist,0.9845,0.972,0.0125,"dental, dr, bds, dental, general",5
13086,professor,F,0,professor,0.9852,0.7685,0.2167,"publications, peer, authored, biomechanics, reviewed",5
53396,physician,F,1,physician,0.9997,0.7366,0.2631,"medicine, practices, geriatrics, pa, medicine",5
77747,professor,F,0,professor,0.9779,0.2315,0.7464,"dr, is, fellowship, hematology, training",5
33641,attorney,F,2,attorney,0.2093,0.1317,0.0776,"decides, dating, online, own, ought",5
85216,nurse,F,5,nurse,0.7709,0.2125,0.5585,"2013, misti, mississippi, medical, urgent",5
75410,professor,F,0,professor,0.9991,0.9979,0.0012,"economics, ph, economics, university, economics",5
40115,professor,F,0,professor,0.999,0.9954,0.0037,"is, pakaluk, research, harvard, concerned",5
7580,professor,M,0,professor,0.9997,0.9989,0.0008,"research, phd, kaltenbrunner, interests, lab",5
93321,professor,M,0,professor,0.9811,0.2526,0.7284,"research, psychology, current, projects, victimization",5
63339,physician,F,1,physician,0.9998,0.6944,0.3054,"medicine, practices, oklahoma, neurology, in",5
63073,physician,M,1,physician,0.603,0.6841,-0.0811,"specialists, 2013, label, group, affiliates",5
34254,dietitian,F,18,dietitian,0.9884,0.0003,0.9882,"nutrition, health, their, nutrition, wants",5
7648,teacher,F,7,teacher,0.986,0.0526,0.9334,"school, rating, hillsborough, mask, mask",5
55753,professor,F,0,professor,0.9993,0.9987,0.0006,"chinese, courses, recognized, sculpture, art",5
28785,physician,M,1,physician,0.9909,0.8907,0.1003,"medicine, osteopathic, platinum, attended, medical",5
79050,attorney,M,2,attorney,0.5633,0.4538,0.1095,"other, label, told, recommend, books",5
11919,physician,F,1,physician,0.9842,0.4111,0.5731,"medical, attended, at, practice, failure",5
45556,professor,F,0,professor,0.9998,0.9997,0.0001,"research, ph, sociotechnical, interests, include",5
8066,dentist,M,8,dentist,0.9808,0.9622,0.0187,"dental, dental, maunik, clinic, dr",5
76638,psychologist,F,6,psychologist,0.457,0.1663,0.2907,"moms, women, helped, has, stay",5
65408,professor,F,0,professor,0.983,0.3047,0.6783,"research, interests, focus, in, on",5
6324,psychologist,F,6,psychologist,0.9976,0.1615,0.8361,"depression, desensitization, issues, adolescent, clinical",5
31209,professor,M,0,professor,0.8128,0.4631,0.3496,"research, main, gerontechnology, treatment, oncology",5
80536,software engineer,F,15,software engineer,0.8617,0.6259,0.2358,"committer, kafka, dba, pipelines, scalable",5
35655,accountant,F,16,accountant,0.999,0.8828,0.1162,"accounting, years, and, accounting, finance",5
38095,dentist,M,8,dentist,0.9847,0.967,0.0177,"dental, practising, speciality, dr, experience",5
59230,software engineer,M,15,software engineer,0.9784,0.8615,0.1169,"science, has, systems, intelligent, seattle",5
382,physician,F,1,physician,0.9981,0.5887,0.4094,"pa, montana, pa, pelton, graduate",5
56052,photographer,F,3,photographer,0.9986,0.1183,0.8802,"photography, photographic, shoots, documentary, photos",5
29029,physician,F,1,physician,0.9997,0.5074,0.4923,"medicine, practices, nephrology, gettman, gettman",5
64880,poet,F,13,poet,0.938,0.5766,0.3615,"litnimage, minor, spindle, the, like",5
29684,attorney,M,2,attorney,0.9997,0.9996,0.0001,"represents, litigation, trial, businesses, dan",5
28007,professor,M,0,professor,0.9992,0.9977,0.0014,"research, completed, postdoctoral, core, award",5
7715,professor,M,0,professor,0.9863,0.8224,0.1639,"works, initial, findings, transformation, value",5
83057,surgeon,M,9,surgeon,0.9471,0.1207,0.8264,"orthopedic, surgery, hospital, class, chief",5
31656,nurse,F,5,nurse,0.9944,0.6241,0.3703,"nurses, and, hematology, empowerment, since",5
24198,journalist,M,4,journalist,0.9989,0.9987,0.0002,"articles, media, communication, years, newspapers",5
75006,physician,F,1,physician,0.8349,0.4944,0.3405,"affiliated, physicians, label, 0222, medicare",5
85460,surgeon,M,9,surgeon,0.9989,0.9989,0.0001,"surgery, meharry, dr, medical, orthopaedic",5
85436,photographer,F,3,photographer,0.9904,0.9295,0.0609,"photography, photograph, photograph, photography, love",5
46201,attorney,M,2,attorney,0.3018,0.2015,0.1002,"returned, illinois, raised, still, do",5
16118,physician,M,1,physician,0.9495,0.5892,0.3604,"instructor, medicine, dr, oncology, at",5
78796,professor,M,0,professor,0.7836,0.7621,0.0215,"has, as, esl, esl, fulbright",5
8643,journalist,M,4,journalist,0.999,0.9983,0.0007,"journalism, magazine, writing, abuses, affairs",5
22362,professor,M,0,professor,0.9103,0.477,0.4334,"projects, consulted, israeli, batsheva, environmental",5
69278,professor,M,0,professor,0.9168,0.7579,0.159,"in, internship, uab, and, alabama",5
9803,professor,M,0,professor,0.9997,0.999,0.0007,"examines, research, phd, studies, phd",5
63303,psychologist,F,6,psychologist,0.9956,0.8295,0.1661,"psychoanalytic, psychotherapy, jung, stages, psychiatrist",5
69772,teacher,M,7,teacher,0.3245,0.1374,0.1871,"alerted, oregon, teenagers, rotten, bouncing",5
80465,journalist,M,4,journalist,0.9937,0.9802,0.0135,"investigated, mh17, syrian, war, knowledge",5
32928,physician,F,1,physician,0.8007,0.2513,0.5494,"group, medical, miller, preaches, dr",5
38052,professor,M,0,professor,0.9985,0.963,0.0355,"author, inequality, kalman, social, author",5
56174,nurse,F,5,nurse,0.7572,0.5462,0.211,"graduated, 2009, cooperates, md, diagnostic",5
7564,attorney,M,2,attorney,0.9998,0.9997,0.0,"clients, development, law, represents, scott",5
45840,professor,M,0,professor,0.6583,0.2263,0.4319,"lay, extensively, in, family, plant",5
41134,professor,M,0,professor,0.9993,0.9981,0.0012,"ph, research, interests, scholar, all",5
56216,physician,M,1,physician,0.6126,0.6835,-0.071,"medicine, graduate, dr, affiliated, hospital",5
63796,psychologist,F,6,psychologist,0.8,0.0788,0.7212,"therapy, experience, family, medicine, licensed",5
59833,attorney,M,2,attorney,0.9995,0.1436,0.8559,"cases, clients, handled, private, variety",5
24281,professor,F,0,professor,0.9952,0.1191,0.8761,"is, research, of, recognition, interfaces",5
84369,professor,M,0,professor,0.9997,0.9981,0.0016,"courses, agritourism, interests, award, research",5
65064,professor,F,0,professor,0.999,0.9987,0.0003,"author, difference, routledge, with, studies",5
61172,teacher,F,7,teacher,0.9301,0.6141,0.316,"peisong, teaching, teaching, for, university",5
9792,photographer,F,3,photographer,0.3489,0.1548,0.1941,"transplanted, dc, nats, humidity, in",5
80335,teacher,F,7,teacher,0.9006,0.0072,0.8933,"school, textbook, week, class, shortages",5
26220,professor,F,0,professor,0.9967,0.987,0.0098,"earned, university, reconfigurations, fulbright, 2010",5
21266,professor,M,0,professor,0.9982,0.993,0.0052,"interested, interests, articles, bioethics, particularly",5
11550,professor,M,0,professor,0.9887,0.6109,0.3778,"peace, associate, studies, islamic, medieval",5
49347,professor,F,0,professor,0.9965,0.9875,0.009,"school, hawaiʻi, university, of, richardson",5
5419,journalist,M,4,journalist,0.8215,0.5349,0.2865,"journalism, state, editor, city, times",5
63833,attorney,F,2,attorney,0.9982,0.9965,0.0018,"graduated, evansville, writing, born, valparaiso",5
87350,attorney,M,2,attorney,0.9614,0.9858,-0.0244,"turkey, barack, obama, obama, president",5
15937,photographer,M,3,photographer,0.998,0.9919,0.0062,"portraits, stunning, working, americans, of",5
7490,psychologist,F,6,psychologist,0.4509,0.0588,0.3921,"emotional, granddaughters, book, has, when",5
70964,nurse,F,5,nurse,0.9994,0.1765,0.8229,"nursing, nursing, in, received, bachelor",5
8246,dentist,M,8,dentist,0.9905,0.9893,0.0012,"dental, practising, dr, delhi, center",5
349,professor,M,0,professor,0.9993,0.9993,-0.0001,"interests, research, focus, currently, articles",5
30395,physician,M,1,physician,0.8694,0.8151,0.0543,"medicine, interests, of, physician, umass",5
32124,attorney,F,2,attorney,0.9997,0.9991,0.0006,"cases, juris, kayser, kayser, rights",5
4087,attorney,M,2,attorney,0.9995,0.9839,0.0156,"chapter, bankruptcy, practice, protection, providing",5
87967,dentist,F,8,dentist,0.9903,0.9805,0.0098,"dental, dental, dr, care, practical",5
8815,physician,F,1,physician,0.5496,0.0911,0.4584,"medical, louisiana, 2013, specialists, dr",5
56005,photographer,M,3,photographer,0.9978,0.9924,0.0054,"shot, captures, funny, faces, shot",5
64139,professor,M,0,professor,0.9973,0.9921,0.0052,"ethnography, christians, classifying, heresiology, michigan",5
7668,professor,M,0,professor,0.998,0.9873,0.0107,"received, from, fulbright, school, worked",5
23866,professor,M,0,professor,0.9978,0.9962,0.0016,"completed, columbia, research, interests, include",5
12173,architect,F,10,architect,0.5884,0.0062,0.5822,"architect, working, agencies, design, inspirational",5
84415,photographer,M,3,photographer,0.9943,0.0061,0.9882,"photography, photography, shoot, luminant, images",5
15028,physician,F,1,physician,0.9997,0.8667,0.133,"practices, gastroenterology, medicine, specializes, negnew",5
56990,professor,M,0,professor,0.9998,0.9994,0.0005,"research, economist, economics, economics, primary",5
6244,teacher,F,7,teacher,0.9988,0.9987,0.0002,"there, tutor, since, degree, 2007",5
28254,surgeon,M,9,surgeon,0.9378,0.0582,0.8796,"dr, received, surgery, american, medical",5
9193,attorney,F,2,attorney,0.9631,0.9689,-0.0058,"graduate, school, legal, skirnick, legal",5
56651,psychologist,F,6,psychologist,0.5115,0.5148,-0.0033,"interplay, depressive, depression, emotional, interest",5
50008,teacher,F,7,teacher,0.8602,0.1642,0.696,"classes, teaches, essences, certification, massage",5
83557,physician,F,1,physician,0.3875,0.2449,0.1426,"pediatric, 53226, 1174822993, milwaukee, nandini",5
21282,surgeon,M,9,surgeon,0.9989,0.9983,0.0006,"neurosurgery, neurosurgery, practices, dr, medicine",5
42003,physician,M,1,physician,0.9998,0.9828,0.017,"medicine, san, practices, pediatrics, in",5
49062,architect,F,10,architect,0.7771,0.0006,0.7765,"sustainable, design, asheville, worked, aia",5
64719,journalist,F,4,journalist,0.9983,0.9775,0.0207,"editor, newspaper, the, news, web",5
67616,attorney,F,2,attorney,0.9997,0.9997,0.0,"firms, legal, law, clients, private",5
69080,nurse,F,5,nurse,0.67,0.4868,0.1831,"2013, graduated, of, cooperates, having",5
91850,professor,F,0,professor,0.7792,0.0244,0.7548,"received, rhinology, in, base, fellowship",5
41795,accountant,M,16,accountant,0.7232,0.7872,-0.0641,"served, finance, world, president, with",5
75906,professor,F,0,professor,0.9989,0.9501,0.0487,"experiential, teaching, years, of, has",5
94457,professor,F,0,professor,0.9995,0.989,0.0105,"scientist, research, current, program, addresses",5
57688,physician,M,1,physician,0.8291,0.9295,-0.1004,"england, have, journal, medical, journal",5
11490,photographer,M,3,photographer,0.6381,0.0537,0.5843,"picture, happened, took, many, exactly",5
95328,attorney,M,2,attorney,0.9996,0.3472,0.6524,"litigation, clients, complex, practice, corporate",5
73785,attorney,M,2,attorney,0.9978,0.998,-0.0002,"litigator, proceedings, courts, trial, eminent",5
94573,composer,M,17,composer,0.9983,0.9719,0.0264,"composition, music, music, north, carolina",5
62660,model,F,12,model,0.9984,0.1096,0.8888,"bikini, time, fitness, born, 27th",5
86393,psychologist,M,6,psychologist,0.9935,0.9449,0.0486,"psychology, psychology, psychologists, meditation, therapists",5
43557,psychologist,F,6,psychologist,0.9926,0.993,-0.0004,"psychology, psychology, university, internship, undergraduate",5
75997,attorney,M,2,attorney,0.9996,0.9997,-0.0001,"franjo, clients, represented, counsel, counsel",5
20208,professor,F,0,professor,0.9854,0.7845,0.2009,"researcher, cognitive, research, awards, gerontology",5
24872,psychologist,M,6,psychologist,0.9849,0.9885,-0.0036,"assessments, developing, measurement, consulted, evaluate",5
71137,physician,F,1,physician,0.9864,0.9775,0.0089,"affiliated, professionally, carriers, training, dr",5
45700,physician,M,1,physician,0.9058,0.8167,0.0892,"medicine, and, dr, problems, arthroscopic",5
57717,professor,F,0,professor,0.6213,0.0636,0.5578,"analysis, grant, camtasia, tutorials, dr",5
62117,architect,F,10,architect,0.7013,0.0079,0.6934,"professor, chair, construction, ecologies, show",5
6330,professor,F,0,professor,0.9981,0.973,0.0251,"2005, researched, the, since, has",5
91861,professor,M,0,professor,0.7256,0.0367,0.689,"students, black, actively, engineers, in",5
87153,dietitian,F,18,dietitian,0.9813,0.4422,0.5391,"nutritional, working, years, requirements, spent",5
20681,professor,M,0,professor,0.9998,0.9998,0.0,"sociology, published, cornell, recently, sociology",5
40725,professor,M,0,professor,0.9982,0.9924,0.0058,"brannstrom, phd, university, interests, audiologist",5
4070,professor,F,0,professor,0.8122,0.1839,0.6283,"faculty, maintains, students, aria, past",5
46750,professor,F,0,professor,0.9985,0.9937,0.0049,"before, postdoctoral, degree, researcher, is",5
51309,dentist,M,8,dentist,0.9932,0.99,0.0032,"dental, dental, degree, at, dental",5
13748,professor,M,0,professor,0.9992,0.9733,0.0259,"dr, research, challenging, focusing, discuss",5
46471,dietitian,F,18,dietitian,0.8462,0.2961,0.5501,"and, disease, clinical, dietary, illness",5
45131,journalist,M,4,journalist,0.997,0.1293,0.8676,"journalism, degree, school, lives, and",5
10612,journalist,M,4,journalist,0.9915,0.1781,0.8134,"written, articles, photography, magazine, official",5
69809,physician,F,1,physician,0.9938,0.6504,0.3435,"medicine, graduate, school, university, caribbean",5
80915,teacher,F,7,teacher,0.5589,0.447,0.1119,"umea, with, passionate, examining, networking",5
38659,surgeon,M,9,surgeon,0.9638,0.1301,0.8337,"orthopedic, hospital, label, started, mumbai",5
11242,professor,M,0,professor,0.7488,0.4303,0.3185,"fellow, sports, and, while, school",5
18948,dentist,M,8,dentist,0.9852,0.89,0.0953,"orthodontic, sachdeva, centre, dr, dental",5
57573,teacher,M,7,teacher,0.9978,0.9982,-0.0004,"academic, teachers, learning, learners, director",5
47849,dentist,M,8,dentist,0.9968,0.8712,0.1256,"dental, dr, clinic, bds, pune",5
31195,attorney,M,2,attorney,0.4192,0.5132,-0.094,"honorable, judges, are, corruption, reputation",5
55492,surgeon,M,9,surgeon,0.999,0.6289,0.3701,"practice, yeshiva, medicine, orthopedics, practices",5
74262,architect,M,10,architect,0.9954,0.7635,0.2318,"design, design, architectural, drawings, internationally",5
67093,attorney,M,2,attorney,0.978,0.9941,-0.0161,"judge, law, policy, developer, with",5
86895,psychologist,M,6,psychologist,0.8605,0.9608,-0.1003,"health, body, body, specialties, addictions",5
69250,teacher,F,7,teacher,0.9429,0.057,0.886,"schools, senate, has, bill, worked",5
3094,psychologist,M,6,psychologist,0.7512,0.7973,-0.0461,"research, factors, assault, sexual, two",5
86240,photographer,M,3,photographer,0.9639,0.0192,0.9447,"photography, professional, magazines, for, dynamic",5
64821,attorney,M,2,attorney,0.9989,0.9934,0.0056,"bar, association, massachusetts, bar, bar",5
81106,professor,M,0,professor,0.9988,0.998,0.0008,"interested, most, slavery, most, centers",5
61438,psychologist,F,6,psychologist,0.9552,0.064,0.8912,"psychology, permission, and, teach, own",5
94318,nurse,F,5,nurse,0.5636,0.0497,0.5139,"healthcare, roles, over, competence, and",5
9403,psychologist,F,6,psychologist,0.9986,0.979,0.0196,"therapy, depression, behavioral, coddington, disorder",5
4979,dentist,M,8,dentist,0.9971,0.6239,0.3732,"dentists, of, dental, only, toxicology",5
30426,architect,M,10,architect,0.9381,0.5879,0.3501,"architects, the, currently, adf, and",5
6454,dentist,M,8,dentist,0.9837,0.0117,0.972,"dentistry, standards, using, only, preventative",5
65450,psychologist,M,6,psychologist,0.9637,0.9969,-0.0331,"healthcare, treatment, effective, clinical, in",5
23595,nurse,F,5,nurse,0.747,0.6554,0.0916,"medicine, florida, cooperates, graduated, number",5
39166,professor,M,0,professor,0.9879,0.9195,0.0684,"investigator, director, immunology, colitis, research",5
80720,professor,M,0,professor,0.9985,0.985,0.0135,"phd, researcher, degree, research, computer",5
33130,professor,F,0,professor,0.9374,0.9559,-0.0185,"lab, inflammation, include, cancer, models",5
82211,professor,F,0,professor,0.9946,0.0846,0.91,"colleagues, students, optimization, optimize, dynamics",5
45411,poet,M,13,poet,0.9949,0.9946,0.0003,"poetry, poetry, canterbury, collection, laureate",5
16879,professor,M,0,professor,0.9998,0.9996,0.0001,"postdoctoral, dr, nanostructures, received, starting",5
57041,surgeon,M,9,surgeon,0.8558,0.1269,0.7289,"pioneered, dr, breidenbach, left, warren",5
32301,poet,M,13,poet,0.4246,0.0325,0.3921,"becoming, the, women, wrote, letter",5
77310,software engineer,M,15,software engineer,0.991,0.9892,0.0018,"product, recommendations, fhir, mathematics, google",5
78686,painter,F,11,painter,0.9922,0.0095,0.9827,"painting, professor, painting, associate, painting",5
39046,painter,M,11,painter,0.9867,0.1393,0.8474,"paintings, deceptively, are, works, label",5
57330,journalist,F,4,journalist,0.9752,0.1398,0.8354,"articles, usually, sharp, media, pro",5
91347,attorney,M,2,attorney,0.9997,0.9997,0.0001,"attorneys, lawyers, lawyers, label, manslaughter",5
67845,professor,M,0,professor,0.9966,0.9888,0.0077,"received, kearns, in, literacy, years",5
6653,teacher,F,7,teacher,0.5068,0.2432,0.2636,"and, skills, communication, mariana, nihhc",5
11831,professor,M,0,professor,0.976,0.011,0.965,"phd, economics, and, nyu, political",5
31133,teacher,F,7,teacher,0.998,0.9834,0.0145,"teachers, lessons, students, singing, teaching",5
56423,professor,M,0,professor,0.9997,0.9772,0.0225,"boudewijn, research, focusses, boudewijn, behavior",5
9141,professor,M,0,professor,0.9984,0.9869,0.0115,"received, phd, kyoto, 2001, resin",5
34992,teacher,M,7,teacher,0.9597,0.036,0.9236,"teaches, toronto, also, technique, technique",5
88564,journalist,F,4,journalist,0.4771,0.7487,-0.2716,"writer, various, stories, magazines, watching",5
76312,attorney,M,2,attorney,0.9703,0.9215,0.0488,"author, matters, issues, of, the",5
11348,teacher,F,7,teacher,0.9823,0.9456,0.0367,"principal, attending, grade, education, assistant",5
20332,attorney,M,2,attorney,0.9984,0.6582,0.3403,"law, school, graduated, university, michigan",5
4715,professor,F,0,professor,0.9996,0.9931,0.0064,"examines, the, research, theater, intersections",5
2010,professor,M,0,professor,0.9998,0.9968,0.003,"faculty, phd, engineering, adib, research",5
11117,photographer,M,3,photographer,0.9925,0.3244,0.6681,"photography, exhibited, has, gallery, california",5
84579,professor,F,0,professor,0.8892,0.2081,0.6811,"has, through, computer, has, programming",5
57891,filmmaker,M,14,filmmaker,0.9889,0.0015,0.9873,"film, films, short, error, training",5
37802,physician,M,1,physician,0.8915,0.9229,-0.0314,"graduate, mcp, arthroscopic, of, blue",5
32697,professor,M,0,professor,0.9997,0.9991,0.0006,"prof, graduate, university, activities, of",5
48213,professor,M,0,professor,0.9939,0.1208,0.8731,"studies, challenges, research, both, operations",5
1387,teacher,F,7,teacher,0.9973,0.9578,0.0395,"tukwila, curriculum, taught, teaching, university",5
10391,poet,F,13,poet,0.9684,0.9845,-0.0161,"poetry, poetry, poetry, press, journal",5
12097,photographer,M,3,photographer,0.9912,0.957,0.0342,"photography, photographic, dslrs, equipment, digiscopers",5
79091,professor,M,0,professor,0.9993,0.9995,-0.0002,"interests, teaching, studies, sociology, transitions",5
37338,physician,F,1,physician,0.9998,0.961,0.0389,"medicine, practices, evanston, obstetrics, in",5
57964,journalist,F,4,journalist,0.9531,0.4457,0.5075,"journalists, cover, sports, athletes, snapchat",5
72950,accountant,M,16,accountant,0.7284,0.069,0.6594,"firm, the, survivor, for, crash",5
16247,photographer,M,3,photographer,0.9356,0.1837,0.7519,"working, project, on, is, where",5
25115,psychologist,M,6,psychologist,0.999,0.9973,0.0017,"depression, therapy, psychological, dr, experience",5
45909,professor,F,0,professor,0.8879,0.7432,0.1448,"author, arts, the, theatre, of",5
48644,attorney,M,2,attorney,0.9996,0.9973,0.0024,"legal, florida, lawyers, practice, law",5
65372,nurse,F,5,nurse,0.9972,0.8863,0.1109,"nursing, nurses, commitment, college, nursing",5
26272,professor,F,0,professor,0.9988,0.9969,0.0019,"teaches, courses, learning, teaching, service",5
61375,physician,F,1,physician,0.9998,0.9269,0.0729,"medicine, practices, gynecology, obstetrics, in",5
33140,nurse,M,5,nurse,0.1622,0.0706,0.0917,"virginia, and, convention, the, to",5
88253,model,F,12,model,0.9992,0.1472,0.852,"freeones, barcelona, freeones, gallery, born",5
49653,professor,F,0,professor,0.9995,0.9988,0.0007,"research, focuses, modern, contemporary, theory",5
65947,composer,M,17,composer,0.9926,0.054,0.9386,"composition, from, czernowin, music, university",5
2854,professor,F,0,professor,0.923,0.9319,-0.0089,"of, areas, nutritional, value, are",5
82139,nurse,F,5,nurse,0.9596,0.8665,0.0931,"graduated, 2001, on, honors, number",5
37671,professor,M,0,professor,0.7983,0.516,0.2823,"bachelors, peter, and, multidisciplinary, masters",5
7084,photographer,M,3,photographer,0.9977,0.7284,0.2692,"photograph, to, around, gallery, art",5
71189,attorney,M,2,attorney,0.9998,0.9997,0.0001,"practices, defense, primarily, tennessee, bar",5
26071,journalist,F,4,journalist,0.988,0.6112,0.3768,"journalism, column, landing, named, girl",5
79348,model,F,12,model,0.9994,0.4469,0.5525,"freeones, freeones, born, was, gallery",5
86781,photographer,M,3,photographer,0.8547,0.2059,0.6489,"photo, photography, photography, tours, passion",5
27634,professor,M,0,professor,0.9955,0.9733,0.0221,"1983, received, ph, 1989, university",5
37370,surgeon,M,9,surgeon,0.991,0.9448,0.0462,"neurosurgeon, neurosurgeons, surgeries, consultant, hospitals",5
1417,teacher,F,7,teacher,0.8418,0.425,0.4169,"the, stress, pupils, founded, relocated",5
83374,photographer,M,3,photographer,0.5264,0.1961,0.3303,"work, tracks, has, series, documentary",5
82987,journalist,M,4,journalist,0.952,0.9955,-0.0435,"journalism, editor, career, art, paper",5
51213,physician,F,1,physician,0.9967,0.9836,0.013,"school, trained, for, insurance, rhode",5
87481,painter,F,11,painter,0.8103,0.0349,0.7754,"and, illustrators, school, graduate, as",5
94981,journalist,M,4,journalist,0.8494,0.0707,0.7787,"books, author, four, mystery, uncovering",5
67490,professor,M,0,professor,0.8842,0.8578,0.0264,"research, neuropsychological, holds, neuropsychology, ph",5
91163,journalist,F,4,journalist,0.9981,0.6153,0.3829,"reporting, comes, press, doesn, president",5
78130,dentist,M,8,dentist,0.9498,0.9428,0.0071,"dentistry, bds, dental, dental, cosmetic",5
62471,filmmaker,F,14,filmmaker,0.9733,0.8995,0.0738,"idfa, first, screened, tribeca, seen",5
84529,dentist,M,8,dentist,0.9628,0.0451,0.9177,"dental, clinic, bds, dental, dental",5
18793,accountant,M,16,accountant,0.8853,0.0446,0.8407,"taxes, and, audits, dealing, representation",5
64410,professor,M,0,professor,0.9996,0.9989,0.0007,"kruger, doctorate, hydroscience, taught, in",5
50844,software engineer,F,15,software engineer,0.953,0.3169,0.6362,"ibm, joined, processing, language, moved",5
13425,professor,M,0,professor,0.9996,0.9981,0.0015,"faculty, the, meteorology, joining, college",5
48553,psychologist,F,6,psychologist,0.9866,0.7826,0.204,"psychometrist, aapa, children, adolescents, internship",5
12352,photographer,M,3,photographer,0.9581,0.4265,0.5316,"on, assignment, magazine, for, leading",5
84228,journalist,M,4,journalist,0.9814,0.7528,0.2286,"enthusiast, about, who, or, not",5
86148,journalist,F,4,journalist,0.9938,0.9943,-0.0005,"intern, new, editorial, magazine, editor",5
57774,attorney,M,2,attorney,0.7174,0.1523,0.5652,"florida, bachelor, management, transactions, for",5
91025,attorney,M,2,attorney,0.9886,0.0508,0.9378,"mewburn, patent, in, ellis, patent",5
35496,professor,M,0,professor,0.6417,0.1836,0.4582,"specializes, programs, university, under, alan",5
29376,professor,F,0,professor,0.9972,0.422,0.5752,"university, book, plutonium, haunthenticity, wesleyan",5
11657,photographer,M,3,photographer,0.2326,0.1017,0.1308,"smells, of, cherries, rustic, lakers",5
23327,poet,F,13,poet,0.9697,0.7667,0.203,"poems, prose, the, examples, selected",5
85519,architect,F,10,architect,0.9981,0.9705,0.0276,"architecture, degree, from, has, architecture",5
48435,professor,F,0,professor,0.9749,0.1072,0.8677,"research, conducted, fellow, migration, closely",5
16838,professor,M,0,professor,0.9996,0.9996,0.0,"teaching, ph, courses, program, stanford",5
49754,attorney,M,2,attorney,0.9998,0.9987,0.001,"represented, has, litigation, avanesian, bankruptcy",5
20309,surgeon,M,9,surgeon,0.6349,0.0596,0.5753,"thoracic, medical, surgery, specializes, practice",5
43066,professor,M,0,professor,0.9986,0.9793,0.0194,"research, focuses, researches, research, disassembly",5
65961,photographer,F,3,photographer,0.9764,0.9757,0.0006,"stories, worked, projects, clients, video",5
83021,journalist,M,4,journalist,0.4275,0.1306,0.2969,"included, has, writing, policy, news",5
62957,painter,M,11,painter,0.989,0.9938,-0.0048,"paintings, paintings, art, art, figuration",5
83135,attorney,F,2,attorney,0.9969,0.9907,0.0062,"doctor, of, school, arbitrator, miami",5
51702,professor,F,0,professor,0.9997,0.9994,0.0003,"research, literature, theatre, pedagogy, generalist",5
36195,professor,M,0,professor,0.9641,0.8631,0.101,"relationship, nature, geometric, been, analysis",5
9024,teacher,F,7,teacher,0.8479,0.4124,0.4355,"students, grade, students, park, mercy",5
24391,professor,M,0,professor,0.9977,0.1446,0.853,"phd, degrees, research, from, security",5
78248,poet,F,13,poet,0.9885,0.0249,0.9636,"poetry, poems, from, situations, writing",5
61546,software engineer,M,15,software engineer,0.7826,0.6916,0.091,"scalability, contribute, virtualization, opencontrail, api",5
83798,physician,M,1,physician,0.8928,0.875,0.0177,"medical, dr, medicine, school, attended",5
35096,photographer,F,3,photographer,0.9944,0.481,0.5134,"photography, specializes, flowers, the, hues",5
73473,professor,M,0,professor,0.9997,0.9977,0.002,"canadian, economics, agricultural, research, president",5
36810,software engineer,M,15,software engineer,0.9473,0.886,0.0613,"involved, graphics, ray, tracing, working",5
16319,professor,F,0,professor,0.9141,0.1836,0.7305,"phd, interested, rice, university, biases",5
6583,psychologist,M,6,psychologist,0.9967,0.9244,0.0723,"psychophysiology, neurotherapy, neurofeedback, the, specialized",5
45741,photographer,M,3,photographer,0.6187,0.4738,0.1449,"shoots, fashion, such, major, sense",5
29212,attorney,F,2,attorney,0.4526,0.3396,0.113,"author, fairfield, capes, deck, 2003",5
38598,attorney,F,2,attorney,0.5286,0.0333,0.4953,"dixie, speech, south, delivery, sudan",5
63768,professor,M,0,professor,0.7422,0.4855,0.2567,"melancon, research, among, interests, melancon",5
68503,painter,F,11,painter,0.8596,0.0671,0.7925,"colors, susannefriedman, these, vertigoangielena, the",5
15032,physician,F,1,physician,0.9998,0.9908,0.009,"medicine, practices, kingsport, tricities, in",5
90520,photographer,M,3,photographer,0.9271,0.2213,0.7058,"photograph, to, moments, photography, fishing",5
78317,professor,M,0,professor,0.9988,0.878,0.1208,"areas, intellectual, research, current, of",5
89764,professor,M,0,professor,0.9986,0.9328,0.0658,"editorial, research, lie, interests, mask",5
27550,professor,M,0,professor,0.9997,0.9954,0.0043,"grants, research, 1996, more, in",5
19987,model,F,12,model,0.9982,0.2481,0.7501,"modeling, career, role, mtv, played",5
93414,professor,M,0,professor,0.9995,0.9983,0.0012,"visiting, researcher, ph, mechatronic, 2005",5
48079,dentist,M,8,dentist,0.9977,0.0016,0.9961,"dds, dr, holds, licence, professional",5
23447,nurse,M,5,nurse,0.9982,0.09,0.9082,"nursing, minored, inpatient, assistant, majored",5
15205,nurse,F,5,nurse,0.9412,0.8993,0.0419,"graduated, cooperates, 1985, having, appointment",5
80166,attorney,F,2,attorney,0.9996,0.8054,0.1942,"divorce, law, on, family, focuses",5
76081,professor,M,0,professor,0.9998,0.9998,0.0,"gurtua, cofrin, ryerson, wisconsin, university",5
70032,journalist,M,4,journalist,0.7293,0.8622,-0.1328,"interests, wildlife, society, history, subjects",5
93786,model,M,12,model,0.9918,0.0291,0.9627,"modeling, in, acting, events, fashion",5
52286,attorney,M,2,attorney,0.9994,0.9994,0.0,"litigation, probate, litigation, specialties, label",5
54051,surgeon,F,9,surgeon,0.93,0.0293,0.9007,"dr, dr, practice, npi, the",5
58078,professor,F,0,professor,0.9983,0.9976,0.0007,"publications, dr, processes, research, psychology",5
48893,physician,F,1,physician,0.9998,0.7328,0.2671,"medicine, medical, varga, medicine, specializes",5
15227,architect,F,10,architect,0.9982,0.9981,0.0001,"interior, design, design, practices, furniture",5
25267,professor,M,0,professor,0.9998,0.9994,0.0004,"research, focuses, project, evangelicalism, explores",5
37621,professor,M,0,professor,0.3717,0.1153,0.2564,"dermatologic, american, coauthor, the, dr",5
63007,professor,F,0,professor,0.9415,0.9653,-0.0238,"doctorate, specializes, gottfredson, nested, unc",5
8914,physician,F,1,physician,0.997,0.9883,0.0087,"graduate, psoriatic, affiliated, knee, metabolic",5
75787,physician,F,1,physician,0.9847,0.391,0.5937,"medicine, network, graduate, of, hahnemann",5
88425,professor,M,0,professor,0.9995,0.9921,0.0074,"working, is, global, book, currently",5
49788,attorney,F,2,attorney,0.9995,0.9996,-0.0001,"start, own, service, transactional, includes",5
58638,attorney,F,2,attorney,0.9992,0.1086,0.8905,"juris, doctorate, born, was, graduate",5
61987,physician,F,1,physician,0.9361,0.8233,0.1128,"dr, medical, performed, physicians, training",5
81868,journalist,F,4,journalist,0.935,0.6972,0.2378,"journalists, editor, reporters, the, amnesty",5
38356,surgeon,M,9,surgeon,0.8572,0.0779,0.7794,"surgical, surgical, surgery, recognition, specialty",5
66696,accountant,M,16,accountant,0.9984,0.9842,0.0142,"accounts, finance, financial, accounts, heading",5
81401,professor,M,0,professor,0.9954,0.9826,0.0128,"award, levine, label, faculty, positions",5
93520,painter,F,11,painter,0.9847,0.9915,-0.0068,"galleries, paintings, paintings, exhibited, have",5
47694,nurse,F,5,nurse,0.9062,0.0024,0.9038,"nurse, labor, involving, in, and",5
91173,nurse,F,5,nurse,0.9993,0.3878,0.6115,"nursing, worked, exclusively, hubka, managed",5
61576,professor,M,0,professor,0.9996,0.9984,0.0013,"interests, data, include, research, serves",5
63793,psychologist,F,6,psychologist,0.8951,0.1546,0.7405,"coping, gail, stress, on, ph",5
56743,physician,F,1,physician,0.9993,0.9872,0.0121,"medical, medical, degree, has, affiliated",5
70060,professor,F,0,professor,0.8692,0.705,0.1642,"learned, teaching, performative, to, students",5
94502,professor,F,0,professor,0.992,0.9966,-0.0046,"hematopathology, diagnostic, assays, of, expertise",5
85452,model,F,12,model,0.6575,0.128,0.5295,"suicide, suicide, sexy, mtv, weirdos",5
76104,professor,F,0,professor,0.973,0.2126,0.7604,"university, mfa, theatre, and, from",5
18534,journalist,F,4,journalist,0.9991,0.9957,0.0034,"journalism, graduated, central, in, content",5
82038,dietitian,F,18,dietitian,0.9972,0.0008,0.9963,"nutrition, having, experiences, 1999, doctors",5
22877,professor,M,0,professor,0.9995,0.9976,0.0018,"complex, the, nanometer, studies, laboratory",5
79524,teacher,M,7,teacher,0.9927,0.8752,0.1176,"teachers, lesson, teaching, teacher, classroom",5
43975,professor,F,0,professor,0.8965,0.0695,0.827,"dance, choreography, label, taught, contact",5
42132,journalist,F,4,journalist,0.9497,0.8478,0.102,"druckman, expanding, started, women, chefs",5
94052,attorney,M,2,attorney,0.9998,0.9996,0.0002,"law, offenses, firm, law, firm",5
36186,professor,F,0,professor,0.9988,0.9857,0.0131,"research, of, technology, information, engineering",5
15649,surgeon,M,9,surgeon,0.9989,0.9983,0.0006,"dr, orthopedics, stefancin, medicine, practices",5
24896,photographer,M,3,photographer,0.8644,0.9056,-0.0413,"16, created, mm, in, first",5
58389,attorney,M,2,attorney,0.9996,0.9995,0.0001,"lawyers, attorneys, in, partner, virginia",5
60975,attorney,F,2,attorney,0.2901,0.0633,0.2268,"has, one, child, atlanta, resides",5
43795,professor,F,0,professor,0.9851,0.9663,0.0188,"cardiology, residency, doytchinova, internal, disease",5
48300,professor,M,0,professor,0.761,0.0407,0.7203,"an, professor, is, arts, the",5
5417,professor,M,0,professor,0.9972,0.5644,0.4328,"university, editor, nevada, coeditor, hamlin",5
17379,physician,F,1,physician,0.7912,0.5163,0.2749,"medicine, graduate, graduate, surgery, medicare",5
57152,physician,F,1,physician,0.9998,0.8711,0.1287,"medicine, practices, in, medical, phoenix",5
74032,professor,M,0,professor,0.6477,0.0269,0.6208,"research, graduate, group, colleagues, at",5
73636,attorney,M,2,attorney,0.9995,0.9978,0.0018,"graduate, work, legal, 1986, practice",5
1506,surgeon,M,9,surgeon,0.9945,0.4485,0.5459,"surgery, neurosurgery, ophthalmic, training, australian",5
95080,professor,M,0,professor,0.9979,0.9921,0.0058,"phd, economics, studies, iifm, planning",5
26395,attorney,F,2,attorney,0.9966,0.9889,0.0077,"llm, attorneys, section27, human, university",5
49445,journalist,M,4,journalist,0.3187,0.4165,-0.0978,"influence, assasination, evident, interviewed, israel",5
72750,model,M,12,model,0.9992,0.003,0.9961,"modelling, modelling, modelling, aside, been",5
75972,surgeon,M,9,surgeon,0.9957,0.6598,0.3359,"professor, surgery, the, the, toronto",5
44113,nurse,F,5,nurse,0.6571,0.6129,0.0442,"2012, specialists, number, honors, of",5
8413,dentist,M,8,dentist,0.9856,0.9894,-0.0038,"dental, bds, dentures, dental, tooth",5
35477,professor,M,0,professor,0.9997,0.9989,0.0008,"scientist, anthropogenic, focuses, conduct, mangrove",5
28765,professor,F,0,professor,0.9957,0.9707,0.025,"university, literature, ph, spain, spanish",5
53745,photographer,M,3,photographer,0.9978,0.9976,0.0002,"photographers, cinematographers, photographic, stints, newspapers",5
32835,nurse,F,5,nurse,0.5065,0.3933,0.1132,"hospital, joined, boulevard, may, fiance",5
26051,professor,F,0,professor,0.9953,0.9711,0.0242,"phd, is, neurology, fellowship, well",5
67020,professor,F,0,professor,0.9972,0.9519,0.0453,"received, translational, biology, lab, krystal",5
90358,poet,F,13,poet,0.9808,0.7125,0.2683,"poetry, university, teaches, writing, prize",5
44241,professor,M,0,professor,0.9997,0.9997,0.0,"ph, courses, teaches, towson, university",5
42646,composer,M,17,composer,0.9964,0.9923,0.0041,"music, music, music, vocal, composition",5
56344,physician,M,1,physician,0.9337,0.1867,0.7471,"graduate, dr, medical, epo, memorial",5
3542,photographer,M,3,photographer,0.984,0.4389,0.5451,"photojournalism, photography, documentary, photography, and",5
48103,professor,M,0,professor,0.9996,0.9961,0.0035,"courses, university, teaches, anthropologists, anthropology",5
49986,professor,M,0,professor,0.7123,0.5706,0.1417,"1973, teaching, undergraduate, university, three",5
92854,software engineer,M,15,software engineer,0.8845,0.9509,-0.0664,"number, languages, teaches, of, including",5
31729,poet,M,13,poet,0.99,0.0219,0.9681,"lyricism, is, known, ability, pure",5
20249,professor,M,0,professor,0.9995,0.3289,0.6706,"research, has, wing, hog, studying",5
88575,professor,M,0,professor,0.9954,0.6367,0.3586,"scientists, president, for, australia, australia",5
1824,comedian,F,19,comedian,0.979,0.0101,0.9689,"stand, up, arty, local, best",5
86371,professor,M,0,professor,0.9997,0.9987,0.001,"research, doctoral, interests, include, research",5
73968,physician,F,1,physician,0.6256,0.8579,-0.2323,"graduated, of, of, michelle, 2002",5
11229,attorney,F,2,attorney,0.9867,0.9904,-0.0036,"bachelor, supreme, licensed, georgia, georgia",5
24830,professor,M,0,professor,0.9856,0.7507,0.2349,"doctorate, faculty, countries, washington, stanford",5
94999,dentist,M,8,dentist,0.3452,0.0813,0.264,"dr, hagopian, patients, new, opened",5
86993,accountant,M,16,accountant,0.9887,0.34,0.6487,"financial, operations, of, company, inc",5
19416,poet,F,13,poet,0.9647,0.9687,-0.0041,"poetry, poetry, reflects, literary, concentration",5
85089,physician,M,1,physician,0.8097,0.8989,-0.0892,"wagenberg, medical, dr, school, university",5
39934,journalist,M,4,journalist,0.861,0.9764,-0.1154,"of, science, medical, association, between",5
26468,dentist,M,8,dentist,0.9915,0.9101,0.0814,"veneers, whitening, implants, available, sealants",5
6570,model,F,12,model,0.9993,0.3193,0.68,"freeones, freeones, 6312th, ranked, gallery",5
45269,professor,M,0,professor,0.9992,0.998,0.0012,"prior, shanghai, joining, ph, university",5
29227,photographer,F,3,photographer,0.9594,0.0622,0.8972,"photo, based, the, lesbian, oakland",5
27005,journalist,F,4,journalist,0.999,0.9975,0.0015,"writing, weekly, newspapers, local, after",5
8152,painter,F,11,painter,0.524,0.0143,0.5098,"gallery, hierarchic, art, available, escaped",5
1431,nurse,F,5,nurse,0.9619,0.8598,0.1021,"nursing, nursing, career, 2000, reviewed",5
48761,teacher,F,7,teacher,0.9696,0.9894,-0.0198,"education, wrccc, development, education, classroom",5
85569,nurse,F,5,nurse,0.8469,0.0059,0.841,"breastfeeding, consultants, hospital, assessor, lactation",5
81414,professor,M,0,professor,0.9995,0.4742,0.5253,"dr, phd, umbc, olano, at",5
92176,psychologist,M,6,psychologist,0.9989,0.2069,0.792,"psychology, professional, graduated, psychology, psychiatry",5
20218,journalist,F,4,journalist,0.7543,0.6788,0.0755,"amal, movement, ridiculed, rigid, establishment",5
64102,professor,F,0,professor,0.9996,0.9929,0.0067,"phd, earned, research, phylogeography, science",5
25902,professor,M,0,professor,0.9976,0.9817,0.0159,"linguistics, research, interests, typology, include",5
58979,attorney,M,2,attorney,0.9996,0.9996,0.0001,"litigation, patent, uspto, appeals, represented",5
54552,photographer,F,3,photographer,0.985,0.5361,0.4489,"photojournalism, photography, photography, documentary, photographic",5
56561,architect,M,10,architect,0.9908,0.5362,0.4546,"architecture, patterns, enterprise, addison, application",5
92810,professor,M,0,professor,0.9998,0.9974,0.0024,"economist, harvard, johnson, affiliate, health",5
72082,professor,F,0,professor,0.9989,0.2411,0.7579,"amy, research, cognitive, studies, science",5
34181,software engineer,F,15,software engineer,0.9367,0.2198,0.7169,"javascript, node, works, the, css",5
59375,dietitian,M,18,dietitian,0.8396,0.8594,-0.0198,"diets, that, for, believes, diet",5
2439,professor,F,0,professor,0.9993,0.9931,0.0063,"explores, does, research, investigates, phenotypic",5
16283,filmmaker,M,14,filmmaker,0.5007,0.6312,-0.1305,"filmography, films, film, more, decades",5
57383,professor,F,0,professor,0.9998,0.9997,0.0001,"research, research, postdoctoral, political, examines",5
58249,professor,F,0,professor,0.9991,0.9909,0.0082,"received, research, currently, doctorate, school",5
20245,surgeon,M,9,surgeon,0.9989,0.137,0.8619,"graduated, dr, practice, in, years",5
35822,model,F,12,model,0.9843,0.4123,0.572,"melissa, theuriau, name, and, face",5
1667,accountant,M,16,accountant,0.9478,0.0313,0.9165,"started, stocks, newsletter, trading, spreadsheets",5
12694,photographer,M,3,photographer,0.9984,0.9954,0.003,"shooting, photography, images, amazing, interview",5
14215,professor,M,0,professor,0.9998,0.9997,0.0,"ph, sciences, research, topics, physics",5
4189,software engineer,M,15,software engineer,0.7477,0.7066,0.0411,"design, hack, engineering, prior, qualys",5
63241,professor,M,0,professor,0.9997,0.9996,0.0001,"dr, brough, ph, research, university",5
41735,attorney,F,2,attorney,0.9997,0.9918,0.008,"litigation, assisting, focuses, matters, secrets",5
18024,surgeon,M,9,surgeon,0.9943,0.0247,0.9695,"professor, surgery, harvard, virginia, james",5
25906,professor,F,0,professor,0.9965,0.9969,-0.0004,"neurodegenerative, oxidative, antioxidants, interest, projects",5
9016,journalist,F,4,journalist,0.9985,0.9988,-0.0003,"gothic, publication, written, bbc, magazines",5
86076,surgeon,M,9,surgeon,0.5216,0.0647,0.4569,"medical, dr, graduated, tripathi, plans",5
20721,architect,M,10,architect,0.6373,0.1768,0.4605,"renderings, sketching, architecture, europe, outsider",5
25635,psychologist,F,6,psychologist,0.9967,0.9926,0.004,"dr, settings, physical, of, struggling",5
37285,photographer,F,3,photographer,0.9975,0.5551,0.4425,"photography, lifestyle, family, when, and",5
69828,professor,F,0,professor,0.9972,0.9952,0.0021,"comparative, literature, specialties, center, postcolonial",5
71062,professor,M,0,professor,0.9997,0.7944,0.2053,"doctorate, received, dr, edu, civil",5
86741,photographer,M,3,photographer,0.9978,0.9908,0.007,"photographs, images, have, taken, scott",5
57269,psychologist,F,6,psychologist,0.9489,0.4925,0.4564,"adolescents, adults, working, extensive, with",5
11509,teacher,F,7,teacher,0.9946,0.9587,0.0359,"classes, taught, montessori, language, couple",5
13738,photographer,M,3,photographer,0.9981,0.9938,0.0043,"photograph, to, and, publications, telemundo",5
56172,psychologist,M,6,psychologist,0.3416,0.0307,0.3108,"detectives, hires, existential, philosopher, tom",5
58345,professor,F,0,professor,0.9995,0.857,0.1425,"ethnohistory, studies, archaeology, colonial, southwest",5
56085,professor,M,0,professor,0.9994,0.9943,0.0051,"research, macroeconomist, research, explores, asks",5
50387,professor,F,0,professor,0.9987,0.9958,0.0029,"teaches, literature, tulane, dr, tulane",5
52874,software engineer,M,15,software engineer,0.8123,0.0004,0.8119,"engineering, diverse, software, has, satellite",5
64391,professor,M,0,professor,0.9904,0.9202,0.0702,"faculty, carlos, degree, teaches, advisor",5
88120,professor,M,0,professor,0.9827,0.8705,0.1122,"university, edition, has, also, adam",5
53160,teacher,F,7,teacher,0.6775,0.3636,0.3139,"readers, the, after, website, bonnie",5
77353,photographer,M,3,photographer,0.9859,0.078,0.9079,"photography, photography, photography, photo, comprises",5
20376,journalist,M,4,journalist,0.997,0.3865,0.6105,"journalism, rmit, degree, reviewer, in",5
36370,physician,F,1,physician,0.7574,0.5095,0.2478,"medicine, dr, institutes, sophomore, hospitals",5
45290,attorney,M,2,attorney,0.9997,0.9966,0.0031,"counsel, litigation, ettinger, serves, partners",5
61676,journalist,F,4,journalist,0.5725,0.2373,0.3352,"novels, shotokan, writing, karate, scenes",5
71901,professor,M,0,professor,0.9965,0.8117,0.1848,"dr, emphasis, gave, highlighted, asc",5
48593,physician,M,1,physician,0.9937,0.9577,0.036,"glaucoma, school, attended, interests, medical",5
77029,physician,F,1,physician,0.6646,0.4848,0.1797,"degree, specialize, bachelor, in, knowing",5
62420,poet,M,13,poet,0.8501,0.0039,0.8462,"poetry, homework, edinburgh, writing, as",5
37155,professor,M,0,professor,0.9947,0.9847,0.01,"bioinformatics, received, teknologi, isfahan, main",5
23315,psychologist,M,6,psychologist,0.9941,0.9734,0.0207,"personality, specialising, therapy, disorders, clinician",5
47360,painter,F,11,painter,0.9948,0.6089,0.3859,"paintings, rendered, bold, gallery, are",5
49966,professor,F,0,professor,0.9703,0.9684,0.0019,"involved, has, for, rush, been",5
2931,attorney,M,2,attorney,0.9539,0.0426,0.9112,"community, representation, theft, of, criminal",5
81661,professor,F,0,professor,0.9959,0.684,0.3118,"stem, researching, in, topics, various",5
30135,filmmaker,M,14,filmmaker,0.3582,0.0077,0.3505,"show, film, will, harvard, open",5
14051,accountant,F,16,accountant,0.5749,0.4511,0.1238,"street, 5th, sales, built, clientele",5
39889,nurse,F,5,nurse,0.9966,0.2928,0.7038,"np, of, the, palmer, number",5
72222,attorney,F,2,attorney,0.9995,0.9986,0.0009,"law, firm, litigation, immigration, rakhi",5
18097,nurse,F,5,nurse,0.9993,0.2866,0.7126,"midwife, 1996, honors, having, graduated",5
26318,physician,M,1,physician,0.8345,0.636,0.1985,"graduated, university, honors, of, affiliates",5
44430,surgeon,M,9,surgeon,0.6018,0.0798,0.522,"surgery, fellowship, orthopaedic, fractures, medicine",5
12765,teacher,F,7,teacher,0.7748,0.5353,0.2395,"special, children, skiing, kim, instructors",5
55981,physician,M,1,physician,0.7342,0.0345,0.6997,"medical, articles, american, on, numerous",5
70712,professor,F,0,professor,0.9989,0.9977,0.0012,"community, articles, journal, education, review",5
32146,dentist,M,8,dentist,0.9974,0.0001,0.9973,"licence, dr, 1689058869, professional, of",5
46712,professor,M,0,professor,0.975,0.9289,0.0461,"research, areas, recommendation, scholarship, ulf",5
46382,physician,M,1,physician,0.9343,0.9532,-0.0188,"medicine, hmo, dr, graduated, wisconsin",5
14767,physician,M,1,physician,0.9984,0.9979,0.0004,"medical, interests, school, hahnemann, affiliated",5
73514,professor,M,0,professor,0.9991,0.8721,0.127,"group, is, develops, research, activities",5
69652,professor,M,0,professor,0.9996,0.9989,0.0007,"editorial, algorithms, ijcga, award, won",5
62460,nurse,F,5,nurse,0.669,0.6647,0.0043,"medicine, graduated, california, number, mask",5
36774,surgeon,M,9,surgeon,0.9988,0.6013,0.3976,"chabot, medical, practice, dr, practices",5
1118,surgeon,M,9,surgeon,0.999,0.9987,0.0003,"medicine, specializes, dr, surgery, practices",5
14153,attorney,F,2,attorney,0.9996,0.5776,0.422,"legal, law, involved, issues, people",5
32929,professor,F,0,professor,0.9997,0.9995,0.0002,"phd, received, faculty, scholar, textile",5
56801,professor,M,0,professor,0.8507,0.001,0.8497,"doctoral, university, degree, hiroshima, tesol",5
94873,journalist,F,4,journalist,0.9989,0.9952,0.0037,"journalism, journalism, reported, publications, published",5
85006,model,F,12,model,0.999,0.3384,0.6606,"175cm, photoshoots, runway, fashion, born",5
45844,professor,F,0,professor,0.4063,0.1824,0.224,"education, applicants, teach, corrections, technical",5
89542,physician,F,1,physician,0.9997,0.7691,0.2306,"practices, medicine, specializes, smith, in",5
9002,attorney,F,2,attorney,0.9987,0.9948,0.0039,"prosecutor, judicial, city, district, texas",5
13398,professor,M,0,professor,0.9994,0.7184,0.281,"bennet, ucsd, faculty, cryptographer, 1996",5
43562,model,M,12,model,0.4939,0.1796,0.3143,"demonstrated, numerous, this, the, overall",5
67658,software engineer,M,15,software engineer,0.6319,0.155,0.4769,"interested, developer, freedom, hobbyist, programmer",5
54613,journalist,M,4,journalist,0.4805,0.1418,0.3387,"children, first, life, lepkoff, memoir",5
95378,nurse,F,5,nurse,0.849,0.623,0.226,"skills, as, naomi, clinical, bank",5
49302,surgeon,M,9,surgeon,0.999,0.081,0.918,"dr, practices, paulson, practice, dr",5
36911,surgeon,F,9,surgeon,0.9609,0.9763,-0.0154,"surgeries, surgeons, dr, kowalchuk, reconstruction",5
34097,architect,M,10,architect,0.9979,0.8664,0.1315,"london, architecture, school, of, architectural",5
2782,composer,M,17,composer,0.9979,0.9971,0.0009,"scoring, film, composition, music, music",5
23671,professor,M,0,professor,0.9993,0.9951,0.0042,"primary, research, are, hasan, research",5
34655,professor,F,0,professor,0.9905,0.9603,0.0302,"helen, disability, neoliberalism, relations, opened",5
88367,professor,M,0,professor,0.9988,0.6288,0.37,"focuses, research, behaviors, contributions, the",5
44175,journalist,F,4,journalist,0.9974,0.2038,0.7937,"investigative, reporting, founded, project, freelancer",5
37239,physician,F,1,physician,0.9998,0.6376,0.3622,"medicine, practices, pediatrics, brockton, medical",5
92911,professor,M,0,professor,0.9963,0.9921,0.0043,"catheterization, serves, society, director, currently",5
55575,physician,F,1,physician,0.8269,0.3396,0.4874,"medicine, served, obstetrics, positions, pediatrics",5
87432,attorney,F,2,attorney,0.9993,0.9986,0.0006,"receiverships, matters, legal, michigan, 2014",5
53618,professor,M,0,professor,0.9971,0.9802,0.0168,"experienced, nuclear, experimentalist, measurements, of",5
77143,professor,M,0,professor,0.9997,0.999,0.0007,"laboratory, dedicated, is, heterogeneous, micromechanics",5
46105,professor,M,0,professor,0.9985,0.9862,0.0123,"received, university, researcher, in, engineering",5
47692,journalist,M,4,journalist,0.9828,0.9062,0.0766,"professor, chief, press, director, join",5
40338,physician,M,1,physician,0.9563,0.895,0.0614,"medicine, medicine, professionally, health, hospital",5
5476,professor,M,0,professor,0.8954,0.0202,0.8752,"taught, studios, to, prior, architects",5
77851,professor,F,0,professor,0.9946,0.9354,0.0592,"toronto, blanaid, for, blanaid, expert",5
85834,professor,F,0,professor,0.9987,0.6958,0.3028,"specializes, reality, design, in, instructional",5
84466,painter,F,11,painter,0.9939,0.9927,0.0012,"paintings, exhibited, painting, gallery, have",5
18723,accountant,M,16,accountant,0.997,0.9207,0.0762,"pricewaterhousecoopers, valuations, valuations, partner, finance",5
70746,professor,M,0,professor,0.9982,0.9992,-0.0009,"dissertation, advanced, doctoral, fellowships, christology",5
68572,professor,M,0,professor,0.4961,0.1211,0.375,"completed, working, an, university, 2015",5
82476,professor,M,0,professor,0.9978,0.3745,0.6233,"ethnography, mask, volumes, on, in",5
22722,teacher,F,7,teacher,0.9991,0.9988,0.0003,"kellie, writing, teach, earned, degree",5
40192,accountant,M,16,accountant,0.9982,0.2778,0.7204,"kpmg, accountancy, graduated, degree, with",5
40975,photographer,M,3,photographer,0.9978,0.912,0.0859,"photography, photography, study, photographic, dubai",5
56887,attorney,M,2,attorney,0.9996,0.5009,0.4987,"law, success, the, jeff, professional",5
33525,professor,M,0,professor,0.9993,0.9987,0.0006,"approaches, research, develops, biomolecules, interactions",5
80223,teacher,F,7,teacher,0.9303,0.1269,0.8035,"yoga, classes, ability, understand, ideas",5
70546,professor,M,0,professor,0.9914,0.8823,0.1091,"european, comparative, include, interests, consultant",5
38181,dentist,M,8,dentist,0.9806,0.985,-0.0044,"dental, dental, prabhakar, bds, dental",5
24109,journalist,F,4,journalist,0.9731,0.9591,0.014,"writer, served, food, bridgettealacy, raleigh",5
56995,model,F,12,model,0.9994,0.1878,0.8116,"freeones, freeones, tempe, gallery, born",5
72762,professor,F,0,professor,0.9993,0.99,0.0093,"research, focused, doctoral, is, ballysingh",5
7487,filmmaker,M,14,filmmaker,0.9928,0.9969,-0.0041,"films, in, effects, directed, films",5
81186,poet,M,13,poet,0.9921,0.3162,0.6759,"poems, poems, many, are, yeats",5
49308,professor,F,0,professor,0.9988,0.9059,0.0928,"university, author, scholar, feminism, award",5
40864,teacher,M,7,teacher,0.444,0.0295,0.4145,"school, infected, others, eventually, catch",5
72314,nurse,M,5,nurse,0.5764,0.8478,-0.2714,"2012, graduated, eric, of, phone",5
92655,professor,M,0,professor,0.9914,0.9253,0.0661,"classes, papers, the, written, writes",5
53989,psychologist,F,6,psychologist,0.9989,0.9981,0.0008,"psychodynamic, therapies, style, depression, cognitive",5
11073,professor,M,0,professor,0.9994,0.9983,0.0012,"explores, studies, cinema, role, research",5
70018,dentist,F,8,dentist,0.9868,0.9817,0.0052,"dental, anjana, dental, dentistry, dentures",5
54003,professor,F,0,professor,0.9987,0.9783,0.0204,"conducts, empirical, research, journal, journal",5
1498,psychologist,F,6,psychologist,0.9423,0.0111,0.9312,"counseling, guidelines, florida, association, resources",5
69008,nurse,F,5,nurse,0.9835,0.9523,0.0312,"nursing, firefighter, msn, career, nursing",5
91725,architect,F,10,architect,0.9969,0.132,0.8649,"architecture, sculptural, architectural, architecture, exhibited",5
79902,professor,M,0,professor,0.9988,0.9974,0.0014,"earned, research, interests, ph, intercultural",5
51401,professor,F,0,professor,0.9987,0.9954,0.0033,"research, purdue, studies, received, interests",5
34108,dentist,M,8,dentist,0.99,0.0003,0.9897,"dentistry, dentistry, dentistry, dentistry, pediatric",5
7325,professor,F,0,professor,0.9996,0.8924,0.1071,"research, interests, focus, countries, current",5
78732,dentist,M,8,dentist,0.9792,0.4305,0.5487,"dental, bds, clinic, arijit, science",5
22560,attorney,F,2,attorney,0.9995,0.9903,0.0092,"counsel, counsel, joining, holyoke, mikolashek",5
61736,professor,F,0,professor,0.8643,0.5254,0.3389,"counterterrorism, university, studies, has, in",5
64977,painter,M,11,painter,0.9885,0.5577,0.4308,"paintings, paintings, art, historian, taught",5
42882,teacher,M,7,teacher,0.7838,0.0002,0.7836,"teaching, earned, newspaper, student, career",5
40916,photographer,F,3,photographer,0.9982,0.3858,0.6125,"shooting, destination, weddings, dream, work",5
26182,psychologist,F,6,psychologist,0.9972,0.9952,0.002,"psychotrauma, institute, therapy, works, exposure",5
60149,professor,F,0,professor,0.9225,0.0014,0.9211,"dr, educators, curriculum, nurses, the",5
15067,painter,F,11,painter,0.9725,0.0032,0.9693,"paintings, bfa, first, the, visual",5
57496,software engineer,M,15,software engineer,0.9446,0.9483,-0.0037,"db2, support, production, oriented, eclipse3",5
47310,dentist,M,8,dentist,0.9987,0.1576,0.8411,"dentistry, specialties, dr, general, experience",5
45220,physician,M,1,physician,0.9992,0.9981,0.0011,"dermatitis, medicine, transmitted, diseases, professionally",5
30249,psychologist,F,6,psychologist,0.988,0.0519,0.9361,"cultural, garnets, following, coaching, dr",5
1409,architect,M,10,architect,0.9986,0.9979,0.0007,"architects, architects, schalk, residential, architectural",5
77777,professor,M,0,professor,0.9995,0.9992,0.0002,"macroeconomics, prior, indian, sahoo, worked",5
17307,composer,M,17,composer,0.9873,0.0017,0.9855,"sounds, electronic, music, with, on",5
15316,professor,F,0,professor,0.8685,0.2585,0.61,"conducts, research, teaching, anselmi, emotion",5
21780,attorney,F,2,attorney,0.9983,0.9951,0.0032,"bar, jersey, the, clients, jersey",5
5532,nurse,F,5,nurse,0.9133,0.9722,-0.0589,"graduated, specialists, angerame, angerame, 1986",5
7709,physician,F,1,physician,0.7226,0.61,0.1126,"practice, 1609253616, 2246, jennifer, 35242",5
34890,composer,M,17,composer,0.9959,0.7453,0.2507,"orchestral, instruments, music, musical, music",5
8454,professor,F,0,professor,0.8832,0.0208,0.8624,"research, university, illinois, social, agenda",5
64487,nurse,F,5,nurse,0.9834,0.4429,0.5405,"medicine, pennsylvania, graduated, moore, jeanne",5
84265,professor,F,0,professor,0.9994,0.9994,-0.0,"editor, criticism, african, include, areas",5
29824,attorney,M,2,attorney,0.9994,0.9949,0.0045,"juris, bachelor, to, has, public",5
57659,professor,M,0,professor,0.9962,0.992,0.0042,"locavore, peer, ph, are, studies",5
91175,professor,F,0,professor,0.8482,0.1463,0.7019,"micronutrients, been, role, investigating, toronto",5
53327,physician,F,1,physician,0.9986,0.9873,0.0113,"medicine, preventive, survivorship, graduated, gandhi",5
90361,professor,M,0,professor,0.9962,0.7737,0.2225,"received, research, phd, the, are",5
9399,physician,M,1,physician,0.7435,0.1207,0.6228,"research, health, health, of, tools",5
72448,photographer,M,3,photographer,0.9419,0.0068,0.9352,"photography, autodidactically, photography, in, won",5
21794,physician,F,1,physician,0.8675,0.7986,0.0689,"career, prior, university, utah, team",5
81832,nurse,M,5,nurse,0.9198,0.0015,0.9184,"under, hospital, the, leaves, agent",5
88791,attorney,M,2,attorney,0.9893,0.9957,-0.0064,"counsel, cases, rapanos, counsel, appeals",5
91329,physician,M,1,physician,0.9997,0.9996,0.0,"1073689527, california, credentials, professional, dr",5
33727,software engineer,M,15,software engineer,0.9734,0.4365,0.537,"programming, passion, new, paradigms, climbing",5
9703,attorney,F,2,attorney,0.9998,0.6494,0.3503,"represents, subcontractors, dispute, mitigation, renewable",5
26066,filmmaker,F,14,filmmaker,0.9911,0.1934,0.7977,"filmmaking, national, sony, and, geographic",5
56982,professor,M,0,professor,0.9717,0.5096,0.4621,"pathologists, biostatistician, committee, genomic, 1990s",5
72927,photographer,M,3,photographer,0.9766,0.875,0.1016,"prints, exhibition, project, large, lance",5
71674,poet,M,13,poet,0.9912,0.0305,0.9608,"poetry, shouts, poetry, anger, was",5
86954,professor,M,0,professor,0.6479,0.5568,0.091,"wildflowers, short, short, in, book",5
50925,professor,F,0,professor,0.9997,0.9996,0.0001,"courses, pathologist, teaches, on, disorders",5
71711,attorney,F,2,attorney,0.9998,0.9998,-0.0,"litigations, lawyers, cases, malpractice, alleging",5
63125,physician,M,1,physician,0.9915,0.0004,0.9911,"education, and, dr, school, school",5
60230,filmmaker,M,14,filmmaker,0.8755,0.0039,0.8716,"cinematographer, linus, movies, as, more",5
45751,architect,M,10,architect,0.9956,0.9715,0.0241,"architectural, on, preservation, project, thesis",5
80716,attorney,M,2,attorney,0.5625,0.2651,0.2973,"alliance, wrestling, philadelphia, state, 2000s",5
51423,comedian,F,19,comedian,0.989,0.9292,0.0598,"comedy, puppy, was, what, show",5
86382,surgeon,M,9,surgeon,0.9801,0.9064,0.0738,"surgery, neurosurgery, neurosurgery, neurosurgery, neurosurgery",5
19101,journalist,M,4,journalist,0.5985,0.2411,0.3573,"include, due, business, property, research",5
61275,professor,M,0,professor,0.9998,0.9771,0.0227,"behavior, political, studies, democracies, comparative",5
58728,professor,F,0,professor,0.9995,0.9973,0.0021,"research, university, institutionalism, editor, stanford",5
78975,physician,M,1,physician,0.9439,0.869,0.0749,"physicians, patient, graduated, florida, affiliated",5
13943,attorney,F,2,attorney,0.9998,0.9997,0.0,"practice, courts, focuses, mirabile, disputes",5
93798,professor,F,0,professor,0.9991,0.9987,0.0004,"university, journals, fellow, research, ph",5
47841,journalist,M,4,journalist,0.9985,0.9977,0.0008,"organisations, indian, news, contributed, media",5
18289,psychologist,M,6,psychologist,0.3638,0.3788,-0.0149,"psychiatric, clinic, dogris, problems, treatment",5
35401,surgeon,M,9,surgeon,0.9941,0.993,0.0011,"reconstruction, cartilage, surgery, surgery, articular",5
72876,professor,M,0,professor,0.9998,0.9997,0.0,"articles, university, comparative, 2014, published",5
23724,professor,M,0,professor,0.9979,0.9802,0.0177,"obtained, stochastic, award, research, interests",5
40048,journalist,F,4,journalist,0.5312,0.2889,0.2423,"job, secrets, keeping, uncles, everyone",5
47520,physician,F,1,physician,0.9998,0.8912,0.1086,"medicine, practices, medical, in, specializes",5
91375,photographer,F,3,photographer,0.9989,0.9758,0.0231,"photography, photography, focuses, portrait, brussels",5
20563,teacher,F,7,teacher,0.959,0.7024,0.2567,"class, student, student, jhailey, written",5
16121,professor,M,0,professor,0.8757,0.4341,0.4416,"postdoctoral, received, doctor, biology, earned",5
41721,painter,F,11,painter,0.9134,0.0182,0.8952,"art, in, newport, born, richmond",5
72599,professor,M,0,professor,0.9994,0.9827,0.0167,"studies, focuses, literature, research, african",5
78503,professor,M,0,professor,0.9893,0.2234,0.7659,"research, focuses, advertising, advocate, on",5
76583,nurse,F,5,nurse,0.883,0.7255,0.1574,"graduated, 2015, cooperates, affiliates, having",5
93485,professor,M,0,professor,0.6754,0.2748,0.4006,"architecture, university, recognized, being, tsa",5
92804,nurse,F,5,nurse,0.9936,0.0508,0.9428,"nursing, nursing, practice, bachelors, of",5
31756,attorney,M,2,attorney,0.9996,0.9992,0.0004,"law, bar, college, of, received",5
5339,physician,F,1,physician,0.621,0.6019,0.0191,"practice, 1740594928, va, 3301, years",5
17369,professor,F,0,professor,0.9997,0.9995,0.0002,"rhetorical, resistance, rhetoric, research, focuses",5
29215,painter,M,11,painter,0.9577,0.0808,0.8769,"gallery, baumgold, pollock, arts, awards",5
91621,professor,M,0,professor,0.9948,0.1266,0.8682,"scholarship, student, educational, advising, mentoring",5
21564,teacher,F,7,teacher,0.5082,0.0021,0.506,"cannabis, cultural, economics, bs, on",5
42365,professor,M,0,professor,0.9996,0.9991,0.0005,"research, dr, interests, stomatitus, hypotheses",5
65751,comedian,M,19,comedian,0.997,0.9939,0.0032,"comedy, comedians, funny, mtv, vancouver",5
45725,dentist,F,8,dentist,0.9827,0.9825,0.0001,"dental, denture, denture, clinic, dr",5
64298,poet,M,13,poet,0.5122,0.0743,0.4379,"duck, neglected, sprinkled, expressionless, flat",5
43483,professor,F,0,professor,0.9995,0.9993,0.0002,"research, conducts, interests, the, revolve",5
63424,physician,F,1,physician,0.9998,0.8402,0.1596,"medicine, practices, medicine, speaks, specializes",5
58878,attorney,F,2,attorney,0.9994,0.9996,-0.0002,"counsel, litigation, counsel, courts, litigation",5
20692,attorney,F,2,attorney,0.9997,0.9997,0.0,"cases, disputes, matters, represents, secrets",5
4196,physician,F,1,physician,0.6862,0.2897,0.3965,"affiliated, approved, label, medicare, years",5
81725,architect,M,10,architect,0.9858,0.5522,0.4336,"architecting, on, graduated, customers, technologies",5
62396,poet,F,13,poet,0.55,0.9004,-0.3504,"poetry, poets, poetry, best, yorker",5
19034,professor,F,0,professor,0.9994,0.1284,0.871,"areas, research, include, global, health",5
47719,poet,F,13,poet,0.983,0.9865,-0.0036,"poetry, poets, creative, mics, writing",5
58574,physician,F,1,physician,0.9998,0.722,0.2778,"medicine, zylstra, gynecology, obstetrics, medical",5
90188,software engineer,M,15,software engineer,0.842,0.9413,-0.0993,"solutions, code, nearly, basic, technical",5
74328,composer,M,17,composer,0.9285,0.8513,0.0772,"audio, recording, soundwalks, shanghai, project",5
10987,physician,F,1,physician,0.9998,0.809,0.1907,"practices, medicine, belleville, pediatrics, specializes",5
80873,composer,F,17,composer,0.9966,0.9928,0.0039,"quartet, electronic, ensemble, instruments, works",5
14097,professor,M,0,professor,0.9995,0.7537,0.2458,"dr, phd, earned, in, genetics",5
94832,attorney,M,2,attorney,0.9987,0.9962,0.0025,"law, litigation, school, probate, joblin",5
37993,dietitian,F,18,dietitian,0.9978,0.0145,0.9833,"nutrition, having, doctors, experiences, 2001",5
93135,model,F,12,model,0.8989,0.6025,0.2964,"label, famous, fiona, of, older",5
49083,professor,M,0,professor,0.9996,0.9991,0.0005,"faculty, the, author, philosophy, marquette",5
68179,physician,M,1,physician,0.9992,0.9991,0.0001,"1861471591, dr, apo, professional, california",5
28123,photographer,M,3,photographer,0.98,0.2256,0.7544,"photographs, exhibited, photographic, throughout, have",5
1733,teacher,F,7,teacher,0.9229,0.0971,0.8258,"teaching, basketball, romania, inspired, traveling",5
73699,attorney,M,2,attorney,0.9995,0.9997,-0.0003,"law, practicing, appeals, courts, appellate",5
35213,professor,M,0,professor,0.9985,0.914,0.0846,"obtained, probability, research, the, university",5
7907,psychologist,M,6,psychologist,0.9485,0.9671,-0.0186,"time, hyperactivity, disorders, attention, effective",5
3350,professor,F,0,professor,0.999,0.9984,0.0006,"phd, sociocultural, language, centers, studies",5
32931,journalist,F,4,journalist,0.2955,0.2559,0.0396,"footballer, married, stoke, children, is",5
8265,physician,M,1,physician,0.9786,0.956,0.0226,"medicine, hospital, performing, affiliated, dr",5
80341,teacher,F,7,teacher,0.7354,0.4146,0.3208,"several, been, sharing, playing, enthused",5
43631,professor,F,0,professor,0.6431,0.0244,0.6186,"responsibilities, the, media, contribute, social",5
48054,journalist,M,4,journalist,0.9645,0.2408,0.7237,"everything, overwatch, just, about, industry",5
20787,dentist,M,8,dentist,0.9939,0.9951,-0.0012,"dental, dentistry, dental, excellence, dental",5
57761,psychologist,F,6,psychologist,0.9991,0.9985,0.0006,"psychodynamic, adults, depression, using, eclectic",5
13539,physician,M,1,physician,0.809,0.884,-0.075,"dr, medicine, pittsburgh, medical, center",5
66096,nurse,F,5,nurse,0.8756,0.155,0.7207,"who, des, town, patients, loves",5
5722,physician,F,1,physician,0.9979,0.383,0.6149,"dermatology, dermatology, dr, pa, treatment",5
69531,physician,M,1,physician,0.9998,0.5273,0.4725,"medicine, practices, medicine, specializes, in",5
927,professor,M,0,professor,0.9947,0.9271,0.0676,"time, yale, prior, lectured, hochschule",5
25023,nurse,F,5,nurse,0.888,0.826,0.062,"graduated, 2016, specialists, appointment, label",5
6341,physician,M,1,physician,0.9321,0.8507,0.0814,"dr, affiliations, medicine, at, of",5
59804,professor,F,0,professor,0.7059,0.0403,0.6656,"clinical, focus, is, therapy, fetal",5
25092,professor,F,0,professor,0.9984,0.1552,0.8431,"mcmaster, class, cbc, of, cbc",5
94484,professor,F,0,professor,0.997,0.9798,0.0172,"interests, journals, include, phd, multivariate",5
28177,teacher,F,7,teacher,0.437,0.0319,0.4051,"childcare, development, center, graduated, child",5
85950,professor,F,0,professor,0.9968,0.7495,0.2474,"is, edited, essay, origins, television",5
12597,psychologist,M,6,psychologist,0.9973,0.0691,0.9282,"psychology, psychology, professional, family, years",5
8126,composer,F,17,composer,0.9898,0.0008,0.989,"scores, musical, films, georgetown, scored",5
76993,professor,F,0,professor,0.9992,0.9935,0.0057,"research, explores, seminar, issues, identity",5
34022,professor,F,0,professor,0.9986,0.9953,0.0033,"conducted, economics, mathematics, university, the",5
18155,professor,F,0,professor,0.9934,0.9624,0.0311,"began, melissa, mit, the, essay",5
85547,dietitian,F,18,dietitian,0.9974,0.0037,0.9936,"nutrition, experiences, having, 1991, honors",5
27946,composer,M,17,composer,0.9382,0.0424,0.8959,"cinematic, melodic, warm, arrangements, stimulating",5
74006,composer,M,17,composer,0.9979,0.9795,0.0184,"scored, electronica, has, for, sounds",5
73994,dentist,F,8,dentist,0.9964,0.0008,0.9956,"dental, practising, dr, clinic, lybrate",5
53811,photographer,M,3,photographer,0.8943,0.9676,-0.0733,"competition, landscape, the, in, label",5
36142,teacher,M,7,teacher,0.9908,0.8971,0.0937,"students, method, teaches, teachings, england",5
43655,physician,M,1,physician,0.9474,0.5864,0.361,"medical, graduate, pediatric, medical, texas",5
75082,physician,M,1,physician,0.983,0.9763,0.0066,"medicine, graduate, university, medicine, fairfax",5
29736,professor,M,0,professor,0.9997,0.9989,0.0009,"ph, holds, smith, of, business",5
78512,model,M,12,model,0.4953,0.6136,-0.1183,"as, innovation, on, and, through",5
50243,professor,F,0,professor,0.6219,0.3727,0.2492,"received, neuropsychology, behavior, disorder, rascovsky",5
39940,attorney,F,2,attorney,0.9997,0.9941,0.0056,"attorneys, practice, probate, law, guardianship",5
66166,professor,F,0,professor,0.9994,0.997,0.0024,"leatherman, dr, phd, students, research",5
8363,nurse,F,5,nurse,0.9994,0.1038,0.8955,"nursing, of, georgetown, master, in",5
84273,filmmaker,M,14,filmmaker,0.9949,0.9897,0.0052,"filmmaking, screened, explore, uses, to",5
29595,filmmaker,F,14,filmmaker,0.9547,0.0199,0.9348,"directorial, screen, work, awards, aside",5
24552,teacher,F,7,teacher,0.9743,0.8409,0.1334,"students, students, curriculum, vagabonding, students",5
26685,journalist,M,4,journalist,0.436,0.5844,-0.1484,"stories, of, to, for, prompted",5
19334,surgeon,F,9,surgeon,0.9946,0.9895,0.0051,"steinman, is, surgery, residency, dr",5
10387,surgeon,F,9,surgeon,0.9989,0.9982,0.0007,"medicine, practices, krueger, dr, surgical",5
32201,software engineer,M,15,software engineer,0.9366,0.0557,0.8809,"data, designing, building, systems, enjoys",5
58282,professor,M,0,professor,0.9995,0.9992,0.0003,"dominguez, ph, regularly, brockport, courses",5
49035,photographer,F,3,photographer,0.701,0.0287,0.6723,"second, pictures, competition, for, swedish",5
23352,professor,F,0,professor,0.9499,0.6579,0.2919,"organogenesis, assistant, organogenesis, the, mouse",5
90291,architect,M,10,architect,0.9954,0.9421,0.0532,"construction, methods, buildings, developed, of",5
25358,nurse,F,5,nurse,0.2844,0.2735,0.011,"that, is, or, feels, crucial",5
76803,psychologist,M,6,psychologist,0.9984,0.9961,0.0024,"parents, children, is, cope, helping",5
85590,professor,F,0,professor,0.9363,0.8538,0.0825,"has, aulama, undergraduates, hawaii, performance",5
28576,attorney,M,2,attorney,0.9997,0.9997,0.0,"appellate, arizona, clients, appeals, clients",5
74893,teacher,M,7,teacher,0.9315,0.1386,0.7929,"correa, teach, teaching, students, specifically",5
26200,professor,M,0,professor,0.9996,0.9979,0.0017,"research, focuses, on, textual, phd",5
14885,professor,M,0,professor,0.996,0.9071,0.0889,"research, doctoral, boston, interest, stoicism",5
14442,architect,M,10,architect,0.9075,0.9301,-0.0226,"toolkit, years, computer, industry, sql",5
83310,professor,F,0,professor,0.9995,0.982,0.0175,"phd, economics, macroeconomics, research, research",5
21822,painter,M,11,painter,0.361,0.191,0.17,"from, took, imagery, colors, drawn",5
91539,professor,F,0,professor,0.9924,0.9314,0.0611,"phonology, main, comparative, linguistics, are",5
47824,architect,M,10,architect,0.8679,0.7601,0.1078,"area, standards, interfaces, experience, years",5
94091,photographer,F,3,photographer,0.9965,0.1024,0.8941,"photographic, photography, as, documentary, glorified",5
8694,psychologist,F,6,psychologist,0.9654,0.6596,0.3057,"of, medical, behavioral, graduated, health",5
35999,attorney,M,2,attorney,0.9963,0.0469,0.9495,"legal, andrew, untrusted, sdk, talked",5
786,photographer,M,3,photographer,0.9534,0.0419,0.9115,"photographs, bbc, working, outdoor, and",5
22750,professor,F,0,professor,0.9991,0.9994,-0.0002,"articles, postcolonialism, romanian, bucharest, postcommunism",5
44270,professor,F,0,professor,0.9787,0.7672,0.2114,"religion, harvard, initiative, christian, 2003",5
34573,professor,M,0,professor,0.9995,0.9983,0.0012,"discuss, edu, religion, with, jbruce",5
44670,professor,M,0,professor,0.9137,0.0329,0.8808,"researches, cooperberg, primarily, oncology, focus",5
26558,professor,F,0,professor,0.9978,0.9963,0.0015,"grant, doctoral, received, research, university",5
987,photographer,F,3,photographer,0.9873,0.9632,0.024,"subjects, attracted, the, and, people",5
2171,attorney,F,2,attorney,0.9997,0.9993,0.0003,"law, vasquez, 2016, bachelor, cases",5
60868,professor,M,0,professor,0.9993,0.8913,0.108,"counselor, educator, counselor, education, dr",5
22353,professor,F,0,professor,0.9972,0.878,0.1192,"research, phd, dr, interests, include",5
78455,professor,M,0,professor,0.9996,0.9941,0.0055,"resilience, infrastructure, on, teaches, cities",5
34535,professor,M,0,professor,0.9997,0.0279,0.9719,"phd, public, academia, sneathen, 2005",5
29494,professor,M,0,professor,0.9994,0.9072,0.0923,"topics, multinationals, research, international, interests",5
6970,journalist,F,4,journalist,0.9034,0.0202,0.8831,"bbc, edited, writer, travel, in",5
81777,journalist,F,4,journalist,0.999,0.936,0.063,"news, journalism, reporting, editor, news",5
47944,professor,F,0,professor,0.9822,0.8772,0.1051,"specializes, translational, research, lymphoma, metastatic",5
76092,surgeon,M,9,surgeon,0.9988,0.9981,0.0007,"surgery, medicine, california, dr, graduated",5
54765,painter,M,11,painter,0.6711,0.0617,0.6095,"has, numerous, illustrated, untitled, appeared",5
67872,teacher,F,7,teacher,0.963,0.9896,-0.0267,"classes, teaches, hobbies, include, writing",5
49259,comedian,F,19,comedian,0.8785,0.0591,0.8194,"funny, with, kids, discovering, and",5
60181,professor,M,0,professor,0.9272,0.0672,0.86,"endocrinology, research, project, interests, laparoscopic",5
75421,physician,M,1,physician,0.9186,0.4486,0.47,"practices, bachelor, dr, bvms, jaspreet",5
51571,photographer,M,3,photographer,0.9972,0.0265,0.9707,"photography, corporate, and, images, industrial",5
46365,physician,M,1,physician,0.9998,0.4779,0.5219,"medicine, practices, dermatology, in, medical",5
92126,comedian,M,19,comedian,0.9967,0.6423,0.3544,"comedy, television, hbo, comedic, ovations",5
52908,psychologist,M,6,psychologist,0.9832,0.979,0.0042,"psychology, in, degree, master, counseling",5
22107,poet,F,13,poet,0.9862,0.9604,0.0258,"poetry, poems, books, poems, has",5
58186,psychologist,F,6,psychologist,0.9889,0.7579,0.2309,"therapists, dr, schatten, individual, dbt",5
14286,poet,M,13,poet,0.9847,0.1096,0.8751,"poem, long, reads, composed, society",5
4910,professor,F,0,professor,0.9996,0.9987,0.0008,"studying, journal, research, interests, proteomics",5
61132,nurse,M,5,nurse,0.5136,0.3293,0.1843,"1999, graduated, specialists, number, carlson",5
73112,attorney,M,2,attorney,0.9854,0.4532,0.5322,"courtroom, albeit, criminal, machinations, practicing",5
62780,teacher,F,7,teacher,0.8813,0.1319,0.7494,"kids, workshops, students, teachers, subjects",5
3296,professor,F,0,professor,0.9992,0.8543,0.145,"research, doctorate, georgia, holds, from",5
8700,professor,M,0,professor,0.9994,0.9988,0.0007,"nanotechnology, university, 2001, nanotechnology, postdoctoral",5
31704,journalist,F,4,journalist,0.9989,0.998,0.0009,"journalism, editor, news, reporting, kong",5
46846,professor,F,0,professor,0.9997,0.9996,0.0,"teaches, design, students, industrial, research",5
20452,professor,F,0,professor,0.9997,0.973,0.0267,"anthropologist, specializes, cultural, recent, global",5
79309,composer,M,17,composer,0.9979,0.0347,0.9633,"orchestral, trombone, composing, with, elements",5
93036,surgeon,M,9,surgeon,0.999,0.9967,0.0023,"orthopaedic, medicine, practice, dr, science",5
82716,attorney,M,2,attorney,0.9998,0.9997,0.0,"smuro, clients, nuptial, experience, agreements",5
28452,nurse,F,5,nurse,0.7495,0.3299,0.4197,"cooperates, graduated, approved, ann, medicare",5
87947,attorney,M,2,attorney,0.9603,0.1684,0.7919,"been, law, legal, graduated, llm",5
93024,photographer,M,3,photographer,0.9964,0.986,0.0104,"shoot, can, shoots, extremely, subject",5
60324,teacher,M,7,teacher,0.9945,0.6739,0.3206,"students, students, activities, dedication, state",5
13325,dietitian,M,18,dietitian,0.8426,0.1652,0.6774,"coach, holistic, weight, nutrition, expert",5
23984,physician,F,1,physician,0.9998,0.7188,0.281,"medicine, practices, boston, medical, in",5
26531,nurse,F,5,nurse,0.609,0.5632,0.0457,"graduated, label, 1999, number, appointment",5
67454,dietitian,F,18,dietitian,0.9982,0.9873,0.0109,"nutrition, dietetic, nutritional, education, pastry",5
49420,physician,M,1,physician,0.9046,0.0817,0.8229,"medicine, epo, graduated, cincinnati, network",5
8062,attorney,M,2,attorney,0.9991,0.9978,0.0013,"lawyers, immigration, association, board, county",5
12469,psychologist,F,6,psychologist,0.9929,0.0742,0.9188,"specialists, behavioral, health, depression, providers",5
72346,architect,M,10,architect,0.8599,0.9242,-0.0643,"photographs, including, experience, welding, basic",5
18331,nurse,F,5,nurse,0.535,0.4762,0.0588,"1993, number, 366, hospital, appointment",5
88767,attorney,M,2,attorney,0.999,0.9976,0.0014,"experience, prosecuting, municipal, including, extensive",5
39400,attorney,M,2,attorney,0.9998,0.9997,0.0001,"memphis, malpractice, bar, clients, legal",5
48409,poet,M,13,poet,0.2343,0.0993,0.135,"queer, label, artist, post, for",5
76478,professor,F,0,professor,0.9976,0.9565,0.0411,"oncologist, alberta, is, committees, oncology",5
67165,painter,F,11,painter,0.9596,0.026,0.9337,"paint, oils, learned, the, art",5
12136,professor,F,0,professor,0.9958,0.6631,0.3326,"key, research, disability, middle, methodology",5
9522,photographer,M,3,photographer,0.9989,0.3113,0.6876,"shoots, portraits, images, evoking, captures",5
73719,software engineer,M,15,software engineer,0.9479,0.9155,0.0324,"has, passion, javascript, majoring, technologies",5
54836,attorney,M,2,attorney,0.9998,0.9996,0.0002,"joining, before, law, office, clerk",5
63994,attorney,M,2,attorney,0.9113,0.5627,0.3487,"admitted, broker, licensed, estate, to",5
59317,professor,F,0,professor,0.9989,0.9577,0.0412,"kim, postdoctoral, received, award, awards",5
78957,journalist,F,4,journalist,0.9962,0.8995,0.0967,"scandals, german, consumerism, bestseller, einkaufsrevolution",5
37861,software engineer,M,15,software engineer,0.8835,0.9221,-0.0386,"source, mentorship, abstractions, agile, developers",5
25082,professor,M,0,professor,0.9985,0.7147,0.2838,"research, focuses, methods, previously, performance",5
33162,professor,M,0,professor,0.9783,0.8197,0.1586,"epistemology, author, university, the, education",5
49786,nurse,F,5,nurse,0.7773,0.3044,0.4729,"practices, midwifery, california, ucsf, inequities",5
25316,professor,M,0,professor,0.9978,0.9733,0.0246,"3d, research, interests, vision, papers",5
20348,dentist,M,8,dentist,0.9901,0.0001,0.9901,"dentistry, dentistry, dentistry, dental, including",5
87988,professor,M,0,professor,0.9792,0.9693,0.0099,"phd, teaches, levels, hume, australia",5
40392,psychologist,M,6,psychologist,0.8305,0.8381,-0.0076,"session, reported, experiences, experiences, disorder",5
43962,dietitian,F,18,dietitian,0.9982,0.0074,0.9908,"nutrition, nutrition, counseling, appointment, having",5
10189,physician,F,1,physician,0.9998,0.7361,0.2637,"medicine, practices, sioux, medical, specializes",5
976,professor,M,0,professor,0.999,0.999,0.0001,"changing, major, area, work, books",5
48882,journalist,F,4,journalist,0.6039,0.4042,0.1997,"pakenham, memoir, tibetan, catherine, india",5
39983,nurse,F,5,nurse,0.9071,0.9038,0.0033,"medicine, graduated, call, tennessee, of",5
8780,attorney,F,2,attorney,0.9937,0.4428,0.5508,"prosecutors, association, reslegaldiva, twitter, blackprosecutors",5
90459,dietitian,F,18,dietitian,0.4035,0.0412,0.3622,"nutrition, health, and, and, the",5
59603,professor,F,0,professor,0.9969,0.9718,0.0251,"research, phd, focuses, master, postdoctoral",5
36635,photographer,F,3,photographer,0.9916,0.7046,0.2871,"series, subject, gambian, in, gambian",5
23311,professor,F,0,professor,0.9996,0.9988,0.0008,"received, geog311, university, phd, geospatial",5
45869,journalist,F,4,journalist,0.8025,0.5195,0.2831,"lives, in, in, reading, croatian",5
7300,psychologist,F,6,psychologist,0.9985,0.9963,0.0022,"cope, therapy, helping, clients, cognitive",5
92406,professor,M,0,professor,0.9998,0.9991,0.0007,"teaches, undergraduate, research, graduate, ph",5
82327,surgeon,F,9,surgeon,0.9255,0.8618,0.0637,"dr, dr, aneurysms, uchampp, aortic",5
73807,nurse,F,5,nurse,0.979,0.0057,0.9733,"nurses, clinical, nursing, nursing, college",5
87485,teacher,M,7,teacher,0.72,0.2644,0.4556,"stats, athletes, coach, imporve, the",5
91256,professor,M,0,professor,0.9994,0.9995,-0.0001,"focuses, papers, research, scholar, teaching",5
34057,journalist,F,4,journalist,0.9978,0.8469,0.151,"investigative, editor, and, fellow, piece",5
7523,professor,F,0,professor,0.9807,0.9439,0.0368,"federally, multiple, in, articles, projects",5
92758,model,F,12,model,0.9993,0.1475,0.8517,"modeling, endorsement, and, has, brands",5
4538,dentist,M,8,dentist,0.9492,0.9093,0.0399,"dental, dental, sandeep, center, speciality",5
82363,physician,M,1,physician,0.9882,0.3881,0.6002,"university, interests, migraine, polio, affiliated",5
60958,software engineer,M,15,software engineer,0.529,0.4391,0.0899,"development, project, platform, enterprise, has",5
18222,architect,M,10,architect,0.4673,0.567,-0.0998,"understanding, budget, work, appropriate, clients",5
27732,journalist,M,4,journalist,0.9929,0.7408,0.2521,"journalism, of, school, articles, graduated",5
40468,photographer,M,3,photographer,0.9981,0.6993,0.2988,"photographing, began, exploration, born, project",5
65339,professor,F,0,professor,0.9544,0.9828,-0.0284,"emotional, primary, research, editor, research",5
27545,physician,M,1,physician,0.9997,0.9996,0.0001,"md600020968, alaska, professional, credentials, 1780729400",5
63096,photographer,M,3,photographer,0.9972,0.9943,0.0029,"photography, photography, from, and, lens",5
69990,model,F,12,model,0.9994,0.0981,0.9013,"freeones, freeones, 1989, born, gallery",5
67260,surgeon,M,9,surgeon,0.9778,0.0258,0.952,"surgeons, maxillofacial, experienced, implants, artenberg",5
7782,comedian,M,19,comedian,0.996,0.9957,0.0002,"comedians, funny, funniest, amazing, orange",5
87017,journalist,F,4,journalist,0.8635,0.6395,0.224,"editor, copywriter, content, and, freelance",5
43715,attorney,F,2,attorney,0.9993,0.6756,0.3237,"california, state, member, bar, of",5
58782,comedian,M,19,comedian,0.9959,0.9889,0.007,"comedy, resonates, satire, the, intelligent",5
24866,nurse,F,5,nurse,0.9743,0.4654,0.5088,"private, the, hospital, taken, friends",5
59109,accountant,M,16,accountant,0.9979,0.3,0.6979,"accountants, accountants, chartered, of, chartered",5
37253,professor,F,0,professor,0.9997,0.9996,0.0001,"university, illinois, literature, palgrave, ph",5
92515,architect,M,10,architect,0.9982,0.9215,0.0767,"architectural, architectural, designed, firm, record",5
53310,professor,M,0,professor,0.995,0.0059,0.9891,"science, heads, simulation, center, is",5
57561,photographer,M,3,photographer,0.9829,0.9191,0.0638,"addition, commissioned, work, portrays, social",5
82790,attorney,F,2,attorney,0.9998,0.9998,0.0,"experience, ferrill, litigation, extensive, jd",5
7482,professor,F,0,professor,0.9994,0.9926,0.0067,"mit, curator, 1960s, from, fellow",5
12281,attorney,F,2,attorney,0.9997,0.9997,-0.0,"litigation, complex, focuses, represents, civil",5
51055,journalist,F,4,journalist,0.9977,0.9626,0.0351,"reporting, in, merger, has, english",5
86059,attorney,M,2,attorney,0.9997,0.9204,0.0793,"litigation, clients, damages, serves, investigations",5
45785,photographer,M,3,photographer,0.5065,0.4456,0.0609,"going, communities, project, focuses, on",5
57924,attorney,M,2,attorney,0.9997,0.9993,0.0004,"primarily, focuses, practice, disputes, clients",5
62994,professor,M,0,professor,0.9936,0.9982,-0.0046,"is, disorders, award, sinai, lymphoma",5
67749,physician,M,1,physician,0.9995,0.9985,0.001,"medical, electrophysiological, graduated, university, texas",5
18422,attorney,F,2,attorney,0.9988,0.9933,0.0055,"law, hobbies, clients, cynthia, problems",5
4673,journalist,M,4,journalist,0.9992,0.9988,0.0003,"reported, articles, writing, freelancer, on",5
39686,dentist,M,8,dentist,0.9933,0.8926,0.1007,"dr, patients, rating, vomero, choice",5
55857,nurse,M,5,nurse,0.2019,0.0496,0.1523,"ptsd, of, from, after, for",5
17084,attorney,M,2,attorney,0.9993,0.9781,0.0213,"transactional, initially, divided, litigation, work",5
37889,professor,F,0,professor,0.9977,0.9684,0.0293,"award, research, careers, shen, global",5
71400,journalist,F,4,journalist,0.9989,0.9965,0.0024,"weekly, jagiellonian, based, express, jihadist",5
41070,teacher,M,7,teacher,0.997,0.0029,0.994,"trainer, teachers, teachers, education, curriculum",5
81236,composer,M,17,composer,0.7776,0.2205,0.5571,"improvisation, audiences, compositions, bands, music",5
19356,teacher,F,7,teacher,0.9008,0.4689,0.4319,"classrooms, students, pate, teaching, grapple",5
15812,journalist,M,4,journalist,0.9035,0.6777,0.2258,"focusing, news, illuminates, ambitious, book",5
47910,professor,F,0,professor,0.9457,0.1873,0.7585,"comparative, law, research, intellectual, university",5
79540,professor,M,0,professor,0.9994,0.9953,0.0041,"focuses, lab, genetics, biology, the",5
83317,dentist,M,8,dentist,0.9919,0.8445,0.1474,"dental, endodontist, care, patients, family",5
69265,professor,F,0,professor,0.9992,0.9983,0.001,"teaches, studies, gender, tduncan, feminist",5
70434,professor,M,0,professor,0.9991,0.9961,0.0029,"university, faculty, joined, internships, teaches",5
94550,professor,F,0,professor,0.8477,0.1705,0.6773,"author, scatterplot, fetner, the, activism",5
82129,model,F,12,model,0.9991,0.9565,0.0426,"modeling, began, pictures, there, shoots",5
45088,professor,F,0,professor,0.9988,0.9767,0.0221,"research, online, unc, school, interests",5
89508,teacher,F,7,teacher,0.9977,0.3545,0.6432,"classroom, students, the, enjoys, kristina",5
26093,attorney,M,2,attorney,0.9822,0.9377,0.0445,"counsel, llp, davidson, washington, served",5
86974,psychologist,M,6,psychologist,0.9544,0.1684,0.786,"therapeutic, environment, coaching, certificates, two",5
78801,psychologist,F,6,psychologist,0.9869,0.7671,0.2197,"psychotherapy, trauma, approach, treating, works",5
48721,attorney,F,2,attorney,0.9994,0.9995,-0.0001,"clients, compliance, experience, clients, matters",5
95337,professor,M,0,professor,0.9919,0.0045,0.9874,"prior, as, has, mfa, arriving",5
14426,composer,M,17,composer,0.998,0.9964,0.0016,"composition, grammy, violin, composition, concerto",5
29014,poet,M,13,poet,0.829,0.013,0.816,"writer, poetry, freelance, english, of",5
54899,psychologist,M,6,psychologist,0.9987,0.9182,0.0805,"psychological, psychologists, psychology, spectrum, clinical",5
59387,model,F,12,model,0.9994,0.2058,0.7936,"freeones, guayaquil, freeones, born, gallery",5
5205,composer,F,17,composer,0.9905,0.0268,0.9638,"performed, compositions, compositions, recorded, concerts",5
91238,professor,F,0,professor,0.9996,0.9995,0.0001,"politics, university, 2014, press, ohio",5
58540,nurse,M,5,nurse,0.7708,0.8223,-0.0515,"john, graduated, 1993, cooperates, specialists",5
46231,nurse,M,5,nurse,0.9992,0.3903,0.6089,"nursing, degree, associate, from, in",5
26404,attorney,F,2,attorney,0.6282,0.881,-0.2528,"many, lawyer, from, toronto, senior",5
67573,nurse,F,5,nurse,0.8098,0.4318,0.378,"2010, graduated, honors, clinic, whitwell",5
40201,professor,M,0,professor,0.9172,0.9865,-0.0693,"swedish, conducts, 1994, research, worked",5
50966,dentist,M,8,dentist,0.9988,0.9956,0.0032,"dentistry, maxillofacial, dr, specialties, and",5
82737,nurse,F,5,nurse,0.9933,0.0029,0.9904,"nursing, science, of, sigma, team",5
59702,comedian,F,19,comedian,0.6577,0.6127,0.045,"animated, and, roles, voicing, cars",5
12758,journalist,M,4,journalist,0.9986,0.9958,0.0028,"editor, news, news, guardian, editor",5
73412,attorney,M,2,attorney,0.9995,0.8823,0.1173,"attorneys, firm, exam, law, summer",5
14734,professor,M,0,professor,0.392,0.1364,0.2555,"attempted, february, college, ivy, texas",5
21593,teacher,F,7,teacher,0.9751,0.2751,0.7,"montessori, teachers, sensorial, liked, education",5
73654,photographer,M,3,photographer,0.9982,0.9956,0.0026,"photography, still, portrait, commercial, photographs",5
3040,professor,M,0,professor,0.9993,0.9986,0.0007,"barness, focuses, research, published, latest",5
14990,professor,M,0,professor,0.9997,0.9995,0.0002,"university, press, reconstructing, nebraska, aguirre",5
50231,professor,M,0,professor,0.9993,0.9986,0.0007,"undergraduate, areas, dr, instruction, ethics",5
17483,professor,M,0,professor,0.9947,0.0002,0.9945,"capacity, dr, consultation, usc, provides",5
85630,professor,F,0,professor,0.9989,0.9851,0.0138,"received, research, interests, university, stratification",5
37689,dietitian,M,18,dietitian,0.5417,0.5872,-0.0456,"and, digital, and, about, internal",5
60107,poet,M,13,poet,0.918,0.1253,0.7926,"poetry, writing, will, combs, scapegoat",5
68047,attorney,M,2,attorney,0.8529,0.5851,0.2678,"appointed, practice, commissioners, if, clerk",5
81110,nurse,M,5,nurse,0.8439,0.3689,0.475,"2008, graduated, honors, experiences, having",5
74091,professor,M,0,professor,0.9692,0.9393,0.03,"doctor, veterinary, resident, medicine, 2000",5
35918,professor,M,0,professor,0.9986,0.9855,0.0131,"phd, dissertation, zeithistorische, received, prize",5
93030,professor,M,0,professor,0.9995,0.9988,0.0007,"university, university, florida, ethnographic, social",5
864,professor,F,0,professor,0.9886,0.0787,0.9099,"phd, epidemiology, interests, research, developing",5
35077,professor,M,0,professor,0.9995,0.982,0.0174,"prize, interests, stubbendieck, book, peoples",5
74373,model,F,12,model,0.9993,0.9392,0.0601,"freeones, freeones, born, was, gallery",5
69715,professor,M,0,professor,0.9856,0.4641,0.5215,"directed, grants, disease, has, 25",5
10642,accountant,M,16,accountant,0.997,0.6529,0.3441,"auditing, finance, knowledge, corporate, before",5
74063,physician,F,1,physician,0.9998,0.9966,0.0032,"medicine, practices, in, pa, specializes",5
1459,physician,M,1,physician,0.9998,0.9772,0.0226,"medicine, medical, specializes, practices, narcisse",5
17811,teacher,F,7,teacher,0.9969,0.1642,0.8327,"students, teachers, children, frustrated, migrant",5
40242,psychologist,M,6,psychologist,0.996,0.755,0.241,"dynamics, anger, approach, takes, traumatize",5
57302,professor,F,0,professor,0.9982,0.1537,0.8446,"is, scheid, psychiatry, students, certified",5
7707,nurse,F,5,nurse,0.7926,0.0681,0.7245,"graduated, 1995, honors, cooperates, patricia",5
90933,surgeon,M,9,surgeon,0.9961,0.0804,0.9157,"surgery, medical, surgery, surgeons, plastic",5
50361,psychologist,M,6,psychologist,0.4298,0.0578,0.372,"these, personal, comparable, approach, clarity",5
81786,painter,F,11,painter,0.7446,0.9435,-0.1989,"exhibitions, exhibitions, exhibited, 2016, and",5
24370,painter,M,11,painter,0.9751,0.8882,0.0869,"oil, paintings, belgian, canvas, are",5
90408,painter,M,11,painter,0.9928,0.8479,0.145,"painting, taught, alumnus, shown, chavez",5
49212,photographer,F,3,photographer,0.2635,0.2484,0.0152,"reads, phd, completed, is, uk",5
55566,attorney,F,2,attorney,0.7562,0.1272,0.629,"microbiology, technology, clients, consumer, at",5
24744,teacher,M,7,teacher,0.5229,0.7602,-0.2373,"golf, soccer, soccer, girls, jj",5
73269,teacher,M,7,teacher,0.9985,0.9522,0.0462,"teachers, teachers, classroom, briancurtinshs, workshops",5
10380,teacher,F,7,teacher,0.9967,0.971,0.0257,"teaching, principal, taught, olds, school",5
19688,journalist,M,4,journalist,0.998,0.9861,0.012,"publications, appeared, cnn, lives, work",5
20392,surgeon,M,9,surgeon,0.9168,0.0131,0.9037,"hospital, silicon, by, silicon, this",5
59969,journalist,M,4,journalist,0.49,0.2424,0.2476,"at, as, feinartz, at, 52",5
47561,painter,F,11,painter,0.964,0.0015,0.9625,"art, figurative, college, bfa, artistic",5
52066,attorney,M,2,attorney,0.9997,0.9996,0.0001,"courtroom, alex, litigation, firm, litigation",5
31828,professor,F,0,professor,0.9996,0.9991,0.0005,"cornell, university, global, 2017, phd",5
24002,physician,M,1,physician,0.8033,0.18,0.6232,"honors, medical, graduated, with, university",5
40216,attorney,M,2,attorney,0.999,0.9889,0.0101,"courtroom, resolves, arbitrator, disputes, application",5
49616,photographer,F,3,photographer,0.9948,0.9222,0.0726,"samanthafortenberryphotography, latest, series, and, baptized",5
65820,physician,M,1,physician,0.9997,0.6924,0.3073,"md, 1114026846, credentials, professional, of",5
68988,professor,F,0,professor,0.9997,0.9973,0.0024,"courses, ph, teaches, duquesne, information",5
82424,photographer,F,3,photographer,0.9196,0.011,0.9086,"photography, photography, about, for, serve",5
95395,attorney,F,2,attorney,0.1038,0.0802,0.0236,"is, strategy, consultant, student, had",5
45431,professor,M,0,professor,0.9994,0.9993,0.0001,"is, prospect, interests, affordances, research",5
56953,professor,F,0,professor,0.7346,0.0408,0.6937,"bonstewart, intersections, investigates, programming, educational",5
31513,professor,F,0,professor,0.9992,0.9982,0.001,"author, the, univerity, the, lead",5
17901,psychologist,F,6,psychologist,0.9811,0.9744,0.0067,"psychology, licensed, in, emotional, helped",5
54890,professor,F,0,professor,0.9904,0.7418,0.2486,"research, focuses, agroecosystems, program, environmental",5
17066,professor,F,0,professor,0.9964,0.9906,0.0058,"chemist, chemistry, lab, perspective, chemistry",5
65009,nurse,F,5,nurse,0.7822,0.8118,-0.0296,"science, hospital, maryland, the, attended",5
29506,teacher,F,7,teacher,0.9945,0.9869,0.0076,"lesson, teach, within, preparing, education",5
82437,nurse,F,5,nurse,0.9994,0.089,0.9105,"nursing, oncology, since, 2001, lisa",5
23830,professor,M,0,professor,0.9958,0.9797,0.0161,"25, years, faculty, has, the",5
42543,professor,M,0,professor,0.9984,0.8961,0.1023,"incorporates, chemistry, programs, to, in",5
46013,dentist,F,8,dentist,0.9741,0.9724,0.0017,"dental, dental, institute, dental, implants",5
78915,dentist,M,8,dentist,0.9929,0.9481,0.0448,"dental, practising, dr, care, ratnaraj",5
60842,physician,M,1,physician,0.8684,0.1237,0.7448,"hospital, hospital, affiliated, steven, horne",5
53065,attorney,M,2,attorney,0.9998,0.9997,0.0001,"matters, focuses, court, investigations, disputes",5
10290,poet,F,13,poet,0.3265,0.0636,0.2629,"devoting, achieved, has, symbolism, work",5
11528,photographer,F,3,photographer,0.9956,0.9979,-0.0024,"photography, experience, nature, photography, photos",5
52893,professor,F,0,professor,0.9998,0.9997,0.0001,"scholar, carney, reviewed, feminisms, carney",5
85243,professor,F,0,professor,0.9885,0.9884,0.0002,"publications, dr, school, schools, students",5
53654,attorney,M,2,attorney,0.9975,0.9937,0.0038,"bulger, suit, trial, mobsters, careers",5
68777,teacher,M,7,teacher,0.9912,0.9416,0.0497,"lecturer, education, teachers, education, education",5
89847,professor,F,0,professor,0.9908,0.9424,0.0484,"focuses, research, understanding, neuropsychology, neuropsychology",5
91005,software engineer,M,15,software engineer,0.9624,0.9095,0.0528,"source, open, software, projects, in",5
48497,dentist,M,8,dentist,0.9505,0.2064,0.7441,"bds, dental, jitesh, dr, hospital",5
20401,professor,M,0,professor,0.9998,0.9995,0.0002,"doctorate, development, university, international, publications",5
55783,psychologist,F,6,psychologist,0.8959,0.7738,0.1221,"testified, interrogating, properly, techniques, law",5
26982,nurse,F,5,nurse,0.9959,0.0513,0.9446,"nursing, nursing, professor, currently, nursing",5
14561,professor,M,0,professor,0.8548,0.5226,0.3322,"the, performances, articles, business, author",5
76071,professor,M,0,professor,0.9995,0.9844,0.0151,"research, focuses, on, narrative, the",5
22292,professor,F,0,professor,0.9923,0.1586,0.8338,"examines, research, impact, the, processes",5
87534,software engineer,M,15,software engineer,0.9718,0.7307,0.2411,"facebook, queries, yahoo, ph, prior",5
87841,professor,M,0,professor,0.8676,0.0055,0.8621,"rotman, mba, label, excellence, teaching",5
17263,professor,F,0,professor,0.9992,0.9771,0.0222,"phd, seismology, received, eth, in",5
74549,professor,M,0,professor,0.9997,0.999,0.0007,"research, focuses, paper, recent, university",5
74895,teacher,M,7,teacher,0.2969,0.1113,0.1856,"yun, town, white, beijing, has",5
29205,journalist,M,4,journalist,0.3913,0.2508,0.1405,"indian, books, three, forces, interest",5
2371,physician,F,1,physician,0.9331,0.8574,0.0757,"medicine, graduated, dr, residency, university",5
42684,photographer,M,3,photographer,0.9931,0.9564,0.0366,"has, olympus, pieces, locations, adobe",5
4212,professor,M,0,professor,0.9998,0.9997,0.0001,"primary, research, cover, ph, journals",5
58758,dentist,F,8,dentist,0.9982,0.0004,0.9978,"licence, dmd, professional, 1225445067, of",5
63624,professor,M,0,professor,0.9992,0.9847,0.0145,"phd, includes, phd, area, service",5
86794,filmmaker,F,14,filmmaker,0.5941,0.2446,0.3495,"films, short, number, festival, best",5
71446,professor,M,0,professor,0.9855,0.3766,0.6089,"expert, is, imaging, doseoptics, and",5
59152,physician,F,1,physician,0.9998,0.8864,0.1134,"practices, medicine, in, medical, flint",5
47905,attorney,M,2,attorney,0.9824,0.8599,0.1225,"obtained, molinaro, for, jury, meyers",5
40649,teacher,F,7,teacher,0.8776,0.0709,0.8067,"taught, schools, primary, self, schools",5
13922,dietitian,F,18,dietitian,0.998,0.0259,0.9721,"nutrition, having, experiences, 1997, years",5
48089,surgeon,F,9,surgeon,0.5191,0.2015,0.3175,"medical, starting, program, accomplishments, evans",5
17491,teacher,F,7,teacher,0.682,0.6993,-0.0173,"university, programme, writer, published, was",5
47421,professor,F,0,professor,0.9877,0.3497,0.638,"phd, fulbright, back, university, fellow",5
56896,professor,F,0,professor,0.907,0.0442,0.8629,"frequently, teaches, abroad, rwanda, and",5
22711,surgeon,M,9,surgeon,0.9038,0.0165,0.8873,"surgery, orthopaedic, graduated, surgery, sports",5
34105,dentist,F,8,dentist,0.9273,0.0733,0.8541,"dental, sangeeta, bds, clinic, dr",5
38376,professor,M,0,professor,0.9991,0.9984,0.0007,"articles, include, published, lexical, linguistics",5
19826,physician,F,1,physician,0.9625,0.9404,0.0221,"chiropractic, pregnancy, specializes, pediatric, in",5
42516,professor,F,0,professor,0.9994,0.9985,0.001,"finance, received, research, author, publish",5
7674,professor,M,0,professor,0.999,0.9274,0.0716,"uf, advances, research, simulation, barron",5
76486,photographer,M,3,photographer,0.9956,0.7775,0.2181,"work, streets, area, known, series",5
66021,professor,F,0,professor,0.8502,0.0171,0.8331,"lab, the, of, conducting, research",5
44460,photographer,F,3,photographer,0.9984,0.8179,0.1806,"photography, advertising, portrait, and, specializes",5
20173,photographer,M,3,photographer,0.3408,0.1852,0.1555,"havasupai, who, area, town, have",5
7836,teacher,F,7,teacher,0.7328,0.0528,0.68,"teachers, alcioneostorga, and, for, preparing",5
88173,attorney,M,2,attorney,0.9997,0.9997,0.0,"matters, litigation, probate, issues, law",5
86739,poet,M,13,poet,0.7081,0.0299,0.6783,"poetry, urdu, which, several, the",5
51004,nurse,F,5,nurse,0.3421,0.1921,0.15,"haiti, disenfranchised, york, to, they",5
91623,professor,F,0,professor,0.5232,0.2678,0.2555,"pharmacy, bs, auburn, information, emmie",5
55356,dentist,M,8,dentist,0.9912,0.9817,0.0096,"dental, dental, rudinilo, dentures, dentures",5
56236,photographer,M,3,photographer,0.9402,0.3122,0.628,"series, innovative, phmuseum, upon, old",5
6581,physician,M,1,physician,0.9481,0.9702,-0.0221,"school, florida, dr, medicine, of",5
50156,professor,M,0,professor,0.9995,0.997,0.0026,"students, autotuning, funding, directs, texas",5
90445,dietitian,F,18,dietitian,0.4693,0.2968,0.1726,"classes, meals, wine, company, widely",5
94275,physician,M,1,physician,0.9998,0.9389,0.0609,"medicine, otolaryngology, mooresville, nc, medical",5
78408,professor,F,0,professor,0.9991,0.9969,0.0022,"comparative, literature, the, philosophy, director",5
30526,teacher,M,7,teacher,0.9139,0.2538,0.6601,"teaching, awards, jing, what, working",5
90427,photographer,M,3,photographer,0.9664,0.0702,0.8962,"photography, images, artist, project, all",5
44681,professor,M,0,professor,0.9963,0.9833,0.013,"pedagogy, writing, wendy, well, is",5
92309,professor,M,0,professor,0.9772,0.7814,0.1958,"the, courses, instructed, past, the",5
56324,poet,F,13,poet,0.8077,0.6256,0.1821,"playing, works, with, narrators, thirty",5
3301,physician,F,1,physician,0.9998,0.9412,0.0586,"medicine, practices, medical, medicine, spartanburg",5
19025,professor,M,0,professor,0.9992,0.9985,0.0006,"dissertation, ph, tech, received, texas",5
26346,professor,M,0,professor,0.9996,0.9984,0.0012,"ph, are, commodity, interests, polytechnique",5
54997,photographer,M,3,photographer,0.9982,0.906,0.0922,"shoots, does, sole, the, wedding",5
42389,attorney,F,2,attorney,0.9983,0.67,0.3283,"lawyers, association, immigrant, immigration, welcome",5
37278,model,F,12,model,0.9993,0.9377,0.0617,"models, runway, debut, faces, born",5
10792,professor,F,0,professor,0.9998,0.9998,0.0,"previously, edu, oceanographic, werc, specialist",5
32800,professor,M,0,professor,0.9949,0.0479,0.947,"addresses, scholarship, teachers, pedagogy, curriculum",5
61445,physician,F,1,physician,0.9998,0.9125,0.0873,"medicine, yucaipa, medicine, medical, practices",5
42048,attorney,M,2,attorney,0.9505,0.0617,0.8888,"llm, jd, notre, university, university",5
41708,model,F,12,model,0.2787,0.2091,0.0696,"mannequins, office, type, cute, actors",5
25913,attorney,M,2,attorney,0.9981,0.1507,0.8473,"legal, executes, formulates, balancing, business",5
45873,physician,M,1,physician,0.9995,0.1548,0.8447,"md, r71672, 1750510327, apo, dr",5
74281,psychologist,M,6,psychologist,0.881,0.523,0.358,"to, research, practitioners, led, trek",5
74877,teacher,M,7,teacher,0.7795,0.0876,0.6919,"is, to, alleghany, mc, school",5
23306,professor,F,0,professor,0.9821,0.0781,0.904,"ecologist, the, where, policy, economists",5
67021,software engineer,M,15,software engineer,0.8345,0.4865,0.3479,"windows, codemine, processes, engineering, working",5
60464,attorney,M,2,attorney,0.9989,0.9751,0.0238,"law, graduated, review, graduated, degrees",5
51426,physician,M,1,physician,0.965,0.0168,0.9482,"medical, texas, dr, college, shield",5
9035,professor,M,0,professor,0.9606,0.8379,0.1227,"received, univesity, computer, science, technical",5
55478,physician,M,1,physician,0.9768,0.6694,0.3074,"dr, indian, clinic, ivf, services",5
25968,nurse,M,5,nurse,0.8141,0.7967,0.0174,"warner, graduated, specialists, cooperates, medical",5
6932,professor,M,0,professor,0.9997,0.9994,0.0004,"phd, research, sociology, research, boston",5
20987,professor,F,0,professor,0.9937,0.6681,0.3256,"review, theory, press, book, 2016",5
54390,dentist,M,8,dentist,0.9896,0.9612,0.0284,"dr, patients, desai, choice, honors",5
88993,painter,M,11,painter,0.9953,0.9588,0.0366,"paint, artists, sketching, sculpting, awareness",5
27793,professor,F,0,professor,0.9982,0.9662,0.0319,"professors, michigan, also, named, award",5
41574,dentist,F,8,dentist,0.9671,0.9335,0.0336,"dental, bds, dental, gurunanak, research",5
55022,professor,F,0,professor,0.9994,0.9755,0.0239,"research, interests, include, holds, visualization",5
74088,model,F,12,model,0.9992,0.6407,0.3585,"modelling, job, brunette, ohio, more",5
86539,physician,M,1,physician,0.9341,0.9153,0.0188,"medicine, dr, studied, clinical, provider",5
28579,journalist,M,4,journalist,0.999,0.9868,0.0121,"reported, corporation, has, danish, radio",5
26091,professor,M,0,professor,0.9994,0.7162,0.2832,"focuses, journal, topics, research, interests",5
60862,professor,F,0,professor,0.999,0.9758,0.0232,"research, organizational, university, received, george",5
85552,teacher,F,7,teacher,0.9976,0.0527,0.9449,"honors, teaches, english, 11th, grade",5
53127,nurse,F,5,nurse,0.997,0.8375,0.1595,"bsn, nursing, nursing, nursing, graduated",5
20493,physician,F,1,physician,0.8234,0.7735,0.0499,"practice, years, 6589, phone, number",5
87474,attorney,F,2,attorney,0.4075,0.1306,0.277,"plays, com, 877, along, www",5
17828,professor,M,0,professor,0.9914,0.4139,0.5774,"specializes, evaluation, research, program, with",5
72464,attorney,M,2,attorney,0.9996,0.9993,0.0002,"counsel, transactional, owners, clients, estate",5
75043,nurse,F,5,nurse,0.9822,0.9228,0.0593,"medical, 2007, center, theresa, graduated",5
17005,photographer,F,3,photographer,0.9967,0.9981,-0.0014,"photography, photography, shoots, photography, wedding",5
52771,software engineer,F,15,software engineer,0.7287,0.5571,0.1716,"engineering, at, icccn15, master, computer",5
45576,professor,F,0,professor,0.9999,0.9998,0.0,"focuses, research, fellowship, research, research",5
55414,physician,M,1,physician,0.9965,0.9965,-0.0001,"medicine, interest, medicine, issues, baylor",5
10077,professor,F,0,professor,0.9993,0.9979,0.0014,"studies, doctoral, gershoff, also, longterm",5
94683,physician,M,1,physician,0.9725,0.0097,0.9629,"medicine, currently, professor, medicine, an",5
32125,professor,M,0,professor,0.9997,0.9993,0.0004,"nanotechnology, ph, investigator, publications, faculty",5
59771,photographer,M,3,photographer,0.5437,0.1068,0.4369,"camera, seattle, seattle, 4culture, seattle",5
71491,dietitian,F,18,dietitian,0.9977,0.9939,0.0039,"nutrition, nutrition, diet, diet, certificate",5
53634,professor,M,0,professor,0.9952,0.9911,0.0041,"history, perspectives, claremont, history, review",5
55169,photographer,F,3,photographer,0.9991,0.9753,0.0237,"photo, shoot, portraiture, and, wedding",5
26560,painter,M,11,painter,0.9135,0.0503,0.8632,"paintings, life, rising, has, crippling",5
12059,professor,F,0,professor,0.9575,0.0712,0.8863,"dr, is, honors, levy, received",5
46336,comedian,M,19,comedian,0.9969,0.9962,0.0007,"performing, perform, comedy, comedy, standup",5
42650,journalist,M,4,journalist,0.8152,0.3493,0.4659,"not, brought, was, ci, to",5
85433,professor,F,0,professor,0.9951,0.9952,-0.0001,"catharines, author, dialogism, literature, is",5
78446,photographer,M,3,photographer,0.9968,0.0298,0.967,"photography, photographic, photographs, wide, interpretations",5
65196,attorney,F,2,attorney,0.9996,0.9994,0.0002,"multimillion, settlements, jury, federal, verdicts",5
40720,nurse,F,5,nurse,0.9441,0.9163,0.0278,"1999, graduated, appointment, cooperates, llc",5
67546,teacher,F,7,teacher,0.5324,0.2393,0.293,"assistant, research, conversant, conversant, mask",5
91210,professor,M,0,professor,0.9781,0.0607,0.9174,"chemists, chemist, laboratory, laboratory, oil",5
74416,psychologist,F,6,psychologist,0.5749,0.309,0.2658,"psychologists, neuropsychology, neuropsychological, school, assessment",5
69366,architect,M,10,architect,0.998,0.3593,0.6387,"architecture, university, design, graduate, projects",5
68821,professor,M,0,professor,0.9998,0.9979,0.0019,"energy, environmental, developing, studies, regulation",5
11689,professor,F,0,professor,0.9509,0.5404,0.4105,"danceforms, ballet, choreography, authored, books",5
71219,painter,M,11,painter,0.9925,0.979,0.0135,"painting, painting, paintings, exhibited, american",5
94572,architect,M,10,architect,0.5388,0.5455,-0.0067,"learning, learning, developing, play, projects",5
88412,dietitian,F,18,dietitian,0.9961,0.0224,0.9737,"nutrition, nutrition, ohio, oncology, gi",5
21711,attorney,M,2,attorney,0.7101,0.0087,0.7014,"legal, online, ride, was, destroying",5
73550,professor,F,0,professor,0.9994,0.9967,0.0027,"focuses, global, early, research, economic",5
15447,attorney,M,2,attorney,0.9997,0.7156,0.2842,"practice, law, serves, addition, to",5
22029,psychologist,F,6,psychologist,0.6603,0.1388,0.5215,"psychologically, married, relationship, chandler, murdered",5
25040,journalist,M,4,journalist,0.6482,0.6123,0.0359,"book, exactly, wasn, reporter, harvey",5
74511,psychologist,M,6,psychologist,0.8291,0.2665,0.5626,"psychology, masters, pursuing, religion, psychology",5
54393,professor,M,0,professor,0.9992,0.9974,0.0018,"program, penn, doctorate, state, education",5
74851,physician,F,1,physician,0.9998,0.4224,0.5774,"medicine, endocrinology, practices, poceta, san",5
43933,physician,F,1,physician,0.6613,0.0417,0.6196,"dr, gupta, medical, health, maternity",5
63844,professor,M,0,professor,0.9998,0.9996,0.0002,"research, focus, journal, lel, interests",5
20289,model,F,12,model,0.9994,0.2149,0.7845,"freeones, born, 14781th, gallery, austin",5
40860,filmmaker,F,14,filmmaker,0.9973,0.9961,0.0012,"directed, imagen, award, films, has",5
61380,nurse,F,5,nurse,0.6006,0.2444,0.3562,"practice, blythe, julianne, julianne, registry",5
78146,dentist,M,8,dentist,0.9633,0.9472,0.0161,"dental, bds, dental, dental, teeth",5
19049,nurse,M,5,nurse,0.9977,0.4324,0.5654,"nurse, from, aide, graduated, tasks",5
42320,painter,F,11,painter,0.9963,0.0105,0.9858,"paints, wypych, wypych, technique, viewer",5
90687,attorney,F,2,attorney,0.9997,0.9972,0.0025,"arizona, licensed, law, legal, matters",5
12462,model,F,12,model,0.9994,0.4915,0.5079,"freeones, gallery, born, 604th, beach",5
57103,professor,F,0,professor,0.6724,0.2776,0.3947,"orangutan, philosophy, philosophy, university, the",5
19390,surgeon,F,9,surgeon,0.9989,0.9983,0.0006,"medicine, graduated, louisville, 2009, dr",5
21342,journalist,F,4,journalist,0.4665,0.2702,0.1962,"cafe, prestigious, world, fifa, like",5
85401,photographer,M,3,photographer,0.9976,0.2799,0.7177,"photos, photographs, surrealist, shots, series",5
86730,professor,M,0,professor,0.9992,0.9987,0.0005,"research, focuses, press, issues, lanzillotti",5
35260,photographer,M,3,photographer,0.9977,0.4092,0.5885,"photography, photographs, hoangnguyenphoto, started, defining",5
91229,physician,M,1,physician,0.9997,0.9996,0.0001,"alabama, 1225085608, professional, credentials, dr",5
29007,software engineer,M,15,software engineer,0.9563,0.9074,0.0489,"passionate, building, on, most, is",5
60447,attorney,F,2,attorney,0.9997,0.9993,0.0004,"attorneys, medicaid, disciplinary, law, practice",5
48315,professor,F,0,professor,0.9979,0.8527,0.1452,"examines, research, quarterly, quarterly, interests",5
35781,professor,M,0,professor,0.7143,0.0601,0.6542,"haematologist, investigator, the, the, haematological",5
28492,professor,F,0,professor,0.8119,0.2559,0.556,"addition, in, organizations, to, politique",5
76024,physician,M,1,physician,0.9702,0.9738,-0.0036,"graduated, rating, an, dr, school",5
44881,journalist,M,4,journalist,0.9807,0.9955,-0.0148,"shots, radio, bbc, valedictory, sketchwriter",5
82975,nurse,F,5,nurse,0.8479,0.7132,0.1346,"2013, 6994, appointment, graduated, medical",5
78727,accountant,F,16,accountant,0.9989,0.2792,0.7197,"accounting, instructor, starkville, company, office",5
94525,nurse,F,5,nurse,0.9936,0.0556,0.9381,"nursing, relationship, they, unprofessional, label",5
62663,dentist,M,8,dentist,0.9479,0.151,0.7969,"dental, dental, dental, bds, indian",5
11646,attorney,F,2,attorney,0.9997,0.9985,0.0012,"weinrib, law, school, law, maryland",5
26545,professor,F,0,professor,0.883,0.4847,0.3983,"education, foundation, academia, and, education",5
76100,professor,M,0,professor,0.9988,0.998,0.0008,"current, high, shakespearean, forthcoming, school",5
77060,professor,M,0,professor,0.999,0.9925,0.0065,"teaches, courses, leadership, journal, vermont",5
64659,professor,M,0,professor,0.9808,0.2921,0.6888,"research, and, diwakar, are, performance",5
39811,journalist,M,4,journalist,0.9988,0.9986,0.0001,"writer, paramilitaries, 1999, since, obfuscated",5
93129,nurse,F,5,nurse,0.7761,0.1486,0.6274,"practice, kristi, is, kristi, number",5
85523,professor,M,0,professor,0.9995,0.9882,0.0113,"consults, teaching, and, areas, dr",5
8271,accountant,M,16,accountant,0.9983,0.997,0.0013,"accounting, rob, prime, 2007, certified",5
83871,composer,M,17,composer,0.9745,0.4344,0.5401,"stravinsky, music, timbrally, fresh, thinks",5
70609,journalist,M,4,journalist,0.5872,0.2454,0.3418,"protests, describes, tortured, tradition, country",5
82045,journalist,F,4,journalist,0.9991,0.9967,0.0024,"journalism, writer, whirlwind, entertainment, editor",5
77864,professor,F,0,professor,0.9971,0.8555,0.1416,"research, phd, interests, speech, pathological",5
14842,physician,M,1,physician,0.9739,0.3642,0.6097,"attended, medicare, insurance, medical, honors",5
69703,painter,F,11,painter,0.9612,0.8523,0.1089,"paintings, ba, studio, at, of",5
55971,psychologist,F,6,psychologist,0.9925,0.9862,0.0062,"anxiety, fulfilling, collaborates, develop, help",5
31706,professor,M,0,professor,0.9998,0.999,0.0008,"interests, university, ph, research, include",5
2731,dietitian,F,18,dietitian,0.9302,0.0142,0.916,"digestive, wellness, cardiovascular, and, in",5
85516,professor,M,0,professor,0.9615,0.8716,0.0898,"phd, entitled, offenstadt, of, debats",5
10447,professor,M,0,professor,0.9954,0.9402,0.0552,"kronos, articles, journal, appeared, studies",5
42944,psychologist,M,6,psychologist,0.7562,0.2107,0.5455,"using, early, with, ipads, seniors",5
26378,professor,F,0,professor,0.9998,0.9996,0.0002,"previously, edu, dr, research, physical",5
57872,professor,F,0,professor,0.9996,0.9108,0.0888,"microbiology, environmental, bioprospecting, biofuels, anaerobic",5
77931,professor,F,0,professor,0.9947,0.9939,0.0009,"scied458, methods, education, science, bisc3",5
37397,architect,M,10,architect,0.9921,0.9659,0.0261,"concrete, projects, buildings, designer, sensibilities",5
15403,attorney,M,2,attorney,0.9927,0.8787,0.114,"partner, transactions, the, windhoek, diekmann",5
69114,teacher,F,7,teacher,0.9766,0.0093,0.9672,"classroom, education, secondary, director, valuable",5
63399,nurse,F,5,nurse,0.9926,0.0024,0.9902,"nursing, built, country, skills, where",5
12789,professor,M,0,professor,0.9875,0.9167,0.0707,"bogley, ed, calculus, course, basis",5
12844,accountant,M,16,accountant,0.7296,0.5537,0.1759,"completing, requirements, degree, skills, pages",5
13944,comedian,M,19,comedian,0.9962,0.5972,0.399,"comedy, stand, outside, dave, up",5
2514,professor,F,0,professor,0.9699,0.8926,0.0772,"visiting, began, labs, visiting, in",5
63619,physician,F,1,physician,0.9985,0.9954,0.0031,"interest, dr, dr, medicine, medicine",5
33192,physician,M,1,physician,0.9998,0.4613,0.5385,"practices, medicine, campbell, orthopaedic, in",5
87259,photographer,M,3,photographer,0.9983,0.9657,0.0326,"photography, photos, models, styles, with",5
11641,journalist,M,4,journalist,0.4576,0.1325,0.3252,"wikipedia, twitter, as, followers, twitter",5
84649,physician,M,1,physician,0.9993,0.9989,0.0004,"medicine, affiliations, dr, accepting, cataract",5
77255,accountant,M,16,accountant,0.999,0.9963,0.0026,"returns, accounting, experience, tax, firms",5
57256,journalist,F,4,journalist,0.8941,0.0776,0.8165,"graduate, 2015, the, leadership, communication",5
38988,attorney,M,2,attorney,0.9997,0.9997,0.0,"counsel, firm, worked, falldowns, personal",5
9964,professor,F,0,professor,0.9995,0.9992,0.0004,"forthcoming, university, press, current, book",5
81140,photographer,F,3,photographer,0.7279,0.2211,0.5068,"enigmatic, after, up, killed, boring",5
22301,physician,F,1,physician,0.9964,0.6538,0.3426,"physicians, medicine, practices, chinese, chinese",5
12931,attorney,F,2,attorney,0.7293,0.9878,-0.2585,"human, magazine, benefits, pension, of",5
90304,professor,M,0,professor,0.9989,0.9987,0.0002,"genomics, genomics, research, reviewed, investigator",5
22732,nurse,F,5,nurse,0.9795,0.965,0.0146,"1999, cooperates, graduated, and, 953",5
2164,professor,M,0,professor,0.9997,0.9882,0.0115,"100, publications, interests, research, wildlife",5
62876,professor,M,0,professor,0.9927,0.2697,0.723,"published, dickens, annual, dickens, studies",5
64373,photographer,F,3,photographer,0.9908,0.201,0.7898,"photography, taught, japanese, born, passion",5
62934,professor,F,0,professor,0.9995,0.9992,0.0004,"published, ferruccio, completing, book, focus",5
6069,professor,F,0,professor,0.9994,0.9978,0.0017,"bioethics, cognition, 2005, policy, kant",5
69674,comedian,M,19,comedian,0.9778,0.107,0.8708,"pranks, television, stunt, ontario, program",5
2131,poet,F,13,poet,0.9863,0.9716,0.0146,"poetry, mfa, journal, teaches, university",5
9568,surgeon,M,9,surgeon,0.9991,0.9986,0.0005,"medicine, surgery, surgical, graduated, dr",5
88252,professor,M,0,professor,0.5652,0.0321,0.5331,"phd, received, discussion, abc, from",5
92420,architect,M,10,architect,0.9964,0.877,0.1194,"architectural, architecture, lumpur, history, kuala",5
24167,professor,M,0,professor,0.9993,0.1909,0.8084,"chavez, chicana, ph, ucla, studies",5
64550,dentist,M,8,dentist,0.996,0.126,0.8699,"dr, has, years, old, practicing",5
90320,professor,M,0,professor,0.998,0.9962,0.0018,"doctoral, białystok, university, degree, 2013",5
78290,surgeon,M,9,surgeon,0.9985,0.9806,0.0179,"daniel, practices, dr, practices, oconnor",5
10249,attorney,F,2,attorney,0.9997,0.9993,0.0003,"disputes, tenant, real, landlord, property",5
61381,professor,F,0,professor,0.9584,0.2484,0.71,"that, told, investigators, the, departments",5
19307,surgeon,M,9,surgeon,0.9156,0.934,-0.0185,"studies, surgery, surgical, university, and",5
94496,painter,M,11,painter,0.9816,0.1438,0.8378,"paintings, paintings, exhibited, art, fine",5
76812,photographer,F,3,photographer,0.9984,0.2419,0.7565,"photography, photography, fotografie, multilingual, art",5
88145,professor,F,0,professor,0.9996,0.9964,0.0032,"faculty, research, focuses, university, received",5
48991,journalist,M,4,journalist,0.6792,0.0047,0.6745,"journalism, and, film, screened, tvnz",5
12526,surgeon,M,9,surgeon,0.8469,0.084,0.7629,"neurosurgeon, neurosurgery, dr, served, medical",5
30184,professor,M,0,professor,0.9991,0.9977,0.0013,"research, conducts, salathe, yale, geophysics",5
21782,professor,M,0,professor,0.9977,0.5855,0.4122,"currently, is, contemporary, adaptations, researching",5
35400,professor,F,0,professor,0.9998,0.9961,0.0036,"mohr, schroeder, kentucky, chair, dr",5
19671,surgeon,M,9,surgeon,0.7283,0.5638,0.1645,"company, the, owner, roomproduction, enemies",5
28839,professor,F,0,professor,0.9988,0.9967,0.0021,"teaches, completed, 2006, mcmaster, philosophy",5
58977,nurse,F,5,nurse,0.7314,0.3139,0.4175,"providers, patients, suffering, musculoskeletal, work",5
59046,professor,M,0,professor,0.9833,0.9187,0.0646,"abortion, author, at, university, earned",5
4615,professor,F,0,professor,0.9998,0.9992,0.0006,"teaches, courses, marketing, interests, undergraduate",5
13637,filmmaker,F,14,filmmaker,0.995,0.9953,-0.0003,"directed, shorts, films, has, film",5
54584,journalist,M,4,journalist,0.9945,0.9956,-0.0011,"reporting, international, prize, times, pulitzer",5
11015,nurse,F,5,nurse,0.6335,0.8354,-0.2019,"clinical, graduated, washington, bachelor, patients",5
22434,physician,M,1,physician,0.9732,0.8273,0.1459,"dr, vaccination, dermatology, pet, checkup",5
65733,professor,M,0,professor,0.9917,0.7971,0.1945,"engineering, received, phd, university, and",5
22767,attorney,F,2,attorney,0.9997,0.9996,0.0001,"experience, clients, legal, matters, advising",5
15059,professor,F,0,professor,0.9992,0.9987,0.0005,"chair, department, associate, for, serves",5
68356,professor,M,0,professor,0.9996,0.3898,0.6097,"author, research, book, entrepreneurship, innovation",5
36540,composer,M,17,composer,0.9974,0.9971,0.0002,"conservatory, hall, projects, orchestra, teaching",5
91822,professor,M,0,professor,0.9964,0.9712,0.0251,"previously, university, institute, institute, postdoctoral",5
13520,psychologist,M,6,psychologist,0.5389,0.5233,0.0157,"families, homeless, worked, evaluation, storytelling",5
93134,dentist,M,8,dentist,0.9957,0.799,0.1967,"dental, bds, hospital, patients, happy",5
72974,physician,F,1,physician,0.9997,0.8135,0.1862,"medicine, practices, menomonee, froedtert, in",5
13224,photographer,F,3,photographer,0.9969,0.7635,0.2334,"photography, chelsey, portraiture, professional, photography",5
75838,photographer,M,3,photographer,0.9985,0.9607,0.0378,"shot, portraits, numerous, magazines, celebrities",5
3774,surgeon,M,9,surgeon,0.998,0.3307,0.6673,"medical, surgery, francis, practice, specialize",5
79838,professor,M,0,professor,0.8022,0.3149,0.4874,"organisational, change, include, interests, effects",5
68822,physician,F,1,physician,0.9682,0.2534,0.7147,"physicians, medicine, honours, medicine, perioperative",5
35640,professor,M,0,professor,0.9958,0.8129,0.1829,"research, focuses, design, the, roadmap",5
92403,model,M,12,model,0.9983,0.9781,0.0202,"model, roles, famous, for, roles",5
27618,photographer,M,3,photographer,0.9988,0.9553,0.0434,"editorial, photo, on, assignments, pictures",5
5403,professor,M,0,professor,0.998,0.001,0.9969,"faculty, the, specializes, the, property",5
4860,journalist,M,4,journalist,0.4636,0.1051,0.3586,"student, press, ultimate, fighter, it",5
35927,professor,M,0,professor,0.9179,0.5634,0.3544,"career, is, devoted, that, maltreatment",5
95167,psychologist,M,6,psychologist,0.99,0.9745,0.0154,"psychopaths, psychopaths, extensively, psychopathy, finds",5
33833,physician,M,1,physician,0.9903,0.9857,0.0046,"university, medicine, wisconsin, school, pih",5
93556,professor,M,0,professor,0.999,0.9835,0.0155,"author, the, research, fulbright, focus",5
57404,attorney,F,2,attorney,0.9997,0.9995,0.0002,"career, legal, clients, devoted, nesselbush",5
25995,attorney,F,2,attorney,0.9968,0.4882,0.5086,"clients, rights, spanish, able, advocacy",5
83943,professor,F,0,professor,0.9194,0.5041,0.4153,"completed, social, criminal, 2001, phd",5
84790,attorney,F,2,attorney,0.9996,0.9996,0.0001,"law, law, practicing, florida, has",5
74528,attorney,M,2,attorney,0.9994,0.9994,-0.0001,"litigation, lawyers, lawyers, america, verdict",5
33996,psychologist,F,6,psychologist,0.9966,0.0025,0.9941,"professor, yale, psychology, associate, joint",5
62016,poet,M,13,poet,0.9934,0.9621,0.0313,"poem, whether, when, reggae, lyrics",5
28689,professor,F,0,professor,0.9998,0.9997,0.0,"phd, adult, education, dr, papers",5
95374,nurse,F,5,nurse,0.3833,0.2048,0.1785,"carina, miscarriage, accept, agency, assignment",5
61784,professor,F,0,professor,0.9991,0.9941,0.005,"teaches, courses, range, rhetoric, composition",5
15444,nurse,F,5,nurse,0.9991,0.8805,0.1186,"nursing, degree, diabetes, the, nursing",5
65633,painter,M,11,painter,0.6167,0.1886,0.4281,"mfa, artist, visiting, art, of",5
4764,physician,F,1,physician,0.9998,0.9193,0.0805,"medicine, practices, specializes, kansas, medicine",5
14918,journalist,M,4,journalist,0.7819,0.4893,0.2926,"immigration, deeply, to, issues, work",5
4172,journalist,F,4,journalist,0.9774,0.2241,0.7532,"kosovo, editors, has, covered, syria",5
2790,professor,F,0,professor,0.9983,0.4274,0.571,"concern, interests, research, projects, mainly",5
56247,professor,M,0,professor,0.9994,0.9485,0.0509,"doctoral, received, university, analyses, degree",5
23413,surgeon,M,9,surgeon,0.869,0.8294,0.0396,"cerebrovascular, surgery, neurosurgery, ucsf, techniques",5
48447,model,F,12,model,0.9992,0.1985,0.8007,"modeling, models, career, introduced, first",5
49646,physician,F,1,physician,0.9997,0.898,0.1017,"md, credentials, 1003013616, professional, carolina",5
80636,professor,F,0,professor,0.9927,0.2943,0.6983,"entering, academia, journalism, before, 20",5
24128,composer,M,17,composer,0.9976,0.1306,0.867,"scored, music, has, music, degree",5
28171,professor,F,0,professor,0.9991,0.9859,0.0132,"research, articles, advancement, interests, empowerment",5
66933,professor,F,0,professor,0.4734,0.0064,0.467,"has, been, research, out, on",5
74783,attorney,F,2,attorney,0.9993,0.0099,0.9894,"legal, representation, courts, issues, admitted",5
57020,nurse,F,5,nurse,0.8521,0.3949,0.4572,"1993, mask, graduated, specialists, beth",5
54800,attorney,M,2,attorney,0.9996,0.9619,0.0377,"law, superlawers, loyola, the, relations",5
38171,dentist,F,8,dentist,0.9849,0.9493,0.0356,"sujata, dr, dr, mumbai, associated",5
45824,photographer,F,3,photographer,0.9921,0.1476,0.8445,"photography, in, students, rockport, college",5
58662,psychologist,F,6,psychologist,0.523,0.2128,0.3103,"began, 2001, refugees, after, children",5
56683,professor,F,0,professor,0.9997,0.9661,0.0336,"edu, publications, research, interests, incentivize",5
64033,journalist,M,4,journalist,0.9984,0.995,0.0034,"worked, 2011, hungarian, editor, chief",5
26994,psychologist,F,6,psychologist,0.9892,0.9955,-0.0063,"counselor, coping, include, worked, traumas",5
15915,professor,F,0,professor,0.9692,0.8196,0.1496,"conducts, craniofacial, serves, drs, craniofacial",5
91593,professor,F,0,professor,0.9995,0.9993,0.0002,"published, book, recently, studies, examines",5
68571,physician,F,1,physician,0.9709,0.03,0.9409,"medical, solo, dr, nonprofit, addition",5
79788,nurse,F,5,nurse,0.8808,0.6743,0.2065,"family, maribeth, allen, specializing, mask",5
51415,architect,M,10,architect,0.9937,0.9935,0.0003,"architectural, design, design, interest, background",5
51280,professor,M,0,professor,0.9991,0.9787,0.0205,"joining, before, researcher, oxford, researcher",5
24881,professor,F,0,professor,0.9995,0.9991,0.0004,"theoretical, is, computer, weizmann, algorithms",5
33467,dentist,M,8,dentist,0.9927,0.4676,0.525,"dental, endodontics, bds, dr, patients",5
66467,physician,M,1,physician,0.9286,0.5739,0.3547,"medical, dr, medicine, honors, school",5
71724,professor,M,0,professor,0.9994,0.995,0.0044,"baylor, before, research, the, economics",5
22782,professor,M,0,professor,0.9997,0.9995,0.0002,"criminological, teaches, classes, smallridge, related",5
53423,dentist,M,8,dentist,0.9979,0.1108,0.8871,"dr, has, old, years, and",5
27711,photographer,M,3,photographer,0.9946,0.9946,-0.0001,"photography, photography, photography, los, angeles",5
59019,journalist,M,4,journalist,0.4265,0.0939,0.3327,"bush, gericault, commentary, piece, chip",5
70650,journalist,F,4,journalist,0.8958,0.336,0.5598,"kurdish, mainly, peace, focused, is",5
81855,professor,M,0,professor,0.9932,0.9906,0.0026,"lab, activities, of, journal, background",5
32976,surgeon,M,9,surgeon,0.8062,0.6351,0.1711,"neurosurgical, surgery, spine, spinal, treat",5
57583,journalist,M,4,journalist,0.987,0.0826,0.9044,"editor, newspaper, publisher, accra, ghana",5
66893,physician,M,1,physician,0.9962,0.994,0.0022,"medicine, national, 2003, years, cardiology",5
81089,physician,F,1,physician,0.9998,0.9016,0.0982,"medicine, hillsboro, practices, specializes, medicine",5
34967,professor,F,0,professor,0.9977,0.5704,0.4272,"served, 2009, burkman, doctorate, in",5
53138,journalist,M,4,journalist,0.4147,0.3882,0.0265,"philosophy, phd, ceo, posting, retail",5
80520,physician,F,1,physician,0.9998,0.9344,0.0654,"medicine, oklahoma, practices, in, immunology",5
44725,professor,F,0,professor,0.6775,0.6892,-0.0117,"sociometric, research, interested, psychology, has",5
1136,professor,M,0,professor,0.9983,0.9742,0.0241,"research, focuses, department, systems, hewlett",5
86471,professor,M,0,professor,0.9989,0.8229,0.176,"technologist, research, research, spaceflight, jet",5
92918,photographer,F,3,photographer,0.9632,0.061,0.9021,"photographing, been, traveling, sovereign, and",5
23422,software engineer,M,15,software engineer,0.9081,0.9254,-0.0173,"leader, incubator, ibm, experience, application",5
84801,composer,M,17,composer,0.9933,0.3928,0.6005,"music, articulates, arts, kandinsky, inspired",5
58105,physician,M,1,physician,0.7035,0.0245,0.679,"cardiologist, brady, staff, than, on",5
66721,painter,F,11,painter,0.9956,0.5165,0.4792,"painting, artists, vogue, received, the",5
60260,professor,F,0,professor,0.9986,0.9977,0.0008,"teaches, phonological, courses, phonological, research",5
6298,psychologist,M,6,psychologist,0.9942,0.9626,0.0316,"depression, about, effective, person, clearer",5
39899,filmmaker,F,14,filmmaker,0.997,0.8016,0.1954,"filmmaking, films, film, short, creating",5
5039,journalist,F,4,journalist,0.1296,0.1212,0.0084,"wild, life, are, despite, sane",5
79859,model,F,12,model,0.8824,0.247,0.6354,"designers, admitting, hands, cruel, better",5
45488,professor,M,0,professor,0.6795,0.2817,0.3978,"ph, com, university, awarded, american",5
40779,professor,F,0,professor,0.998,0.8685,0.1296,"aims, economics, awarding, research, scientific",5
43535,composer,M,17,composer,0.9896,0.6552,0.3344,"music, bulgarian, many, performances, productions",5
64464,nurse,F,5,nurse,0.9953,0.9845,0.0108,"nursing, uccs, el, graduated, specialty",5
76396,software engineer,F,15,software engineer,0.9629,0.5127,0.4502,"analysis, team, database, tools, development",5
67435,professor,M,0,professor,0.9983,0.9966,0.0017,"author, the, essays, rheinprovinz, entzauberte",5
10467,professor,F,0,professor,0.8448,0.4087,0.4361,"focuses, reported, epidemiological, development, health",5
4239,teacher,M,7,teacher,0.9811,0.977,0.0041,"from, grade, course, math, reader",5
16304,attorney,F,2,attorney,0.9992,0.9989,0.0003,"law, nonprofit, corporations, general, focuses",5
18769,professor,F,0,professor,0.5791,0.0038,0.5752,"concussion, program, the, multidisciplinary, at",5
63117,physician,F,1,physician,0.9989,0.9567,0.0422,"medicine, biopsychosocial, family, medicine, certified",5
30885,surgeon,M,9,surgeon,0.9552,0.2575,0.6978,"surgery, general, board, certifications, surgery",5
19751,professor,F,0,professor,0.9983,0.9913,0.007,"scholar, interests, data, grants, are",5
94584,filmmaker,M,14,filmmaker,0.9951,0.8663,0.1287,"film, film, describing, festival, new",5
27721,professor,M,0,professor,0.9995,0.9907,0.0088,"focuses, research, influence, are, electronic",5
55862,professor,F,0,professor,0.9874,0.8192,0.1682,"meertens, studies, gender, dr, unhcr",5
37468,professor,M,0,professor,0.9991,0.9132,0.0859,"cognitive, concerns, philosophy, research, epistemology",5
82798,professor,F,0,professor,0.9997,0.9996,0.0001,"studies, currently, southeast, mcgill, ph",5
3623,attorney,M,2,attorney,0.955,0.0022,0.9528,"after, startups, startup, web, law",5
89814,professor,F,0,professor,0.9992,0.3359,0.6633,"interests, research, research, industrial, lie",5
13824,teacher,F,7,teacher,0.973,0.2956,0.6774,"homework, students, hobbies, at, supervision",5
9391,journalist,F,4,journalist,0.9686,0.7714,0.1972,"industry, social, found, love, zalikkas",5
16087,professor,M,0,professor,0.6922,0.5605,0.1317,"eye, scientific, journals, author, relationship",5
79514,professor,F,0,professor,0.9997,0.9994,0.0002,"examines, research, canadian, phd, investigator",5
3831,physician,M,1,physician,0.9811,0.986,-0.0049,"ophthalmology, epo, of, virginia, honors",5
51714,physician,F,1,physician,0.2171,0.1666,0.0505,"medical, refuses, morgan, demands, magic",5
60965,professor,M,0,professor,0.9943,0.3537,0.6406,"anatomic, fellowship, pathology, mgp, and",5
46029,photographer,F,3,photographer,0.9968,0.1089,0.8879,"photography, art, fine, of, bachelor",5
32338,software engineer,M,15,software engineer,0.9314,0.0715,0.8599,"code, skills, the, spent, honing",5
47170,nurse,F,5,nurse,0.7427,0.4454,0.2973,"graduated, 2007, number, 804, honors",5
70021,professor,M,0,professor,0.9872,0.432,0.5552,"research, main, are, analysis, interests",5
75330,professor,M,0,professor,0.9996,0.9931,0.0065,"research, interests, include, current, award",5
5581,painter,M,11,painter,0.9484,0.0014,0.947,"painting, painting, work, award, in",5
62528,professor,F,0,professor,0.8905,0.095,0.7955,"neurodevelopment, students, genetics, began, fellowship",5
3380,professor,M,0,professor,0.8976,0.1395,0.7581,"interests, research, categorisation, psychology, methods",5
57264,attorney,M,2,attorney,0.9996,0.841,0.1587,"represented, has, versed, global, companies",5
38775,attorney,F,2,attorney,0.9995,0.9971,0.0024,"cases, racketeer, criminal, defense, handles",5
79048,professor,F,0,professor,0.9962,0.9882,0.0079,"interests, research, independence, literature, review",5
20028,journalist,F,4,journalist,0.9952,0.4444,0.5508,"freelancers, works, african, publications, with",5
11985,physician,F,1,physician,0.8189,0.6396,0.1793,"practice, 1609152065, location, 54915, lira",5
48283,poet,F,13,poet,0.9909,0.5619,0.4291,"poetry, poetry, poetry, the, color",5
95315,professor,F,0,professor,0.9998,0.9996,0.0001,"courses, undergraduate, teaches, scholar, plants",5
68934,software engineer,M,15,software engineer,0.9055,0.8864,0.0191,"technology, working, heuristics, distributed, optimized",5
67649,professor,M,0,professor,0.9993,0.9993,0.0,"phd, teaching, economics, received, journals",5
62575,attorney,M,2,attorney,0.9985,0.1346,0.8638,"articles, authored, law, been, employment",5
71744,professor,F,0,professor,0.9928,0.9141,0.0788,"social, anthropology, between, linkages, on",5
26922,physician,F,1,physician,0.9812,0.9732,0.008,"medicine, clinical, professional, anthem, medical",5
67032,composer,M,17,composer,0.9971,0.7179,0.2792,"choreographers, music, music, for, providing",5
81542,professor,M,0,professor,0.9995,0.9993,0.0002,"received, teaching, 1989, illustration, appointment",5
87321,photographer,F,3,photographer,0.9981,0.9979,0.0002,"photography, photography, professional, photographers, bachelor",5
82736,physician,M,1,physician,0.9249,0.8044,0.1205,"practice, buhl, 1215902978, buhl, 56377",5
41193,professor,F,0,professor,0.5631,0.1005,0.4626,"creativity, thinking, chair, teaches, and",5
30361,architect,M,10,architect,0.9961,0.1388,0.8573,"architecture, firms, poulson, director, modern",5
48659,photographer,M,3,photographer,0.9985,0.995,0.0036,"shoots, capture, documentary, to, goal",5
68589,photographer,M,3,photographer,0.9957,0.9937,0.002,"photographing, photography, photography, journalism, photography",5
74271,professor,M,0,professor,0.9989,0.1945,0.8044,"research, interests, is, on, include",5
18241,dietitian,F,18,dietitian,0.9909,0.0087,0.9822,"nutritional, and, science, helped, nutrition",5
40210,professor,F,0,professor,0.9995,0.9988,0.0007,"endeavors, geriatrics, campus, focus, educational",5
57244,photographer,F,3,photographer,0.5072,0.6767,-0.1695,"wagschal, to, moved, career, early",5
92019,teacher,M,7,teacher,0.9431,0.2144,0.7287,"school, coaching, at, academy, finished",5
25340,software engineer,M,15,software engineer,0.9874,0.9878,-0.0005,"php, hobbies, javascript, blogging, bachelor",5
6379,photographer,F,3,photographer,0.9802,0.3444,0.6357,"photography, photography, work, photography, arts",5
66181,psychologist,F,6,psychologist,0.9954,0.9934,0.002,"depression, relationships, skills, families, stress",5
81388,professor,M,0,professor,0.7806,0.0977,0.6829,"recognized, expert, an, health, with",5
89321,psychologist,F,6,psychologist,0.9967,0.9619,0.0349,"psychology, psychiatry, lecturer, from, literacy",5
88197,architect,M,10,architect,0.9968,0.1966,0.8002,"architecture, borderland, design, architecture, and",5
46791,dentist,M,8,dentist,0.9964,0.3973,0.5992,"dental, dr, bds, hospital, appointment",5
14423,professor,M,0,professor,0.8535,0.018,0.8356,"doctoral, graduated, university, study, from",5
75570,accountant,M,16,accountant,0.9842,0.8326,0.1516,"working, staffing, recruit, resourcing, joined",5
91312,professor,F,0,professor,0.9996,0.9658,0.0338,"dr, college, the, duties, director",5
67570,dentist,F,8,dentist,0.9889,0.9855,0.0034,"dr, patient, placed, honors, huynh",5
61351,teacher,F,7,teacher,0.4355,0.1923,0.2431,"colleague, michelle, takes, excellence, the",5
38051,physician,F,1,physician,0.5796,0.5837,-0.0041,"practice, 1265648372, sherry, rose, 8590",5
53207,photographer,M,3,photographer,0.5086,0.0019,0.5066,"photo, or, food, diner, group",5
43190,journalist,M,4,journalist,0.9094,0.2072,0.7022,"journalists, journalism, editor, 2012, where",5
55934,model,F,12,model,0.9977,0.3692,0.6285,"pose, lingerie, fashion, lingerie, elle",5
62577,attorney,M,2,attorney,0.9977,0.7793,0.2184,"lobbyist, relations, label, corporations, representation",5
40194,physician,F,1,physician,0.5897,0.5409,0.0488,"practice, phone, 1407873086, location, conyers",5
66406,nurse,F,5,nurse,0.6668,0.3093,0.3575,"graduated, 2001, honors, aunan, jones",5
40125,professor,F,0,professor,0.9996,0.9974,0.0023,"teaches, actuarial, undergraduate, graduate, director",5
27486,painter,M,11,painter,0.9906,0.9353,0.0553,"painting, gallery, show, works, depaul",5
10119,professor,M,0,professor,0.9991,0.9978,0.0013,"has, work, advances, economists, international",5
12161,photographer,F,3,photographer,0.9985,0.6439,0.3545,"portraits, natural, atlanta, concentrates, showcase",5
36319,professor,M,0,professor,0.6813,0.2467,0.4346,"author, transformation, text, michael, is",5
32860,photographer,M,3,photographer,0.9985,0.7799,0.2186,"photographey, outdoor, shoots, is, in",5
5530,attorney,F,2,attorney,0.9996,0.9995,0.0001,"briefs, supreme, llc, cases, curiae",5
47371,journalist,F,4,journalist,0.9988,0.293,0.7057,"journalists, media, has, glasgow, years",5
95004,accountant,F,16,accountant,0.9912,0.0981,0.8931,"tax, practicing, expertise, corporations, consulting",5
69035,attorney,F,2,attorney,0.9997,0.9976,0.0021,"attorney, staff, electronic, previously, wendy",5
57334,surgeon,M,9,surgeon,0.8807,0.0108,0.8699,"director, surgery, the, dr, named",5
49219,professor,F,0,professor,0.9906,0.9976,-0.007,"currently, research, how, analyzed, focuses",5
74339,model,F,12,model,0.9994,0.467,0.5324,"freeones, gallery, born, evansville, was",5
57648,professor,M,0,professor,0.9784,0.9195,0.0589,"poetry, journals, pushcart, interdisciplinary, work",5
60417,professor,F,0,professor,0.999,0.9939,0.0051,"research, published, education, exploring, medieval",5
66922,professor,F,0,professor,0.9995,0.9983,0.0012,"pedagogical, specializes, phd, university, applied",5
81825,surgeon,M,9,surgeon,0.9988,0.9984,0.0004,"surgery, practices, dr, medical, specialties",5
69717,physician,M,1,physician,0.9984,0.9947,0.0037,"medicine, metabolism, environmental, medicine, carbohydrate",5
78780,software engineer,M,15,software engineer,0.8697,0.7838,0.0859,"has, the, personal, crayfishden, flex",5
7542,photographer,M,3,photographer,0.992,0.0012,0.9908,"photograph, photo, breathtakingly, images, first",5
87975,physician,M,1,physician,0.9594,0.6437,0.3156,"science, clinic, practices, dr, krishna",5
62624,software engineer,M,15,software engineer,0.9836,0.965,0.0186,"linux, architecture, linux, is, allows",5
82597,physician,F,1,physician,0.5115,0.5806,-0.0691,"practice, bahl, 1750319638, emergency, 4189",5
17292,physician,F,1,physician,0.6205,0.2425,0.378,"medical, attended, university, school, eyelid",5
49736,physician,F,1,physician,0.7238,0.8061,-0.0822,"specialists, 2013, honors, group, in",5
59842,psychologist,F,6,psychologist,0.9987,0.9786,0.0201,"clinical, therapists, includes, emdr, neurobiology",5
67818,attorney,M,2,attorney,0.9996,0.9996,0.0,"experience, california, farooqui, experience, intellectual",5
25803,professor,M,0,professor,0.9938,0.9894,0.0044,"for, with, senior, public, journals",5
31326,software engineer,M,15,software engineer,0.5398,0.4917,0.0481,"architecture, deployment, oriented, improving, focus",5
63957,professor,M,0,professor,0.9984,0.99,0.0084,"extensive, publications, innovations, space, inventory",5
28185,attorney,F,2,attorney,0.9997,0.9955,0.0042,"matters, been, represents, practicing, jennifer",5
33509,professor,M,0,professor,0.9684,0.7845,0.1839,"student, fellowship, emergency, resident, emergency",5
56678,professor,M,0,professor,0.9972,0.0236,0.9736,"phd, research, decentralized, ieee, include",5
14886,physician,M,1,physician,0.7183,0.2356,0.4827,"missionary, comprehensive, years, toronto, directing",5
23390,attorney,F,2,attorney,0.9998,0.7804,0.2194,"practice, represents, investors, matters, focuses",5
54914,psychologist,F,6,psychologist,0.6084,0.106,0.5025,"in, medical, practitioner, cooperates, 801",5
16794,professor,M,0,professor,0.9953,0.9568,0.0385,"research, worked, that, and, are",5
92564,nurse,M,5,nurse,0.5528,0.53,0.0228,"2007, specialists, graduated, medical, label",5
23442,professor,M,0,professor,0.3759,0.8351,-0.4592,"science, of, the, teaching, studied",5
56747,photographer,M,3,photographer,0.9984,0.4838,0.5145,"photography, portrait, street, viewer, frame",5
3813,teacher,M,7,teacher,0.9916,0.0655,0.9261,"schools, governor, district, state, improving",5
56920,model,F,12,model,0.9987,0.4463,0.5524,"playboy, appearance, playmate, best, issue",5
39768,attorney,M,2,attorney,0.9997,0.9991,0.0007,"probates, handles, also, wills, reckless",5
53126,attorney,M,2,attorney,0.9996,0.9994,0.0002,"practiced, mehring, has, law, transactions",5
19720,psychologist,F,6,psychologist,0.9624,0.6743,0.288,"psychology, from, in, doctorate, research",5
62153,attorney,F,2,attorney,0.5163,0.2164,0.2999,"family, child, book, fisk, university",5
2288,physician,M,1,physician,0.9998,0.8436,0.1562,"medicine, practices, medicine, specializes, medical",5
55771,filmmaker,M,14,filmmaker,0.7213,0.004,0.7172,"film, documentary, kenya, festivals, feature",5
44516,professor,F,0,professor,0.9992,0.998,0.0013,"conducts, research, carnegie, university, earned",5
47786,painter,M,11,painter,0.9961,0.7379,0.2582,"painting, exhibited, gallery, art, from",5
89197,professor,F,0,professor,0.9987,0.9504,0.0483,"information, reviewer, postdoctoral, of, phd",5
85648,filmmaker,M,14,filmmaker,0.9253,0.4343,0.491,"production, founded, films, screenwriter, has",5
81248,attorney,F,2,attorney,0.8075,0.7799,0.0275,"co, adults, parents, rights, education",5
13523,physician,F,1,physician,0.9996,0.9991,0.0005,"dr, a98283, 1255484069, apo, credentials",5
21322,dietitian,F,18,dietitian,0.9962,0.0281,0.968,"diet, make, helping, nutrition, people",5
22834,accountant,F,16,accountant,0.6991,0.252,0.4471,"businesses, small, been, business, over",5
42590,attorney,F,2,attorney,0.9995,0.2552,0.7443,"counsel, house, matters, experience, extensive",5
92863,photographer,M,3,photographer,0.9932,0.8815,0.1118,"photographies, one, aviary, serie, offers",5
54919,model,F,12,model,0.5683,0.1618,0.4065,"perfectionist, fitness, fit, in, label",5
28163,attorney,M,2,attorney,0.9963,0.9891,0.0072,"putney, employment, hirson, twombley, represents",5
1991,professor,F,0,professor,0.6428,0.3009,0.342,"medical, the, dr, the, americal",5
95384,dietitian,F,18,dietitian,0.9934,0.9875,0.006,"dietitians, metabolic, dietetistes, metabolic, diseases",5
48500,professor,F,0,professor,0.9989,0.9754,0.0235,"rhetoric, ph, university, university, earned",5
21188,professor,F,0,professor,0.9995,0.9931,0.0064,"focuses, research, century, literary, nineteenth",5
81882,professor,M,0,professor,0.9877,0.087,0.9007,"raised, phd, chengdu, was, aviation",5
85609,physician,F,1,physician,0.9645,0.5742,0.3902,"hospital, college, professionally, medical, school",5
70044,physician,M,1,physician,0.9927,0.9709,0.0218,"school, obtained, performed, medical, of",5
47220,psychologist,M,6,psychologist,0.9981,0.5181,0.48,"psychology, counseling, ph, carolinas, affiliated",5
11064,model,F,12,model,0.9981,0.7488,0.2493,"modeling, earned, pippen, housewives, nba",5
28093,teacher,F,7,teacher,0.9962,0.9878,0.0084,"students, teach, grade, students, robotics",5
94619,nurse,M,5,nurse,0.8388,0.6011,0.2377,"trauma, attached, adult, and, under",5
49414,professor,M,0,professor,0.9976,0.9807,0.0169,"faculty, chris, the, neurology, evms",5
81729,software engineer,M,15,software engineer,0.9271,0.7644,0.1627,"masters, received, degrees, 2015, engineering",5
22196,composer,F,17,composer,0.9955,0.9862,0.0092,"it, may, textures, also, sounds",5
88330,professor,F,0,professor,0.9991,0.7642,0.2349,"physical, focus, teaching, physical, kinesiotaping",5
24925,professor,M,0,professor,0.9702,0.1658,0.8044,"professors, all, university, stone, california",5
7891,model,F,12,model,0.985,0.5874,0.3975,"born, was, paloma, hania, sinclair",5
95305,professor,M,0,professor,0.9995,0.9981,0.0014,"university, previous, aims, alabama, years",5
1259,physician,F,1,physician,0.9997,0.9701,0.0297,"practices, medicine, medicine, in, specializes",5
94280,nurse,F,5,nurse,0.983,0.9122,0.0708,"with, bedside, works, career, where",5
48548,teacher,F,7,teacher,0.9501,0.6304,0.3197,"masters, educational, administration, bachelor, science",5
34256,professor,M,0,professor,0.8512,0.3031,0.5481,"various, examines, interested, work, seemingly",5
38595,physician,M,1,physician,0.9745,0.1165,0.858,"hospital, position, paediatrics, patients, allergy",5
58496,journalist,F,4,journalist,0.9661,0.5874,0.3787,"interviewed, directors, to, prestigious, independent",5
72718,photographer,F,3,photographer,0.9965,0.2956,0.7009,"photo, large, the, processed, often",5
74832,filmmaker,F,14,filmmaker,0.9841,0.2818,0.7023,"films, directed, experimental, has, film",5
84387,physician,M,1,physician,0.7007,0.475,0.2257,"2014, specialists, dr, college, and",5
26171,accountant,M,16,accountant,0.9982,0.9982,-0.0,"accounting, firms, international, experience, plc",5
22517,professor,M,0,professor,0.9985,0.9907,0.0078,"university, been, the, courses, sept",5
42732,accountant,M,16,accountant,0.9986,0.9969,0.0017,"financial, reporting, financial, control, reporting",5
54506,nurse,F,5,nurse,0.9981,0.7113,0.2868,"professional, crnp, credentials, practices, alabama",5
13402,attorney,M,2,attorney,0.9989,0.9992,-0.0003,"litigation, defense, criminal, hampden, practice",5
34277,professor,M,0,professor,0.9993,0.2923,0.7069,"doctorate, received, science, university, michigan",5
31629,professor,F,0,professor,0.9993,0.9893,0.01,"and, research, include, criminal, law",5
85805,dentist,M,8,dentist,0.957,0.9181,0.0389,"bds, dentistry, siroya, dental, dental",5
18759,model,F,12,model,0.9994,0.2896,0.7098,"freeones, born, ranked, gallery, links",5
86661,dentist,M,8,dentist,0.8247,0.0821,0.7427,"dental, dental, bds, madhukar, udupa",5
85575,professor,M,0,professor,0.9709,0.987,-0.0161,"author, 360, the, for, articles",5
18154,software engineer,M,15,software engineer,0.8326,0.8465,-0.0139,"software, ranges, from, of, virtualization",5
21831,physician,M,1,physician,0.9605,0.8896,0.0709,"medicine, at, medicine, studied, dr",5
80642,comedian,M,19,comedian,0.983,0.4393,0.5437,"comedy, seasonal, comedy, amrutham, is",5
95364,professor,M,0,professor,0.6288,0.56,0.0688,"graduated, hematology, oncology, harvard, controversy",5
16552,professor,M,0,professor,0.9987,0.9521,0.0467,"research, primary, statistical, include, interests",5
65562,professor,M,0,professor,0.9996,0.9984,0.0012,"microscopes, development, physiologically, oversees, research",5
10011,professor,M,0,professor,0.9974,0.9815,0.0159,"distributed, phd, include, interests, solving",5
12460,professor,F,0,professor,0.9998,0.9998,0.0001,"articles, violence, research, reviewed, fellow",5
29989,professor,F,0,professor,0.9979,0.9776,0.0203,"chinese, ph, has, an, studies",5
31044,attorney,M,2,attorney,0.998,0.9954,0.0026,"litigation, criminal, degrees, defense, degree",5
57,professor,M,0,professor,0.9997,0.9997,0.0001,"earned, ph, studies, published, sociology",5
22647,photographer,F,3,photographer,0.9947,0.2962,0.6985,"bucharest, lived, working, photographed, polish",5
72227,journalist,M,4,journalist,0.8764,0.2681,0.6083,"martial, mixed, arts, while, to",5
3875,photographer,F,3,photographer,0.997,0.0325,0.9645,"images, of, series, work, subject",5
85687,professor,M,0,professor,0.9865,0.2436,0.7429,"studies, has, since, publication, network",5
38032,software engineer,M,15,software engineer,0.9723,0.9734,-0.001,"device, development, career, code, drivers",5
6275,professor,M,0,professor,0.9993,0.9848,0.0145,"include, interests, models, bayesian, nonparametrics",5
45977,poet,F,13,poet,0.7573,0.899,-0.1416,"poetry, length, chapbook, collection, chapbooks",5
52150,attorney,F,2,attorney,0.3064,0.2853,0.0211,"federal, author, pieces, authority, vanderlip",5
15721,attorney,M,2,attorney,0.9992,0.5797,0.4195,"litigation, advice, matters, act, affordable",5
70849,professor,M,0,professor,0.9945,0.9207,0.0738,"research, dedicated, dr, psychotherapy, kanter",5
57060,physician,M,1,physician,0.9981,0.9907,0.0074,"gropper, medicine, graduated, dr, interests",5
21776,accountant,F,16,accountant,0.2981,0.192,0.106,"realizes, an, ning, of, is",5
77013,professor,F,0,professor,0.9987,0.9976,0.0012,"chemist, studied, environmental, how, interested",5
41393,surgeon,M,9,surgeon,0.9989,0.9986,0.0003,"practices, dr, at, currently, dr",5
21337,journalist,M,4,journalist,0.4302,0.1038,0.3264,"arts, history, philosophy, degree, bachelor",5
49352,poet,M,13,poet,0.2512,0.8887,-0.6375,"poems, camera, poem, and, poems",5
82517,attorney,F,2,attorney,0.9977,0.9992,-0.0015,"graduate, graduate, school, of, george",5
56691,professor,M,0,professor,0.9091,0.4535,0.4556,"phd, information, digitization, doc, in",5
41260,attorney,M,2,attorney,0.9998,0.9998,-0.0,"includes, law, clients, disputes, estate",5
12456,professor,F,0,professor,0.9711,0.8927,0.0784,"fellows, mentor, interests, director, research",5
13991,dentist,F,8,dentist,0.9978,0.8708,0.127,"dental, clinic, quatili, dr, smilz",5
85198,poet,F,13,poet,0.4394,0.0925,0.3469,"new, lustralia, poetry, contests, liriche",5
8310,photographer,F,3,photographer,0.9985,0.9544,0.0441,"photography, photography, digital, film, since",5
84202,photographer,M,3,photographer,0.9986,0.9975,0.0012,"digitalphotopro, americanphoto, to, applied, ability",5
74964,filmmaker,F,14,filmmaker,0.9897,0.9927,-0.003,"filmmaking, videotexts, year, career, festival",5
7156,attorney,M,2,attorney,0.9997,0.9997,0.0,"legal, chair, centers, law, related",5
82487,nurse,F,5,nurse,0.2832,0.0657,0.2175,"holistic, pharmaceutical, path, and, cures",5
32959,surgeon,M,9,surgeon,0.9851,0.9661,0.019,"surgical, techniques, simmons, with, experience",5
73404,physician,M,1,physician,0.5636,0.1184,0.4452,"doctors, treated, care, never, at",5
52160,nurse,F,5,nurse,0.5707,0.3267,0.244,"nurse, nurses, university, and, at",5
17632,physician,M,1,physician,0.3444,0.142,0.2024,"medical, advisory, of, gnc, pittsburgh",5
27723,attorney,M,2,attorney,0.9842,0.2079,0.7763,"advice, enterprises, legal, financial, the",5
36313,accountant,M,16,accountant,0.6727,0.7669,-0.0943,"the, paychex®, previously, officer, worked",5
13028,professor,M,0,professor,0.9973,0.9897,0.0076,"journals, is, odeigah, doing, research",5
90630,surgeon,F,9,surgeon,0.9874,0.9676,0.0198,"surgeries, sulochana, mds, surgeries, dr",5
83219,model,F,12,model,0.9983,0.9981,0.0002,"positions, boobs, eastern, weighs, advantage",5
79718,psychologist,F,6,psychologist,0.9865,0.9062,0.0803,"dr, harpine, clanton, research, is",5
46704,professor,M,0,professor,0.685,0.0192,0.6658,"research, focused, sinus, clinical, mainly",5
36275,physician,M,1,physician,0.6808,0.1927,0.488,"dr, mbbs, rajesh, diabetes, navi",5
61518,photographer,M,3,photographer,0.9914,0.0592,0.9322,"photography, and, timelessness, and, satie",5
82255,physician,M,1,physician,0.9442,0.844,0.1002,"boruszak, professionally, medicine, attended, university",5
22004,dentist,F,8,dentist,0.9869,0.0067,0.9802,"dental, busy, prue, practice, chiropractors",5
80,attorney,M,2,attorney,0.9997,0.7611,0.2385,"cases, litigates, 2015, protect, joined",5
83880,nurse,F,5,nurse,0.5067,0.2823,0.2245,"medicine, alabama, graduated, mask, number",5
35544,professor,M,0,professor,0.9709,0.5449,0.4259,"projects, have, funded, narragansett, research",5
59926,painter,F,11,painter,0.9781,0.6646,0.3134,"student, painting, the, fine, arts",5
70146,dentist,M,8,dentist,0.9981,0.4884,0.5096,"dr, has, practicing, 65, years",5
90382,filmmaker,M,14,filmmaker,0.9918,0.9771,0.0147,"documentary, projects, financed, diverse, to",5
87825,surgeon,M,9,surgeon,0.9948,0.7662,0.2286,"and, clinically, techniques, rely, patients",5
53422,professor,M,0,professor,0.9996,0.9996,0.0001,"research, before, issues, education, focus",5
46773,physician,M,1,physician,0.9998,0.9665,0.0333,"medicine, hostetter, practices, medicine, jennersville",5
26415,surgeon,M,9,surgeon,0.999,0.9985,0.0004,"medicine, graduated, dr, surgical, practices",5
66964,model,M,12,model,0.9989,0.9971,0.0018,"modelling, runway, glamour, fashion, 175cm",5
82512,professor,M,0,professor,0.9997,0.9991,0.0006,"faculty, western, the, prior, 2014",5
26369,nurse,F,5,nurse,0.9988,0.0285,0.9703,"nursing, hiv, care, board, health",5
36120,physician,F,1,physician,0.9976,0.8101,0.1875,"medical, degree, from, barbara, dr",5
63662,dietitian,F,18,dietitian,0.9982,0.0059,0.9923,"nutrition, medicine, nutrition, kansas, counseling",5
49814,teacher,F,7,teacher,0.9988,0.6127,0.3862,"taught, schools, language, ecoles, head",5
13724,professor,M,0,professor,0.3707,0.6383,-0.2677,"research, begun, register, devoted, lead",5
6748,professor,M,0,professor,0.9996,0.9715,0.0281,"the, prosthetics, university, focuses, robotics",5
55449,attorney,F,2,attorney,0.9995,0.999,0.0005,"legal, defense, law, caritas, occ",5
77069,professor,F,0,professor,0.9997,0.9987,0.001,"organizational, journal, journal, published, of",5
28170,attorney,M,2,attorney,0.9997,0.9997,0.0,"appeals, lemberg, court, counsel, court",5
26595,professor,F,0,professor,0.3703,0.1873,0.183,"journals, awards, various, medical, profession",5
44554,professor,F,0,professor,0.9997,0.9997,0.0,"chair, editor, nanotechnology, research, faculty",5
56806,attorney,M,2,attorney,0.9996,0.9991,0.0005,"law, university, bachelor, law, clients",5
28500,architect,M,10,architect,0.9974,0.9904,0.007,"architectural, full, design, technology, residential",5
43560,professor,M,0,professor,0.8414,0.2659,0.5755,"received, mathematics, fractals, theory, probability",5
13843,journalist,M,4,journalist,0.9737,0.981,-0.0073,"africani, rizzoli, are, salveranno, italy",5
73255,dentist,M,8,dentist,0.9929,0.8516,0.1413,"dentistry, dental, pediatric, teeth, dental",5
35919,physician,F,1,physician,0.9982,0.7576,0.2406,"medicine, practices, dr, with, ailments",5
77756,professor,M,0,professor,0.4317,0.4434,-0.0118,"the, at, diplomacy, for, diplomacy",5
27849,professor,M,0,professor,0.9997,0.783,0.2167,"research, studies, ongoing, economics, topics",5
40757,painter,M,11,painter,0.994,0.5073,0.4868,"painting, paintings, portraiture, studio, practice",5
6157,professor,F,0,professor,0.9995,0.9991,0.0003,"articles, monograph, examining, adoption, feminist",5
90642,professor,M,0,professor,0.999,0.0473,0.9517,"phd, obtained, business, dhbw, business",5
44473,psychologist,M,6,psychologist,0.4397,0.1776,0.2621,"madness, insight, madmen, prevent, madness",5
20250,photographer,F,3,photographer,0.9741,0.5432,0.4309,"stills, degree, fine, creating, art",5
95322,physician,M,1,physician,0.9873,0.0564,0.9309,"of, medicine, education, massachusetts, medical",5
71658,professor,F,0,professor,0.8275,0.0053,0.8221,"research, mask, emotional, on, the",5
23325,professor,M,0,professor,0.9997,0.9996,0.0001,"university, teaching, idaho, research, sociology",5
10176,physician,M,1,physician,0.9693,0.9762,-0.0069,"medicine, preventive, focuses, dr, college",5
44619,photographer,M,3,photographer,0.9974,0.1643,0.8331,"photographic, centre, northern, finnish, exhibition",5
31752,professor,F,0,professor,0.9963,0.98,0.0163,"research, focuses, interested, factors, dr",5
62242,professor,F,0,professor,0.8994,0.882,0.0174,"native, clinical, main, research, inhibitor",5
55410,poet,M,13,poet,0.7177,0.664,0.0538,"poetry, english, writing, writing, creative",5
35723,professor,M,0,professor,0.994,0.9863,0.0077,"doctor, age, holds, youngest, 28",5
28165,photographer,M,3,photographer,0.9722,0.0918,0.8805,"images, are, filipinos, which, captures",5
95258,professor,M,0,professor,0.9996,0.9994,0.0001,"huizenga, wayne, university, school, programs",5
94661,physician,M,1,physician,0.9994,0.9925,0.0069,"medicine, lieppman, medicare, graduate, ophthalmology",5
42943,professor,M,0,professor,0.9959,0.9824,0.0135,"examines, judgment, research, research, of",5
72940,painter,F,11,painter,0.3674,0.0502,0.3172,"the, art, house, curator, has",5
41816,physician,F,1,physician,0.9998,0.5661,0.4337,"practices, medicine, pocatello, medical, in",5
50274,journalist,M,4,journalist,0.4076,0.2168,0.1908,"leftdom, in, settled, has, prejudices",5
42660,professor,F,0,professor,0.9963,0.637,0.3593,"project, studies, history, for, 16",5
69340,journalist,M,4,journalist,0.8364,0.5449,0.2915,"waxpak, card, the, babe, took",5
89890,professor,M,0,professor,0.9996,0.9993,0.0002,"research, focuses, conflict, cooperation, international",5
50484,physician,F,1,physician,0.9997,0.8272,0.1725,"medicine, gynecology, hospital, specializes, md",5
18373,composer,M,17,composer,0.9976,0.9925,0.0051,"composition, violin, guitar, music, composers",5
66567,professor,M,0,professor,0.9997,0.9994,0.0003,"macroeconomics, ph, courses, teaches, microeconomics",5
25632,nurse,F,5,nurse,0.6947,0.1778,0.5169,"jill, graduated, honors, 2002, specialists",5
13729,professor,F,0,professor,0.9987,0.6602,0.3385,"ph, dr, bmu, prior, iit",5
12883,photographer,M,3,photographer,0.9369,0.3618,0.5751,"photographic, working, dance, panoramic, effects",5
16551,professor,M,0,professor,0.9968,0.9813,0.0155,"scientific, phd, career, researcher, liser",5
34061,painter,M,11,painter,0.9877,0.9659,0.0218,"painting, watercolours, paintings, paintings, impressionist",5
47475,professor,F,0,professor,0.9988,0.8255,0.1733,"theatre, mfa, education, colorado, bfa",5
23393,painter,M,11,painter,0.9957,0.6599,0.3359,"painted, figurative, paint, work, exhibitions",5
78137,photographer,F,3,photographer,0.998,0.3578,0.6402,"photography, degree, in, prague, ba",5
67230,teacher,F,7,teacher,0.9981,0.9863,0.0118,"academy, pomona, special, education, alternative",5
7467,professor,F,0,professor,0.9897,0.6578,0.3319,"iopapathanasiou, teaches, fundamental, courses, interest",5
19443,dentist,M,8,dentist,0.9979,0.9129,0.085,"dental, ahuja, clinic, shalimar, dr",5
69582,professor,F,0,professor,0.9997,0.9992,0.0005,"rachna, phd, in, degrees, economics",5
54653,nurse,F,5,nurse,0.9462,0.8479,0.0983,"1987, graduated, experiences, cooperates, hospital",5
46048,professor,M,0,professor,0.9963,0.0609,0.9354,"radiologic, science, teaches, programs, college",5
29071,professor,M,0,professor,0.9997,0.9992,0.0005,"ph, economics, mathematics, research, university",5
69868,professor,M,0,professor,0.9996,0.9996,0.0,"focuses, finance, macroeconomics, faculty, international",5
42356,professor,F,0,professor,0.9991,0.9982,0.0009,"phd, from, studies, performance, university",5
29006,photographer,F,3,photographer,0.9979,0.9304,0.0675,"pictures, habit, regular, taking, volunteers",5
6984,poet,M,13,poet,0.892,0.0825,0.8095,"poetry, good, poetry, composing, is",5
42592,attorney,F,2,attorney,0.9997,0.9987,0.001,"law, law, law, practice, law",5
18919,physician,F,1,physician,0.9675,0.8385,0.129,"medical, pediatrics, baylor, college, attended",5
92234,professor,M,0,professor,0.9997,0.9987,0.001,"journal, areas, include, applied, review",5
34481,professor,M,0,professor,0.9994,0.7287,0.2707,"research, current, phd, projects, received",5
4821,physician,F,1,physician,0.9998,0.8104,0.1895,"waxahachie, practices, medicine, specializes, medicine",5
91297,professor,M,0,professor,0.9995,0.5496,0.4499,"teaches, courses, in, decision, research",5
79721,software engineer,M,15,software engineer,0.9313,0.9017,0.0296,"build, web, development, management, experience",5
70538,physician,F,1,physician,0.9998,0.9646,0.0352,"practices, medicine, in, sacramento, specializes",5
53000,surgeon,M,9,surgeon,0.9958,0.1284,0.8674,"craniofacial, surgeons, surgery, surgeons, plastic",5
57530,attorney,F,2,attorney,0.997,0.064,0.9331,"law, boston, graduate, school, recent",5
164,professor,M,0,professor,0.9998,0.9997,0.0001,"focuses, university, postdoctoral, research, nanotechnology",5
63980,poet,M,13,poet,0.9651,0.9361,0.0291,"creative, poetry, at, studied, writing",5
45422,professor,M,0,professor,0.9997,0.9994,0.0003,"phd, superieure, research, 2005, obtaining",5
24481,professor,F,0,professor,0.9316,0.8223,0.1093,"emotional, interests, include, behavioral, and",5
74779,photographer,M,3,photographer,0.9859,0.9169,0.069,"photography, which, an, interest, for",5
2585,professor,F,0,professor,0.9486,0.6843,0.2643,"completed, information, related, has, journals",5
5609,photographer,M,3,photographer,0.9971,0.7736,0.2235,"photography, of, creative, leica, graduated",5
37614,professor,F,0,professor,0.9707,0.1121,0.8586,"dana, professor, social, huffpost, is",5
26875,professor,M,0,professor,0.9989,0.9737,0.0252,"geopolitical, interaction, research, interests, in",5
89608,professor,F,0,professor,0.9993,0.9984,0.0009,"at, is, edited, law, volumes",5
37642,surgeon,M,9,surgeon,0.9967,0.81,0.1866,"orthopaedics, surgery, orthopaedics, orthopaedic, professor",5
15017,photographer,F,3,photographer,0.9987,0.3851,0.6136,"photocommincations, shooting, professionally, has, in",5
53095,professor,M,0,professor,0.9985,0.4143,0.5841,"research, are, theory, entrepreneur, interests",5
12380,professor,F,0,professor,0.9831,0.2387,0.7443,"ontario, include, education, research, education",5
83515,physician,M,1,physician,0.9883,0.9637,0.0246,"medicine, medicine, affiliated, hernia, dr",5
23074,physician,F,1,physician,0.9994,0.999,0.0004,"medical, medical, school, cholesterol, spanish",5
56672,psychologist,M,6,psychologist,0.9981,0.9984,-0.0003,"psychologists, psychological, clinical, malaysian, behavior",5
3781,professor,M,0,professor,0.9973,0.9751,0.0222,"comparative, university, literature, ph, bachelor",5
19794,dentist,F,8,dentist,0.9632,0.9141,0.0491,"dental, bds, dental, dental, dental",5
88720,physician,M,1,physician,0.9998,0.7678,0.232,"medicine, practices, panama, medical, dermatology",5
66631,attorney,M,2,attorney,0.6463,0.5212,0.1251,"council, currently, is, director, organization",5
46622,attorney,F,2,attorney,0.9994,0.9995,-0.0001,"law, supreme, defense, new, partner",5
68666,professor,M,0,professor,0.6932,0.0079,0.6854,"has, career, assistant, instructor, an",5
31094,poet,F,13,poet,0.9027,0.0024,0.9003,"poetry, poetry, self, poetics, award",5
46957,model,F,12,model,0.4048,0.4304,-0.0256,"risqua©, avoided, painstakingly, moves, michaels",5
94188,painter,F,11,painter,0.9867,0.5743,0.4124,"painting, painting, bfa, art, expressionist",5
69997,professor,M,0,professor,0.9998,0.9997,0.0001,"journal, working, currently, public, book",5
89783,physician,M,1,physician,0.9175,0.3535,0.5641,"woodlands, conditions, serve, community, and",5
93670,teacher,F,7,teacher,0.9872,0.3102,0.677,"teachers, imposed, today, the, developmentally",5
60505,physician,M,1,physician,0.3014,0.2251,0.0763,"physicians, specialists, 2009, label, fairview",5
58910,physician,F,1,physician,0.9998,0.6766,0.3232,"medicine, specializes, medicine, practices, lemes",5
74352,photographer,M,3,photographer,0.9805,0.2871,0.6934,"attention, portraits, grabbed, travelled, finland",5
94925,model,F,12,model,0.9987,0.9203,0.0784,"runway, models, redondo, magazines, currently",5
71383,professor,M,0,professor,0.8549,0.6157,0.2392,"chair, programs, led, un, also",5
80993,attorney,M,2,attorney,0.9996,0.9996,-0.0,"juries, clients, successfully, damages, supreme",5
89679,psychologist,M,6,psychologist,0.9877,0.7257,0.2619,"psychological, cultivating, possibilities, individuals, physical",5
29769,photographer,F,3,photographer,0.9924,0.6946,0.2978,"photography, ma, in, communication, at",5
35120,physician,F,1,physician,0.9117,0.9091,0.0026,"louisiana, of, shreveport, accepts, university",5
60096,attorney,M,2,attorney,0.7752,0.2312,0.544,"stop, demanded, wilmington, rights, police",5
2914,teacher,F,7,teacher,0.9895,0.3074,0.6821,"student, class, life, goes, tiggular",5
7696,physician,M,1,physician,0.9637,0.2154,0.7484,"medicine, texas, university, graduated, of",5
51919,physician,M,1,physician,0.5154,0.015,0.5005,"health, parish, chairs, infirmarian, brotherhood",5
60927,professor,M,0,professor,0.9988,0.7392,0.2597,"doctoral, degree, management, studies, fellow",5
37455,photographer,M,3,photographer,0.9847,0.9441,0.0406,"taking, pictures, images, developer, opportunities",5
81165,physician,M,1,physician,0.9998,0.5532,0.4466,"medicine, practices, orange, medical, specializes",5
77874,photographer,M,3,photographer,0.9944,0.971,0.0234,"photographs, locations, other, lens, james",5
36396,accountant,M,16,accountant,0.9972,0.1016,0.8956,"accountancy, accounting, bachelors, and, science",5
77709,professor,M,0,professor,0.9577,0.0005,0.9573,"phd, the, operation, received, research",5
71458,photographer,F,3,photographer,0.7167,0.1895,0.5271,"show, tagwalk, houtte, fontanel, were",5
83209,physician,F,1,physician,0.9998,0.8634,0.1364,"medicine, practices, marcotte, gynecology, obstetrics",5
95325,journalist,M,4,journalist,0.998,0.9969,0.0011,"several, publications, for, written, international",5
42326,attorney,M,2,attorney,0.9998,0.9997,0.0,"litigation, kondrla, matters, practice, environmental",5
36977,professor,M,0,professor,0.9998,0.9899,0.01,"aerospace, research, expertise, engineering, phd",5
43157,poet,M,13,poet,0.2477,0.2143,0.0333,"many, more, modern, when, daring",5
32590,professor,M,0,professor,0.9975,0.8572,0.1402,"pharmacology, haycocks, hematopathology, baylor, pathology",5
67243,professor,M,0,professor,0.9837,0.082,0.9017,"studies, phd, teaching, students, is",5
95066,attorney,F,2,attorney,0.9995,0.9995,-0.0,"appellate, public, areas, advocacy, law",5
9225,photographer,F,3,photographer,0.6416,0.7322,-0.0906,"exhibited, has, exhibited, been, space",5
41884,physician,M,1,physician,0.9995,0.9972,0.0023,"sackler, problems, interests, pacemaker, carriers",5
11099,professor,F,0,professor,0.9988,0.8552,0.1435,"princeton, taught, has, author, and",5
24149,painter,M,11,painter,0.9904,0.4357,0.5547,"painting, vignoles, studied, in, paris",5
37303,teacher,M,7,teacher,0.7,0.0363,0.6637,"aramaic, circle, international, director, featured",5
64984,accountant,M,16,accountant,0.9977,0.1516,0.8461,"cfo, mrc, amr, controller, industry",5
40979,attorney,F,2,attorney,0.9983,0.9987,-0.0004,"law, school, real, ohio, transactions",5
76479,attorney,F,2,attorney,0.9968,0.4101,0.5866,"law, professionally, edwards, foundation, wade",5
93412,attorney,M,2,attorney,0.9994,0.9983,0.0011,"matters, law, relations, divorce, juvenile",5
21390,professor,M,0,professor,0.8989,0.4601,0.4388,"performed, focus, research, robotic, the",5
37381,professor,F,0,professor,0.4621,0.0615,0.4007,"student, professional, minorities, greatest, leadership",5
63763,attorney,M,2,attorney,0.9993,0.9955,0.0038,"marriage, work, combating, legal, transgender",5
34156,teacher,F,7,teacher,0.9513,0.4247,0.5266,"teaching, educators, prior, educators, graduate",5
65604,dentist,M,8,dentist,0.997,0.9304,0.0666,"dental, clinic, dr, pradip, dr",5
77368,professor,M,0,professor,0.9993,0.6703,0.3289,"holds, research, university, ecosystem, from",5
64905,model,F,12,model,0.9987,0.9948,0.0039,"modeling, sentai, for, sailor, seventeen",5
81521,professor,M,0,professor,0.997,0.9923,0.0047,"economics, mainly, public, work, focuses",5
73816,surgeon,M,9,surgeon,0.6243,0.4372,0.1871,"implants, dr, medicine, vaginal, feliz",5
73620,professor,M,0,professor,0.9993,0.9994,-0.0001,"lectured, information, in, informatics, 80",5
65883,photographer,F,3,photographer,0.8329,0.5797,0.2533,"with, residency, workshops, 12, photography",5
5187,physician,F,1,physician,0.8513,0.1033,0.7481,"medical, medical, director, director, planet",5
79683,professor,M,0,professor,0.8801,0.7296,0.1505,"interests, tendinopathies, internal, residency, rehabilitation",5
8480,journalist,M,4,journalist,0.319,0.0233,0.2957,"wants, cynical, divorce, unapologetic, longer",5
49065,nurse,F,5,nurse,0.6198,0.2327,0.3871,"medical, teena, professionals, described, association",5
28068,journalist,F,4,journalist,0.9409,0.7391,0.2018,"tufts, majoring, in, is, at",5
58117,professor,F,0,professor,0.9977,0.9897,0.008,"criminology, researcher, research, affiliated, researcher",5
95153,physician,M,1,physician,0.9997,0.9996,0.0,"meds7087, alaska, 1376766154, dr, fairbanks",5
49846,accountant,M,16,accountant,0.9984,0.3994,0.599,"accounting, tax, taxation, bachelor, pricewaterhousecoopers",5
54789,model,F,12,model,0.9971,0.9294,0.0677,"acting, fashion, graduate, younger, to",5
7173,professor,F,0,professor,0.9921,0.9619,0.0302,"courses, review, program, alliance, undergraduate",5
7984,attorney,M,2,attorney,0.9997,0.9997,-0.0,"litigation, clients, clients, has, courts",5
52999,dietitian,F,18,dietitian,0.5741,0.0717,0.5024,"nutrition, based, diabetes, health, using",5
71249,professor,M,0,professor,0.9977,0.995,0.0027,"1995, university, received, ghana, inquiry",5
53249,photographer,F,3,photographer,0.9892,0.137,0.8522,"photographs, worked, competitions, label, work",5
14858,surgeon,M,9,surgeon,0.9964,0.9966,-0.0002,"surgery, surgeons, surgery, cardiothoracic, specialization",5
50260,dentist,M,8,dentist,0.9158,0.8221,0.0937,"dental, clinic, dental, abhijith, kumar",5
42634,photographer,M,3,photographer,0.9899,0.9717,0.0182,"camera, photography, lens, passion, anything",5
66259,professor,M,0,professor,0.9998,0.9997,0.0001,"neuromuscular, ph, research, edu, the",5
59391,surgeon,M,9,surgeon,0.9989,0.9984,0.0004,"kimbrell, surgery, dr, kimbrell, certified",5
45155,physician,M,1,physician,0.8902,0.1713,0.7188,"medicine, dr, mexico, programs, since",5
53990,painter,F,11,painter,0.9851,0.0085,0.9766,"paintings, nihonga, style, scenes, one",5
80526,software engineer,M,15,software engineer,0.9897,0.9847,0.005,"instantiations, software, engineering, experience, working",5
64571,attorney,F,2,attorney,0.9704,0.0009,0.9695,"law, school, to, sophomore, times",5
89357,journalist,F,4,journalist,0.9988,0.2177,0.7811,"starting, sky, canberra, first, news",5
36910,professor,F,0,professor,0.9971,0.0083,0.9888,"doctorate, public, certified, with, bachelor",5
78230,journalist,F,4,journalist,0.9943,0.9928,0.0015,"experience, journalism, years, politicspolitics, culturecrosswordsudokusportstitanspredatorsutvanderbiltmtsucollegeshigh",5
4487,dentist,M,8,dentist,0.9967,0.6981,0.2986,"dental, practising, dr, clinic, thukral",5
74474,psychologist,F,6,psychologist,0.9983,0.9592,0.039,"psychology, into, forensic, working, prison",5
17846,dentist,M,8,dentist,0.9213,0.8846,0.0368,"dental, dental, rahul, dental, tooth",5
10556,photographer,M,3,photographer,0.9983,0.9894,0.0089,"photography, photography, pictures, career, sexton",5
79155,professor,M,0,professor,0.8911,0.913,-0.0219,"varambally, peer, board, research, journals",5
77488,attorney,M,2,attorney,0.9997,0.9988,0.0009,"litigation, injury, main, workplace, licensure",5
84467,teacher,M,7,teacher,0.745,0.8156,-0.0706,"subjects, philosophy, llb, rounded, alok",5
79232,professor,M,0,professor,0.9981,0.9757,0.0224,"extensive, has, canada, planning, canadian",5
3744,surgeon,M,9,surgeon,0.7843,0.7493,0.035,"arthroplasty, surgery, division, joint, orthopaedic",5
22449,professor,M,0,professor,0.9994,0.9991,0.0003,"econometrics, research, yeditepe, economics, taught",5
6120,attorney,F,2,attorney,0.9995,0.8948,0.1047,"cases, defends, employers, discrimination, employers",5
40124,professor,F,0,professor,0.9957,0.1888,0.807,"focuses, research, students, evolution, mammals",5
87081,professor,M,0,professor,0.9998,0.9987,0.001,"understanding, focuses, wildlife, research, ph",5
45879,dentist,M,8,dentist,0.9968,0.0421,0.9546,"dentistry, dr, patients, ny, caredash",5
22685,painter,M,11,painter,0.9647,0.0118,0.9528,"gallery, gallery, gallery, gallery, gallery",5
70188,professor,F,0,professor,0.9993,0.9928,0.0065,"visualization, data, research, phd, students",5
46951,dentist,F,8,dentist,0.9712,0.9079,0.0634,"dentists, implantocogists, mds, bds, jain",5
57666,model,F,12,model,0.8153,0.0327,0.7826,"star, cheeriness, the, to, once",5
83645,photographer,M,3,photographer,0.9967,0.0291,0.9676,"photography, studied, rangpur, artists, works",5
12952,psychologist,F,6,psychologist,0.9971,0.9953,0.0018,"services, parenting, adolescents, southwest, preschoolers",5
6712,nurse,F,5,nurse,0.5344,0.1835,0.3509,"kathi, 2009, call, graduated, phone",5
28399,psychologist,F,6,psychologist,0.9604,0.0039,0.9566,"neuropsychological, doctors, specialists, clinical, susan",5
4761,filmmaker,M,14,filmmaker,0.9795,0.7255,0.2541,"scripts, film, film, production, bbc",5
64529,dentist,M,8,dentist,0.9968,0.8341,0.1628,"dental, patients, dr, multispeciality, appointment",5
83008,composer,M,17,composer,0.9952,0.0084,0.9868,"musical, compositions, is, illuminated, two",5
78626,professor,M,0,professor,0.9997,0.9997,0.0001,"research, ph, interests, lie, ieee",5
93657,professor,M,0,professor,0.9986,0.9982,0.0004,"cybersecurity, at, senior, for, scholar",5
48718,psychologist,F,6,psychologist,0.9974,0.9869,0.0104,"therapists, survivors, childhood, working, sexual",5
80265,attorney,M,2,attorney,0.7082,0.934,-0.2259,"health, institute, ethics, affiliated, public",5
76232,physician,F,1,physician,0.9876,0.9282,0.0594,"medicine, dr, medicare, provider, graduated",5
75806,architect,M,10,architect,0.6615,0.5661,0.0954,"author, of, division, the, ibm",5
39269,photographer,M,3,photographer,0.9991,0.9095,0.0896,"photographers, editorials, regularly, created, fashion",5
76216,painter,F,11,painter,0.9657,0.962,0.0037,"painting, painting, fine, made, illustrator",5
23263,teacher,M,7,teacher,0.9698,0.0145,0.9553,"teachers, teachers, 12, program, system",5
19118,professor,M,0,professor,0.999,0.7877,0.2113,"phd, interests, interactive, technologies, include",5
89848,attorney,F,2,attorney,0.9996,0.416,0.5835,"legal, law, law, firm, texas",5
52698,psychologist,F,6,psychologist,0.9952,0.8144,0.1808,"psycho, psychology, author, clinic, online",5
20421,professor,F,0,professor,0.9996,0.9955,0.0041,"research, beginning, prior, bilingualism, interests",5
82680,professor,M,0,professor,0.9163,0.5142,0.4021,"writings, clark, clarkfeusier, between, the",5
71272,professor,M,0,professor,0.9871,0.9912,-0.0041,"journals, authored, course, as, consultations",5
37931,photographer,F,3,photographer,0.7745,0.8592,-0.0846,"drawing, studied, fine, making, art",5
14258,teacher,F,7,teacher,0.9117,0.0015,0.9102,"students, moonlighting, people, erika, lesson",5
27075,painter,M,11,painter,0.9511,0.0151,0.936,"paintings, thrift, dullest, store, them",5
17055,photographer,M,3,photographer,0.9968,0.4578,0.5389,"photography, works, appear, lives, works",5
33809,physician,F,1,physician,0.9989,0.9162,0.0827,"medicine, affiliated, schwartz, menopause, medical",5
90235,journalist,F,4,journalist,0.574,0.7459,-0.1719,"transvestite, arts, com, wrestlers, work",5
16487,professor,M,0,professor,0.9934,0.057,0.9364,"dr, researcher, soliman, as, the",5
76633,nurse,F,5,nurse,0.9325,0.2485,0.684,"child, newsletters, health, the, of",5
19692,journalist,M,4,journalist,0.6376,0.3866,0.251,"games, loves, bars, video, when",5
91150,teacher,F,7,teacher,0.9842,0.0432,0.941,"taught, yoga, fabian, psychology, fabian",5
84983,teacher,F,7,teacher,0.9683,0.2201,0.7482,"during, partner, school, teaching, has",5
50241,physician,F,1,physician,0.9998,0.4808,0.519,"medicine, castaneda, practices, specializes, in",5
75946,professor,M,0,professor,0.9983,0.4781,0.5202,"phonology, phonetics, linguistics, expertise, projects",5
783,professor,M,0,professor,0.9996,0.9339,0.0657,"research, received, cslu, phd, probabilistic",5
62927,attorney,M,2,attorney,0.9993,0.9993,-0.0,"law, arkansas, william, tennessee, admitted",5
90892,comedian,M,19,comedian,0.9962,0.0299,0.9663,"comedy, comedy, awards, won, raw",5
58601,professor,M,0,professor,0.9994,0.9947,0.0047,"biostatistics, research, developing, interest, current",5
3790,attorney,M,2,attorney,0.9986,0.2499,0.7487,"llm, international, law, specializes, yoram",5
4233,professor,F,0,professor,0.9953,0.9727,0.0226,"several, of, published, nobel, russia",5
29434,professor,F,0,professor,0.9113,0.7706,0.1407,"conducts, research, designing, evaluating, focuses",5
42298,attorney,F,2,attorney,0.9989,0.9991,-0.0002,"experience, graduate, juris, earned, probate",5
49119,professor,F,0,professor,0.6928,0.0046,0.6881,"interests, are, research, social, interpersonal",5
85310,physician,F,1,physician,0.4368,0.3281,0.1088,"honors, 2013, somatra, simpson, groups",5
34688,physician,F,1,physician,0.9998,0.9979,0.0019,"medicine, practices, specializes, gynecology, roseville",5
40299,physician,F,1,physician,0.9907,0.9923,-0.0016,"medicine, dr, english, mercy, herrera",5
25837,professor,F,0,professor,0.912,0.4577,0.4543,"oncology, journals, editorial, interests, institute",5
44703,photographer,M,3,photographer,0.3075,0.148,0.1595,"quirky, on, interior, conversation, welcoming",5
56534,physician,M,1,physician,0.914,0.8835,0.0305,"dr, medical, doctors, university, medicine",5
89896,physician,F,1,physician,0.9998,0.9715,0.0283,"medicine, practices, lenyo, in, specializes",5
43777,attorney,M,2,attorney,0.9995,0.9991,0.0005,"law, electronicpaymentslaw, emerging, payments, jaffelaw",5
44566,teacher,M,7,teacher,0.6909,0.019,0.6718,"immense, teaches, development, lucy, clarity",5
61556,professor,M,0,professor,0.9814,0.9426,0.0388,"suicide, has, funded, articles, years",5
41558,accountant,F,16,accountant,0.999,0.9907,0.0083,"accounting, in, accounting, financial, startups",5
92577,nurse,F,5,nurse,0.9863,0.7327,0.2536,"knowing, worked, hospitals, of, julie",5
41013,photographer,M,3,photographer,0.9963,0.0258,0.9705,"photography, images, depicting, props, not",5
67299,photographer,M,3,photographer,0.6906,0.3925,0.298,"design, competitions, design, in, has",5
53168,attorney,M,2,attorney,0.9927,0.973,0.0197,"courts, addition, case, malpractice, company",5
87511,physician,F,1,physician,0.9533,0.9755,-0.0223,"of, california, graduated, and, university",5
44911,professor,F,0,professor,0.9984,0.9987,-0.0003,"pedagogy, popular, intersections, philosophical, research",5
31571,nurse,F,5,nurse,0.4572,0.3609,0.0964,"graduated, specialists, 1987, 3924, appointment",5
7453,comedian,M,19,comedian,0.9097,0.5988,0.3109,"april, season, fool, section, except",5
29251,journalist,F,4,journalist,0.9975,0.9079,0.0896,"journalism, reporting, times, team, news",5
27958,professor,F,0,professor,0.9746,0.7808,0.1938,"epidemiology, biostatistics, heterogeneity, from, analyze",5
6198,attorney,F,2,attorney,0.9995,0.9688,0.0306,"representing, clients, legal, families, cases",5
22015,professor,M,0,professor,0.9624,0.8644,0.098,"undergraduate, completed, hematology, oncology, with",5
71617,professor,M,0,professor,0.9993,0.9969,0.0024,"bioinformatics, focuses, lab, epigenetic, multiple",5
3136,professor,F,0,professor,0.6061,0.1002,0.5059,"received, regionally, 1998, chicago, college",5
23468,physician,M,1,physician,0.9157,0.459,0.4568,"medical, epo, medical, michigan, dr",5
14326,photographer,M,3,photographer,0.9973,0.0752,0.9221,"photographers, photo, steveboylephoto, currently, top",5
65840,nurse,M,5,nurse,0.9986,0.8041,0.1945,"nursing, years, experience, of, experience",5
28615,photographer,F,3,photographer,0.9806,0.7568,0.2239,"photojournalism, photographers, skyphoto, photojournalism, photography",5
29309,professor,F,0,professor,0.9996,0.9995,0.0001,"anthropology, political, ethnographic, courses, studies",5
72211,professor,F,0,professor,0.995,0.0232,0.9718,"neuropsychologist, faculty, scholar, dr, pediatric",5
55093,physician,F,1,physician,0.6914,0.3399,0.3515,"honors, graduated, bari, phone, with",5
78862,photographer,M,3,photographer,0.9969,0.9627,0.0343,"photographs, exhibitions, magazines, have, appeared",5
11504,professor,F,0,professor,0.5509,0.2744,0.2765,"proponent, believes, learning, passions, north",5
15761,professor,M,0,professor,0.9992,0.9938,0.0053,"econometrics, applied, journal, australian, journals",5
78708,physician,M,1,physician,0.6689,0.5945,0.0744,"graduate, gastrointestinal, mcp, expertise, cancer",5
23431,composer,M,17,composer,0.997,0.973,0.024,"electroacoustic, music, composition, and, works",5
41414,journalist,M,4,journalist,0.1995,0.1272,0.0723,"having, considers, liberating, make, mind",5
6856,photographer,F,3,photographer,0.8423,0.002,0.8402,"photo, produced, stories, several, also",5
29136,dentist,F,8,dentist,0.9985,0.9419,0.0566,"dentistry, maxillofacial, specialties, and, include",5
26818,attorney,F,2,attorney,0.8329,0.7315,0.1014,"legal, program, adviser, robin, permanent",5
72465,professor,F,0,professor,0.9982,0.9925,0.0057,"director, dermatology, dermatology, dermatology, dermatology",5
87037,dentist,M,8,dentist,0.9659,0.0207,0.9452,"dental, dr, and, university, university",5
84344,professor,F,0,professor,0.9978,0.9831,0.0146,"general, methodology, ethnography, education, discourse",5
89515,teacher,M,7,teacher,0.9353,0.0789,0.8564,"meditation, classes, school, classes, within",5
41751,architect,F,10,architect,0.6959,0.0048,0.6911,"information, symantec, usability, ranging, architecture",5
53572,professor,F,0,professor,0.8297,0.0086,0.8211,"university, strives, bridge, effects, family",5
54462,physician,F,1,physician,0.7134,0.5683,0.1451,"practice, estep, years, 1336290477, torry",5
19963,professor,F,0,professor,0.3056,0.0875,0.2182,"with, technology, ten, fabric, women",5
67083,professor,M,0,professor,0.9993,0.9988,0.0004,"holds, to, prior, to, coming",5
46299,professor,F,0,professor,0.9945,0.9648,0.0297,"biotechnology, intern, experience, bangalore, course",5
58434,professor,F,0,professor,0.9993,0.9945,0.0048,"scholar, ph, visiting, research, and",5
9004,attorney,F,2,attorney,0.9997,0.9983,0.0014,"transactional, matters, brendel, on, regulatory",5
89722,dietitian,F,18,dietitian,0.998,0.9875,0.0105,"dietitics, nutrition, nutrition, diet, diet",5
7208,poet,M,13,poet,0.9467,0.0944,0.8523,"poetry, and, to, magazine, editors",5
15906,photographer,F,3,photographer,0.9973,0.2258,0.7716,"photos, best, use, artists, in",5
81148,photographer,M,3,photographer,0.9956,0.0378,0.9578,"photography, exhibitions, there, career, worldwide",5
57251,professor,M,0,professor,0.603,0.4154,0.1876,"topics, like, more, software, mundane",5
6833,psychologist,F,6,psychologist,0.9906,0.9821,0.0084,"treatment, specializes, clinician, health, practice",5
64024,journalist,M,4,journalist,0.9722,0.538,0.4342,"writer, city, work, nominee, author",5
56889,nurse,M,5,nurse,0.466,0.2174,0.2487,"graduated, 1998, specialists, honors, doctors",5
32202,surgeon,M,9,surgeon,0.7053,0.3416,0.3637,"dr, surgery, physician, surgery, uniformed",5
61766,professor,F,0,professor,0.9995,0.9982,0.0013,"studies, mathras, role, cultural, teaching",5
85810,photographer,M,3,photographer,0.9931,0.1088,0.8843,"photography, photographs, photographs, varanasi, shanty",5
58694,physician,M,1,physician,0.9998,0.9811,0.0187,"medicine, san, practices, pediatrics, in",5
90889,attorney,F,2,attorney,0.9895,0.894,0.0955,"earned, legal, kentucky, intern, legal",5
52252,physician,M,1,physician,0.9189,0.8348,0.0841,"4337, center, 667, centered, personalized",5
70681,professor,M,0,professor,0.999,0.9995,-0.0005,"political, dr, behavior, iliev, attitudes",5
32000,professor,F,0,professor,0.9659,0.65,0.3159,"received, research, scholarly, psychology, interests",5
55747,painter,F,11,painter,0.9839,0.289,0.6949,"paintings, free, collections, showcased, mixed",5
71791,filmmaker,M,14,filmmaker,0.7464,0.1242,0.6223,"repurposes, props, museum, art, the",5
29589,attorney,F,2,attorney,0.9993,0.0046,0.9946,"law, transactions, representing, nonprofits, pllc",5
62787,professor,F,0,professor,0.9997,0.9983,0.0014,"research, university, fellow, holds, from",5
8575,psychologist,M,6,psychologist,0.6724,0.0715,0.6008,"faculty, member, psychology, since, to",5
28190,professor,F,0,professor,0.9995,0.9989,0.0007,"teaching, research, in, interests, focus",5
90290,physician,F,1,physician,0.9412,0.9621,-0.0209,"physicians, medicine, dr, medical, dr",5
67700,professor,F,0,professor,0.9594,0.5528,0.4066,"neonatal, practitioner, parker, has, funding",5
93357,filmmaker,M,14,filmmaker,0.9577,0.8656,0.0921,"films, festivals, films, urban, film",5
10416,journalist,M,4,journalist,0.6262,0.6233,0.0029,"to, abulfaz, elchibey, predecessor, peace",5
55877,model,F,12,model,0.9926,0.3458,0.6468,"followers, dating, instagram, 2015, rose",5
68114,physician,F,1,physician,0.9996,0.3728,0.6268,"md, professional, washington, md14414, dr",5
30770,physician,F,1,physician,0.9996,0.9993,0.0003,"alaska, dr, 1932170297, professional, credentials",5
35251,photographer,M,3,photographer,0.9978,0.998,-0.0003,"photography, a7rii, nikon, cameras, shoots",5
90743,poet,F,13,poet,0.9604,0.9644,-0.004,"poetry, poetry, poetry, collections, poetry",5
83698,journalist,M,4,journalist,0.9714,0.987,-0.0156,"strategy, media, president, pulitzer, for",5
19330,professor,M,0,professor,0.6102,0.1068,0.5034,"werts, phd, the, laude, universiteit",5
36656,dentist,F,8,dentist,0.6724,0.6222,0.0502,"patient, provider, network, rating, affiliated",5
88484,teacher,M,7,teacher,0.9979,0.5241,0.4738,"students, recipe, explained, each, love",5
8374,teacher,F,7,teacher,0.9955,0.6497,0.3458,"teachers, kindergarten, pedagogy, students, faculty",5
80564,professor,F,0,professor,0.9993,0.9888,0.0105,"in, interested, is, mathematics, quantum",5
30619,architect,M,10,architect,0.9984,0.7709,0.2275,"architecture, construction, completed, design, understanding",5
6770,physician,M,1,physician,0.8888,0.6825,0.2063,"medical, dr, school, attended, school",5
44620,professor,M,0,professor,0.9987,0.807,0.1917,"ph, university, materials, university, science",5
69417,professor,M,0,professor,0.9944,0.9705,0.0239,"completed, research, psychophysiological, current, include",5
84312,physician,F,1,physician,0.3479,0.5153,-0.1674,"1350, experiences, honors, jody, information",5
35604,painter,M,11,painter,0.9921,0.8573,0.1348,"seascapes, brush, environs, captures, evocative",5
21923,professor,M,0,professor,0.578,0.0708,0.5072,"mycobacterium, epidemiologist, 2005, louis, paratuberculosis",5
10631,dentist,M,8,dentist,0.9882,0.9581,0.0301,"dentistry, dental, dental, tools, services",5
71180,poet,F,13,poet,0.9932,0.6846,0.3086,"poems, poems, look, lyrical, cognizant",5
16426,physician,F,1,physician,0.9392,0.9052,0.034,"medicine, years, language, degree, of",5
58582,professor,F,0,professor,0.9419,0.8419,0.1,"endocrinology, gynecology, gynecologists, graduating, obstetricians",5
55426,physician,F,1,physician,0.6349,0.6256,0.0093,"practice, dr, 1346286887, holly, 6363",5
33363,architect,F,10,architect,0.9884,0.903,0.0854,"techniques, darlington, australian, home, passive",5
68107,professor,M,0,professor,0.9993,0.9874,0.0118,"research, current, rhetorical, education, theory",5
48894,professor,F,0,professor,0.9397,0.0169,0.9228,"scholars, students, pedagogical, it, visualizing",5
53018,physician,F,1,physician,0.7088,0.9908,-0.282,"graduated, ucla, of, 805, school",5
53616,teacher,F,7,teacher,0.9984,0.97,0.0284,"with, education, degree, special, ny",5
21619,physician,F,1,physician,0.9955,0.0101,0.9854,"medicine, professor, clinical, medical, degree",5
59328,professor,M,0,professor,0.9997,0.9996,0.0001,"research, editorial, geosciences, research, interests",5
13754,dentist,M,8,dentist,0.9867,0.6195,0.3671,"dr, patients, choice, rated, is",5
54052,photographer,M,3,photographer,0.9829,0.7303,0.2526,"photography, studied, passion, renewed, ahmedabad",5
9490,filmmaker,M,14,filmmaker,0.9956,0.9948,0.0008,"films, filmmaking, short, collective, experimental",5
50882,teacher,M,7,teacher,0.9976,0.1303,0.8672,"curriculum, school, mathcraft, core, mathcraftplc",5
19877,physician,F,1,physician,0.9998,0.855,0.1447,"medicine, plano, otolaryngology, practices, specializes",5
50605,journalist,F,4,journalist,0.9978,0.1599,0.8379,"news, publications, agency, articles, investigations",5
64584,nurse,F,5,nurse,0.9993,0.072,0.9273,"nursing, employed, of, linda, occupational",5
3338,nurse,F,5,nurse,0.9995,0.8966,0.1029,"midwife, doctors, experiences, 2008, having",5
40310,photographer,M,3,photographer,0.9924,0.246,0.7464,"photographers, photography, awards, cannes, com",5
51386,teacher,F,7,teacher,0.5381,0.0603,0.4778,"student, humor, program, the, theory",5
73295,painter,F,11,painter,0.9807,0.0525,0.9282,"paintings, poignant, oil, curiosities, hobart",5
72374,photographer,M,3,photographer,0.7974,0.0012,0.7962,"artist, being, of, grew, the",5
59743,architect,M,10,architect,0.4682,0.3125,0.1557,"developing, bookings, platform, as, management",5
75273,architect,M,10,architect,0.9952,0.1328,0.8623,"design, summer, crew, construction, started",5
90941,comedian,M,19,comedian,0.98,0.7526,0.2274,"starred, emmy, performed, has, venues",5
64996,attorney,M,2,attorney,0.9991,0.993,0.0061,"litigation, specializing, advocate, defense, civil",5
18885,professor,F,0,professor,0.9982,0.6031,0.3951,"scholar, teaching, pedagogy, president, research",5
46390,surgeon,M,9,surgeon,0.999,0.9988,0.0002,"surgery, dr, medicine, orthopaedic, practices",5
16030,physician,M,1,physician,0.9225,0.7775,0.1449,"medicine, hydronephrosis, disease, geffen, graduate",5
58517,professor,M,0,professor,0.9998,0.9997,0.0001,"online, published, career, communication, areas",5
90439,nurse,F,5,nurse,0.8556,0.8727,-0.0171,"abortions, who, the, secretly, work",5
4144,photographer,M,3,photographer,0.6557,0.0337,0.622,"showed, impressive, and, france, villa",5
31527,professor,F,0,professor,0.9996,0.9987,0.0009,"ph, research, pittsburgh, include, reflections",5
74370,psychologist,F,6,psychologist,0.9988,0.9985,0.0003,"psychology, treatments, emotional, depression, pediatric",5
25900,professor,M,0,professor,0.9997,0.9995,0.0001,"gakushuin, journal, research, interests, journal",5
21855,dentist,M,8,dentist,0.937,0.2993,0.6376,"dental, dental, bds, practices, hospital",5
4954,professor,M,0,professor,0.9981,0.4503,0.5478,"deals, research, with, algorithms, inria",5
88811,dentist,M,8,dentist,0.9968,0.8049,0.1919,"dentistry, dental, care, incorporates, general",5
54214,journalist,M,4,journalist,0.9814,0.6482,0.3332,"reported, book, conflicts, work, deregulation",5
30222,professor,M,0,professor,0.9904,0.1037,0.8867,"studies, impact, the, how, technologies",5
4878,architect,F,10,architect,0.54,0.1749,0.3651,"installations, has, filmmakers, brigitte, collaborated",5
93162,professor,M,0,professor,0.9997,0.9997,0.0,"scholarly, teaches, ph, courses, gizzi",5
15877,physician,M,1,physician,0.9954,0.9966,-0.0012,"graduated, focuses, wayne, at, of",5
55444,physician,F,1,physician,0.9998,0.9828,0.017,"medicine, medicine, brackbill, brackbill, practices",5
27462,photographer,F,3,photographer,0.4624,0.1405,0.3219,"studio, tour, schiesser, quite, as",5
39062,surgeon,M,9,surgeon,0.995,0.9958,-0.0007,"surgery, microsurgery, surgery, surgery, hospitals",5
1429,attorney,F,2,attorney,0.9994,0.9981,0.0014,"appeals, court, llp, mccullough, joining",5
36348,comedian,F,19,comedian,0.8417,0.1028,0.739,"mtv, adam, girl, debut, made",5
62632,professor,M,0,professor,0.771,0.3623,0.4087,"issueinterviewssyllabireadingsvideoarchiveartforumsubscribeadvertiseaboutcontact, commentcomments, has, work, permalinkadd",5
38544,nurse,F,5,nurse,0.9171,0.8276,0.0895,"cooperates, graduated, medical, 1995, having",5
79665,attorney,M,2,attorney,0.999,0.801,0.198,"litigation, justice, court, extremists, supreme",5
73120,attorney,M,2,attorney,0.9995,0.4242,0.5753,"counsel, legal, clients, represented, has",5
64975,surgeon,M,9,surgeon,0.9989,0.9986,0.0002,"haverbush, surgery, medical, dr, school",5
79461,professor,F,0,professor,0.9995,0.9992,0.0003,"dr, previously, martin, studies, public",5
24612,attorney,F,2,attorney,0.9771,0.9795,-0.0023,"defense, experience, carder, the, arbitrations",5
85939,psychologist,F,6,psychologist,0.9989,0.9991,-0.0002,"psychoanalytic, psychology, psychology, ma, social",5
33734,professor,F,0,professor,0.9993,0.9408,0.0585,"ph, university, political, science, university",5
89990,journalist,F,4,journalist,0.9987,0.9868,0.0119,"journalism, anchor, reporting, news, stories",5
5412,poet,F,13,poet,0.9868,0.8025,0.1843,"poetry, poetry, irish, insubstantial, british",5
43130,poet,F,13,poet,0.9863,0.8176,0.1687,"write, poetry, poems, poetry, not",5
82664,professor,F,0,professor,0.9292,0.0011,0.9281,"teaches, healthy, pharmacology, nurse, fnp",5
19498,journalist,F,4,journalist,0.9985,0.997,0.0015,"journalism, worked, arts, news, bachelor",5
84253,physician,M,1,physician,0.8479,0.3286,0.5192,"provider, network, epo, carriers, for",5
84686,surgeon,M,9,surgeon,0.2891,0.0341,0.255,"injury, john, label, practices, owner",5
20508,photographer,M,3,photographer,0.9965,0.9255,0.0709,"career, photography, photography, clients, photographs",5
47901,attorney,F,2,attorney,0.9997,0.9987,0.001,"represents, acupuncturists, law, ashley, providers",5
75755,software engineer,M,15,software engineer,0.9836,0.9862,-0.0026,"aix, linux, performance, plug, java",5
88358,psychologist,F,6,psychologist,0.9704,0.9508,0.0195,"empowerment, education, able, work, child",5
45443,attorney,F,2,attorney,0.9967,0.0406,0.9561,"jd, english, received, from, legal",5
7455,physician,F,1,physician,0.8875,0.7845,0.1029,"practice, years, 1427277730, dallas, 5733",5
3825,surgeon,M,9,surgeon,0.9989,0.3879,0.611,"surgery, dr, practice, practices, specializes",5
17237,filmmaker,M,14,filmmaker,0.6878,0.0,0.6878,"film, television, harvard, arts, from",5
70373,surgeon,M,9,surgeon,0.9883,0.9763,0.0119,"surgery, aneurysm, milan, surgery, achieved",5
25960,surgeon,F,9,surgeon,0.5962,0.8128,-0.2166,"surgery, clinical, medical, interests, tummy",5
74562,photographer,F,3,photographer,0.9885,0.6803,0.3083,"photos, maternity, sample, of, available",5
91273,professor,M,0,professor,0.9597,0.1868,0.7729,"palgrave, macmillanlanguage, author, studies, and",5
11998,surgeon,F,9,surgeon,0.8966,0.8939,0.0028,"surgery, surgery, cancer, gastrointestinal, endoscopy",5
86920,nurse,F,5,nurse,0.735,0.1719,0.5631,"diseases, stephanie, cause, stephanie, chronic",5
49883,poet,F,13,poet,0.6844,0.0293,0.6551,"poetry, english, forthcoming, review, in",5
83414,nurse,F,5,nurse,0.9191,0.1729,0.7462,"2007, 3674, katrina, mcalexander, 503",5
52180,architect,M,10,architect,0.9981,0.4601,0.5379,"design, architecture, building, and, awards",5
74890,journalist,M,4,journalist,0.9974,0.9897,0.0077,"editor, is, to, proremodeler, voices",5
71299,physician,F,1,physician,0.9829,0.5699,0.413,"medicine, rotation, clinic, creek, bachelor",5
8040,painter,F,11,painter,0.9485,0.8464,0.1021,"alive, galleries, with, and, has",5
65329,professor,F,0,professor,0.9907,0.9248,0.066,"professor, postdoctoral, assistant, dr, research",5
24428,attorney,M,2,attorney,0.9997,0.9996,0.0,"plaintiffs, clients, defendants, legal, practice",5
9155,photographer,M,3,photographer,0.9953,0.8674,0.1279,"photos, in, story, is, for",5
87433,attorney,M,2,attorney,0.983,0.1877,0.7952,"social, issues, jhall, disability, speaker",5
23283,photographer,M,3,photographer,0.9523,0.0217,0.9307,"photo, current, university, walrus, art",5
44398,professor,M,0,professor,0.7209,0.0986,0.6224,"american, author, cinema, 2014, the",5
64134,professor,M,0,professor,0.9996,0.9995,0.0001,"the, research, philosophy, include, theology",5
34768,physician,F,1,physician,0.6762,0.1257,0.5505,"label, industry, spent, medical, today",5
89700,psychologist,F,6,psychologist,0.9988,0.9359,0.063,"psychotherapy, psychology, tutoring, and, psychological",5
71790,model,F,12,model,0.8077,0.6264,0.1813,"mga, mahal, magulang, siya, nakakaligtaan",5
80529,attorney,M,2,attorney,0.8178,0.5821,0.2357,"republican, lost, race, 2014, endorsement",5
64808,accountant,M,16,accountant,0.9957,0.6402,0.3555,"accounting, public, for, financial, 40",5
84750,professor,F,0,professor,0.9994,0.9966,0.0028,"theatre, holds, directing, education, in",5
37775,nurse,M,5,nurse,0.8554,0.0399,0.8155,"nursing, emergency, current, experiences, medicine",5
80432,painter,F,11,painter,0.5236,0.0179,0.5057,"art, gallery, online, is, only",5
57875,professor,M,0,professor,0.9954,0.8969,0.0985,"empower, serves, emu, scholars, also",5
59739,teacher,M,7,teacher,0.9947,0.9927,0.002,"graduate, students, coordinator, taught, acting",5
57842,journalist,F,4,journalist,0.9981,0.9937,0.0044,"reporting, publications, guardian, contributed, pulitzer",5
58704,model,M,12,model,0.9691,0.8446,0.1245,"commercials, dancer, freestyle, television, 22",5
85426,dentist,M,8,dentist,0.9988,0.1827,0.8161,"dentistry, dr, specialties, general, radadia",5
19544,professor,M,0,professor,0.9947,0.5624,0.4322,"directs, unc, health, nationally, program",5
57092,physician,F,1,physician,0.9998,0.9659,0.0339,"medicine, endocrinology, specializes, in, practices",5
69577,physician,M,1,physician,0.6555,0.6536,0.0019,"medicine, blepharoplasty, affiliations, and, of",5
7186,psychologist,F,6,psychologist,0.3754,0.141,0.2344,"author, an, sheltering, consultant, the",5
11029,professor,M,0,professor,0.9989,0.9956,0.0033,"obtained, prize, researcher, hiroshima, phd",5
21034,physician,M,1,physician,0.5246,0.4146,0.1101,"hospital, children, certified, pediatrics, care",5
77061,attorney,F,2,attorney,0.9996,0.9994,0.0002,"convictions, uscis, immigration, created, appeals",5
37903,poet,F,13,poet,0.9857,0.9827,0.003,"poetry, bluebirds, poetics, on, press",5
12417,journalist,F,4,journalist,0.8476,0.4109,0.4367,"written, years, goucher, also, nash",5
83181,professor,M,0,professor,0.9974,0.0465,0.9509,"faculty, school, miller, of, also",5
83804,dentist,M,8,dentist,0.9862,0.9456,0.0406,"dentistry, dentistry, university, dental, implantologists",5
4283,poet,M,13,poet,0.3502,0.0529,0.2973,"writes, intellectual, the, populist, around",5
17772,professor,F,0,professor,0.7548,0.8651,-0.1103,"has, research, teaching, susan, an",5
18294,professor,F,0,professor,0.9989,0.9969,0.0021,"rhetoric, phd, specialization, pedagogy, university",5
12925,professor,F,0,professor,0.9984,0.9964,0.0021,"phd, university, monograph, studio, press",5
8954,physician,F,1,physician,0.5107,0.404,0.1067,"currently, candidate, dominican, science, dr",5
33958,teacher,M,7,teacher,0.663,0.1002,0.5628,"history, expectations, children, parental, the",5
92660,dentist,M,8,dentist,0.9958,0.0062,0.9896,"periodontal, clinical, include, with, affiliated",5
43009,dentist,F,8,dentist,0.9902,0.9594,0.0308,"dental, clinic, practices, kolhe, rohini",5
85745,photographer,F,3,photographer,0.9962,0.1189,0.8773,"photography, theme, common, charlie, say",5
74411,photographer,F,3,photographer,0.9977,0.0112,0.9865,"photography, photography, of, and, professor",5
18781,professor,M,0,professor,0.7361,0.8619,-0.1258,"is, 009492, registered, as, prof",5
10576,surgeon,M,9,surgeon,0.9592,0.8311,0.1281,"dr, completed, easley, ankle, fellowship",5
4465,professor,M,0,professor,0.9988,0.9982,0.0006,"publications, gutema, philosophy, monographs, ethiopia",5
7387,professor,M,0,professor,0.9313,0.1024,0.8288,"literary, editor, american, review, poetry",5
54536,accountant,F,16,accountant,0.9982,0.9911,0.0071,"accounting, cpas, cpas, cpas, in",5
70702,physician,M,1,physician,0.9582,0.2561,0.7021,"osteopathic, graduated, from, southeastern, dr",5
63040,filmmaker,M,14,filmmaker,0.6502,0.0072,0.6429,"cinematic, style, shoot, art, cast",5
45266,attorney,M,2,attorney,0.9998,0.9998,-0.0,"represented, clients, judges, matters, clients",5
24618,professor,M,0,professor,0.9997,0.999,0.0007,"interests, university, illinois, ponce, research",5
6346,professor,F,0,professor,0.6288,0.0022,0.6266,"also, physician, practicing, is, the",5
55176,professor,M,0,professor,0.9997,0.9996,0.0001,"teaches, practice, research, tucker, experience",5
38809,physician,F,1,physician,0.9998,0.8359,0.1639,"medicine, practices, in, las, speaks",5
63510,attorney,M,2,attorney,0.9979,0.9943,0.0035,"negotiating, development, cng, clients, development",5
75056,attorney,M,2,attorney,0.7748,0.5932,0.1816,"american, supervisors, in, medical, advocacy",5
87604,software engineer,M,15,software engineer,0.9744,0.4241,0.5503,"robocoin, engineering, before, worked, computer",5
87742,nurse,F,5,nurse,0.9994,0.7929,0.2065,"midwife, honors, medical, graduated, 1998",5
51719,software engineer,M,15,software engineer,0.4544,0.5471,-0.0927,"predictive, founder, application, company, based",5
4027,professor,M,0,professor,0.5348,0.2396,0.2951,"louis, physicians, chief, medical, of",5
47867,accountant,F,16,accountant,0.9862,0.6509,0.3353,"financial, hgg, the, label, working",5
84805,software engineer,M,15,software engineer,0.9328,0.7521,0.1807,"currently, development, systems, rsds, toolset",5
70566,professor,F,0,professor,0.9957,0.2169,0.7788,"interests, pedagogy, educational, research, experiential",5
58523,architect,M,10,architect,0.978,0.9941,-0.0161,"architecture, design, fields, make, as",5
29727,professor,M,0,professor,0.6688,0.0265,0.6422,"award, faculty, award, was, teacher",5
35329,nurse,F,5,nurse,0.4233,0.3216,0.1017,"domestic, and, the, violence, parents",5
8142,photographer,F,3,photographer,0.3594,0.0757,0.2837,"story, first, unique, also, grew",5
18531,physician,M,1,physician,0.9898,0.8355,0.1543,"dr, medicine, affiliated, daniels, minneapolis",5
37692,software engineer,M,15,software engineer,0.4828,0.0669,0.4158,"playstation, not, hockey, while, with",5
79440,professor,M,0,professor,0.9998,0.9998,0.0001,"sesquicentennial, research, focuses, university, cornell",5
72885,photographer,M,3,photographer,0.9983,0.9986,-0.0003,"photography, photography, photography, portraiture, clients",5
76890,physician,F,1,physician,0.9998,0.5616,0.4382,"medicine, practices, medicine, specializes, syracuse",5
80761,dentist,M,8,dentist,0.9978,0.6818,0.316,"dr, has, practicing, old, years",5
22050,physician,F,1,physician,0.9959,0.9782,0.0177,"medicine, deshmukh, vidyapeeth, at, bharati",5
86903,composer,M,17,composer,0.9957,0.8795,0.1162,"exquisite, music, music, music, projects",5
70026,physician,M,1,physician,0.9684,0.9782,-0.0098,"epo, florida, miami, university, onocology",5
975,photographer,F,3,photographer,0.9777,0.7317,0.2459,"photography, has, passion, video, degree",5
73753,attorney,F,2,attorney,0.9993,0.2377,0.7615,"received, law, juris, certificate, civil",5
80862,nurse,F,5,nurse,0.6113,0.6735,-0.0622,"medicine, graduated, honors, call, 4098",5
89316,professor,M,0,professor,0.9995,0.9992,0.0003,"research, currently, ph, lived, interests",5
39376,attorney,M,2,attorney,0.9997,0.9997,0.0,"firm, foreclosure, litigation, law, graduate",5
29410,model,F,12,model,0.5808,0.0587,0.5221,"fans, beauty, of, many, has",5
25578,journalist,F,4,journalist,0.9426,0.694,0.2486,"previously, canada´s, generation, wrote, jenniferhros",5
40753,professor,F,0,professor,0.3679,0.0635,0.3044,"researcher, award, has, 33, years",5
39188,journalist,M,4,journalist,0.9708,0.1593,0.8115,"biased, omar, be, somali, truth",5
49387,physician,F,1,physician,0.9998,0.8597,0.1401,"medicine, practices, mcadams, medicine, mcadams",5
25694,professor,M,0,professor,0.9989,0.9961,0.0028,"epistemology, interests, epistemology, published, of",5
43496,composer,M,17,composer,0.927,0.841,0.086,"technology, college, royal, in, specialised",5
84531,photographer,M,3,photographer,0.9952,0.017,0.9783,"photographic, includes, coverage, icon, charlotte",5
6587,professor,M,0,professor,0.9996,0.999,0.0006,"research, interests, data, analytics, papers",5
39640,professor,F,0,professor,0.7888,0.2562,0.5326,"explores, research, the, angeles, is",5
14955,physician,M,1,physician,0.9933,0.9865,0.0069,"affiliations, honors, hospital, medicine, hospital",5
39496,filmmaker,M,14,filmmaker,0.9743,0.9154,0.0589,"documentary, speciesism, visual, drone, shows",5
37520,professor,M,0,professor,0.9485,0.2167,0.7318,"psychophysiology, research, for, expression, also",5
64966,surgeon,F,9,surgeon,0.9695,0.9507,0.0188,"surgeons, kelleher, diagnosis, can, orthopaedic",5
9343,physician,M,1,physician,0.9962,0.9966,-0.0003,"studied, medicine, interest, dr, patients",5
46445,nurse,F,5,nurse,0.5852,0.0032,0.582,"nurse, pediatric, before, care, intensive",5
6762,dentist,F,8,dentist,0.967,0.9792,-0.0121,"dental, dental, dental, denture, bds",5
63977,physician,F,1,physician,0.9998,0.9053,0.0945,"practices, medicine, exton, specializes, pa",5
13916,painter,F,11,painter,0.9969,0.0453,0.9515,"painting, atmosphere, depicted, work, aims",5
49944,comedian,M,19,comedian,0.9956,0.9927,0.003,"comedians, comedy, comedy, performed, comedy",5
70554,dentist,M,8,dentist,0.9505,0.9578,-0.0073,"dental, dental, bds, indian, dental",5
34849,professor,M,0,professor,0.9997,0.9996,0.0001,"currently, focusing, harvard, biofuels, minnesota",5
31116,attorney,M,2,attorney,0.9997,0.9997,0.0,"lawsuits, works, employers, enforceable, draft",5
43018,professor,F,0,professor,0.9177,0.3882,0.5294,"licensed, also, in, literacy, psychologist",5
35683,physician,F,1,physician,0.9993,0.898,0.1013,"medicine, medical, dr, graduated, retinopathy",5
40499,professor,M,0,professor,0.9974,0.9739,0.0235,"doctoral, funding, teaches, 2003, sternglanz",5
90011,journalist,M,4,journalist,0.9811,0.5847,0.3964,"reportage, concentrates, label, sudan, writing",5
73419,professor,M,0,professor,0.9996,0.998,0.0016,"ph, education, prior, mathai, indian",5
834,surgeon,F,9,surgeon,0.9977,0.9725,0.0252,"surgery, surgery, dr, hospital, multispeciality",5
11512,attorney,M,2,attorney,0.9994,0.8727,0.1267,"client, facts, compassionate, case, personal",5
61698,physician,M,1,physician,0.9853,0.7224,0.2629,"medicine, of, that, sports, medicine",5
59979,professor,F,0,professor,0.9997,0.9997,-0.0,"scholar, visiting, university, stanford, research",5
29578,professor,M,0,professor,0.5469,0.3284,0.2184,"received, has, mfa, drawings, 1997",5
35590,dentist,M,8,dentist,0.9929,0.0289,0.964,"dds, patients, practice, cursory, patients",5
81210,dentist,F,8,dentist,0.9797,0.9472,0.0325,"orthodontic, zankhana, dentistry, dental, dental",5
60481,attorney,M,2,attorney,0.6497,0.1233,0.5264,"strives, with, solve, firmly, service",5
73971,surgeon,M,9,surgeon,0.9922,0.7398,0.2524,"dr, orthopedic, residency, is, medical",5
93730,professor,F,0,professor,0.9982,0.9977,0.0005,"ph, thesis, articles, issues, as",5
8125,accountant,M,16,accountant,0.9988,0.9974,0.0014,"accounting, financial, westernzagros, finance, team",5
65036,psychologist,M,6,psychologist,0.9903,0.0961,0.8942,"psychology, clinical, brodeur, counseling, received",5
4226,dentist,M,8,dentist,0.9734,0.7909,0.1825,"dentistry, dr, dental, edwin, heng",5
56870,professor,F,0,professor,0.9487,0.3216,0.6272,"uncovers, research, builds, illuminate, book",5
78908,composer,M,17,composer,0.997,0.9968,0.0002,"bass, director, projects, symphony, music",5
44577,professor,M,0,professor,0.9922,0.9007,0.0915,"research, research, undergraduate, group, completing",5
10364,nurse,F,5,nurse,0.7978,0.2329,0.5649,"lisa, active, volunteer, joey, serious",5
75955,professor,F,0,professor,0.9995,0.8005,0.199,"sedimentary, and, that, sediments, studies",5
73784,dentist,M,8,dentist,0.9971,0.9941,0.003,"dentistry, dr, cosmetic, veneers, practicing",5
40148,attorney,M,2,attorney,0.9997,0.9991,0.0006,"representing, experience, disputes, medicaid, matters",5
35152,software engineer,M,15,software engineer,0.8483,0.8272,0.0211,"3d, mpeg, mpeg, technologies, aimerez",5
89440,photographer,F,3,photographer,0.9886,0.3057,0.6829,"photography, bachelor, camera, uses, shooting",5
87553,filmmaker,M,14,filmmaker,0.9812,0.0951,0.8861,"films, film, festival, 70s, london",5
11780,professor,M,0,professor,0.9974,0.8403,0.1571,"the, studies, ways, which, experiments",5
83242,professor,F,0,professor,0.9993,0.9985,0.0008,"nanomaterials, university, porous, iowa, talk",5
624,professor,M,0,professor,0.9997,0.9991,0.0006,"iisc, before, phd, prof, obtained",5
78215,nurse,F,5,nurse,0.9872,0.075,0.9122,"nursing, in, of, earned, from",5
2004,professor,M,0,professor,0.9998,0.9981,0.0016,"research, stochastic, is, founder, systems",5
94448,psychologist,M,6,psychologist,0.9534,0.989,-0.0356,"psychology, psychology, doctoral, psychology, faculty",5
27957,professor,M,0,professor,0.35,0.0989,0.2511,"the, novellas, four, short, be",5
24135,model,F,12,model,0.7408,0.1327,0.6081,"playboy, from, clarkson, performances, performance",5
52191,dietitian,F,18,dietitian,0.9979,0.006,0.9919,"nutrition, clinical, nutrition, nutrition, topics",5
90895,physician,F,1,physician,0.7558,0.5707,0.1851,"practicing, 13, years, medicine, been",5
48076,professor,F,0,professor,0.9983,0.9956,0.0027,"interest, includes, theory, postmodern, colonialism",5
33322,professor,M,0,professor,0.9994,0.999,0.0005,"1999, scholarship, research, previously, interests",5
67619,software engineer,M,15,software engineer,0.9689,0.865,0.1039,"degree, computer, source, mozilla, open",5
37219,software engineer,M,15,software engineer,0.7684,0.6604,0.108,"intel, ensure, works, intel, games",5
68170,professor,F,0,professor,0.5714,0.7734,-0.202,"guided, experiential, course, learning, be",5
79648,poet,M,13,poet,0.8569,0.2224,0.6345,"poetry, first, omnidawn, prize, quartet",5
68605,professor,M,0,professor,0.9966,0.9893,0.0074,"research, major, projects, communicative, methodology",5
71427,software engineer,F,15,software engineer,0.9876,0.9357,0.0519,"writes, android, ios, software, android",5
76782,dentist,M,8,dentist,0.9881,0.0525,0.9357,"dentistry, dental, dr, dental, improve",5
82096,photographer,M,3,photographer,0.9963,0.99,0.0063,"geographic, with, clients, national, samsung",5
77248,physician,F,1,physician,0.9934,0.996,-0.0026,"interest, obesity, trained, professional, affiliations",5
62631,surgeon,M,9,surgeon,0.9955,0.9933,0.0022,"extremity, conditions, surgical, dr, patient",5
46074,model,F,12,model,0.9994,0.9469,0.0525,"freeones, freeones, ranked, gallery, 16517th",5
31350,physician,F,1,physician,0.6355,0.4044,0.2311,"board, efforts, interested, advisory, improve",5
63715,accountant,M,16,accountant,0.9981,0.9942,0.0039,"accounting, 13, in, degree, cpa",5
49755,physician,M,1,physician,0.818,0.936,-0.118,"hospital, dr, diseases, problems, dr",5
72920,software engineer,M,15,software engineer,0.5208,0.1423,0.3784,"science, masters, development, security, university",5
22898,physician,M,1,physician,0.5195,0.097,0.4225,"physician, professor, neurology, sacks, author",5
77668,professor,F,0,professor,0.7243,0.709,0.0153,"serves, hospitalist, stephanie, for, research",5
94429,professor,F,0,professor,0.9995,0.9993,0.0002,"honours, phd, research, yale, mathematics",5
57358,poet,F,13,poet,0.6583,0.0473,0.611,"graduate, ma, creative, programme, writing",5
42112,professor,F,0,professor,0.9991,0.7199,0.2792,"interests, the, research, conceptualizations, teaching",5
51291,teacher,M,7,teacher,0.9989,0.9943,0.0046,"teaching, education, bachelors, taught, education",5
31318,attorney,M,2,attorney,0.8919,0.1842,0.7077,"national, impact, certification, trayvon, agrees",5
27507,surgeon,M,9,surgeon,0.7446,0.0554,0.6892,"surgery, freemyer, surgery, at, dr",5
15741,professor,M,0,professor,0.9994,0.8711,0.1284,"studies, conflict, foreign, canadian, policy",5
14953,photographer,M,3,photographer,0.9989,0.9956,0.0032,"photographs, photographers, photos, has, conceptual",5
65802,surgeon,M,9,surgeon,0.998,0.4495,0.5485,"plastic, surgery, surgeons, affiliations, calloway",5
29367,filmmaker,M,14,filmmaker,0.8578,0.9114,-0.0536,"university, quinnipiac, series, fan, graduated",5
66357,professor,M,0,professor,0.9631,0.9921,-0.029,"oncology, oncology, by, curriculum, certified",5
66487,attorney,M,2,attorney,0.9973,0.9391,0.0582,"counsel, served, general, counsel, currently",5
52801,teacher,M,7,teacher,0.9817,0.0595,0.9222,"teaches, class, despair, children, perhaps",5
21866,journalist,F,4,journalist,0.9294,0.0266,0.9028,"officer, competitive, communications, stakeholder, tribunal",5
52041,professor,F,0,professor,0.9959,0.9942,0.0017,"geisler, interrelationship, linguistically, research, on",5
30954,professor,M,0,professor,0.9998,0.9997,0.0001,"also, research, is, research, ph",5
80824,professor,F,0,professor,0.9993,0.9976,0.0016,"directs, dr, organizations, evaluation, doctorate",5
18965,physician,M,1,physician,0.9749,0.9268,0.0481,"graduate, suny, dr, medical, frederique",5
42924,dentist,F,8,dentist,0.9599,0.8512,0.1087,"dental, shruti, dental, dentistry, dr",5
59672,teacher,F,7,teacher,0.8255,0.0575,0.768,"children, first, costume, civil, illustrator",5
75666,professor,F,0,professor,0.9925,0.0544,0.9381,"psychiatry, student, inpatient, additionally, psychiatric",5
7899,dietitian,F,18,dietitian,0.9984,0.0386,0.9598,"nutrition, nutrition, creates, programs, therapy",5
21870,psychologist,M,6,psychologist,0.5684,0.1439,0.4244,"the, chairperson, relationship, society, sits",5
35686,painter,F,11,painter,0.9446,0.7393,0.2053,"painting, working, born, and, nowadays",5
11092,psychologist,F,6,psychologist,0.9982,0.9614,0.0368,"psychology, psychological, spectrum, experience, integrates",5
51080,nurse,F,5,nurse,0.4598,0.3039,0.1559,"graduated, 2006, appointment, having, miami",5
10490,painter,M,11,painter,0.9929,0.1493,0.8436,"painting, experimental, drawing, artistic, recent",5
8838,teacher,F,7,teacher,0.7275,0.45,0.2775,"students, christine, coordinator, throughout, christine",5
83683,nurse,F,5,nurse,0.9994,0.8537,0.1457,"nursing, nursing, loma, school, experience",5
80467,professor,M,0,professor,0.9916,0.9338,0.0578,"university, science, shcolar, graduated, ph",5
45144,physician,F,1,physician,0.9998,0.9447,0.0551,"practices, medicine, scholl, medicine, specializes",5
9832,photographer,M,3,photographer,0.9815,0.9562,0.0253,"shoot, camera, features, sights, coast",5
70318,filmmaker,F,14,filmmaker,0.8213,0.0624,0.7589,"forthcoming, documentary, feature, follows, berlin",5
67830,professor,M,0,professor,0.9999,0.9995,0.0004,"ph, interests, research, center, consultant",5
92116,professor,M,0,professor,0.9997,0.9996,0.0001,"previously, articles, studies, yale, princeton",5
53768,professor,M,0,professor,0.9295,0.2203,0.7093,"specializes, fellowship, surgery, trained, clinical",5
23867,professor,M,0,professor,0.9996,0.999,0.0006,"research, focuses, university, theological, moral",5
84565,composer,M,17,composer,0.8515,0.7884,0.0631,"electronica, musical, perrey, music, jazz",5
86002,psychologist,F,6,psychologist,0.9025,0.0025,0.9,"behavioral, practitioner, partners, cooperates, medical",5
79289,journalist,M,4,journalist,0.8049,0.8082,-0.0033,"their, news, and, classes, college",5
49863,physician,F,1,physician,0.9798,0.9478,0.032,"medicine, sczepanski, dr, medical, of",5
21164,professor,F,0,professor,0.9996,0.9973,0.0023,"received, grants, research, nanostructured, professional",5
30982,professor,M,0,professor,0.9983,0.9923,0.006,"teaches, philosophy, law, sociology, well",5
78494,painter,M,11,painter,0.8148,0.3813,0.4335,"painting, drawing, after, painting, devotes",5
56972,professor,F,0,professor,0.9877,0.9348,0.0529,"focuses, developing, studies, with, pharmacotherapy",5
22585,professor,F,0,professor,0.9986,0.3725,0.6261,"ttra, tourism, tourism, also, marketing",5
59062,teacher,M,7,teacher,0.9985,0.8969,0.1016,"classroom, classes, lessons, shy, of",5
59996,physician,M,1,physician,0.5662,0.8295,-0.2633,"hemodialysis, medical, health, medical, director",5
73108,surgeon,M,9,surgeon,0.999,0.3616,0.6374,"medicine, abouzeid, practice, dr, residency",5
10726,dentist,M,8,dentist,0.9988,0.1602,0.8386,"dentistry, dr, maxillofacial, oral, specialties",5
75650,poet,M,13,poet,0.9906,0.0477,0.9429,"poem, famous, ode, born, and",5
15819,psychologist,M,6,psychologist,0.9951,0.6917,0.3033,"psychology, jung, jung, test, personality",5
74584,dentist,M,8,dentist,0.9926,0.9425,0.0501,"dental, practising, care, dr, patients",5
3386,poet,F,13,poet,0.9803,0.9761,0.0042,"poems, poetry, poetry, and, kathydouglas",5
42897,professor,F,0,professor,0.9992,0.9987,0.0005,"author, ethnographic, articles, the, contexts",5
13548,physician,M,1,physician,0.9995,0.9943,0.0052,"1740223825, michigan, professional, license, credentials",5
18601,psychologist,F,6,psychologist,0.8981,0.2103,0.6878,"psychology, psychology, undergraduate, interventions, studied",5
78155,psychologist,F,6,psychologist,0.997,0.9961,0.0008,"behavioral, cognitive, therapy, therapy, specializes",5
82772,psychologist,F,6,psychologist,0.9987,0.8048,0.1939,"psychological, problems, various, handling, relationship",5
67925,nurse,F,5,nurse,0.9963,0.2279,0.7684,"nursing, university, before, of, carolina",5
72052,psychologist,F,6,psychologist,0.9932,0.9985,-0.0053,"psychology, ph, experience, clinical, an",5
42108,professor,M,0,professor,0.9217,0.7627,0.159,"passionately, parametric, design, is, behance",5
89858,physician,M,1,physician,0.9998,0.6448,0.355,"practices, medicine, medical, hospital, specializes",5
84069,surgeon,F,9,surgeon,0.9496,0.0137,0.9359,"practice, dr, 1629049846, dr, wesley",5
29828,psychologist,M,6,psychologist,0.7327,0.5199,0.2128,"algorithm, help, sam, soulmates, use",5
4162,dentist,M,8,dentist,0.9824,0.3511,0.6313,"dental, bds, denticare, andrew, laminates",5
32955,filmmaker,M,14,filmmaker,0.9858,0.9587,0.0271,"columbia, student, graduate, screened, fff",5
71426,architect,M,10,architect,0.9974,0.0343,0.9631,"architectural, ellenzweig, firm, works, designers",5
25343,teacher,F,7,teacher,0.7218,0.1583,0.5635,"travel, hiking, climbs, girls, now",5
82091,physician,F,1,physician,0.984,0.9497,0.0343,"patient, attended, medical, hospital, school",5
31495,composer,M,17,composer,0.9886,0.9649,0.0237,"commissioned, choir, the, finland, passion",5
69362,attorney,M,2,attorney,0.9941,0.9699,0.0242,"gattuso, practiced, political, degree, bachelor",5
27332,architect,M,10,architect,0.8057,0.0524,0.7534,"techno, wadi, founder, number, was",5
2919,professor,M,0,professor,0.9965,0.9785,0.0181,"university, journal, papers, hic, published",5
66591,attorney,M,2,attorney,0.9997,0.9996,0.0001,"defense, dui, solely, practice, crimes",5
44355,photographer,F,3,photographer,0.9595,0.1044,0.8551,"photographic, photo, advertizing, foto, studio",5
70756,journalist,F,4,journalist,0.6021,0.3453,0.2568,"prey, onassis, fallen, jacqueline, kelley",5
27466,comedian,M,19,comedian,0.4176,0.0304,0.3872,"youtube, entertaining, fans, race, one",5
69387,dentist,M,8,dentist,0.9858,0.2318,0.754,"dr, patients, rated, choice, carriers",5
91274,architect,M,10,architect,0.9842,0.2043,0.7799,"construction, meticulously, job, design, tradesman",5
8458,professor,M,0,professor,0.9996,0.9906,0.009,"crime, within, examines, deviance, university",5
86532,professor,M,0,professor,0.9996,0.9984,0.0012,"dphil, doctoral, econometrics, before, grant",5
48049,teacher,M,7,teacher,0.9262,0.0149,0.9113,"grades, earned, standards, math, learning",5
31978,dentist,M,8,dentist,0.9462,0.15,0.7962,"dental, dr, bds, dental, swapnil",5
76206,professor,F,0,professor,0.9993,0.9916,0.0076,"has, ucla, presson, statistics, phd",5
65631,photographer,M,3,photographer,0.9974,0.7767,0.2207,"photographs, documents, documenting, subjects, projects",5
53017,attorney,M,2,attorney,0.9998,0.9997,0.0001,"counsel, clients, injured, jury, arbitration",5
20664,physician,M,1,physician,0.9988,0.2568,0.7419,"chiropractic, dr, schroeder, graduate, health",5
15494,journalist,F,4,journalist,0.12,0.0943,0.0257,"comes, background, imai, from, were",5
73373,attorney,F,2,attorney,0.9961,0.9945,0.0016,"bar, law, software, business, editor",5
76564,psychologist,F,6,psychologist,0.9396,0.0047,0.9349,"intensity, gifted, emotional, include, books",5
6173,professor,M,0,professor,0.9989,0.8627,0.1362,"neurophysiology, expertise, received, from, research",5
33450,professor,F,0,professor,0.9199,0.9515,-0.0317,"postdoctoral, phd, at, kreher, kreher",5
66699,teacher,M,7,teacher,0.9842,0.0587,0.9254,"school, aboriginal, of, sharing, are",5
2779,teacher,M,7,teacher,0.9948,0.9645,0.0303,"teaching, davedodgson, classroom, thoughts, education",5
35504,physician,F,1,physician,0.9998,0.8524,0.1475,"medicine, practices, mcallen, specializes, medicine",5
43902,architect,F,10,architect,0.9978,0.1769,0.821,"architecture, architects, master, ucla, autodesk",5
33679,attorney,M,2,attorney,0.998,0.9993,-0.0013,"civil, litigation, litigation, practice, litigation",5
89290,physician,M,1,physician,0.9993,0.9778,0.0215,"from, degree, affiliated, medical, 26",5
71809,software engineer,M,15,software engineer,0.9368,0.9648,-0.028,"projects, optumsoft, apache, hbase, cloudera",5
64000,psychologist,M,6,psychologist,0.9859,0.8206,0.1653,"children, years, challenges, twenty, parenting",5
59792,psychologist,F,6,psychologist,0.999,0.9615,0.0375,"psychological, therapy, behavioral, cognitive, enhance",5
39803,physician,F,1,physician,0.9998,0.9477,0.0522,"immunology, medicine, sisko, practices, cuenca",5
245,attorney,F,2,attorney,0.9996,0.9974,0.0022,"focuses, litigation, workers, on, defense",5
89252,attorney,M,2,attorney,0.9997,0.537,0.4627,"bankruptcy, estate, real, corporate, law",5
58322,dentist,M,8,dentist,0.8725,0.0137,0.8588,"dental, dental, jayaprakash, mds, bds",5
57740,comedian,M,19,comedian,0.9967,0.0749,0.9218,"jokes, performed, telling, all, over",5
86193,physician,F,1,physician,0.9964,0.8968,0.0996,"medicine, mbbs, dr, clinic, family",5
34905,professor,M,0,professor,0.9998,0.9998,-0.0,"hardersen, faculty, dissertation, focused, mineralogy",5
45638,journalist,M,4,journalist,0.9839,0.9974,-0.0135,"producer, cnn, jazeera, served, reporting",5
13183,surgeon,M,9,surgeon,0.9849,0.1955,0.7894,"surgery, uses, laparoscopic, techniques, traditional",5
85929,comedian,M,19,comedian,0.9971,0.8963,0.1008,"comedy, stand, up, parodies, imaginable",5
14184,psychologist,M,6,psychologist,0.998,0.9913,0.0067,"psychotherapy, psychological, neuropsychological, depression, psycho",5
70458,professor,F,0,professor,0.9997,0.9997,0.0,"ph, 2012, member, focuses, california",5
14328,professor,M,0,professor,0.9939,0.7665,0.2274,"focuses, epistemology, indigenous, populations, on",5
77683,psychologist,F,6,psychologist,0.9529,0.0009,0.952,"psychological, in, counselling, linguistics, national",5
48570,professor,F,0,professor,0.9998,0.9922,0.0076,"ricker, teaches, courses, research, to",5
79141,attorney,F,2,attorney,0.9978,0.5025,0.4952,"received, law, legal, degree, law",5
53091,attorney,M,2,attorney,0.2646,0.0514,0.2132,"over, over, on, owner, also",5
50420,professor,F,0,professor,0.9986,0.9599,0.0387,"faculty, the, 2004, clinician, investigator",5
29471,psychologist,F,6,psychologist,0.9846,0.1027,0.8819,"gottman, mental, health, coaching, emotion",5
2845,professor,M,0,professor,0.9926,0.9949,-0.0023,"dr, interactions, demonstrated, presented, microenvironments",5
53455,dentist,M,8,dentist,0.9673,0.0005,0.9668,"dentistry, giusti, dental, dentemax, dental",5
22090,surgeon,M,9,surgeon,0.9841,0.061,0.9231,"surgeries, surgeries, performed, cleft, dr",5
74330,journalist,F,4,journalist,0.9572,0.8639,0.0933,"food, when, adventures, speakwithyourfood, is",5
54674,professor,M,0,professor,0.9984,0.9964,0.0019,"earned, ed, university, band, programs",5
54248,professor,M,0,professor,0.9707,0.8995,0.0712,"bancks, celebrated, awards, tanglewood, music",5
14883,professor,F,0,professor,0.9994,0.9995,-0.0001,"debates, university, book, press, contributor",5
33443,journalist,F,4,journalist,0.9673,0.0146,0.9527,"journalism, writing, alum, university, the",5
76700,journalist,F,4,journalist,0.9991,0.9983,0.0008,"reporting, review, mada, guardian, reported",5
74232,surgeon,M,9,surgeon,0.998,0.7581,0.2399,"experience, surgery, surgeons, facial, deformities",5
71797,physician,F,1,physician,0.9997,0.7837,0.2161,"gelfand, practices, medicine, specializes, gelfand",5
7918,accountant,M,16,accountant,0.9908,0.0015,0.9893,"accounting, in, los, and, in",5
11482,professor,F,0,professor,0.9992,0.9994,-0.0002,"using, oceanographers, project, research, tectonic",5
49090,professor,F,0,professor,0.8354,0.1683,0.6671,"for, department, goals, scientists, analytical",5
51074,teacher,F,7,teacher,0.942,0.091,0.851,"nicole, art, education, nicole, ceramics",5
41317,professor,F,0,professor,0.998,0.979,0.019,"modernism, author, the, memory, journals",5
14637,physician,F,1,physician,0.9997,0.3308,0.669,"practices, medicine, shuff, westerville, oh",5
51377,photographer,F,3,photographer,0.9977,0.9975,0.0001,"photography, photography, photography, lgbtq, captures",5
43417,professor,F,0,professor,0.9996,0.0208,0.9788,"graduate, earned, curriculum, doctorate, 2007",5
48755,teacher,F,7,teacher,0.7206,0.4274,0.2932,"sock, knitting, debbie, patterns, yarns",5
28623,attorney,M,2,attorney,0.9994,0.9392,0.0602,"cases, tried, has, attorneys, fellow",5
74635,professor,M,0,professor,0.9908,0.9892,0.0015,"has, dr, biology, genotoxic, iarc",5
56945,architect,M,10,architect,0.9963,0.9659,0.0304,"architecture, computation, architecture, architectural, expertise",5
82660,architect,M,10,architect,0.9758,0.004,0.9718,"architecture, of, kuleuven, assistant, teacher",5
64675,professor,M,0,professor,0.9778,0.5828,0.395,"cardiology, thrombolytic, 26, years, has",5
95255,professor,F,0,professor,0.2803,0.038,0.2424,"the, non, cultural, also, board",5
61338,teacher,F,7,teacher,0.9418,0.9343,0.0076,"education, support, specialist, of, years",5
79873,dentist,F,8,dentist,0.9677,0.9624,0.0053,"dental, bds, dental, dr, implant",5
56027,photographer,M,3,photographer,0.9981,0.9925,0.0057,"photographic, many, image, was, portfolio",5
58659,physician,M,1,physician,0.746,0.5525,0.1935,"medical, school, medical, radiesse, patient",5
58747,dentist,M,8,dentist,0.9988,0.08,0.9188,"dentistry, general, specialties, dr, experience",5
25335,professor,M,0,professor,0.9981,0.9972,0.001,"reconstruction, constitutionalism, interests, study, include",5
75419,dietitian,F,18,dietitian,0.9967,0.0008,0.9959,"nutrition, doctors, experiences, 1974, having",5
92386,professor,F,0,professor,0.9968,0.9659,0.0309,"neurotrophic, interests, neurogenesis, research, include",5
35832,model,F,12,model,0.9983,0.0913,0.907,"modeling, club, outfits, mao, label",5
92404,software engineer,M,15,software engineer,0.669,0.0396,0.6293,"tech, entertainment, company, startup, list",5
37007,attorney,F,2,attorney,0.9773,0.9391,0.0383,"law, school, school, concentrations, 2008",5
21320,comedian,M,19,comedian,0.975,0.0153,0.9598,"comedy, since, crowd, the, 2010",5
76924,professor,M,0,professor,0.893,0.4899,0.4031,"and, research, areas, cognitive, developmental",5
45539,teacher,F,7,teacher,0.9984,0.656,0.3424,"teaching, has, certification, collage, passions",5
42218,professor,M,0,professor,0.9991,0.9945,0.0046,"stefan, is, completing, 1988, published",5
73847,physician,F,1,physician,0.9967,0.9941,0.0026,"medicine, medicine, attended, school, hiv",5
2692,attorney,F,2,attorney,0.995,0.1391,0.8559,"juris, doctor, graduated, from, mawr",5
29438,professor,F,0,professor,0.9944,0.1974,0.7971,"phd, education, received, university, in",5
73417,physician,M,1,physician,0.9995,0.9918,0.0077,"medicine, studied, ophthalmology, hospital, expertise",5
28048,photographer,F,3,photographer,0.5835,0.855,-0.2716,"gallery, work, art, and, diasporan",5
17794,surgeon,M,9,surgeon,0.999,0.9988,0.0003,"physicians, surgeons, orthopaedic, dr, bauman",5
34918,attorney,F,2,attorney,0.9973,0.9914,0.0059,"bernhardt, matters, versed, graduated, federal",5
41515,teacher,M,7,teacher,0.7131,0.1405,0.5725,"learner, the, supportive, even, has",5
58664,physician,M,1,physician,0.9976,0.9963,0.0014,"medical, interests, attended, magnetic, imaging",5
74123,surgeon,F,9,surgeon,0.9979,0.9971,0.0008,"surgery, hospital, surgery, surgery, university",5
7458,software engineer,F,15,software engineer,0.9834,0.7837,0.1997,"code2040, tech, began, engineering, studied",5
18971,physician,F,1,physician,0.9998,0.8988,0.101,"medicine, rheumatology, blouin, practices, specializes",5
79432,professor,M,0,professor,0.9998,0.9998,0.0001,"before, research, researcher, ph, huawei",5
45354,filmmaker,F,14,filmmaker,0.9661,0.6276,0.3385,"documentary, canada, directed, science, project",5
12748,dentist,M,8,dentist,0.9376,0.8794,0.0582,"dental, dental, mandla, indian, clinic",5
40937,photographer,F,3,photographer,0.6613,0.0064,0.6549,"photographing, excellence, member, latino, responsible",5
69143,surgeon,M,9,surgeon,0.9847,0.9842,0.0004,"surgeries, procedures, procedures, medical, osteoarthritis",5
20278,nurse,F,5,nurse,0.9896,0.9865,0.0031,"geriatric, and, rehabilitation, james, began",5
69572,professor,M,0,professor,0.9638,0.5886,0.3751,"journalism, both, role, wellbeing, and",5
74054,comedian,M,19,comedian,0.8346,0.1108,0.7238,"smiley, tavis, robertson, and, has",5
95389,dentist,F,8,dentist,0.9707,0.0002,0.9705,"dentistry, dental, dental, pediatric, of",5
81129,professor,M,0,professor,0.9935,0.7776,0.216,"received, ph, 2014, university, 2010",5
50087,attorney,M,2,attorney,0.9989,0.992,0.0068,"certified, counsel, lead, several, plaintiffs",5
22240,attorney,F,2,attorney,0.9996,0.9997,-0.0001,"attorneys, immigration, appeals, supreme, court",5
45115,physician,F,1,physician,0.9893,0.9344,0.0549,"medicine, sclerosis, peraza, hospital, particularly",5
22504,professor,M,0,professor,0.9991,0.9972,0.002,"macroeconomics, teaching, microeconomics, economics, is",5
569,teacher,F,7,teacher,0.91,0.1957,0.7144,"students, at, member, students, tribe",5
64493,dietitian,F,18,dietitian,0.9974,0.8977,0.0998,"dietetic, nutrition, nutrition, began, internship",5
17001,professor,F,0,professor,0.9997,0.9996,0.0001,"scholarship, edited, ph, focuses, director",5
56627,professor,F,0,professor,0.2899,0.0871,0.2029,"addictions, torres, editorial, councils, also",5
48514,composer,M,17,composer,0.9965,0.4282,0.5684,"composition, musicians, genre, has, approach",5
19938,attorney,M,2,attorney,0.9997,0.9995,0.0002,"litigation, defense, enforcement, election, general",5
32298,surgeon,F,9,surgeon,0.9955,0.9696,0.026,"blepharoplasty, procedures, surgery, surgery, surgical",5
43629,journalist,M,4,journalist,0.8579,0.8804,-0.0226,"such, palace, salzburg, historical, in",5
79093,journalist,M,4,journalist,0.999,0.9791,0.0198,"journalism, financial, guardian, politics, written",5
60236,attorney,F,2,attorney,0.9997,0.9996,0.0001,"litigation, pamela, dedicates, issues, estate",5
49776,journalist,F,4,journalist,0.9715,0.0831,0.8883,"conversant, languages, extensively, reports, six",5
85411,poet,M,13,poet,0.981,0.8614,0.1196,"professor, german, translated, has, college",5
19266,accountant,M,16,accountant,0.3095,0.0892,0.2203,"schedule, hours, business, work, more",5
16332,filmmaker,M,14,filmmaker,0.8053,0.9475,-0.1423,"is, movie, underbelly, that, the",5
2560,professor,M,0,professor,0.9987,0.8918,0.1069,"dr, master, public, teaches, program",5
38473,professor,M,0,professor,0.9801,0.9594,0.0207,"language, analysis, courses, university, taught",5
41643,professor,F,0,professor,0.9991,0.9979,0.0012,"religion, classical, expertise, areas, american",5
71894,teacher,M,7,teacher,0.9745,0.2206,0.754,"school, three, of, class, class",5
28778,composer,M,17,composer,0.9946,0.0132,0.9814,"composing, music, been, film, the",5
69107,photographer,F,3,photographer,0.9981,0.4583,0.5398,"photography, graduate, institute, allentown, portfolio",5
2453,physician,F,1,physician,0.9998,0.8173,0.1825,"medicine, practices, lodi, medicine, specializes",5
55875,professor,M,0,professor,0.9997,0.9525,0.0472,"nanotechnology, teaches, ph, effects, research",5
13468,architect,F,10,architect,0.9987,0.7222,0.2764,"architecture, business, architecture, through, techniques",5
45926,professor,F,0,professor,0.9997,0.9996,0.0001,"teaches, courses, research, journals, areas",5
79496,attorney,F,2,attorney,0.8902,0.9257,-0.0355,"workers, association, migrant, workers, fight",5
32638,surgeon,M,9,surgeon,0.9753,0.003,0.9723,"orthopedic, dr, extremity, patient, really",5
86922,journalist,F,4,journalist,0.9917,0.9123,0.0794,"work, appeared, the, has, publications",5
14825,photographer,M,3,photographer,0.949,0.0205,0.9285,"photography, cinematographer, camera, exhibition, but",5
33261,professor,M,0,professor,0.9978,0.9731,0.0247,"research, interests, are, teaching, simulations",5
79679,journalist,M,4,journalist,0.9962,0.9931,0.0031,"editor, the, broadsheet, mumbai, goan",5
8650,professor,F,0,professor,0.9698,0.9756,-0.0058,"gastroenterology, fellowship, medical, focus, hepatology",5
47709,professor,M,0,professor,0.9963,0.9859,0.0105,"social, dr, anghesom, of, science",5
44371,professor,M,0,professor,0.9996,0.999,0.0007,"research, dr, centre, courses, for",5
88810,comedian,F,19,comedian,0.5703,0.0268,0.5435,"comedy, violence, festivals, em, em",5
13438,attorney,M,2,attorney,0.7212,0.2859,0.4353,"raised, panhandle, university, tennessee, university",5
51724,nurse,F,5,nurse,0.9742,0.5687,0.4056,"graduated, linda, 2007, cooperates, experiences",5
55538,photographer,M,3,photographer,0.9603,0.191,0.7693,"photographic, works, university, columbia, mfa",5
26115,painter,F,11,painter,0.7704,0.0506,0.7198,"art, studio, works, living, house",5
28272,teacher,M,7,teacher,0.9581,0.0474,0.9106,"students, classes, dorms, deeply, graduated",5
14232,attorney,M,2,attorney,0.885,0.0088,0.8762,"prior, joining, economic, law, school",5
36486,dietitian,M,18,dietitian,0.9968,0.8092,0.1876,"nutrition, in, addressing, diabetes, concerns",5
5411,attorney,M,2,attorney,0.3663,0.3614,0.0048,"fishing, up, barracuda, on, has",5
43440,attorney,F,2,attorney,0.9997,0.9995,0.0002,"legal, dealing, matters, llc, juris",5
36515,professor,F,0,professor,0.9996,0.9994,0.0002,"focuses, research, faculty, of, jolene",5
80502,physician,F,1,physician,0.9998,0.5042,0.4956,"medicine, clovis, practices, medical, specializes",5
29319,psychologist,F,6,psychologist,0.9967,0.0549,0.9418,"psychological, and, experiences, medical, group",5
50590,architect,M,10,architect,0.998,0.9979,0.0001,"architectural, firm, middelheim, robbrecht, partner",5
16645,composer,M,17,composer,0.9977,0.9944,0.0033,"composed, soundtrack, 2012, score, prize",5
2123,physician,F,1,physician,0.9997,0.4743,0.5255,"practices, medicine, in, specializes, hospital",5
171,professor,M,0,professor,0.6306,0.3966,0.234,"high, in, 1987, york, has",5
72933,photographer,F,3,photographer,0.9764,0.9904,-0.014,"photography, outlet, as, each, idea",5
36627,dentist,F,8,dentist,0.8537,0.74,0.1136,"dental, dental, checkup, soni, dental",5
83093,poet,M,13,poet,0.9933,0.8444,0.149,"english, writing, creative, professor, is",5
9833,physician,M,1,physician,0.4536,0.3371,0.1165,"moves, relocate, patients, memorial, care",5
13202,psychologist,F,6,psychologist,0.9986,0.9951,0.0034,"psychology, doctorate, clinical, counseling, interviewing",5
85643,attorney,M,2,attorney,0.9989,0.0819,0.917,"law, before, nearly, five, school",5
