id,profession,gender,pred_class_idx,pred_label,pred_prob_original,pred_prob_erased,faithfulness,tokens_erased,n_tokens_erased
12781,nurse,F,5,nurse,0.9995,0.3041,0.6954,"nursing, studies, her, the, she",5
34470,photographer,M,3,photographer,0.9979,0.7937,0.2041,"photography, photographer, photographic, nudes, talents",5
9342,professor,M,0,professor,0.9981,0.9912,0.0069,"faculty, publications, award, academic, research",5
30362,professor,M,0,professor,0.9691,0.966,0.0031,"software, ieee, chairs, radio, systems",5
90967,professor,M,0,professor,0.9998,0.9996,0.0003,"ph, materials, editorial, journals, reviewed",5
13344,software engineer,M,15,software engineer,0.2452,0.0805,0.1647,"passion, stories, he, pursue, his",5
6239,journalist,M,4,journalist,0.999,0.9946,0.0044,"reported, markets, has, turkey, jazeera",5
42028,attorney,F,2,attorney,0.3484,0.2854,0.0629,"food, also, country, enjoys, pbs",5
90212,architect,F,10,architect,0.9942,0.039,0.9552,"architectural, design, construction, buildings, focused",5
43953,teacher,F,7,teacher,0.9951,0.9339,0.0612,"students, students, hashtag, gafe4littles, learning",5
27966,professor,F,0,professor,0.9993,0.9985,0.0008,"ph, assistant, she, professor, endodontics",5
41556,teacher,M,7,teacher,0.8179,0.1965,0.6213,"curriculum, traveled, school, school, german",5
43148,professor,M,0,professor,0.9993,0.9989,0.0004,"research, interests, haissam, ph, instructor",5
93200,professor,F,0,professor,0.9989,0.9989,0.0,"methodologies, courses, interests, in, education",5
46307,physician,F,1,physician,0.9991,0.0005,0.9986,"physician, studies, assistant, paramedic, bachelor",5
61841,teacher,F,7,teacher,0.9921,0.9762,0.016,"bustillos, teachers, educators, and, outstanding",5
23333,teacher,F,7,teacher,0.9987,0.9891,0.0096,"education, elementary, reggio, bachelor, education",5
15551,attorney,F,2,attorney,0.9997,0.9446,0.0551,"law, juris, of, degree, bachelor",5
90631,journalist,F,4,journalist,0.9985,0.9979,0.0005,"contributor, cape, media, ubuntu, for",5
54445,professor,F,0,professor,0.9952,0.9714,0.0237,"fellowship, biochemical, ucla, genetics, after",5
93903,professor,M,0,professor,0.5997,0.8796,-0.2799,"editor, emergency, valani, also, university",5
16348,physician,F,1,physician,0.9998,0.5927,0.4071,"medicine, medicine, medical, practices, milwaukee",5
46287,professor,F,0,professor,0.932,0.7599,0.1722,"interests, research, examining, york, reading",5
72503,physician,M,1,physician,0.9776,0.9937,-0.0161,"medical, medicine, prolapse, schifter, hospital",5
4602,physician,F,1,physician,0.9998,0.9912,0.0087,"medicine, practices, croteau, hospital, with",5
49360,psychologist,M,6,psychologist,0.6193,0.686,-0.0667,"parent, autism, child, maximize, professional",5
42951,professor,M,0,professor,0.6222,0.1054,0.5169,"has, funded, training, the, science",5
77124,professor,M,0,professor,0.9998,0.9994,0.0004,"sharakhov, phd, cytogenetics, he, leads",5
39711,dentist,M,8,dentist,0.9956,0.0311,0.9645,"dentist, dr, patient, practice, in",5
30282,teacher,M,7,teacher,0.6612,0.2893,0.3719,"focuses, adult, strategy, principles, cufaude",5
33409,professor,M,0,professor,0.9304,0.3948,0.5356,"is, consultant, physician, pittsburgh, also",5
36561,model,M,12,model,0.999,0.2343,0.7647,"model, professional, 185cm, name, born",5
10637,professor,M,0,professor,0.9154,0.7529,0.1625,"arts, university, started, lecturing, education",5
24817,journalist,F,4,journalist,0.4562,0.5806,-0.1245,"much, new, she, doesn, come",5
31505,software engineer,M,15,software engineer,0.9741,0.5417,0.4324,"development, application, driven, system, web",5
58312,journalist,F,4,journalist,0.999,0.9989,0.0001,"newspapers, hungarian, news, started, major",5
42143,psychologist,M,6,psychologist,0.9991,0.9654,0.0337,"psychotherapy, psychotherapeutic, psychology, counsellor, humanistic",5
4145,attorney,F,2,attorney,0.9973,0.9716,0.0257,"law, ohio, degree, majored, university",5
64458,filmmaker,M,14,filmmaker,0.7349,0.0041,0.7308,"film, move, direction, art, commercial",5
74377,psychologist,M,6,psychologist,0.5872,0.3275,0.2597,"recuperating, current, bill, ordinary, bill",5
20281,professor,M,0,professor,0.9955,0.9964,-0.0008,"he, pharmacogenomics, of, the, received",5
55020,photographer,M,3,photographer,0.9815,0.7127,0.2688,"studios, currently, studios, area, models",5
74809,psychologist,F,6,psychologist,0.9429,0.5991,0.3438,"counselling, body, image, offering, she",5
27933,professor,M,0,professor,0.9993,0.9995,-0.0001,"ucla, professor, arrival, faculty, studies",5
11662,professor,F,0,professor,0.9998,0.9998,0.0,"research, faculty, ph, interests, dokuz",5
83094,professor,M,0,professor,0.9962,0.9898,0.0064,"research, interests, studies, program, his",5
42156,physician,M,1,physician,0.96,0.9585,0.0015,"medical, university, minnesota, school, affiliations",5
15615,software engineer,M,15,software engineer,0.5904,0.4478,0.1426,"based, management, microsystems, the, startup",5
79286,nurse,F,5,nurse,0.9861,0.4929,0.4932,"instructor, nurse, she, nurse, nursing",5
43044,photographer,F,3,photographer,0.9952,0.3361,0.6591,"capturing, work, small, happiness, keen",5
79135,professor,F,0,professor,0.9992,0.9932,0.006,"philosophy, doctorate, tulane, specialty, literature",5
17636,professor,M,0,professor,0.9993,0.9981,0.0012,"research, ph, postdoctoral, investigating, director",5
54221,poet,M,13,poet,0.987,0.6208,0.3662,"poets, literature, writer, critical, foremost",5
73575,photographer,M,3,photographer,0.9905,0.2166,0.7738,"photographs, director, clients, magazines, appear",5
13578,journalist,M,4,journalist,0.9798,0.435,0.5448,"newspapers, news, magazines, zine, publishes",5
5448,professor,F,0,professor,0.9981,0.7956,0.2025,"researcher, organization, studies, as, an",5
80601,architect,M,10,architect,0.9926,0.9947,-0.0021,"architects, architectural, architect, design, institute",5
43877,nurse,F,5,nurse,0.9949,0.9485,0.0464,"scope, health, aging, practice, diagnosis",5
44557,professor,M,0,professor,0.9999,0.9998,0.0,"his, ph, completed, microeconomics, university",5
61558,software engineer,M,15,software engineer,0.5229,0.1007,0.4222,"experience, software, and, extensive, development",5
12480,professor,M,0,professor,0.9848,0.2127,0.7721,"areas, prior, work, teri, coordinator",5
37372,dentist,F,8,dentist,0.9949,0.9456,0.0493,"dental, surgery, dr, carriers, especially",5
48225,professor,F,0,professor,0.747,0.3126,0.4343,"earned, her, her, residency, netherlands",5
35423,composer,F,17,composer,0.9816,0.9897,-0.0081,"composers, ensemble, american, symphony, saxophone",5
4598,teacher,M,7,teacher,0.999,0.6199,0.3791,"ratemyteachers, teacher, leave, average, review",5
76006,journalist,F,4,journalist,0.992,0.8884,0.1036,"work, has, of, fact, knucklebone",5
52486,physician,F,1,physician,0.9996,0.9151,0.0845,"md, 1093920274, alabama, professional, credentials",5
702,professor,M,0,professor,0.9901,0.9638,0.0263,"chicago, published, tachycardias, cardiology, fellow",5
71994,journalist,F,4,journalist,0.9986,0.9989,-0.0003,"publications, indigenous, both, variety, mail",5
29015,attorney,F,2,attorney,0.9996,0.9996,-0.0,"counsel, law, as, serves, matters",5
93020,professor,M,0,professor,0.9998,0.9996,0.0003,"tufts, joining, prior, harvard, microfluidic",5
24289,professor,F,0,professor,0.9995,0.9969,0.0025,"she, bachelor, princeton, grant, faculty",5
85541,professor,F,0,professor,0.9991,0.9971,0.002,"scholar, papers, scholarly, internationally, nationally",5
42719,professor,M,0,professor,0.999,0.883,0.116,"doctorate, received, sociolinguistics, linguistics, university",5
50174,architect,F,10,architect,0.9984,0.8954,0.103,"architecture, architects, documenting, heinrich, architecture",5
14729,psychologist,M,6,psychologist,0.9943,0.0341,0.9602,"psychopathology, interventions, evaluated, developmental, educational",5
84291,physician,M,1,physician,0.9678,0.4673,0.5005,"professor, member, association, carolina, medical",5
11815,journalist,F,4,journalist,0.9943,0.9843,0.0101,"columns, who, being, published, com",5
65795,professor,F,0,professor,0.9996,0.9993,0.0003,"minnesota, research, reviewer, university, teaches",5
70364,professor,F,0,professor,0.994,0.2329,0.7611,"research, ph, main, her, interests",5
22347,journalist,F,4,journalist,0.9985,0.3638,0.6347,"australian, cover, media, rules, football",5
39122,professor,F,0,professor,0.9942,0.9413,0.0529,"she, has, lecturer, the, at",5
31046,model,F,12,model,0.9994,0.9154,0.0839,"photoshoots, professionalism, modeling, her, photoshoot",5
33201,professor,F,0,professor,0.9995,0.9993,0.0003,"areas, ph, program, her, research",5
34406,physician,M,1,physician,0.9015,0.8985,0.003,"medicine, harrell, trained, graduate, health",5
74946,professor,M,0,professor,0.8321,0.0587,0.7734,"interests, community, his, system, in",5
84715,architect,F,10,architect,0.9959,0.1961,0.7998,"architect, the, the, london, dover",5
11351,painter,M,11,painter,0.7549,0.0329,0.7219,"exhibition, studio, art, public, at",5
436,physician,M,1,physician,0.9949,0.9973,-0.0024,"medicine, graduate, medicine, saporito, dr",5
6302,physician,M,1,physician,0.5759,0.0298,0.5461,"2002, clinic, there, medical, patients",5
72269,physician,M,1,physician,0.8956,0.1603,0.7353,"medicine, university, program, medical, michigan",5
24338,journalist,F,4,journalist,0.9978,0.9864,0.0113,"journalist, times, bbc, print, covering",5
55848,dentist,M,8,dentist,0.9885,0.9681,0.0204,"dr, patients, gave, rating, him",5
79663,journalist,F,4,journalist,0.9249,0.6638,0.261,"her, broken, wildlife, india, book",5
50546,nurse,F,5,nurse,0.9992,0.0105,0.9887,"nursing, degree, clinical, degree, opportunity",5
19540,physician,M,1,physician,0.8924,0.9606,-0.0682,"medicine, medical, dr, at, school",5
30143,professor,M,0,professor,0.9985,0.5607,0.4378,"previously, mailman, consultant, editor, an",5
88326,professor,F,0,professor,0.9643,0.4624,0.5019,"research, focuses, her, nurse, students",5
42175,professor,F,0,professor,0.9995,0.9991,0.0004,"ethnographic, research, ethnography, her, research",5
16410,nurse,F,5,nurse,0.9997,0.82,0.1798,"nurse, experiences, practitioner, 2013, in",5
16813,accountant,F,16,accountant,0.9973,0.0127,0.9846,"accounts, aged, works, mainly, receivables",5
2321,architect,F,10,architect,0.9812,0.7886,0.1926,"implementations, automotive, global, sap, sap",5
61142,physician,F,1,physician,0.9827,0.9364,0.0463,"medicine, at, dr, of, baylor",5
52916,attorney,M,2,attorney,0.9988,0.9995,-0.0007,"counsel, nwirp, practice, immigration, representing",5
53976,professor,M,0,professor,0.999,0.9367,0.0623,"faculty, he, missouri, joining, january",5
51899,photographer,F,3,photographer,0.9976,0.6196,0.378,"photo, fame, impressive, attempted, her",5
47145,surgeon,M,9,surgeon,0.6667,0.2626,0.404,"he, focused, surgery, surgery, several",5
75696,professor,M,0,professor,0.8129,0.654,0.1589,"department, at, sabbatical, research, associate",5
94259,professor,M,0,professor,0.9997,0.9996,0.0,"ph, rhetoric, published, journals, university",5
46960,journalist,M,4,journalist,0.9991,0.9952,0.004,"reported, publications, from, times, globalpost",5
93000,attorney,M,2,attorney,0.9986,0.9992,-0.0007,"bar, law, practiced, law, law",5
46505,professor,M,0,professor,0.9989,0.9974,0.0014,"multidisciplinary, lab, developing, currently, chemoproteomic",5
68349,physician,F,1,physician,0.9659,0.9732,-0.0074,"medicine, graduate, health, dr, interests",5
42600,physician,F,1,physician,0.9998,0.9015,0.0983,"practices, medicine, charleston, in, medical",5
30588,professor,F,0,professor,0.9972,0.9963,0.0009,"journalism, mfa, nonfiction, fellowship, meta",5
40257,professor,F,0,professor,0.9993,0.1709,0.8284,"dyslipidemia, dr, academia, pharmacy, doctorate",5
66822,accountant,M,16,accountant,0.9984,0.447,0.5514,"financial, finance, positions, director, he",5
41479,physician,M,1,physician,0.9996,0.9931,0.0065,"no, degree, his, southside, medical",5
22425,accountant,M,16,accountant,0.9982,0.0304,0.9678,"accountants, financial, accounts, public, pennsylvania",5
11945,attorney,M,2,attorney,0.6567,0.9048,-0.2481,"attain, volunteer, officio, member, activities",5
89703,attorney,F,2,attorney,0.9996,0.9996,-0.0,"matters, reinsurance, insurance, reinsurance, she",5
85218,filmmaker,M,14,filmmaker,0.9926,0.9906,0.002,"film, film, tribeca, feature, first",5
51511,composer,M,17,composer,0.9968,0.9572,0.0396,"composing, mastering, he, producing, years",5
47791,software engineer,M,15,software engineer,0.8911,0.1496,0.7416,"intel, hosting, roles, development, web",5
45238,attorney,M,2,attorney,0.9997,0.9986,0.0011,"represents, clients, businesses, disputes, he",5
79600,filmmaker,M,14,filmmaker,0.9861,0.9379,0.0482,"filmmaker, film, documentary, working, as",5
66457,professor,M,0,professor,0.9777,0.947,0.0307,"research, dr, musculoskeletal, osteoporosis, algorithms",5
19907,physician,F,1,physician,0.9995,0.999,0.0006,"0101233200, 1821027434, dr, professional, credentials",5
25606,journalist,F,4,journalist,0.7239,0.4667,0.2572,"bikepsych, book, longtime, lives, rides",5
46063,filmmaker,F,14,filmmaker,0.9941,0.9846,0.0095,"documentaries, videos, films, been, films",5
82848,attorney,M,2,attorney,0.9996,0.9997,-0.0001,"sandra, prosecuting, attorney, associate, works",5
57242,journalist,M,4,journalist,0.9983,0.464,0.5343,"journalists, other, surprise, contact, keep",5
29759,surgeon,M,9,surgeon,0.9917,0.2299,0.7618,"surgery, university, plastic, surgery, plastic",5
28025,professor,F,0,professor,0.9997,0.9995,0.0002,"doctorate, earned, she, research, studies",5
2878,nurse,F,5,nurse,0.9997,0.8995,0.1002,"nurse, graduated, honors, experiences, practitioner",5
36532,dietitian,F,18,dietitian,0.9985,0.0237,0.9748,"dietitian, nutrition, registered, experiences, 1999",5
94939,surgeon,M,9,surgeon,0.999,0.9988,0.0002,"medicine, graduated, indiana, dr, dr",5
85031,photographer,F,3,photographer,0.9981,0.9831,0.0149,"portraits, portraiture, photographer, the, sees",5
29515,photographer,M,3,photographer,0.9977,0.1195,0.8782,"photography, photography, studied, gopalpur, photography",5
60123,nurse,M,5,nurse,0.991,0.0736,0.9174,"nursing, and, masters, presented, australian",5
87861,physician,M,1,physician,0.8732,0.6376,0.2356,"medical, st, degree, medical, center",5
7856,poet,M,13,poet,0.9946,0.984,0.0106,"poetry, poetry, poetry, born, writing",5
6655,surgeon,M,9,surgeon,0.5169,0.045,0.4719,"aneurysm, medical, endarterectomy, thoracoabdominal, dr",5
85177,nurse,F,5,nurse,0.4586,0.0454,0.4132,"she, myelopathy, myelopathy, patients, matters",5
43831,professor,M,0,professor,0.9993,0.9987,0.0006,"undergraduate, ph, major, master¹s, phd",5
30012,dentist,M,8,dentist,0.9981,0.3456,0.6525,"dentists, dn19353, 78, florida, medical",5
56328,physician,M,1,physician,0.8978,0.1644,0.7334,"medicine, certified, physical, rehabilitation, examiner",5
29403,professor,F,0,professor,0.9931,0.9763,0.0168,"oncoplastic, also, she, cerrahpasa, is",5
95197,photographer,M,3,photographer,0.9928,0.9926,0.0002,"photographs, photographs, where, from, national",5
89401,professor,M,0,professor,0.9994,0.9995,-0.0001,"university, author, studies, ortiz, taught",5
51435,professor,M,0,professor,0.9994,0.9989,0.0005,"mit, primary, research, phenomenological, 2001",5
52937,psychologist,M,6,psychologist,0.9987,0.9949,0.0038,"depression, following, stress, management, expertise",5
29236,professor,M,0,professor,0.9997,0.0443,0.9553,"faculty, specializes, university, prior, undergraduates",5
34825,dentist,M,8,dentist,0.9885,0.8359,0.1526,"practising, lybrate, he, com, at",5
78327,attorney,M,2,attorney,0.9905,0.1035,0.887,"school, soccer, law, university, chicago",5
93723,professor,M,0,professor,0.9959,0.9969,-0.0009,"research, british, interest, he, has",5
75691,professor,M,0,professor,0.9604,0.6069,0.3535,"doctoral, 2005, his, directs, faculty",5
92636,physician,F,1,physician,0.9991,0.9983,0.0008,"medicine, medicine, medicine, kuang, clementi",5
31199,dentist,F,8,dentist,0.9987,0.9924,0.0063,"dentistry, maxillofacial, specialties, dr, and",5
38464,teacher,F,7,teacher,0.8874,0.3404,0.547,"educators, nysape, early, education, board",5
50763,software engineer,M,15,software engineer,0.9728,0.8087,0.1641,"dbus, projects, bluetooth, kernel, hacking",5
18312,physician,F,1,physician,0.5293,0.4503,0.0791,"practice, 1255510053, ms, years, location",5
71970,professor,M,0,professor,0.9877,0.4302,0.5575,"research, evaluating, interventions, research, his",5
78380,professor,M,0,professor,0.5883,0.6557,-0.0674,"genomics, currently, pine, problems, improvement",5
60161,journalist,F,4,journalist,0.999,0.9976,0.0014,"journalism, school, moscow, state, civic",5
82402,professor,M,0,professor,0.9978,0.9911,0.0068,"ph, novosibirsk, adenoviral, dr, academic",5
14691,poet,M,13,poet,0.9536,0.0464,0.9071,"poems, 20x20, he, poetry, released",5
91561,professor,F,0,professor,0.6762,0.8873,-0.2112,"doctorate, earned, physics, publications, passionate",5
6664,photographer,M,3,photographer,0.9956,0.9397,0.0559,"documents, sites, of, organically, inhabited",5
13852,professor,F,0,professor,0.9996,0.9988,0.0008,"phd, published, wisconsin, research, industrial",5
84153,psychologist,F,6,psychologist,0.9984,0.0038,0.9946,"psychotherapy, counselling, transactional, integrative, towards",5
52651,journalist,M,4,journalist,0.9905,0.0383,0.9522,"news, ophthalmic, also, as, is",5
22417,professor,M,0,professor,0.9997,0.9997,0.0,"research, journals, main, phd, economics",5
84895,professor,F,0,professor,0.9867,0.919,0.0677,"fellowship, ph, doctoral, behavior, her",5
11717,attorney,M,2,attorney,0.9994,0.997,0.0024,"firm, texas, law, clients, accidents",5
59641,nurse,F,5,nurse,0.9922,0.0419,0.9503,"nursing, the, at, she, health",5
52246,professor,M,0,professor,0.9941,0.6769,0.3172,"scientific, focuses, research, machine, his",5
94896,surgeon,M,9,surgeon,0.4922,0.9698,-0.4776,"otolaryngology, surgery, medical, board, reconstructive",5
39234,professor,F,0,professor,0.9936,0.9202,0.0734,"edu, director, stereotype, the, she",5
78969,teacher,F,7,teacher,0.7768,0.9374,-0.1606,"teacher, teachers, course, college, instructor",5
86259,teacher,F,7,teacher,0.8064,0.0275,0.7789,"schools, includes, children, prisoners, imprisoned",5
85634,architect,M,10,architect,0.9976,0.0283,0.9693,"architecture, architecture, advanced, ricardo, the",5
82926,professor,F,0,professor,0.9954,0.9813,0.0141,"dr, oncology, focuses, newman, chair",5
32501,professor,F,0,professor,0.9997,0.9985,0.0012,"teaches, courses, research, focuses, in",5
34205,poet,F,13,poet,0.9879,0.9883,-0.0004,"poet, poetry, poetry, masters, poetry",5
65797,journalist,M,4,journalist,0.9768,0.075,0.9018,"tunisian, covered, bahraini, news, award",5
58689,photographer,M,3,photographer,0.996,0.0222,0.9739,"camera, photography, images, bloody, of",5
86967,journalist,M,4,journalist,0.9956,0.9769,0.0187,"editor, bbc, news, correspondent, decade",5
86329,physician,F,1,physician,0.7423,0.4873,0.255,"california, license, berkeley, practices, 1003008780",5
26151,professor,F,0,professor,0.9977,0.8603,0.1374,"received, phd, she, dissertation, university",5
60167,nurse,F,5,nurse,0.9997,0.7297,0.27,"nurse, graduated, practitioner, honors, 1985",5
25483,teacher,M,7,teacher,0.833,0.2019,0.6312,"erich, puzzles, puzzles, on, has",5
23270,nurse,F,5,nurse,0.9803,0.2771,0.7032,"nurse, nurses, australia, michelle, registered",5
52297,physician,M,1,physician,0.9998,0.901,0.0988,"medicine, practices, orthopaedic, dasnoit, specializes",5
6860,nurse,F,5,nurse,0.9997,0.9764,0.0233,"nurse, practitioner, 2013, honors, experiences",5
199,professor,F,0,professor,0.9983,0.9697,0.0286,"research, examines, sciences, editorial, applied",5
76157,photographer,F,3,photographer,0.9781,0.0007,0.9773,"photo, photo, projects, put, many",5
7540,professor,F,0,professor,0.9987,0.9961,0.0026,"published, stanford, research, press, diaspora",5
3207,physician,M,1,physician,0.9936,0.9844,0.0092,"medical, expertise, physician, school, medical",5
38122,physician,M,1,physician,0.9998,0.9042,0.0957,"medicine, monteleone, practices, dermatology, specializes",5
53129,nurse,M,5,nurse,0.9887,0.0098,0.9789,"nurses, and, healthcare, bgs, professionals",5
72555,professor,M,0,professor,0.9998,0.9997,0.0001,"faculty, the, the, prior, at",5
72583,architect,M,10,architect,0.9454,0.9916,-0.0463,"computing, cloud, computing, computer, foundation",5
79884,physician,F,1,physician,0.9998,0.9325,0.0674,"medicine, practices, pediatrics, in, specializes",5
76575,teacher,M,7,teacher,0.916,0.2279,0.6881,"the, meetings, midschoolmath, nctm, at",5
83665,attorney,F,2,attorney,0.9996,0.9983,0.0013,"clients, legal, litigation, law, firm",5
10587,composer,F,17,composer,0.9949,0.942,0.0529,"compositions, conduct, conducting, have, performed",5
47866,nurse,F,5,nurse,0.9997,0.7991,0.2006,"nurse, graduated, practitioner, 1996, honors",5
313,professor,M,0,professor,0.9998,0.9994,0.0004,"redmond, strahlenchemie, dr, bsc, phd",5
87658,model,F,12,model,0.3638,0.0456,0.3182,"credited, she, in, left, remained",5
527,professor,F,0,professor,0.9995,0.9958,0.0037,"earned, phd, university, kinesiology, she",5
27434,professor,F,0,professor,0.9997,0.9996,0.0001,"research, sociology, primary, ethnographic, book",5
10082,professor,F,0,professor,0.9791,0.9127,0.0664,"biology, davila, helicobacter, she, ph",5
75175,physician,M,1,physician,0.9996,0.9922,0.0074,"degree, medical, medicine, medical, practicing",5
86883,dentist,M,8,dentist,0.6165,0.6729,-0.0564,"dr, patients, choice, medical, bergman",5
70995,professor,F,0,professor,0.9701,0.049,0.9211,"focuses, alcohol, related, research, alabama",5
37066,attorney,M,2,attorney,0.9994,0.5391,0.4603,"association, bar, the, posts, president",5
75949,teacher,M,7,teacher,0.999,0.0366,0.9624,"teacher, students, teaching, style, earned",5
78990,architect,M,10,architect,0.6195,0.0261,0.5934,"efficient, solutions, provide, webassembly, secure",5
82304,dentist,M,8,dentist,0.9343,0.4094,0.5249,"currently, dr, associated, appointment, dr",5
5058,professor,M,0,professor,0.9998,0.9994,0.0004,"scholarly, research, journals, primary, award",5
57502,psychologist,F,6,psychologist,0.3777,0.216,0.1617,"take, diagnosis, found, use, fathers",5
41823,model,F,12,model,0.9959,0.1476,0.8483,"playboy, playmate, appeared, selected, be",5
28206,attorney,F,2,attorney,0.9981,0.9987,-0.0007,"law, counsel, bachelor, college, llc",5
39579,professor,F,0,professor,0.9995,0.9992,0.0002,"research, studies, scholarship, acuff, chair",5
69270,physician,M,1,physician,0.9829,0.786,0.1969,"medical, school, education, school, medicine",5
61835,professor,F,0,professor,0.9998,0.9997,0.0001,"meteorologist, studies, research, works, 1994",5
62639,journalist,M,4,journalist,0.9959,0.1449,0.851,"professor, journalist, journalism, currently, assistant",5
93365,professor,M,0,professor,0.9993,0.9976,0.0017,"research, journal, appeared, cities, studies",5
16315,professor,F,0,professor,0.9946,0.9949,-0.0003,"law, she, cambridge, history, had",5
57070,professor,F,0,professor,0.9994,0.998,0.0013,"teaches, she, symposium, information, for",5
57612,professor,F,0,professor,0.9995,0.9988,0.0006,"research, focuses, reading, her, on",5
47862,photographer,F,3,photographer,0.9946,0.0342,0.9604,"photographs, photography, time, interests, reflect",5
5869,professor,M,0,professor,0.9996,0.4818,0.5178,"phd, brook, year, researcher, computer",5
79826,photographer,M,3,photographer,0.997,0.9387,0.0583,"photography, camera, lens, passion, sports",5
16505,professor,F,0,professor,0.9995,0.9974,0.0021,"palgrave, published, essays, 9780230109551look, she",5
55992,professor,M,0,professor,0.958,0.1085,0.8496,"editorial, economics, cerm, member, italian",5
39707,nurse,F,5,nurse,0.8034,0.3668,0.4367,"helping, team, doing, joining, aquatic",5
82386,architect,F,10,architect,0.9943,0.0024,0.9919,"architects, architectural, board, the, of",5
31942,dentist,F,8,dentist,0.9293,0.1794,0.75,"dental, dental, bds, dr, preeti",5
14518,photographer,F,3,photographer,0.9987,0.9748,0.0239,"photography, shoot, ballet, combining, series",5
6952,professor,M,0,professor,0.9958,0.9169,0.0789,"algorithms, research, 2003, carnegie, obtained",5
29369,professor,F,0,professor,0.9985,0.998,0.0005,"academia, she, undergrad, 2009, member",5
56991,professor,F,0,professor,0.9993,0.9195,0.0798,"examines, phd, work, ethnic, disparities",5
45248,psychologist,M,6,psychologist,0.9399,0.9521,-0.0122,"psychology, interests, mindfulness, stigma, his",5
44868,physician,M,1,physician,0.9901,0.9477,0.0424,"physician, 1255366696, professional, utah, 5349062",5
89093,professor,M,0,professor,0.793,0.0761,0.7169,"review, harper, eloquence, is, books",5
91091,professor,M,0,professor,0.9932,0.3981,0.5951,"scholarship, focuses, studies, his, education",5
27303,attorney,F,2,attorney,0.9994,0.9864,0.013,"representing, courts, trucking, kentucky, cases",5
53371,professor,M,0,professor,0.9991,0.9988,0.0004,"phd, economics, research, the, determinants",5
26474,surgeon,M,9,surgeon,0.9967,0.9951,0.0016,"surgeries, invasive, performed, dr, minimally",5
40556,professor,M,0,professor,0.9981,0.9973,0.0007,"physicist, he, professor, particle, collider",5
56089,nurse,F,5,nurse,0.9914,0.6546,0.3367,"nurse, nurse, staff, nurse, years",5
47268,attorney,F,2,attorney,0.9952,0.5233,0.4719,"represents, cases, she, domestic, survivors",5
89046,psychologist,F,6,psychologist,0.9994,0.0311,0.9683,"psychologist, in, experiences, erin, book",5
40636,professor,F,0,professor,0.9985,0.9976,0.0008,"creative, phd, she, earned, teaches",5
4183,journalist,F,4,journalist,0.9823,0.9839,-0.0016,"writer, writing, publications, times, msnbc",5
74029,professor,M,0,professor,0.9984,0.9943,0.0041,"environmental, history, research, activehistory, consequences",5
36066,journalist,M,4,journalist,0.9969,0.9826,0.0143,"covered, variety, sports, authored, news",5
14092,professor,M,0,professor,0.9898,0.2944,0.6954,"disproportionate, research, include, interests, doctorate",5
5715,painter,M,11,painter,0.9946,0.9874,0.0071,"paintings, exhibitions, paintings, new, shown",5
33429,professor,M,0,professor,0.9932,0.8415,0.1517,"tehran, ph, university, linguistics, his",5
67912,physician,M,1,physician,0.9892,0.99,-0.0008,"dr, clinical, parkinson, interests, training",5
2076,professor,F,0,professor,0.8392,0.2693,0.5698,"narrative, published, education, interested, methodology",5
24607,filmmaker,M,14,filmmaker,0.9962,0.9135,0.0827,"films, bafta, film, screened, animation",5
68747,attorney,M,2,attorney,0.9997,0.9996,0.0001,"attorney, criminal, attorney, utah, attorney",5
35881,dentist,F,8,dentist,0.988,0.5742,0.4138,"associated, dr, sandhya, kandivali, clinic",5
52567,photographer,F,3,photographer,0.9959,0.7293,0.2666,"photographing, photography, practising, art, stunning",5
77797,professor,F,0,professor,0.9323,0.9135,0.0187,"immunotherapy, immunotherapy, has, lymphoid, nih",5
88595,professor,F,0,professor,0.9886,0.9862,0.0024,"graduated, cardiology, medicine, cardiology, completed",5
86494,psychologist,F,6,psychologist,0.9994,0.0024,0.997,"psychologist, in, experiences, doctors, especially",5
90729,professor,M,0,professor,0.9996,0.9994,0.0002,"ph, research, interests, publications, studies",5
22308,journalist,F,4,journalist,0.9841,0.9383,0.0458,"organisations, works, feminist, in, masters",5
93139,attorney,F,2,attorney,0.9998,0.9997,0.0001,"counsel, litigation, litigation, focuses, law",5
94587,professor,M,0,professor,0.9911,0.9856,0.0055,"author, studies, the, memory, bernard",5
44329,nurse,F,5,nurse,0.9997,0.4031,0.5966,"nurse, practitioner, experiences, graduated, she",5
28268,filmmaker,M,14,filmmaker,0.986,0.8026,0.1834,"film, debut, has, directed, award",5
36863,psychologist,F,6,psychologist,0.9927,0.9543,0.0384,"psychology, clinical, psychology, doctorate, from",5
21705,professor,F,0,professor,0.6565,0.1543,0.5022,"programs, also, uplift, she, is",5
23419,photographer,M,3,photographer,0.995,0.6725,0.3225,"photography, photography, photos, photography, with",5
12822,professor,F,0,professor,0.8188,0.3914,0.4273,"phd, receiving, before, 1992, at",5
76369,professor,M,0,professor,0.7851,0.5827,0.2024,"publication, education, research, his, linguistics",5
90580,professor,F,0,professor,0.9945,0.8817,0.1128,"based, book, her, ashgate, dissertation",5
12023,dietitian,F,18,dietitian,0.9984,0.8874,0.111,"nutrition, healthlinkbc, provides, nutrition, where",5
36518,physician,M,1,physician,0.9997,0.9578,0.0419,"md, 1588633150, alaska, credentials, professional",5
88947,attorney,F,2,attorney,0.9925,0.0116,0.9809,"rights, criminal, law, legal, practices",5
32260,professor,M,0,professor,0.9998,0.9993,0.0005,"research, criminology, sociology, phd, robinson",5
60193,journalist,F,4,journalist,0.4379,0.0966,0.3413,"challenges, moldova, many, perpetrators, in",5
76809,professor,M,0,professor,0.9078,0.831,0.0767,"research, epidemiology, specializes, burn, interests",5
56521,attorney,F,2,attorney,0.9985,0.997,0.0015,"degree, practicing, earn, jodie, mom",5
53363,professor,M,0,professor,0.9994,0.9991,0.0003,"biomedical, ph, anesthesiology, neuroscience, the",5
76667,dentist,M,8,dentist,0.9849,0.9783,0.0066,"patients, carriers, his, highly, he",5
71468,comedian,M,19,comedian,0.9968,0.9547,0.0421,"comedians, comedy, reviewed, stand, best",5
93003,physician,F,1,physician,0.9712,0.0113,0.9599,"medicine, physician, lead, academic, department",5
26758,psychologist,M,6,psychologist,0.5841,0.4952,0.0889,"the, respected, anxiety, dr, disorders",5
33632,nurse,F,5,nurse,0.9997,0.9476,0.0521,"nurse, practitioner, honors, experiences, she",5
21267,physician,F,1,physician,0.9999,0.91,0.0899,"medicine, medicine, oxnard, practices, family",5
17139,physician,F,1,physician,0.9998,0.7515,0.2483,"medicine, practices, stanford, in, ms",5
91255,filmmaker,M,14,filmmaker,0.9952,0.827,0.1682,"documentaries, producing, feature, films, short",5
4016,comedian,M,19,comedian,0.5124,0.1522,0.3603,"his, of, and, 2017, sargi",5
83781,filmmaker,M,14,filmmaker,0.9978,0.9957,0.0021,"filmmaking, filmmakers, film, uk, production",5
60744,journalist,M,4,journalist,0.9987,0.1764,0.8223,"journalism, reporter, writer, news, univision",5
6281,surgeon,M,9,surgeon,0.999,0.9441,0.0549,"currently, pletcher, practice, medical, practices",5
41214,professor,F,0,professor,0.8037,0.0918,0.7118,"academy, legal, department, religion, she",5
33498,surgeon,M,9,surgeon,0.999,0.994,0.005,"medicine, dentistry, practice, currently, practices",5
88467,professor,F,0,professor,0.9994,0.9987,0.0007,"phd, research, college, department, journal",5
17392,professor,F,0,professor,0.9991,0.9982,0.0009,"palgrave, teaching, scholarship, author, religion",5
23666,nurse,F,5,nurse,0.9989,0.9986,0.0003,"nursing, in, science, bachelor, from",5
94907,filmmaker,M,14,filmmaker,0.8951,0.0066,0.8885,"video, film, and, freelance, feature",5
365,teacher,M,7,teacher,0.4103,0.0259,0.3844,"texts, samadhi, journals, magazines, anthologies",5
83624,dentist,M,8,dentist,0.9982,0.0951,0.9031,"prosthodontics, his, specialties, dr, of",5
46796,professor,M,0,professor,0.9969,0.0397,0.9572,"research, his, ph, interests, include",5
92257,attorney,M,2,attorney,0.9952,0.9737,0.0215,"dermot, law, firm, skadden, school",5
49539,dentist,M,8,dentist,0.9987,0.9944,0.0043,"dentistry, dr, specialties, maxillofacial, his",5
90617,photographer,M,3,photographer,0.9948,0.962,0.0328,"photography, uses, understand, to, currently",5
32341,physician,F,1,physician,0.9998,0.619,0.3808,"medicine, dermatology, medical, tuomey, practices",5
42652,attorney,M,2,attorney,0.9998,0.9997,0.0,"practice, legal, trademarks, defending, courtrooms",5
26638,physician,M,1,physician,0.9969,0.9756,0.0213,"physician, general, dr, dr, individuals",5
65490,physician,M,1,physician,0.9975,0.0032,0.9943,"professor, medicine, harvard, internal, assistant",5
69683,professor,M,0,professor,0.9991,0.9978,0.0012,"expert, argument, research, the, author",5
64609,professor,M,0,professor,0.9983,0.9064,0.0919,"teaches, capstone, professor, until, in",5
6886,professor,F,0,professor,0.9539,0.6329,0.321,"research, her, cognitive, interests, include",5
54290,photographer,F,3,photographer,0.9881,0.0144,0.9736,"photography, collapsed, her, vocational, business",5
2509,photographer,M,3,photographer,0.9986,0.9985,0.0001,"photographer, photographs, based, city, be",5
90074,physician,M,1,physician,0.9151,0.8292,0.086,"school, obtained, training, his, clinical",5
51522,professor,M,0,professor,0.9979,0.9617,0.0362,"phd, research, editorial, journals, information",5
5242,attorney,M,2,attorney,0.9995,0.9967,0.0028,"attorney, bono, an, graduated, law",5
89223,professor,M,0,professor,0.9504,0.302,0.6485,"he, said, report, science, aap",5
59158,professor,M,0,professor,0.9997,0.9995,0.0002,"research, current, ieee, focus, database",5
52230,composer,M,17,composer,0.9982,0.0125,0.9857,"composer, music, to, cannes, residence",5
46126,photographer,F,3,photographer,0.998,0.8317,0.1663,"photographs, photokina, com, photography, photomonitor",5
69355,photographer,M,3,photographer,0.9985,0.9954,0.0031,"photography, photography, cameraman, motion, shoots",5
2788,photographer,F,3,photographer,0.9504,0.8677,0.0827,"photographs, is, kimbra, her, an",5
51786,psychologist,F,6,psychologist,0.9994,0.0116,0.9878,"psychologist, clinical, jean, experiences, school",5
77215,photographer,F,3,photographer,0.9973,0.0549,0.9424,"photography, photography, bfa, her, project",5
11549,photographer,F,3,photographer,0.9972,0.9086,0.0886,"photography, shoots, photography, photography, parisi",5
51662,professor,M,0,professor,0.9998,0.9998,0.0,"ph, economics, university, economics, chicago",5
92899,physician,M,1,physician,0.9578,0.7528,0.205,"medicine, at, hmo, studied, winkle",5
24261,nurse,M,5,nurse,0.9997,0.0035,0.9962,"nurse, experiences, practitioner, graduated, honors",5
52753,professor,F,0,professor,0.9995,0.945,0.0545,"previously, california, research, policy, university",5
6013,photographer,M,3,photographer,0.993,0.8795,0.1135,"visual, passion, mark, search, style",5
21442,professor,M,0,professor,0.9997,0.9993,0.0004,"phd, research, science, systems, articles",5
28480,teacher,M,7,teacher,0.9782,0.2641,0.7141,"teaching, teachers, students, coordinator, over",5
11359,attorney,F,2,attorney,0.9998,0.9852,0.0146,"represents, she, held, individual, matters",5
6551,professor,M,0,professor,0.9993,0.9975,0.0018,"ph, award, kharagpur, degree, 2007",5
21851,architect,M,10,architect,0.8526,0.8965,-0.0439,"technical, developers, company, technical, evangelist",5
13697,professor,F,0,professor,0.9324,0.6399,0.2925,"appointments, her, clinical, endocrinology, densitometrist",5
93111,professor,F,0,professor,0.9978,0.2028,0.795,"education, counselor, ph, earned, her",5
8842,professor,M,0,professor,0.9981,0.9892,0.0089,"research, year, there, committee, and",5
90522,psychologist,M,6,psychologist,0.9993,0.0422,0.9572,"psychologist, psychological, experiences, in, clinical",5
36900,dietitian,F,18,dietitian,0.9986,0.015,0.9835,"dietitian, nutrition, registered, 1998, experiences",5
36808,physician,F,1,physician,0.9996,0.995,0.0046,"md, 1497048672, professional, montebello, california",5
32143,nurse,F,5,nurse,0.9997,0.6587,0.341,"nurse, practitioner, experiences, cooperates, 2015",5
91070,attorney,M,2,attorney,0.9997,0.9994,0.0002,"firm, law, firm, law, law",5
40409,professor,M,0,professor,0.5101,0.0083,0.5018,"krassovski, oceanographic, is, implemented, the",5
72554,nurse,F,5,nurse,0.9959,0.9954,0.0005,"she, practices, anchorage, professional, alaska",5
71862,professor,M,0,professor,0.9999,0.9997,0.0002,"academic, grants, research, career, focuses",5
70410,journalist,F,4,journalist,0.9836,0.044,0.9396,"journalism, fellowships, aru, supported, geosciences",5
51306,photographer,F,3,photographer,0.4956,0.6663,-0.1707,"communications, heads, about, professor, two",5
89998,professor,M,0,professor,0.9999,0.9998,0.0001,"university, professor, prior, postdoctoral, research",5
60351,surgeon,M,9,surgeon,0.9988,0.0941,0.9047,"dr, practice, cristini, he, residency",5
48840,professor,F,0,professor,0.9996,0.9977,0.0019,"department, 2013, texas, ph, university",5
23239,psychologist,M,6,psychologist,0.9795,0.9017,0.0778,"neuropsychological, adolescence, theories, learning, children",5
8846,professor,F,0,professor,0.9876,0.9949,-0.0072,"author, contributor, active, been, american",5
75434,teacher,F,7,teacher,0.7643,0.8251,-0.0608,"ordained, path, an, interfaith, awareness",5
38657,professor,M,0,professor,0.9996,0.8326,0.1671,"lab, focuses, his, understanding, scholar",5
53116,dietitian,F,18,dietitian,0.9969,0.7594,0.2375,"nutrition, diets, diets, pregnancy, nutritional",5
12684,teacher,F,7,teacher,0.8095,0.6942,0.1153,"writing, been, she, dance, study",5
10473,physician,F,1,physician,0.9998,0.8127,0.1872,"medicine, practices, zamora, in, medical",5
58717,physician,M,1,physician,0.9253,0.8572,0.068,"dr, medicine, vora, hospital, problems",5
24191,professor,F,0,professor,0.9544,0.9651,-0.0107,"director, postdoctoral, scholar, ucsf, phd",5
17997,journalist,F,4,journalist,0.9977,0.9979,-0.0002,"correspondent, agence, editor, newspapers, hurriyet",5
4740,nurse,M,5,nurse,0.9531,0.0061,0.9471,"nurse, nursing, nursing, family, practitioner",5
86810,nurse,F,5,nurse,0.8367,0.0019,0.8348,"nursing, nursing, degrees, her, nurse",5
29741,professor,F,0,professor,0.9928,0.9862,0.0066,"methods, research, she, she, focused",5
92639,professor,F,0,professor,0.9992,0.9991,0.0,"research, narratology, interests, film, include",5
82485,surgeon,M,9,surgeon,0.8712,0.5021,0.3691,"dr, challenges, matheson, wellington, kidney",5
55751,composer,M,17,composer,0.9947,0.0025,0.9922,"score, film, electropop, anvil, uk",5
39398,attorney,M,2,attorney,0.9997,0.9998,-0.0,"litigation, law, matters, investigates, fairhaven",5
52336,nurse,F,5,nurse,0.497,0.1052,0.3919,"and, someone, record, partner, her",5
6314,psychologist,F,6,psychologist,0.7362,0.3248,0.4114,"for, approaches, and, organisational, brighton",5
84578,photographer,F,3,photographer,0.6727,0.4059,0.2668,"archaeology, documenting, art, worked, artefacts",5
76345,professor,M,0,professor,0.9968,0.162,0.8348,"his, involves, project, faculty, colleagues",5
62658,photographer,M,3,photographer,0.8091,0.4321,0.3771,"his, misty, landscapes, be, nature",5
91491,photographer,F,3,photographer,0.8108,0.96,-0.1492,"trees, watches, wildflowers, of, noting",5
84097,professor,M,0,professor,0.9972,0.027,0.9701,"leadership, graduate, research, is, heads",5
85047,architect,M,10,architect,0.9965,0.9863,0.0103,"architect, architects, diploma, designed, gained",5
68131,physician,F,1,physician,0.9998,0.8636,0.1362,"medicine, gastroenterology, hilal, practices, maitland",5
27881,professor,M,0,professor,0.9977,0.9941,0.0036,"researching, signal, has, practicing, processing",5
68489,journalist,F,4,journalist,0.996,0.0038,0.9922,"writing, pop, about, writing, after",5
33093,teacher,M,7,teacher,0.2602,0.2009,0.0593,"relationship, relationships, hearted, man, girlfriends",5
84896,dentist,M,8,dentist,0.9548,0.96,-0.0052,"dental, prashant, dental, bds, indian",5
88437,photographer,M,3,photographer,0.9497,0.0002,0.9496,"photography, communication, both, and, artists",5
65579,surgeon,M,9,surgeon,0.7568,0.1503,0.6065,"medical, medical, dr, graduated, texas",5
50563,physician,F,1,physician,0.9994,0.8202,0.1792,"physician, especially, she, osteopathic, experiences",5
46302,dentist,F,8,dentist,0.9778,0.0047,0.9731,"dental, owning, her, she, practice",5
15309,attorney,M,2,attorney,0.9538,0.8946,0.0592,"businesses, has, deductible, owners, business",5
22867,professor,F,0,professor,0.9985,0.9909,0.0076,"phd, wiersma, career, at, ba",5
62621,psychologist,F,6,psychologist,0.9987,0.9984,0.0003,"mental, adolescents, adults, addressing, psychodynamic",5
15452,composer,M,17,composer,0.9964,0.9878,0.0085,"music, composition, conservatoire, studying, fugue",5
51695,professor,F,0,professor,0.999,0.9961,0.0029,"research, faculty, primary, epidemiology, 2007",5
94756,photographer,M,3,photographer,0.9077,0.8397,0.0679,"show, for, upcoming, realized, series",5
57456,photographer,M,3,photographer,0.9883,0.3888,0.5995,"takes, also, producing, taking, photos",5
59259,professor,M,0,professor,0.9971,0.9544,0.0426,"ph, research, received, interests, computer",5
23455,professor,F,0,professor,0.9995,0.9799,0.0196,"research, her, centers, mardis, on",5
13699,professor,M,0,professor,0.9996,0.8885,0.1111,"doctoral, faculty, 2004, business, relations",5
38984,architect,M,10,architect,0.3692,0.1958,0.1734,"thejournal, space, can, thing, that",5
86605,professor,M,0,professor,0.9997,0.9979,0.0017,"papers, research, published, lies, international",5
38637,attorney,F,2,attorney,0.9998,0.9997,0.0,"firm, services, juris, she, llp",5
18779,photographer,M,3,photographer,0.9604,0.7611,0.1994,"national, portrait, his, and, museums",5
85658,dentist,M,8,dentist,0.9978,0.0028,0.9951,"licence, 1124280466, dr, professional, of",5
10208,psychologist,F,6,psychologist,0.9989,0.9975,0.0014,"psychology, clinical, help, degree, psychological",5
66909,accountant,F,16,accountant,0.9534,0.0126,0.9407,"financial, families, families, understands, ends",5
68771,dentist,F,8,dentist,0.962,0.1298,0.8321,"dental, clinic, kawatra, bds, dr",5
36766,attorney,F,2,attorney,0.9858,0.9645,0.0213,"planning, use, olson, wisconsin, counties",5
76580,professor,M,0,professor,0.9995,0.9995,-0.0,"phd, his, applied, journals, mathematics",5
13838,model,F,12,model,0.9995,0.7407,0.2588,"freeones, gallery, 3971th, she, born",5
9735,physician,M,1,physician,0.9997,0.9997,0.0,"md00024073, washington, professional, credentials, dr",5
51513,professor,M,0,professor,0.585,0.0246,0.5604,"he, oncological, other, he, rica",5
63979,physician,M,1,physician,0.9585,0.2367,0.7218,"graduate, medical, medicine, of, hospital",5
25862,physician,F,1,physician,0.9998,0.8102,0.1896,"medicine, practices, nephrology, in, ms",5
57974,surgeon,M,9,surgeon,0.9433,0.9935,-0.0502,"arthroplasty, patellofemoral, arthroplasty, extremity, surgery",5
38603,professor,F,0,professor,0.9906,0.9963,-0.0058,"dr, smith, evaluation, maltreatment, has",5
49942,professor,M,0,professor,0.9998,0.9997,0.0,"faculty, postdoctoral, laurea, in, 1997",5
65346,software engineer,M,15,software engineer,0.9834,0.9774,0.0059,"performance, machine, high, focus, received",5
82854,dentist,M,8,dentist,0.9975,0.8183,0.1791,"dentist, dental, dental, dr, bds",5
33142,professor,M,0,professor,0.9987,0.9149,0.0838,"ph, software, specializes, engineering, sweden",5
50356,filmmaker,F,14,filmmaker,0.9951,0.9943,0.0008,"documentary, film, filmmaker, film, sundance",5
14592,attorney,F,2,attorney,0.9969,0.6086,0.3883,"legal, and, seminar, directors, worked",5
93860,professor,F,0,professor,0.9996,0.999,0.0006,"romanticism, author, literature, project, working",5
67756,psychologist,M,6,psychologist,0.9989,0.9613,0.0376,"therapy, dr, depression, anxiety, therapy",5
4394,journalist,M,4,journalist,0.9885,0.7838,0.2047,"from, hosts, newspaper, radio, writes",5
64038,physician,F,1,physician,0.9965,0.6105,0.386,"physicians, medical, graduate, kasturba, college",5
78385,attorney,M,2,attorney,0.9995,0.9987,0.0008,"legal, florida, practicing, career, interpersonal",5
79403,attorney,M,2,attorney,0.9998,0.9998,-0.0,"matters, appeals, firm, clients, parekh",5
90392,journalist,F,4,journalist,0.3725,0.3596,0.0129,"her, unfair, samoa, for, because",5
17588,professor,F,0,professor,0.9997,0.9996,0.0001,"harjusola, interests, research, ph, include",5
24140,nurse,F,5,nurse,0.9995,0.7899,0.2096,"nurse, nursing, pediatric, community, prior",5
14646,physician,M,1,physician,0.9998,0.6451,0.3547,"medicine, orthopaedic, practices, specializes, in",5
17841,photographer,F,3,photographer,0.9987,0.9977,0.001,"photographic, photography, photographer, posing, colour",5
65415,professor,M,0,professor,0.9998,0.9986,0.0012,"demographer, strong, funding, research, he",5
58919,professor,F,0,professor,0.9996,0.9993,0.0002,"she, expertise, inservice, issues, mathematics",5
42060,physician,F,1,physician,0.9998,0.9971,0.0027,"medicine, medical, center, specializes, in",5
83381,professor,M,0,professor,0.9993,0.998,0.0014,"area, is, his, of, scientifically",5
16917,physician,F,1,physician,0.9834,0.0963,0.8871,"assistant, physician, she, physiology, completed",5
79689,professor,M,0,professor,0.9997,0.9994,0.0002,"research, cornell, university, ph, interests",5
28718,psychologist,M,6,psychologist,0.9274,0.1069,0.8205,"sister, come, counsel, ruth, psychiatric",5
73209,professor,F,0,professor,0.9995,0.3014,0.6981,"canadian, researches, she, modernity, history",5
17265,physician,M,1,physician,0.9823,0.4,0.5823,"medicine, emergency, management, authority, credits™",5
55102,architect,M,10,architect,0.9959,0.0067,0.9892,"architecture, design, of, parametric, architectural",5
556,professor,M,0,professor,0.9998,0.9996,0.0002,"scholar, ph, stanford, research, university",5
24634,professor,F,0,professor,0.9996,0.9992,0.0004,"research, ph, interests, stanford, university",5
27305,journalist,M,4,journalist,0.8919,0.029,0.8629,"publish, book, runners, challenges, himself",5
11784,physician,M,1,physician,0.9964,0.9701,0.0263,"attended, wright, smolak, at, his",5
659,physician,M,1,physician,0.5413,0.3193,0.222,"practices, association, dr, swelling, clinic",5
7190,physician,M,1,physician,0.987,0.9142,0.0728,"graduate, volk, medicine, osteopathic, dr",5
24430,journalist,M,4,journalist,0.957,0.863,0.094,"student, net, creativity, work, 2008",5
17726,attorney,M,2,attorney,0.9996,0.937,0.0627,"legal, advisor, unions, michael, 2011",5
7550,professor,M,0,professor,0.9998,0.997,0.0028,"courses, research, teaches, political, doctoral",5
25200,attorney,M,2,attorney,0.9278,0.0609,0.8669,"trial, jury, hyperbolic, of, 2001",5
15166,attorney,M,2,attorney,0.9984,0.9792,0.0192,"year, says, eviction, he, eviction",5
95147,professor,F,0,professor,0.9998,0.9997,0.0001,"prof, huie, huie, research, includes",5
81678,surgeon,F,9,surgeon,0.6349,0.1006,0.5343,"practices, dr, mbbs, medical, ganesh",5
81212,physician,F,1,physician,0.9972,0.8946,0.1026,"medicine, medical, residency, physicians, medicare",5
79306,photographer,M,3,photographer,0.9983,0.9616,0.0368,"photography, lens, subject, portraits, climbing",5
3546,composer,F,17,composer,0.9972,0.9628,0.0344,"scores, music, ambient, discography, sound",5
52495,photographer,M,3,photographer,0.9776,0.3841,0.5935,"camera, work, captures, dslr, has",5
53791,professor,F,0,professor,0.9996,0.9989,0.0007,"book, publications, race, racial, imaging",5
81987,professor,F,0,professor,0.4111,0.0528,0.3583,"accompanied, diab, she, establishing, was",5
22627,professor,M,0,professor,0.9995,0.9595,0.04,"research, receiving, editor, ph, spans",5
29398,professor,M,0,professor,0.9998,0.9998,0.0001,"phd, served, research, professor, publications",5
10165,professor,M,0,professor,0.9964,0.9923,0.0041,"elkouss, ph, paristech, dissertation, ph",5
28947,physician,F,1,physician,0.9998,0.9705,0.0293,"buenviaje, medicine, practices, in, hematology",5
6696,poet,M,13,poet,0.6899,0.598,0.0919,"published, cultural, oxford, song, ascent",5
5053,architect,M,10,architect,0.9895,0.3794,0.6101,"design, bruxelles, influenced, practice, exhibition",5
35842,professor,F,0,professor,0.9992,0.9909,0.0083,"completed, she, currently, ethnographic, ph",5
31623,physician,M,1,physician,0.9997,0.9995,0.0002,"1316965692, professional, alaska, credentials, license",5
40083,professor,M,0,professor,0.9997,0.9982,0.0015,"phd, undergraduate, civil, received, degree",5
19737,journalist,F,4,journalist,0.9982,0.8895,0.1087,"articles, appeared, her, wired, post",5
75878,architect,M,10,architect,0.9884,0.4565,0.5319,"architecture, architecture, studied, of, architecture",5
23744,professor,F,0,professor,0.4283,0.0371,0.3912,"publications, she, law, ackermann, american",5
70198,physician,F,1,physician,0.9978,0.9967,0.0012,"medicine, expertise, dr, hospital, clinic",5
22714,professor,F,0,professor,0.9952,0.9248,0.0703,"investigator, whose, clinician, dr, is",5
91970,physician,F,1,physician,0.8421,0.476,0.3661,"practice, thomas, ms, thomas, location",5
11852,filmmaker,M,14,filmmaker,0.9941,0.5386,0.4555,"directed, the, he, documentary, the",5
85341,professor,M,0,professor,0.9747,0.2207,0.754,"he, an, faculty, background, the",5
12989,poet,M,13,poet,0.9917,0.1529,0.8388,"poetry, merges, poetry, emcee, lyrics",5
72533,professor,M,0,professor,0.9994,0.8722,0.1272,"research, program, focuses, of, his",5
66765,professor,M,0,professor,0.9978,0.9774,0.0205,"oncologist, staff, steering, genomics, oncology",5
58171,dentist,F,8,dentist,0.9607,0.9663,-0.0055,"dental, bds, mamta, dental, dental",5
30463,attorney,M,2,attorney,0.9848,0.0118,0.973,"clients, trial, other, other, kathryn",5
20226,professor,F,0,professor,0.9656,0.9658,-0.0002,"endocrinology, her, gynecology, medical, medical",5
49323,filmmaker,M,14,filmmaker,0.9971,0.6527,0.3445,"film, productions, started, created, graduation",5
45080,attorney,M,2,attorney,0.9997,0.9982,0.0015,"represented, mr, both, tarantino, private",5
46062,professor,M,0,professor,0.9986,0.9807,0.018,"ph, research, seoul, university, interests",5
89904,physician,F,1,physician,0.9999,0.9377,0.0622,"medicine, practices, dearborn, orthopaedic, in",5
59741,professor,F,0,professor,0.9967,0.6617,0.335,"research, focuses, her, heterogeneity, her",5
78122,nurse,F,5,nurse,0.9971,0.9519,0.0452,"nursing, nursing, president, services, degree",5
19856,software engineer,M,15,software engineer,0.963,0.8314,0.1316,"ibm, the, websphere, developing, worked",5
91371,physician,M,1,physician,0.9998,0.9862,0.0136,"medicine, medicine, specializes, mr, medical",5
55854,photographer,M,3,photographer,0.9761,0.8729,0.1033,"photography, and, passion, camera, college",5
88894,comedian,M,19,comedian,0.7396,0.5811,0.1585,"comics, the, journal, him, scrawling",5
88794,attorney,F,2,attorney,0.9047,0.8166,0.0881,"victim, murdered, ghost, board, connects",5
27882,professor,M,0,professor,0.99,0.9893,0.0007,"erik, award, responsiveness, research, research",5
41261,professor,F,0,professor,0.9984,0.9989,-0.0005,"she, interests, classroom, primary, are",5
804,painter,F,11,painter,0.8714,0.9268,-0.0554,"ar, received, paint, of, abstract",5
34895,software engineer,M,15,software engineer,0.8421,0.875,-0.0329,"websphere, laboratory, informatics, execution, process",5
44078,photographer,M,3,photographer,0.4826,0.0959,0.3868,"35mm, shooting, enjoys, he, too",5
40146,professor,M,0,professor,0.9415,0.5363,0.4052,"student, teaching, project, involved, to",5
18559,photographer,F,3,photographer,0.9939,0.9937,0.0002,"photographs, photographer, photographs, inspirational, images",5
60063,psychologist,F,6,psychologist,0.9846,0.1625,0.8221,"psychology, psychological, forensic, president, interests",5
55905,physician,M,1,physician,0.9829,0.6407,0.3421,"graduate, midwestern, medicine, osteopathic, honors",5
13482,teacher,F,7,teacher,0.9669,0.8221,0.1448,"schools, habilitation, lifeprep, colleen, she",5
51135,surgeon,M,9,surgeon,0.6883,0.3503,0.338,"surgery, medicine, tummy, dermabrasion, tuck",5
87508,physician,M,1,physician,0.9786,0.0006,0.978,"medicine, dr, of, unc, unc",5
10650,model,F,12,model,0.9992,0.9981,0.0011,"model, fashion, jeter, american, jeter",5
83149,professor,F,0,professor,0.7414,0.6579,0.0835,"been, prize, living, 2003, theatre",5
25348,physician,F,1,physician,0.9998,0.9527,0.0471,"medicine, medicine, practices, saint, wisby",5
20822,physician,F,1,physician,0.6434,0.485,0.1584,"practice, ms, 0515, 1316940737, ms",5
43622,journalist,M,4,journalist,0.9845,0.9584,0.0261,"small, thinks, west, pace, astonishing",5
73713,professor,M,0,professor,0.9889,0.7565,0.2325,"minnis, empirically, research, methods, includes",5
8349,professor,M,0,professor,0.9995,0.9994,0.0001,"research, teaching, interests, blackwell, press",5
52335,filmmaker,F,14,filmmaker,0.9974,0.9645,0.0328,"writing, film, melissa, film, to",5
74945,comedian,M,19,comedian,0.5004,0.289,0.2114,"fringe, traveled, part, festivalas, new",5
43961,physician,F,1,physician,0.9998,0.9135,0.0863,"medicine, medicine, practices, midwest, in",5
5299,physician,F,1,physician,0.9998,0.6459,0.3539,"medicine, hubacek, practices, hubacek, orthopaedic",5
14999,professor,M,0,professor,0.9968,0.9878,0.009,"research, focuses, organizational, managerial, his",5
56088,professor,M,0,professor,0.5499,0.226,0.3238,"debakey, of, reconstructive, surgeries, department",5
39268,filmmaker,F,14,filmmaker,0.997,0.9961,0.0009,"short, film, directed, best, film",5
69189,professor,M,0,professor,0.9988,0.9972,0.0016,"concentrates, social, psychosocial, has, of",5
23039,teacher,F,7,teacher,0.9985,0.6594,0.3391,"teaching, first, students, dartmouth, this",5
7990,professor,M,0,professor,0.9063,0.4984,0.4079,"prize, american, sciences, berggruen, university",5
11187,professor,M,0,professor,0.9996,0.9868,0.0128,"phd, research, teaching, investigating, received",5
44299,professor,M,0,professor,0.9998,0.9994,0.0004,"doctoral, lab, uses, his, postdoctoral",5
56139,photographer,M,3,photographer,0.9928,0.1326,0.8602,"photos, book, stunning, is, eric",5
37888,psychologist,F,6,psychologist,0.9988,0.027,0.9718,"counselling, graduate, degree, the, from",5
40533,physician,F,1,physician,0.9869,0.8188,0.1681,"medicine, prior, medicine, tiffany, practices",5
59052,photographer,M,2,attorney,0.2083,0.0999,0.1085,"party, organizer, monthly, also, strom",5
10913,professor,M,0,professor,0.9951,0.8368,0.1583,"studies, ph, social, social, lgbt",5
60691,nurse,F,5,nurse,0.9994,0.9876,0.0118,"nurse, nurse, womana€™s, nursing, enjoys",5
34862,professor,F,0,professor,0.9998,0.9998,0.0,"ph, 2016, professor, dakota, postdoctoral",5
68434,attorney,M,2,attorney,0.9998,0.9974,0.0024,"attorney, counsel, medicaid, wills, powers",5
4680,professor,M,0,professor,0.9898,0.997,-0.0072,"doctorate, scientific, nutrition, received, dr",5
51896,photographer,F,3,photographer,0.8133,0.1148,0.6985,"bills, coffee, posing, fountain, 101",5
43110,physician,F,1,physician,0.9998,0.9308,0.069,"medicine, san, practices, in, medicine",5
36580,dietitian,F,18,dietitian,0.8048,0.0496,0.7552,"digestive, sees, issues, exhaustion, practice",5
88684,physician,F,1,physician,0.9886,0.9682,0.0205,"graduated, she, medicine, western, from",5
23742,professor,F,0,professor,0.9996,0.9983,0.0013,"research, her, focuses, upon, essays",5
91201,professor,F,0,professor,0.9996,0.9995,0.0001,"social, research, courses, cornell, university",5
22214,nurse,F,5,nurse,0.5276,0.0177,0.5099,"specializes, gynecological, 2005, medicine, she",5
44,professor,F,0,professor,0.9985,0.9984,0.0001,"holds, disparities, community, nih, health",5
58334,software engineer,M,15,software engineer,0.9918,0.9372,0.0546,"software, development, after, computer, hopes",5
66927,physician,M,1,physician,0.5786,0.0133,0.5653,"doctor, process, application, leave, puts",5
47567,professor,F,0,professor,0.9998,0.9997,0.0001,"research, phd, focuses, university, majors",5
90150,professor,F,0,professor,0.9994,0.9935,0.006,"research, her, education, participatory, background",5
92726,physician,F,1,physician,0.9998,0.9662,0.0336,"medicine, practices, loma, specializes, surgery",5
61193,professor,M,0,professor,0.9997,0.9747,0.025,"research, focuses, his, nanomaterials, engineered",5
62831,poet,F,13,poet,0.9653,0.8762,0.0891,"writing, poemmemoirstory, mfa, poetry, from",5
93775,physician,M,1,physician,0.934,0.0449,0.8891,"medicine, dr, graduate, of, epo",5
37255,software engineer,M,15,software engineer,0.8801,0.8959,-0.0158,"an, expert, java, management, php",5
79446,attorney,M,2,attorney,0.9994,0.0475,0.9519,"transactional, law, practices, franchise, corporate",5
43925,professor,F,0,professor,0.9818,0.1331,0.8487,"professors, phd, lu, areas, contexts",5
89663,physician,F,1,physician,0.9998,0.9084,0.0915,"medicine, kochmeier, kochmeier, ms, specializes",5
35758,physician,F,1,physician,0.9998,0.7254,0.2744,"practices, medicine, hospital, medicine, specializes",5
61034,professor,M,0,professor,0.9996,0.9989,0.0007,"xiaofang, doctoral, postdoc, denmark, prof",5
13527,psychologist,F,6,psychologist,0.9974,0.2664,0.731,"psychological, variety, topics, television, national",5
35951,dentist,F,8,dentist,0.9983,0.0978,0.9004,"dentist, bds, neethu, dental, shukoor",5
62296,architect,M,10,architect,0.9329,0.4185,0.5144,"microsoft, interactions, partner, solutions, products",5
26643,professor,M,0,professor,0.9987,0.996,0.0027,"old, areas, perspectives, expertise, judaism",5
47029,dentist,M,8,dentist,0.998,0.9923,0.0057,"dentist, practising, years, 22, dr",5
1941,accountant,M,16,accountant,0.9991,0.4402,0.5589,"accounting, offices, finance, accounting, financial",5
91298,teacher,F,7,teacher,0.5356,0.0253,0.5103,"teacher, she, inspired, latest, nominated",5
41803,professor,M,0,professor,0.9489,0.6196,0.3293,"progressive, book, business, american, oxford",5
19971,photographer,M,3,photographer,0.999,0.9597,0.0393,"shoot, to, available, portraits, hire",5
87426,filmmaker,M,14,filmmaker,0.8312,0.776,0.0552,"co, andrew, installation, profiled, on",5
11600,journalist,M,4,journalist,0.997,0.0065,0.9904,"journalist, first, investigate, enter, death",5
61710,professor,F,0,professor,0.9979,0.9986,-0.0007,"her, studies, teaching, and, focus",5
64760,professor,F,0,professor,0.9997,0.9978,0.0019,"research, her, include, interests, in",5
54748,filmmaker,F,14,filmmaker,0.9978,0.9976,0.0002,"films, reflect, ba, explore, filmmaker",5
44498,attorney,M,2,attorney,0.9997,0.999,0.0007,"practice, focuses, law, school, matters",5
68474,nurse,F,5,nurse,0.8892,0.5864,0.3028,"her, professional, she, expects, nube",5
16218,physician,M,1,physician,0.8621,0.5707,0.2914,"medical, smoot, graduate, doctors, texas",5
22467,physician,F,1,physician,0.9998,0.8208,0.1789,"medicine, medicine, practices, internal, obst",5
17099,professor,F,0,professor,0.9997,0.9998,-0.0,"program, focuses, understanding, research, laboratory",5
48852,photographer,M,3,photographer,0.9978,0.9944,0.0033,"photography, filming, portraiture, images, hansel",5
8607,professor,F,0,professor,0.9996,0.6506,0.349,"ph, she, university, criminology, justice",5
49710,professor,F,0,professor,0.9994,0.9966,0.0028,"westernesque, interested, examines, current, work",5
38611,dentist,M,8,dentist,0.844,0.9641,-0.1201,"dr, insurance, affiliated, rehabilitation, residency",5
12083,professor,F,0,professor,0.9996,0.9985,0.0012,"ph, trimmer, university, dr, researches",5
70054,physician,F,1,physician,0.8978,0.9075,-0.0097,"practice, 1639334170, merchant, 6136, years",5
76239,attorney,M,2,attorney,0.9672,0.9947,-0.0275,"counsel, lead, counsel, incarceration, syracuse",5
75866,professor,F,0,professor,0.999,0.9951,0.0039,"research, phd, grants, degree, interests",5
20541,attorney,F,2,attorney,0.9901,0.9897,0.0004,"mediator, hong, arbitration, resolution, usa",5
31598,journalist,F,4,journalist,0.9987,0.9986,0.0001,"times, york, publications, stories, contributes",5
70094,professor,F,0,professor,0.9998,0.9996,0.0002,"pharmaceutics, research, interests, alabama, nanoparticles",5
66486,photographer,M,3,photographer,0.9839,0.7555,0.2284,"capturing, work, traveled, images, images",5
77151,software engineer,M,15,software engineer,0.9523,0.1724,0.7799,"electrical, engineering, preceded, in, graduated",5
45097,photographer,M,3,photographer,0.9947,0.9977,-0.003,"publications, works, glamorous, editing, photographs",5
74778,professor,F,0,professor,0.9993,0.9991,0.0002,"research, her, edited, publications, theorizing",5
78276,nurse,F,5,nurse,0.9991,0.1733,0.8258,"nurse, prior, cardiothoracic, care, critical",5
3712,physician,F,1,physician,0.9998,0.9085,0.0913,"medicine, practices, medicine, specializes, in",5
23116,professor,M,0,professor,0.9996,0.9992,0.0005,"islamism, research, contemporary, interests, include",5
26726,accountant,F,16,accountant,0.999,0.9978,0.0012,"accounting, accounting, auditing, tax, auditing",5
31052,model,M,12,model,0.8061,0.4177,0.3884,"lebron, reportedly, will, re, while",5
5094,composer,F,17,composer,0.8407,0.101,0.7397,"music, albums, report, described, world",5
47502,attorney,M,2,attorney,0.5421,0.3501,0.192,"franke, the, associated, public, board",5
80560,poet,F,13,poet,0.6536,0.0481,0.6055,"professor, poetry, english, books, guy",5
90982,composer,M,17,composer,0.9941,0.9895,0.0046,"music, sinfonia, philharmonic, has, octandre",5
59486,professor,M,0,professor,0.9997,0.9992,0.0005,"research, doctorate, university, focuses, at",5
9307,professor,M,0,professor,0.8995,0.8512,0.0482,"research, research, engineering, directorate, experience",5
58861,professor,F,0,professor,0.9955,0.9101,0.0854,"strong, is, investigator, she, the",5
3342,teacher,M,7,teacher,0.5481,0.1035,0.4446,"history, currently, history, university, master",5
14098,psychologist,F,6,psychologist,0.8626,0.7816,0.081,"tools, author, development, social, lead",5
74224,physician,F,1,physician,0.9925,0.6876,0.3049,"medicine, mbbs, dr, she, indraprastha",5
89030,professor,F,0,professor,0.9994,0.997,0.0023,"faculty, undergraduate, degree, research, ucsf",5
78493,psychologist,F,6,psychologist,0.994,0.6619,0.3321,"psychotherapy, hypnosis, relational, focusing, her",5
29428,professor,F,0,professor,0.9983,0.9977,0.0006,"teaching, media, research, global, faculty",5
52407,attorney,M,2,attorney,0.9996,0.9548,0.0448,"litigation, his, appeals, handled, courts",5
42222,physician,F,1,physician,0.5314,0.013,0.5184,"trainees, trains, clinical, medical, she",5
34155,architect,M,10,architect,0.7582,0.0755,0.6827,"not, office, in, or, unhealthy",5
21167,professor,F,0,professor,0.9936,0.5462,0.4474,"research, phd, depaul, understanding, sociocultural",5
43208,architect,M,10,architect,0.8666,0.0551,0.8115,"architecture, masters, in, architecture, year",5
54699,architect,F,10,architect,0.9987,0.963,0.0357,"architect, design, architecture, cmdesign, consultancy",5
38674,professor,F,0,professor,0.9952,0.908,0.0872,"theology, analysis, bonhoeffer, she, american",5
48772,professor,F,0,professor,0.999,0.5996,0.3994,"phd, biostatistics, she, 2006, status",5
68259,attorney,M,2,attorney,0.9561,0.9615,-0.0054,"bachelor, law, university, law, financial",5
86480,physician,M,1,physician,0.9924,0.0199,0.9725,"healthcare, medical, prior, biotechnology, his",5
90130,poet,F,13,poet,0.9864,0.9818,0.0046,"poetry, mfa, cosmonauts, writing, an",5
74765,architect,M,10,architect,0.9979,0.1465,0.8514,"architectural, architects, using, publisher, editor",5
93978,composer,F,17,composer,0.9976,0.995,0.0026,"electronic, composed, music, music, minimalism",5
87867,professor,M,0,professor,0.9987,0.9826,0.0161,"marketing, expert, areas, is, with",5
48180,attorney,M,2,attorney,0.9998,0.9998,-0.0,"matters, law, firm, focuses, estate",5
32972,teacher,F,7,teacher,0.3323,0.3167,0.0157,"activities, thenationalparksgirl, has, skiing, outdoor",5
32711,nurse,F,5,nurse,0.9245,0.514,0.4105,"she, officers, center, described, monday",5
6673,accountant,M,16,accountant,0.9961,0.1015,0.8946,"accounting, accounting, in, bachelor, and",5
80434,attorney,F,2,attorney,0.9997,0.4524,0.5473,"law, exclusively, labor, practices, employment",5
38333,professor,M,0,professor,0.9996,0.9993,0.0003,"research, teaching, history, focus, his",5
25059,professor,F,0,professor,0.9996,0.9997,-0.0001,"interests, include, ambika, targeted, her",5
5645,professor,M,0,professor,0.9285,0.1461,0.7824,"edu, review, udayton, hemman, llp",5
92516,journalist,F,4,journalist,0.998,0.5623,0.4357,"reported, from, pulitzer, she, afghanistan",5
27554,psychologist,F,6,psychologist,0.9988,0.9983,0.0005,"psychotherapy, psychotherapy, depression, psychodynamic, therapy",5
36109,photographer,M,3,photographer,0.9945,0.0534,0.9411,"photography, his, previous, was, book",5
64205,model,F,12,model,0.9947,0.985,0.0097,"films, hindi, debut, 11, her",5
53421,architect,F,10,architect,0.9968,0.9874,0.0094,"understanding, practices, building, certification, hydroponic",5
26682,physician,F,1,physician,0.9988,0.9945,0.0043,"school, interests, thyroid, problems, college",5
26737,attorney,M,2,attorney,0.9988,0.0435,0.9552,"practicing, methodology, legal, law, matters",5
7858,professor,F,0,professor,0.9831,0.7277,0.2554,"doctorate, degrees, philology, education, education",5
61696,professor,F,0,professor,0.9997,0.9995,0.0002,"professor, research, pittsburgh, joining, prior",5
20441,filmmaker,M,14,filmmaker,0.9089,0.9853,-0.0764,"first, alexis, strindberg, theatre, direct",5
42200,professor,M,0,professor,0.9991,0.9974,0.0017,"irapuato, higher, has, retirement, monterrey",5
18732,nurse,F,5,nurse,0.9996,0.9692,0.0304,"nurse, nursing, nursing, bsn, school",5
78654,psychologist,F,6,psychologist,0.9994,0.0031,0.9963,"psychologist, in, experiences, cooperates, doctors",5
11156,physician,F,1,physician,0.979,0.9891,-0.01,"medical, network, dr, residency, affiliated",5
77846,attorney,F,2,attorney,0.8439,0.9955,-0.1516,"medicine, and, actions, clients, administrative",5
48658,professor,M,0,professor,0.9996,0.9993,0.0003,"journals, studies, studies, published, journal",5
30942,psychologist,M,6,psychologist,0.8486,0.523,0.3256,"psychology, psychology, ph, at, bruner",5
43983,attorney,M,2,attorney,0.6912,0.1133,0.5779,"hurt, hill, executive, in, world",5
44544,attorney,M,2,attorney,0.9997,0.9982,0.0016,"litigation, focused, tort, mass, practice",5
85952,professor,M,0,professor,0.9992,0.4188,0.5805,"professor, economics, prior, remains, associate",5
62170,teacher,M,7,teacher,0.3916,0.1174,0.2742,"games, peer, educate, work, has",5
89370,filmmaker,F,14,filmmaker,0.9682,0.9845,-0.0163,"first, film, feature, filmmaking, premiered",5
18158,attorney,M,2,attorney,0.9987,0.9992,-0.0005,"counsel, clients, disputes, litigation, represents",5
77201,professor,M,0,professor,0.9998,0.9997,0.0001,"phd, phd, research, interests, modeling",5
52820,psychologist,M,6,psychologist,0.9987,0.867,0.1317,"psychology, psychological, interventions, career, correctional",5
45176,professor,M,0,professor,0.998,0.9976,0.0004,"chemistry, ph, materials, mentorship, engineering",5
58044,physician,M,1,physician,0.9998,0.905,0.0948,"medicine, practices, in, practice, medical",5
56744,professor,M,0,professor,0.9998,0.9997,0.0001,"faculty, white, bioengineering, ph, postdoctoral",5
28898,composer,M,17,composer,0.9908,0.8915,0.0993,"music, musicians, timeless, performed, had",5
16998,professor,M,0,professor,0.9989,0.369,0.6298,"pharmacy, pharm, program, cardiology, teaches",5
3594,dentist,M,8,dentist,0.985,0.9691,0.0159,"dental, dr, bds, dental, general",5
13086,professor,F,0,professor,0.9857,0.7444,0.2413,"publications, authored, peer, authored, biomechanics",5
53396,physician,F,1,physician,0.9997,0.9612,0.0385,"medicine, geriatrics, medicine, practices, in",5
77747,professor,F,0,professor,0.9804,0.3643,0.6161,"dr, training, fellowship, is, oncology",5
33641,attorney,F,2,attorney,0.2581,0.1108,0.1473,"why, decides, is, dating, she",5
85216,nurse,F,5,nurse,0.9997,0.7505,0.2493,"nurse, 2013, experiences, she, honors",5
75410,professor,F,0,professor,0.999,0.9981,0.0009,"ph, economics, economics, university, economics",5
40115,professor,F,0,professor,0.9996,0.994,0.0056,"research, studies, pakaluk, professor, doctorate",5
7580,professor,M,0,professor,0.9997,0.9992,0.0005,"research, kaltenbrunner, phd, interests, transistors",5
93321,professor,M,0,professor,0.9879,0.4713,0.5166,"research, current, psychology, projects, victimization",5
63339,physician,F,1,physician,0.9998,0.8232,0.1766,"medicine, oklahoma, practices, ms, neurology",5
63073,nurse,M,5,nurse,0.9997,0.1394,0.8603,"nurse, graduated, practitioner, experiences, 2013",5
34254,dietitian,F,18,dietitian,0.9821,0.0003,0.9818,"nutrition, their, health, nutrition, the",5
7648,teacher,F,7,teacher,0.9982,0.6128,0.3854,"teacher, teacher, school, ranking, hillsborough",5
55753,professor,F,0,professor,0.9993,0.9988,0.0005,"chinese, recognized, sculpture, courses, she",5
28785,physician,M,1,physician,0.9882,0.8186,0.1695,"medicine, medical, osteopathic, attended, school",5
79050,accountant,M,16,accountant,0.9983,0.6944,0.3039,"accountant, for, had, jam, left",5
11919,physician,F,1,physician,0.9927,0.9851,0.0076,"she, medical, attended, central, patients",5
45556,professor,F,0,professor,0.9998,0.9997,0.0001,"research, her, interests, include, sociotechnical",5
8066,dentist,M,8,dentist,0.9798,0.2219,0.7579,"dental, dental, clinic, maunik, bds",5
76638,psychologist,F,6,psychologist,0.4501,0.1025,0.3476,"moms, helped, women, she, stay",5
65408,professor,F,0,professor,0.9863,0.4899,0.4964,"research, her, focus, in, on",5
6324,psychologist,F,6,psychologist,0.9971,0.1882,0.8089,"depression, desensitization, clinical, adolescent, issues",5
31209,professor,M,0,professor,0.812,0.7336,0.0784,"research, gerontechnology, main, treatment, focused",5
80536,software engineer,F,15,software engineer,0.9052,0.9262,-0.021,"scalable, data, pipelines, contributor, dba",5
35655,accountant,F,16,accountant,0.9989,0.9986,0.0003,"accounting, and, years, accounting, experience",5
38095,dentist,M,8,dentist,0.9977,0.9889,0.0088,"dentist, practising, dr, years, he",5
59230,software engineer,M,15,software engineer,0.9853,0.9398,0.0455,"developer, developer, worked, works, has",5
382,physician,F,1,physician,0.9977,0.5375,0.4602,"pa, pa, pelton, montana, degree",5
56052,photographer,F,3,photographer,0.9986,0.0486,0.9501,"photography, photographic, shoots, documentary, photos",5
29029,physician,F,1,physician,0.9998,0.7242,0.2756,"medicine, nephrology, practices, gettman, gettman",5
64880,poet,F,13,poet,0.9223,0.616,0.3062,"litnimage, her, minor, spindle, like",5
29684,attorney,M,2,attorney,0.9997,0.9996,0.0001,"represents, litigation, trial, businesses, dan",5
28007,professor,M,0,professor,0.9995,0.9994,0.0002,"research, his, postdoctoral, technology, core",5
7715,professor,M,0,professor,0.9882,0.8427,0.1455,"findings, works, initial, transformation, ancestral",5
83057,physician,M,1,physician,0.8467,0.0074,0.8393,"physician, weill, spine, physician, annual",5
31656,nurse,F,5,nurse,0.9953,0.9966,-0.0013,"nurse, honed, nurse, she, clinical",5
24198,journalist,M,4,journalist,0.9988,0.9966,0.0022,"articles, written, years, communication, media",5
75006,nurse,F,5,nurse,0.9997,0.1013,0.8984,"nurse, graduated, experience, 2003, she",5
85460,surgeon,M,9,surgeon,0.999,0.999,-0.0,"surgery, meharry, currently, practices, orthopaedic",5
85436,photographer,F,3,photographer,0.996,0.8957,0.1003,"photography, photograph, began, photograph, photography",5
46201,attorney,M,2,attorney,0.3896,0.2297,0.16,"returned, illinois, still, kids, raised",5
16118,physician,M,1,physician,0.9128,0.6354,0.2774,"instructor, oncology, medicine, expertise, dr",5
78796,professor,M,0,professor,0.8611,0.3221,0.539,"professor, as, has, has, legal",5
8643,journalist,M,4,journalist,0.999,0.9987,0.0003,"journalism, writing, magazine, experience, affairs",5
22362,professor,M,0,professor,0.9737,0.6861,0.2876,"israeli, projects, consulted, environmental, batsheva",5
69278,professor,M,0,professor,0.9245,0.8591,0.0653,"in, graduated, uab, and, internship",5
9803,professor,M,0,professor,0.9997,0.9994,0.0003,"research, examines, how, northwestern, agency",5
63303,psychologist,F,6,psychologist,0.9956,0.919,0.0767,"psychoanalytic, psychotherapist, psychotherapy, psychiatrist, jung",5
69772,architect,M,10,architect,0.2512,0.0166,0.2345,"oregon, alerted, deck, replaced, teenagers",5
80465,journalist,M,4,journalist,0.9965,0.9961,0.0004,"investigated, mh17, syrian, he, knowledge",5
32928,physician,F,1,physician,0.9184,0.0849,0.8335,"group, miller, dr, medical, dean",5
38052,professor,M,0,professor,0.9986,0.9934,0.0052,"author, inequality, kalman, the, author",5
56174,nurse,F,5,nurse,0.9997,0.8417,0.158,"nurse, practitioner, honors, she, experiences",5
7564,attorney,M,2,attorney,0.9998,0.9997,0.0,"clients, development, law, scott, represents",5
45840,physician,M,1,physician,0.7107,0.1448,0.5658,"medicine, division, professional, benefits, the",5
41134,professor,M,0,professor,0.9993,0.9991,0.0002,"ph, scholar, interests, research, university",5
56216,physician,M,1,physician,0.5331,0.6018,-0.0686,"medicine, graduate, dr, college, hospital",5
63796,professor,F,0,professor,0.7611,0.0057,0.7553,"therapist, decades, students, marriage, marriage",5
59833,attorney,M,2,attorney,0.9994,0.0037,0.9956,"cases, clients, handled, private, practice",5
24281,professor,F,0,professor,0.9981,0.0965,0.9017,"focus, her, interfaces, research, particular",5
84369,professor,M,0,professor,0.9997,0.999,0.0007,"research, interests, agritourism, courses, include",5
65064,professor,F,0,professor,0.9992,0.9992,0.0,"difference, author, routledge, studies, forthcoming",5
61172,teacher,F,7,teacher,0.9552,0.4659,0.4893,"teaching, she, teaching, peisong, she",5
9792,photographer,F,3,photographer,0.3723,0.2084,0.1639,"nats, transplanted, dc, humidity, in",5
80335,teacher,F,7,teacher,0.9946,0.054,0.9405,"teacher, textbook, school, pay, class",5
26220,professor,F,0,professor,0.9984,0.9954,0.003,"earned, she, university, reconfigurations, philology",5
21266,professor,M,0,professor,0.9989,0.999,-0.0001,"philosophic, interests, interested, articles, report",5
11550,professor,M,0,professor,0.9965,0.9727,0.0239,"formerly, islamic, associate, is, professor",5
49347,professor,F,0,professor,0.9985,0.9922,0.0063,"hawaiʻi, school, professor, burkett, university",5
5419,journalist,M,4,journalist,0.9623,0.9253,0.037,"journalism, covered, state, editor, city",5
63833,attorney,F,2,attorney,0.9984,0.9974,0.001,"graduated, evansville, degree, she, valparaiso",5
87350,attorney,M,2,attorney,0.9454,0.9829,-0.0375,"obama, president, barack, obama, obama",5
15937,photographer,M,3,photographer,0.9982,0.9922,0.006,"portraits, working, stunning, of, americans",5
7490,psychologist,F,6,psychologist,0.6004,0.1383,0.4622,"emotional, granddaughters, book, went, has",5
70964,nurse,F,5,nurse,0.9994,0.2695,0.7299,"nursing, nurse, nursing, nurse, in",5
8246,dentist,M,8,dentist,0.9981,0.9869,0.0112,"dentist, dental, practising, practicing, dr",5
349,professor,M,0,professor,0.9993,0.9993,0.0,"research, interests, focus, his, islamic",5
30395,physician,M,1,physician,0.8635,0.745,0.1185,"medicine, interests, school, of, his",5
32124,attorney,F,2,attorney,0.9998,0.9998,0.0,"kayser, cases, juris, defended, doctorate",5
4087,attorney,M,2,attorney,0.9997,0.9992,0.0005,"chapter, attorney, bankruptcy, practice, his",5
87967,dentist,F,8,dentist,0.9905,0.9617,0.0287,"dental, dental, dr, comprehensive, american",5
8815,nurse,F,5,nurse,0.9997,0.1241,0.8756,"nurse, practitioner, graduated, experiences, 2013",5
56005,photographer,M,3,photographer,0.9983,0.9925,0.0058,"faces, captures, shot, funny, shot",5
64139,professor,M,0,professor,0.9967,0.995,0.0017,"ethnography, classifying, christians, frankel, heresiology",5
7668,professor,M,0,professor,0.9994,0.9206,0.0788,"his, ph, received, mit, fulbright",5
23866,professor,M,0,professor,0.9988,0.9979,0.001,"phd, completed, columbia, his, boolean",5
12173,professor,F,0,professor,0.5387,0.1428,0.3959,"author, architect, on, an, she",5
84415,photographer,M,3,photographer,0.9945,0.006,0.9885,"photography, photography, shoot, luminant, images",5
15028,physician,F,1,physician,0.9997,0.967,0.0327,"gastroenterology, medicine, practices, specializes, negnew",5
56990,professor,M,0,professor,0.9998,0.9997,0.0001,"research, economics, ph, economics, economist",5
6244,teacher,F,7,teacher,0.9988,0.999,-0.0001,"tutor, there, degree, 2007, been",5
28254,surgeon,M,9,surgeon,0.951,0.055,0.896,"surgery, medicine, medical, his, dr",5
9193,attorney,F,2,attorney,0.9626,0.9717,-0.0091,"graduate, skirnick, school, llp, legal",5
56651,psychologist,F,6,psychologist,0.5034,0.3106,0.1928,"interplay, depressive, depression, interest, emotional",5
50008,teacher,F,7,teacher,0.9143,0.3686,0.5456,"classes, teaches, she, certification, essences",5
83557,physician,F,1,physician,0.537,0.7834,-0.2463,"neurosurgery, 1174822993, pediatric, 53226, 6435",5
21282,surgeon,M,9,surgeon,0.9989,0.9988,0.0001,"neurosurgery, neurosurgery, practices, currently, medicine",5
42003,physician,M,1,physician,0.9998,0.9904,0.0094,"medicine, san, practices, mr, in",5
49062,architect,F,10,architect,0.6514,0.0006,0.6508,"sustainable, design, asheville, aia, worked",5
64719,journalist,F,4,journalist,0.9984,0.9923,0.0062,"editor, newspaper, the, news, web",5
67616,attorney,F,2,attorney,0.9997,0.9997,0.0,"legal, firms, law, clients, private",5
69080,nurse,F,5,nurse,0.9997,0.8344,0.1654,"nurse, practitioner, graduated, experiences, she",5
91850,professor,F,0,professor,0.9399,0.1356,0.8042,"rhinology, base, her, oakley, in",5
41795,accountant,M,16,accountant,0.663,0.7421,-0.079,"served, finance, previously, he, president",5
75906,professor,F,0,professor,0.9989,0.9801,0.0187,"experiential, she, teaching, education, of",5
94457,professor,F,0,professor,0.9996,0.9941,0.0055,"scientist, research, current, program, she",5
57688,physician,M,1,physician,0.9839,0.0718,0.9121,"medicine, medical, medical, of, physician",5
11490,photographer,M,3,photographer,0.979,0.0566,0.9224,"picture, took, happened, when, many",5
95328,attorney,M,2,attorney,0.9997,0.9436,0.0561,"litigation, practice, corporate, involving, complex",5
73785,attorney,M,2,attorney,0.9981,0.9987,-0.0006,"litigator, courts, proceedings, federal, trial",5
94573,composer,M,17,composer,0.9983,0.9627,0.0355,"composition, music, music, north, carolina",5
62660,model,F,12,model,0.9989,0.9975,0.0013,"model, australian, an, of, greek",5
86393,psychologist,M,6,psychologist,0.9958,0.9957,0.0001,"psychologist, psychology, psychologist, psychology, meditation",5
43557,psychologist,F,6,psychologist,0.9936,0.997,-0.0034,"psychology, supervisor, psychology, university, undergraduate",5
75997,attorney,M,2,attorney,0.9996,0.9997,-0.0001,"franjo, clients, counsel, represented, counsel",5
20208,professor,F,0,professor,0.9921,0.861,0.1311,"researcher, cognitive, gerontology, research, awards",5
24872,psychologist,M,6,psychologist,0.9844,0.9767,0.0077,"assessments, developing, measurement, his, evaluate",5
71137,physician,F,1,physician,0.9933,0.9847,0.0086,"professionally, affiliated, school, includes, training",5
45700,physician,M,1,physician,0.8891,0.805,0.0841,"medicine, and, arthroscopic, problems, dr",5
57717,professor,F,0,professor,0.9267,0.054,0.8727,"analysis, dr, grant, camtasia, using",5
62117,architect,F,10,architect,0.5614,0.005,0.5565,"professor, construction, chair, show, in",5
6330,professor,F,0,professor,0.9986,0.9931,0.0055,"researched, 2005, has, the, since",5
91861,professor,M,0,professor,0.7506,0.0748,0.6759,"actively, students, black, in, engineers",5
87153,dietitian,F,18,dietitian,0.9825,0.5675,0.415,"nutritional, working, years, requirements, spent",5
20681,professor,M,0,professor,0.9997,0.9998,-0.0,"published, sociology, courses, sociology, articles",5
40725,professor,M,0,professor,0.9992,0.9957,0.0035,"brannstrom, research, audiologist, interests, phd",5
4070,professor,F,0,professor,0.8845,0.1613,0.7232,"faculty, students, maintains, aria, past",5
46750,professor,F,0,professor,0.9993,0.9985,0.0008,"postdoctoral, researcher, phd, degree, she",5
51309,dentist,M,8,dentist,0.9916,0.208,0.7837,"dental, degree, dental, dental, periodontal",5
13748,professor,M,0,professor,0.9991,0.9919,0.0073,"dr, research, challenging, dr, speak",5
46471,nurse,F,5,nurse,0.9963,0.3032,0.6931,"nurse, working, her, certifications, she",5
45131,journalist,M,4,journalist,0.9969,0.1156,0.8813,"journalism, degree, school, lives, columbia",5
10612,journalist,M,4,journalist,0.9906,0.2591,0.7314,"articles, written, magazine, photography, official",5
69809,physician,F,1,physician,0.9945,0.6698,0.3248,"medicine, graduate, school, caribbean, university",5
80915,teacher,F,7,teacher,0.5074,0.2894,0.218,"umea, with, passionate, home, she",5
38659,surgeon,M,9,surgeon,0.9946,0.351,0.6435,"surgeon, orthopedic, practice, private, bombay",5
11242,professor,M,0,professor,0.9178,0.8632,0.0545,"fellow, sports, and, earned, residency",5
18948,dentist,M,8,dentist,0.9842,0.849,0.1352,"orthodontic, sachdeva, centre, dr, dental",5
57573,teacher,M,7,teacher,0.9982,0.9979,0.0002,"academic, learning, teachers, learners, director",5
47849,dentist,M,8,dentist,0.9985,0.9974,0.0011,"dentist, years, dr, bds, he",5
31195,journalist,M,4,journalist,0.4464,0.0013,0.4451,"undercover, work, his, maria, allegedly",5
55492,surgeon,M,9,surgeon,0.999,0.999,0.0,"practice, medicine, medicine, yeshiva, sports",5
74262,architect,M,10,architect,0.9901,0.0994,0.8907,"design, design, architectural, drawings, internationally",5
67093,attorney,M,2,attorney,0.9824,0.121,0.8614,"legal, judge, policy, law, with",5
86895,psychologist,M,6,psychologist,0.8505,0.9288,-0.0784,"health, body, body, addictions, specialties",5
69250,teacher,F,7,teacher,0.9772,0.042,0.9352,"schools, columbus, she, senate, has",5
3094,professor,M,0,professor,0.5619,0.0999,0.462,"research, masculinity, factors, identified, has",5
86240,photographer,M,3,photographer,0.9579,0.0085,0.9494,"photography, professional, magazines, for, numerous",5
64821,attorney,M,2,attorney,0.9977,0.9931,0.0046,"bar, association, bar, massachusetts, bar",5
81106,professor,M,0,professor,0.9993,0.9992,0.0002,"interested, book, slavery, is, centers",5
61438,psychologist,F,6,psychologist,0.9735,0.0401,0.9334,"psychology, and, her, permission, teach",5
94318,nurse,F,5,nurse,0.4819,0.0408,0.4411,"healthcare, roles, over, competence, years",5
9403,psychologist,F,6,psychologist,0.9986,0.9779,0.0207,"therapy, depression, behavioral, coddington, disorder",5
4979,dentist,M,8,dentist,0.9974,0.7728,0.2245,"dentists, of, dental, refrains, toxicology",5
30426,architect,M,10,architect,0.9381,0.5879,0.3501,"architects, the, currently, adf, and",5
6454,dentist,M,8,dentist,0.9857,0.0231,0.9626,"dentistry, standards, only, using, preventative",5
65450,psychologist,M,6,psychologist,0.9761,0.997,-0.0209,"healthcare, clinical, treatment, effective, in",5
23595,nurse,F,5,nurse,0.9997,0.7102,0.2895,"nurse, in, medicine, patricia, practitioner",5
39166,professor,M,0,professor,0.9915,0.9285,0.063,"research, investigator, his, immunology, director",5
80720,professor,M,0,professor,0.9988,0.9889,0.0099,"phd, researcher, research, he, 1998",5
33130,professor,F,0,professor,0.9772,0.9622,0.0149,"inflammation, lab, include, studies, her",5
82211,professor,F,0,professor,0.9972,0.4891,0.5081,"students, her, optimization, colleagues, tools",5
45411,poet,M,13,poet,0.9937,0.9779,0.0158,"poetry, poetry, poet, poems, canterbury",5
16879,professor,M,0,professor,0.9997,0.9998,-0.0,"austin, postdoctoral, research, ph, molecular",5
57041,surgeon,M,9,surgeon,0.9548,0.8847,0.0701,"surgeon, breidenbach, who, dr, pioneered",5
32301,teacher,M,7,teacher,0.6027,0.2092,0.3936,"boys, beautiful, of, women, world",5
77310,software engineer,M,15,software engineer,0.9919,0.9916,0.0004,"product, recommendations, mathematics, healthcare, team",5
78686,painter,F,11,painter,0.9933,0.7794,0.2139,"painting, painting, paintings, painting, professor",5
39046,painter,M,11,painter,0.9928,0.1079,0.8849,"paintings, deceptively, his, are, artist",5
57330,journalist,F,4,journalist,0.9951,0.1105,0.8847,"articles, sharp, media, her, usually",5
91347,attorney,M,2,attorney,0.9997,0.9997,0.0001,"attorney, district, attorneys, lawyers, chromatography",5
67845,professor,M,0,professor,0.9971,0.9952,0.0018,"ph, kearns, received, he, years",5
6653,teacher,F,7,teacher,0.582,0.1926,0.3895,"skills, nihhc, mariana, mariana, communication",5
11831,professor,M,0,professor,0.9714,0.0369,0.9345,"phd, nyu, and, his, earned",5
31133,teacher,F,7,teacher,0.9986,0.9643,0.0343,"teachers, students, lessons, teaches, strong",5
56423,professor,M,0,professor,0.9997,0.9772,0.0225,"boudewijn, research, focusses, boudewijn, behavior",5
9141,professor,M,0,professor,0.9996,0.9992,0.0004,"phd, kyoto, his, polymerization, professor",5
34992,teacher,M,7,teacher,0.9661,0.0386,0.9275,"teaches, toronto, also, technique, technique",5
88564,journalist,F,4,journalist,0.6606,0.9252,-0.2646,"magazines, writer, time, stories, of",5
76312,attorney,M,2,attorney,0.9775,0.9445,0.033,"author, matters, of, issues, rights",5
11348,teacher,F,7,teacher,0.9952,0.9981,-0.003,"principal, assistant, grade, education, educational",5
20332,attorney,M,2,attorney,0.9988,0.6652,0.3336,"law, graduated, school, university, advocate",5
4715,professor,F,0,professor,0.9995,0.9948,0.0047,"research, examines, the, her, intersections",5
2010,professor,M,0,professor,0.9998,0.225,0.7749,"phd, faculty, engineering, mit, research",5
11117,photographer,M,3,photographer,0.9961,0.3417,0.6544,"photography, photographer, exhibited, has, and",5
84579,professor,F,0,professor,0.9179,0.4005,0.5174,"has, miller, through, has, computer",5
57891,filmmaker,M,14,filmmaker,0.9916,0.0008,0.9908,"film, short, films, error, bypassing",5
37802,physician,M,1,physician,0.8673,0.8024,0.0649,"graduate, mcp, blue, arthroscopic, of",5
32697,professor,M,0,professor,0.9997,0.9993,0.0005,"prof, he, graduate, research, university",5
48213,professor,M,0,professor,0.9977,0.9875,0.0102,"challenges, research, operations, in, data",5
1387,teacher,F,7,teacher,0.9982,0.9815,0.0167,"tukwila, curriculum, teaching, university, taught",5
10391,poet,F,13,poet,0.8395,0.9549,-0.1153,"poetry, poetry, poetry, press, anthologies",5
12097,photographer,M,3,photographer,0.9914,0.9649,0.0265,"photography, photographic, digiscopers, equipment, dslrs",5
79091,professor,M,0,professor,0.9992,0.9992,0.0,"interests, teaching, research, studies, and",5
37338,physician,F,1,physician,0.9998,0.9714,0.0285,"medicine, practices, evanston, ms, obstetrics",5
57964,journalist,F,4,journalist,0.9669,0.7285,0.2384,"journalists, cover, sports, snapchat, athletes",5
72950,accountant,M,16,accountant,0.6517,0.0811,0.5706,"firm, survivor, for, the, temporary",5
16247,photographer,M,3,photographer,0.9901,0.1952,0.7949,"project, working, on, where, americas",5
25115,psychologist,M,6,psychologist,0.9994,0.9984,0.0009,"psychologist, passion, psychological, therapy, is",5
45909,professor,F,0,professor,0.8955,0.5554,0.3401,"author, theatre, arts, of, philosophy",5
48644,attorney,M,2,attorney,0.9996,0.9996,-0.0,"legal, practice, estate, lawyers, florida",5
65372,nurse,F,5,nurse,0.9971,0.9058,0.0913,"nursing, nurses, commitment, college, nursing",5
26272,professor,F,0,professor,0.999,0.9983,0.0007,"teaches, she, courses, learning, service",5
61375,physician,F,1,physician,0.9998,0.9738,0.026,"medicine, practices, in, gynecology, obstetrics",5
33140,physician,M,1,physician,0.2146,0.1213,0.0932,"virginia, wife, convention, his, every",5
88253,model,F,12,model,0.9991,0.4167,0.5824,"freeones, gallery, barcelona, she, born",5
49653,professor,F,0,professor,0.9994,0.9993,0.0,"research, focuses, modern, her, contemporary",5
65947,composer,M,17,composer,0.9941,0.0675,0.9267,"composition, from, music, czernowin, university",5
2854,professor,F,0,professor,0.9607,0.9554,0.0053,"areas, her, nutritional, of, value",5
82139,nurse,F,5,nurse,0.9997,0.8911,0.1086,"nurse, practitioner, honors, experiences, graduated",5
37671,professor,M,0,professor,0.8275,0.3585,0.4691,"peter, his, and, masters, received",5
7084,photographer,M,3,photographer,0.9979,0.7063,0.2916,"photograph, to, gallery, around, art",5
71189,attorney,M,2,attorney,0.9998,0.9997,0.0,"practices, defense, firearms, bar, criminal",5
26071,journalist,F,4,journalist,0.9961,0.9759,0.0202,"journalism, column, career, in, landing",5
79348,model,F,12,model,0.9995,0.9984,0.001,"freeones, she, born, she, freeones",5
86781,photographer,M,3,photographer,0.9717,0.803,0.1688,"photography, photo, photography, travel, tours",5
27634,professor,M,0,professor,0.9968,0.9941,0.0026,"1983, received, 1989, he, university",5
37370,surgeon,M,9,surgeon,0.992,0.8902,0.1018,"neurosurgeon, neurosurgeons, surgeries, consultant, performed",5
1417,teacher,F,7,teacher,0.9811,0.6112,0.3699,"pupils, the, founded, stress, help",5
83374,photographer,M,3,photographer,0.8663,0.2353,0.631,"work, has, his, been, tracks",5
82987,journalist,M,4,journalist,0.8982,0.9944,-0.0962,"journalism, career, editor, arts, beginning",5
51213,physician,F,1,physician,0.997,0.9793,0.0178,"school, for, trained, insurance, czech",5
87481,painter,F,11,painter,0.8405,0.0563,0.7842,"and, illustrators, school, design, graduate",5
94981,journalist,M,4,journalist,0.8754,0.0463,0.8291,"author, books, four, mystery, uncovering",5
67490,professor,M,0,professor,0.9323,0.9172,0.0151,"holds, research, ph, neuropsychology, neuropsychological",5
91163,journalist,F,4,journalist,0.9985,0.5577,0.4407,"reporting, press, comes, president, doesn",5
78130,dentist,M,8,dentist,0.9476,0.9386,0.0089,"dentistry, bds, dental, dental, cosmetic",5
62471,filmmaker,F,14,filmmaker,0.9909,0.9761,0.0148,"her, screened, filmmaker, canadian, films",5
84529,dentist,M,8,dentist,0.9979,0.0141,0.9838,"dentist, dental, bds, dental, 1999",5
18793,accountant,M,16,accountant,0.8934,0.0003,0.893,"taxes, and, audits, irs, representation",5
64410,professor,M,0,professor,0.9997,0.9992,0.0004,"kruger, doctorate, taught, electrical, hydroscience",5
50844,software engineer,F,15,software engineer,0.9486,0.4472,0.5014,"ibm, processing, joined, nlp, language",5
13425,professor,M,0,professor,0.9997,0.9995,0.0002,"meteorology, faculty, professor, meteorology, the",5
48553,psychologist,F,6,psychologist,0.9802,0.8833,0.0969,"psychometrist, aapa, children, adolescents, testing",5
12352,photographer,M,3,photographer,0.9756,0.5189,0.4567,"on, assignment, magazine, for, leading",5
84228,journalist,M,4,journalist,0.9695,0.3429,0.6266,"about, enthusiast, who, or, or",5
86148,journalist,F,4,journalist,0.9957,0.9958,-0.0002,"intern, be, editorial, magazine, new",5
57774,attorney,M,2,attorney,0.8715,0.506,0.3655,"florida, hone, management, south, degree",5
91025,attorney,M,2,attorney,0.9944,0.9965,-0.0021,"attorney, attorney, in, ellis, chartered",5
35496,professor,M,0,professor,0.6305,0.1595,0.471,"specializes, university, under, programs, history",5
29376,professor,F,0,professor,0.9971,0.8403,0.1568,"book, haunthenticity, university, her, plutonium",5
11657,attorney,M,2,attorney,0.2502,0.158,0.0922,"cherries, smells, keeps, lakers, loves",5
23327,poet,F,13,poet,0.9614,0.6037,0.3576,"poems, prose, barlow, from, examples",5
85519,architect,F,10,architect,0.997,0.9581,0.039,"architecture, architect, degree, from, designer",5
48435,professor,F,0,professor,0.9732,0.0445,0.9287,"conducted, published, research, migration, fellow",5
16838,professor,M,0,professor,0.9996,0.9996,0.0,"ph, courses, program, teaches, teaching",5
49754,attorney,M,2,attorney,0.9998,0.9986,0.0011,"represented, litigation, has, avanesian, bankruptcy",5
20309,surgeon,M,9,surgeon,0.8369,0.0716,0.7654,"surgery, thoracic, medical, degree, practice",5
43066,professor,M,0,professor,0.9984,0.9896,0.0088,"research, focuses, research, researches, disassembly",5
65961,photographer,F,3,photographer,0.9833,0.9701,0.0131,"worked, stories, clients, projects, video",5
83021,physician,M,1,physician,0.4352,0.0272,0.408,"and, medicine, blog, his, public",5
62957,painter,M,11,painter,0.9931,0.9689,0.0242,"paintings, paintings, oil, figuration, art",5
83135,attorney,F,2,attorney,0.9961,0.5678,0.4284,"doctor, juris, law, review, university",5
51702,professor,F,0,professor,0.9997,0.9994,0.0002,"literature, research, pedagogy, she, theatre",5
36195,professor,M,0,professor,0.9369,0.2811,0.6558,"relationship, nature, research, analysis, unique",5
9024,teacher,F,7,teacher,0.8459,0.57,0.2758,"students, grade, students, trip, park",5
24391,professor,M,0,professor,0.9983,0.1532,0.8451,"phd, research, degrees, cover, serbia",5
78248,poet,F,13,poet,0.9879,0.0174,0.9704,"poetry, poems, her, from, situations",5
61546,software engineer,M,15,software engineer,0.7284,0.7029,0.0255,"scalability, contribute, virtualization, api, opencontrail",5
83798,physician,M,1,physician,0.8518,0.8256,0.0262,"medical, medicine, dr, school, attended",5
35096,photographer,F,3,photographer,0.9954,0.4601,0.5353,"photography, specializes, flowers, the, she",5
73473,professor,M,0,professor,0.9997,0.9988,0.0009,"academic, research, canadian, economics, agricultural",5
36810,software engineer,M,15,software engineer,0.9542,0.9196,0.0345,"involved, graphics, caustic, tracing, ray",5
16319,professor,F,0,professor,0.9665,0.5052,0.4613,"phd, university, her, rice, biases",5
6583,psychologist,M,6,psychologist,0.9968,0.9042,0.0926,"neurotherapy, psychophysiology, neurofeedback, specialized, the",5
45741,photographer,M,3,photographer,0.9942,0.5006,0.4936,"shoots, he, fashion, major, such",5
29212,attorney,F,2,attorney,0.3476,0.2897,0.0579,"author, fairfield, capes, deck, family",5
38598,attorney,F,2,attorney,0.3265,0.0118,0.3147,"dixie, south, 2012, deliver, delivery",5
63768,professor,M,0,professor,0.8516,0.4509,0.4008,"among, research, melancon, interests, are",5
68503,painter,F,11,painter,0.9446,0.3063,0.6383,"colors, susannefriedman, the, vertigoangielena, these",5
15032,physician,F,1,physician,0.9998,0.9877,0.0121,"medicine, practices, kingsport, ms, tricities",5
90520,photographer,M,3,photographer,0.9063,0.2296,0.6767,"photograph, to, moments, photography, desire",5
78317,professor,M,0,professor,0.999,0.9677,0.0313,"intellectual, research, current, areas, of",5
89764,professor,M,0,professor,0.9995,0.9994,0.0001,"academic, career, australia, interests, editorial",5
27550,professor,M,0,professor,0.9998,0.9986,0.0012,"grants, research, he, study, 1996",5
19987,model,F,12,model,0.9991,0.9928,0.0063,"modeling, career, her, role, mtv",5
93414,professor,M,0,professor,0.9996,0.9994,0.0002,"ph, researcher, visiting, mechatronic, his",5
48079,dentist,M,8,dentist,0.9976,0.9934,0.0042,"dds, holds, dr, professional, 1962496497",5
23447,physician,M,1,physician,0.9996,0.0008,0.9988,"physician, assistant, career, spanish, minored",5
15205,psychologist,F,6,psychologist,0.9994,0.0226,0.9767,"psychologist, experiences, in, doctors, especially",5
80166,attorney,F,2,attorney,0.9996,0.0838,0.9158,"divorce, law, practice, on, family",5
76081,professor,M,0,professor,0.9999,0.9998,0.0,"gurtua, ph, ryerson, university, wisconsin",5
70032,journalist,M,4,journalist,0.6905,0.5186,0.172,"interests, wildlife, history, subjects, he",5
93786,model,M,12,model,0.988,0.1015,0.8865,"modeling, in, events, his, calendar",5
52286,attorney,M,2,attorney,0.9996,0.9994,0.0002,"litigation, attorney, probate, legal, wukovich",5
54051,surgeon,F,9,surgeon,0.934,0.0317,0.9024,"dr, dr, practice, npi, the",5
58078,professor,F,0,professor,0.9984,0.9966,0.0018,"dr, ph, her, pardo, publications",5
48893,physician,F,1,physician,0.9999,0.6926,0.3072,"medicine, medicine, medical, practices, specializes",5
15227,architect,F,10,architect,0.998,0.9981,-0.0001,"interior, design, design, furniture, design",5
25267,professor,M,0,professor,0.9998,0.9995,0.0003,"research, focuses, his, project, book",5
37621,surgeon,M,9,surgeon,0.3629,0.0033,0.3596,"surgery, dermatologic, dr, vein, president",5
63007,professor,F,0,professor,0.9757,0.9706,0.0051,"specializes, doctorate, gottfredson, her, unc",5
8914,physician,F,1,physician,0.9988,0.9965,0.0023,"graduate, medicine, affiliated, psoriatic, knee",5
75787,physician,F,1,physician,0.9886,0.316,0.6726,"medicine, graduate, network, of, hahnemann",5
88425,professor,M,0,professor,0.9995,0.9974,0.0022,"working, he, book, is, global",5
49788,attorney,F,2,attorney,0.9997,0.9645,0.0353,"attorney, assistant, illinois, starting, practice",5
58638,attorney,F,2,attorney,0.9993,0.0461,0.9533,"juris, doctorate, she, born, graduate",5
61987,physician,F,1,physician,0.9705,0.9526,0.0178,"medical, her, obtained, physicians, dr",5
81868,journalist,F,4,journalist,0.9175,0.855,0.0625,"journalists, editor, 2014, reporters, the",5
38356,surgeon,M,9,surgeon,0.95,0.9156,0.0344,"surgical, medical, specialty, he, surgical",5
66696,accountant,M,16,accountant,0.9984,0.9862,0.0122,"accounts, finance, financial, accounts, heading",5
81401,professor,M,0,professor,0.9988,0.9912,0.0076,"professor, award, program, levine, faculty",5
93520,painter,F,11,painter,0.9781,0.9895,-0.0114,"paintings, galleries, paintings, exhibits, her",5
47694,nurse,F,5,nurse,0.9334,0.2016,0.7318,"nurse, labor, she, clients, former",5
91173,nurse,F,5,nurse,0.9992,0.9141,0.0851,"nursing, worked, hubka, exclusively, hubka",5
61576,professor,M,0,professor,0.9997,0.9992,0.0004,"research, his, data, include, interests",5
63793,psychologist,F,6,psychologist,0.918,0.1659,0.7521,"coping, gail, her, ph, stress",5
56743,physician,F,1,physician,0.9994,0.9742,0.0252,"medical, degree, medical, vijayawada, affiliated",5
70060,professor,F,0,professor,0.6914,0.5375,0.154,"teaching, she, consider, to, likes",5
94502,professor,F,0,professor,0.9946,0.9968,-0.0022,"hematopathology, diagnostic, areas, assays, expertise",5
85452,model,F,12,model,0.993,0.0184,0.9746,"model, coordinator, mtv, there, suicide",5
76104,professor,F,0,professor,0.9941,0.9359,0.0582,"she, university, mfa, purdue, an",5
18534,journalist,F,4,journalist,0.9992,0.9954,0.0038,"journalism, graduated, she, central, content",5
82038,dietitian,F,18,dietitian,0.9984,0.0025,0.9959,"dietitian, nutrition, registered, 1999, experiences",5
22877,professor,M,0,professor,0.9996,0.9994,0.0002,"studies, nanometer, laboratory, complex, the",5
79524,teacher,M,7,teacher,0.9917,0.9418,0.0499,"teachers, lesson, teaching, teacher, professional",5
43975,professor,F,0,professor,0.7806,0.0523,0.7283,"choreography, dance, in, release, directs",5
42132,journalist,F,4,journalist,0.9726,0.915,0.0576,"druckman, expanding, article, column, women",5
94052,attorney,M,2,attorney,0.9998,0.9993,0.0005,"law, firm, offenses, lawyer, criminal",5
36186,professor,F,0,professor,0.9992,0.973,0.0263,"research, technology, industrial, information, of",5
15649,surgeon,M,9,surgeon,0.9989,0.9986,0.0004,"practices, medicine, orthopedics, stefancin, dr",5
24896,photographer,M,3,photographer,0.8658,0.9011,-0.0354,"16, created, mm, in, who",5
58389,attorney,M,2,attorney,0.9997,0.9997,0.0,"lawyers, attorneys, in, 2000, virginia",5
60975,psychologist,F,6,psychologist,0.2736,0.1506,0.123,"child, atlanta, one, adopt, with",5
43795,professor,F,0,professor,0.9875,0.9717,0.0158,"cardiology, internal, residency, doytchinova, disease",5
48300,professor,M,0,professor,0.7209,0.0263,0.6946,"an, professor, is, arts, the",5
5417,professor,M,0,professor,0.9946,0.9807,0.0139,"professor, is, mccullough, university, hamlin",5
17379,physician,F,1,physician,0.8013,0.6647,0.1366,"medicine, graduate, graduate, medicare, dr",5
57152,physician,F,1,physician,0.9998,0.8956,0.1043,"medicine, practices, in, medical, orthopaedic",5
74032,professor,M,0,professor,0.9656,0.0317,0.9339,"research, group, at, graduate, networked",5
73636,attorney,M,2,attorney,0.9994,0.9987,0.0007,"attorney, legal, attorney, graduate, larimore",5
1506,surgeon,M,9,surgeon,0.9949,0.5248,0.47,"surgery, neurosurgery, ophthalmic, australian, training",5
95080,professor,M,0,professor,0.9985,0.9941,0.0044,"phd, economics, his, obtained, iifm",5
26395,attorney,F,2,attorney,0.9973,0.4692,0.5281,"attorneys, llm, section27, joined, human",5
49445,journalist,M,4,journalist,0.3802,0.339,0.0412,"influence, assasination, interviewed, behind, malaysian",5
72750,model,M,12,model,0.9991,0.0015,0.9976,"modelling, modelling, modelling, been, aside",5
75972,surgeon,M,9,surgeon,0.9968,0.196,0.8007,"surgeon, professor, surgery, orthopaedic, within",5
44113,nurse,F,5,nurse,0.9997,0.8912,0.1085,"nurse, practitioner, 2012, honors, experiences",5
8413,dentist,M,8,dentist,0.9857,0.9887,-0.003,"bds, dental, dentures, dental, tooth",5
35477,professor,M,0,professor,0.9997,0.9978,0.002,"scientist, lab, his, anthropogenic, research",5
28765,professor,F,0,professor,0.9979,0.9855,0.0124,"ph, university, literature, her, teaching",5
53745,photographer,M,3,photographer,0.9979,0.9969,0.001,"photographer, staff, photographers, he, cinematographers",5
32835,physician,F,1,physician,0.467,0.2701,0.1969,"hospital, joined, team, 2016, may",5
26051,professor,F,0,professor,0.9946,0.875,0.1196,"phd, neurology, for, is, neurology",5
67020,professor,F,0,professor,0.9976,0.9684,0.0292,"received, translational, biology, lab, neuropsychiatric",5
90358,poet,F,13,poet,0.9739,0.5838,0.3901,"poetry, university, teaches, son, writing",5
44241,professor,M,0,professor,0.9998,0.9998,0.0,"ph, courses, towson, teaches, university",5
42646,composer,M,17,composer,0.9965,0.9964,0.0001,"music, music, vocal, music, classical",5
56344,physician,M,1,physician,0.9103,0.1222,0.7881,"graduate, dr, medical, epo, memorial",5
3542,photographer,M,3,photographer,0.9933,0.1312,0.8621,"photojournalism, photography, photography, documentary, landscape",5
48103,professor,M,0,professor,0.9997,0.998,0.0016,"university, courses, research, anthropologists, teaches",5
49986,professor,M,0,professor,0.8872,0.8073,0.0799,"1973, faculty, teaching, university, the",5
92854,software engineer,M,15,software engineer,0.9589,0.954,0.005,"he, teaches, of, including, but",5
31729,poet,M,13,poet,0.9908,0.009,0.9818,"lyricism, ability, known, is, pure",5
20249,professor,M,0,professor,0.9996,0.9978,0.0018,"research, wing, has, hog, that",5
88575,professor,M,0,professor,0.995,0.8123,0.1827,"scientists, president, for, australia, australia",5
1824,comedian,F,19,comedian,0.9668,0.0033,0.9635,"stand, up, local, she, best",5
86371,professor,M,0,professor,0.9997,0.9995,0.0003,"research, zach, his, ph, interests",5
73968,nurse,F,5,nurse,0.9997,0.9481,0.0516,"nurse, practitioner, in, graduated, medicine",5
11229,attorney,F,2,attorney,0.9795,0.9879,-0.0083,"bachelor, law, supreme, georgia, law",5
24830,professor,M,0,professor,0.9848,0.7674,0.2174,"doctorate, faculty, received, his, stanford",5
94999,dentist,M,8,dentist,0.346,0.05,0.296,"dr, hagopian, patients, new, by",5
86993,accountant,M,16,accountant,0.9812,0.277,0.7042,"financial, operations, of, company, inc",5
19416,poet,F,13,poet,0.9579,0.9508,0.0072,"poetry, poetry, recently, reflects, her",5
85089,physician,M,1,physician,0.8162,0.3972,0.419,"wagenberg, medical, graduated, michigan, problems",5
39934,journalist,M,4,journalist,0.8378,0.366,0.4718,"of, medical, science, association, journalists",5
26468,dentist,M,8,dentist,0.9924,0.8715,0.1209,"veneers, whitening, offers, implants, available",5
6570,model,F,12,model,0.9995,0.8858,0.1136,"freeones, she, freeones, gallery, 6312th",5
45269,professor,M,0,professor,0.9992,0.9985,0.0007,"professor, ph, he, visiting, shanghai",5
29227,photographer,F,3,photographer,0.9609,0.3044,0.6565,"photo, based, california, the, her",5
27005,journalist,F,4,journalist,0.9989,0.9979,0.001,"writing, newspapers, weekly, local, after",5
8152,painter,F,11,painter,0.7797,0.0091,0.7707,"gallery, hierarchic, art, escaped, is",5
1431,nurse,F,5,nurse,0.9588,0.3715,0.5872,"nursing, nursing, career, nurse, 2000",5
48761,teacher,F,7,teacher,0.9498,0.9947,-0.0449,"teacher, wrccc, education, classroom, development",5
85569,nurse,F,5,nurse,0.8129,0.7199,0.093,"breastfeeding, consultants, assessor, to, hospital",5
81414,professor,M,0,professor,0.9996,0.3906,0.609,"dr, phd, umbc, his, firaxis",5
92176,psychologist,M,6,psychologist,0.9991,0.0197,0.9794,"psychology, professional, graduated, psychology, adler",5
20218,journalist,F,4,journalist,0.8146,0.6024,0.2122,"amal, movement, establishment, she, ridiculed",5
64102,professor,F,0,professor,0.9994,0.9977,0.0016,"phd, earned, science, phylogeography, she",5
25902,professor,M,0,professor,0.9978,0.9917,0.006,"research, linguistics, interests, include, typology",5
58979,attorney,M,2,attorney,0.9996,0.9996,-0.0,"litigation, uspto, appeals, patent, represented",5
54552,photographer,F,3,photographer,0.9918,0.7318,0.2601,"photojournalism, photography, photography, documentary, photographic",5
56561,architect,M,10,architect,0.9787,0.7327,0.246,"architecture, patterns, enterprise, book, addison",5
92810,professor,M,0,professor,0.9998,0.9956,0.0042,"economist, harvard, johnson, work, affiliate",5
72082,professor,F,0,professor,0.999,0.9978,0.0012,"research, amy, research, cognitive, focus",5
34181,software engineer,F,15,software engineer,0.9537,0.4087,0.545,"javascript, node, the, works, particularly",5
59375,physician,M,1,physician,0.6209,0.07,0.5509,"symptoms, he, gluten, believes, so",5
2439,professor,F,0,professor,0.9996,0.9986,0.001,"investigates, research, explores, research, does",5
16283,professor,M,0,professor,0.4981,0.5164,-0.0183,"his, son, filmmaker, giant, more",5
57383,professor,F,0,professor,0.9998,0.9997,0.0001,"research, research, postdoctoral, focus, courses",5
58249,professor,F,0,professor,0.9991,0.9983,0.0007,"received, doctorate, currently, research, she",5
20245,surgeon,M,9,surgeon,0.9989,0.8719,0.127,"graduated, practice, medicine, school, university",5
35822,journalist,F,4,journalist,0.9885,0.0747,0.9138,"reporter, journalist, works, television, news",5
1667,accountant,M,16,accountant,0.9718,0.0515,0.9202,"stocks, started, trading, spreadsheets, wyckoff",5
12694,photographer,M,3,photographer,0.9985,0.9289,0.0696,"shooting, photography, capture, images, amazing",5
14215,professor,M,0,professor,0.9997,0.9997,-0.0,"professor, ph, research, visiting, university",5
4189,software engineer,M,15,software engineer,0.7679,0.5933,0.1745,"design, hack, engineering, the, qualys",5
63241,professor,M,0,professor,0.9998,0.9997,0.0001,"dr, brough, ph, research, research",5
41735,attorney,F,2,attorney,0.9997,0.9989,0.0008,"focuses, litigation, matters, secrets, she",5
18024,surgeon,M,9,surgeon,0.9939,0.0193,0.9746,"professor, surgery, harvard, james, virginia",5
25906,professor,F,0,professor,0.9961,0.997,-0.0009,"neurodegenerative, oxidative, research, antioxidants, projects",5
9016,journalist,F,4,journalist,0.9985,0.9965,0.002,"gothic, editor, publication, bbc, written",5
86076,surgeon,M,9,surgeon,0.6512,0.1672,0.484,"medical, tripathi, graduated, dr, from",5
20721,architect,M,10,architect,0.7257,0.0015,0.7243,"renderings, architectural, he, architecture, sketching",5
25635,psychologist,F,6,psychologist,0.9979,0.9924,0.0055,"dr, settings, physical, of, worked",5
37285,photographer,F,3,photographer,0.9974,0.8724,0.125,"photography, lifestyle, family, when, and",5
69828,professor,F,0,professor,0.9989,0.997,0.0019,"comparative, ph, she, literature, in",5
71062,professor,M,0,professor,0.9997,0.9082,0.0915,"doctorate, received, dr, edu, civil",5
86741,photographer,M,3,photographer,0.9975,0.9944,0.0031,"photographs, images, taken, artistry, scott",5
57269,psychologist,F,6,psychologist,0.9426,0.4624,0.4802,"adolescents, extensive, adults, working, with",5
11509,teacher,F,7,teacher,0.9962,0.9748,0.0214,"classes, taught, she, language, has",5
13738,photographer,M,3,photographer,0.9983,0.9967,0.0016,"photograph, to, models, and, telemundo",5
56172,psychologist,M,6,psychologist,0.6536,0.0174,0.6362,"detectives, hires, when, philosopher, existential",5
58345,professor,F,0,professor,0.9995,0.9991,0.0004,"ethnohistory, studies, she, roman, portugal",5
56085,professor,M,0,professor,0.9997,0.9985,0.0012,"research, research, asks, focuses, macroeconomist",5
50387,professor,F,0,professor,0.9992,0.9986,0.0006,"tulane, ph, tulane, studies, academic",5
52874,software engineer,M,15,software engineer,0.8045,0.0006,0.8039,"diverse, engineering, software, satellite, communications",5
64391,professor,M,0,professor,0.9949,0.94,0.0549,"faculty, carlos, degree, teaches, university",5
88120,professor,M,0,professor,0.9905,0.9226,0.0679,"university, he, also, edition, has",5
53160,teacher,F,7,teacher,0.804,0.5741,0.23,"readers, bonnie, as, website, she",5
77353,photographer,M,3,photographer,0.9901,0.0787,0.9114,"photography, photography, photography, photo, work",5
20376,journalist,M,4,journalist,0.9969,0.3816,0.6153,"journalism, degree, rmit, reviewer, in",5
36370,physician,F,1,physician,0.7221,0.3498,0.3723,"medicine, medical, dr, she, institutes",5
45290,attorney,M,2,attorney,0.9998,0.9954,0.0044,"counsel, litigation, ettinger, serves, mr",5
61676,journalist,F,4,journalist,0.4281,0.3796,0.0486,"shotokan, novels, writing, scenes, karate",5
71901,professor,M,0,professor,0.9955,0.6765,0.319,"dr, emphasis, asc, highlighted, findings",5
48593,physician,M,1,physician,0.9901,0.932,0.0582,"school, glaucoma, attended, interests, medical",5
77029,physician,F,1,physician,0.9983,0.1892,0.8091,"physician, bachelor, certification, degree, specialize",5
62420,poet,M,13,poet,0.9893,0.0028,0.9865,"poetry, writing, guardian, poet, written",5
37155,professor,M,0,professor,0.9987,0.9821,0.0166,"bioinformatics, isfahan, phd, teknologi, main",5
23315,psychologist,M,6,psychologist,0.9963,0.9822,0.0141,"personality, specialising, therapy, disorders, worked",5
47360,painter,F,11,painter,0.9964,0.6508,0.3456,"paintings, bold, rendered, are, gallery",5
49966,professor,F,0,professor,0.9617,0.9297,0.032,"involved, for, rush, she, clerkship",5
2931,attorney,M,2,attorney,0.7356,0.0081,0.7275,"representation, community, theft, of, criminal",5
81661,professor,F,0,professor,0.996,0.8904,0.1056,"stem, researching, in, various, topics",5
30135,filmmaker,M,14,filmmaker,0.4781,0.0064,0.4717,"show, film, will, open, harvard",5
14051,nurse,F,5,nurse,0.459,0.0455,0.4135,"kelley, from, house, sales, business",5
39889,nurse,F,5,nurse,0.9956,0.41,0.5856,"np, of, palmer, the, the",5
72222,attorney,F,2,attorney,0.9997,0.9993,0.0004,"law, litigation, firm, immigration, spans",5
18097,nurse,F,5,nurse,0.9997,0.7008,0.2989,"nurse, honors, midwife, 1996, graduated",5
26318,psychologist,M,6,psychologist,0.9994,0.0037,0.9957,"psychologist, clinical, experiences, especially, roderick",5
44430,surgeon,M,9,surgeon,0.5128,0.0772,0.4356,"surgery, fellowship, orthopaedic, fractures, medicine",5
12765,teacher,F,7,teacher,0.7463,0.5579,0.1884,"special, children, taught, skiing, adaptive",5
55981,physician,M,1,physician,0.7545,0.0358,0.7187,"medical, articles, american, on, numerous",5
70712,professor,F,0,professor,0.9992,0.9905,0.0087,"community, articles, journal, published, education",5
32146,dentist,M,8,dentist,0.9973,0.0001,0.9972,"licence, dr, 1689058869, 9636, professional",5
46712,professor,M,0,professor,0.9785,0.715,0.2635,"research, areas, recommendation, leser, systems",5
46382,physician,M,1,physician,0.9157,0.926,-0.0104,"medicine, hmo, dr, health, wisconsin",5
14767,physician,M,1,physician,0.9975,0.997,0.0005,"medical, interests, problems, school, of",5
73514,professor,M,0,professor,0.9997,0.9939,0.0058,"research, research, his, focused, is",5
69652,professor,M,0,professor,0.9997,0.9996,0.0,"algorithms, research, editorial, intersts, ijcga",5
62460,nurse,F,5,nurse,0.9998,0.8329,0.1669,"nurse, practitioner, california, graduated, she",5
36774,surgeon,M,9,surgeon,0.9989,0.9918,0.0071,"medical, chabot, practice, practices, practices",5
1118,surgeon,M,9,surgeon,0.999,0.9988,0.0003,"medicine, specializes, surgery, dr, currently",5
14153,attorney,F,2,attorney,0.9996,0.5411,0.4585,"legal, law, involved, people, issues",5
32929,professor,F,0,professor,0.9998,0.9997,0.0001,"phd, received, professor, iowa, academic",5
56801,professor,M,0,professor,0.7358,0.0021,0.7337,"doctoral, degree, university, temple, tesol",5
94873,journalist,F,4,journalist,0.999,0.9973,0.0018,"journalism, journalism, reported, publications, published",5
85006,model,F,12,model,0.999,0.9952,0.0038,"runway, photoshoots, fashion, 175cm, available",5
45844,teacher,F,7,teacher,0.4944,0.153,0.3415,"area, gofundme, her, department, applicants",5
89542,physician,F,1,physician,0.9998,0.9509,0.0489,"practices, medicine, in, specializes, medical",5
9002,attorney,F,2,attorney,0.9982,0.9849,0.0133,"attorney, prosecutor, attorney, judicial, attorney",5
13398,professor,M,0,professor,0.9995,0.9328,0.0667,"bennet, faculty, ucsd, cryptographer, yee",5
43562,model,M,12,model,0.5521,0.1839,0.3683,"demonstrated, numerous, he, the, downward",5
67658,software engineer,M,15,software engineer,0.6756,0.5653,0.1104,"developer, hobbyist, interested, programmer, link",5
54613,journalist,M,4,journalist,0.4433,0.5481,-0.1047,"children, first, book, life, wasserman",5
95378,nurse,F,5,nurse,0.9992,0.9049,0.0943,"nurse, bank, at, gosh, worked",5
49302,surgeon,M,9,surgeon,0.999,0.9988,0.0002,"practices, currently, dr, paulson, medicine",5
36911,surgeon,F,9,surgeon,0.9159,0.8534,0.0625,"surgeries, reconstruction, surgeons, dr, orthopaedic",5
34097,architect,M,10,architect,0.9981,0.9969,0.0013,"london, architecture, school, of, in",5
2782,composer,M,17,composer,0.998,0.994,0.004,"scoring, composition, music, composed, film",5
23671,professor,M,0,professor,0.9996,0.9977,0.0019,"research, primary, research, are, his",5
34655,professor,F,0,professor,0.9811,0.9006,0.0805,"relations, is, helen, work, scholar",5
88367,professor,M,0,professor,0.9991,0.6193,0.3798,"research, focuses, his, behaviors, contributions",5
44175,journalist,F,4,journalist,0.9984,0.3637,0.6347,"investigative, reporting, founded, project, freelancer",5
37239,physician,F,1,physician,0.9998,0.6959,0.3039,"medicine, pediatrics, practices, brockton, medical",5
92911,professor,M,0,professor,0.995,0.9892,0.0057,"director, society, catheterization, practices, serves",5
55575,nurse,F,5,nurse,0.9962,0.7997,0.1965,"rn, rn, nurse, nurse, supervisor",5
87432,attorney,F,2,attorney,0.999,0.9854,0.0135,"receiverships, amanda, legal, matters, enforcement",5
53618,professor,M,0,professor,0.9987,0.9379,0.0608,"research, nuclear, experienced, past, experimentalist",5
77143,professor,M,0,professor,0.9997,0.9992,0.0005,"laboratory, is, dedicated, heterogeneous, micromechanics",5
46105,professor,M,0,professor,0.9995,0.9973,0.0022,"university, received, researcher, ph, postdoctoral",5
47692,journalist,M,4,journalist,0.9504,0.6703,0.2801,"professor, murrow, is, newsman, press",5
40338,physician,M,1,physician,0.9302,0.8535,0.0767,"medicine, medicine, hospital, graduated, professionally",5
5476,professor,M,0,professor,0.9685,0.9959,-0.0274,"to, at, studios, architects, at",5
77851,professor,F,0,professor,0.9971,0.9949,0.0022,"toronto, for, blanaid, dublin, blanaid",5
85834,professor,F,0,professor,0.9987,0.8848,0.1139,"specializes, she, reality, instructional, design",5
84466,painter,F,11,painter,0.9935,0.9902,0.0032,"paintings, painting, exhibited, oil, have",5
18723,accountant,M,16,accountant,0.9951,0.9659,0.0292,"pricewaterhousecoopers, valuations, valuations, partner, business",5
70746,professor,M,0,professor,0.9984,0.9985,-0.0001,"advanced, interests, has, research, dissertation",5
68572,physician,M,1,physician,0.4641,0.7493,-0.2852,"residency, stanford, university, degree, university",5
82476,professor,M,0,professor,0.9994,0.7989,0.2005,"ethnography, journals, academic, volumes, in",5
22722,teacher,F,7,teacher,0.9991,0.9991,0.0,"kellie, writing, teach, dyslexic, grade",5
40192,accountant,M,16,accountant,0.9983,0.3076,0.6908,"kpmg, accountancy, graduated, degree, he",5
40975,photographer,M,3,photographer,0.9982,0.9827,0.0155,"photography, photography, study, photographic, plademunt",5
56887,attorney,M,2,attorney,0.9995,0.1533,0.8462,"law, success, clients, ability, professional",5
33525,professor,M,0,professor,0.9993,0.9985,0.0007,"research, approaches, focuses, biomolecules, develops",5
80223,teacher,F,7,teacher,0.9666,0.102,0.8646,"yoga, yoga, classes, ability, teacher",5
70546,professor,M,0,professor,0.9933,0.4387,0.5546,"european, interests, research, comparative, include",5
38181,dentist,M,8,dentist,0.9798,0.9846,-0.0048,"dental, bds, prabhakar, dental, dental",5
24109,journalist,F,4,journalist,0.9835,0.9719,0.0115,"writer, served, food, she, bridgettealacy",5
56995,model,F,12,model,0.9994,0.6203,0.3791,"freeones, gallery, she, tempe, born",5
72762,professor,F,0,professor,0.9994,0.9111,0.0883,"research, doctoral, her, advisor, is",5
7487,filmmaker,M,14,filmmaker,0.9953,0.9961,-0.0008,"films, in, directed, films, feature",5
81186,poet,M,13,poet,0.9913,0.4952,0.4961,"poems, poems, his, are, love",5
49308,professor,F,0,professor,0.9991,0.9501,0.049,"university, author, feminism, scholar, book",5
40864,teacher,M,7,teacher,0.9932,0.0075,0.9858,"school, eventually, helped, catch, measles",5
72314,nurse,M,5,nurse,0.9997,0.1985,0.8012,"nurse, graduated, practitioner, honors, experiences",5
92655,professor,M,0,professor,0.9948,0.9206,0.0741,"besides, classes, papers, articles, teaching",5
53989,psychologist,F,6,psychologist,0.9987,0.9984,0.0002,"psychodynamic, therapies, therapeutic, style, depression",5
11073,professor,M,0,professor,0.9995,0.9973,0.0022,"research, studies, explores, role, cinema",5
70018,dentist,F,8,dentist,0.987,0.9829,0.0041,"dental, dental, anjana, dentistry, dentures",5
54003,professor,F,0,professor,0.999,0.9993,-0.0003,"conducts, she, empirical, research, accounting",5
1498,psychologist,F,6,psychologist,0.9049,0.0054,0.8995,"florida, guidelines, association, counseling, resources",5
69008,nurse,F,5,nurse,0.9936,0.9281,0.0655,"nursing, nursing, career, nursing, her",5
91725,architect,F,10,architect,0.9966,0.0308,0.9658,"architecture, sculptural, architectural, architecture, blend",5
79902,professor,M,0,professor,0.9992,0.9978,0.0013,"research, ph, earned, interests, his",5
51401,professor,F,0,professor,0.9991,0.8929,0.1062,"research, studies, purdue, doctorate, brigham",5
34108,dentist,M,8,dentist,0.9915,0.0002,0.9913,"dentistry, dentistry, dentistry, dentistry, pediatric",5
7325,professor,F,0,professor,0.9996,0.9118,0.0878,"research, current, her, focus, interests",5
78732,dentist,M,8,dentist,0.9787,0.4201,0.5586,"dental, bds, arijit, clinic, science",5
22560,attorney,F,2,attorney,0.9995,0.9973,0.0022,"counsel, ms, counsel, joining, holyoke",5
61736,professor,F,0,professor,0.7784,0.1797,0.5987,"university, counterterrorism, studies, in, ph",5
64977,painter,M,11,painter,0.9679,0.7754,0.1925,"paintings, paintings, artist, taught, historian",5
42882,teacher,M,7,teacher,0.849,0.0002,0.8488,"teaching, earned, newspaper, student, staff",5
40916,photographer,F,3,photographer,0.9987,0.9749,0.0238,"shooting, work, dream, destination, her",5
26182,psychologist,F,6,psychologist,0.9974,0.9957,0.0017,"psychotrauma, institute, therapy, exposure, works",5
60149,professor,F,0,professor,0.7836,0.0222,0.7615,"dr, educators, curriculum, nursing, nurses",5
15067,painter,F,11,painter,0.9479,0.0028,0.9451,"paintings, bfa, the, visual, first",5
57496,software engineer,M,15,software engineer,0.9514,0.9345,0.0169,"db2, production, oriented, support, development",5
47310,dentist,M,8,dentist,0.9985,0.8907,0.1079,"dentistry, specialties, he, his, general",5
45220,physician,M,1,physician,0.999,0.9977,0.0013,"dermatitis, diseases, transmitted, medicine, professionally",5
30249,psychologist,F,6,psychologist,0.9908,0.0811,0.9097,"cultural, following, garnets, dr, coaching",5
1409,architect,M,10,architect,0.9969,0.9985,-0.0016,"schalk, architect, architects, architects, architectural",5
77777,professor,M,0,professor,0.9994,0.9994,0.0,"macroeconomics, prior, indian, sahoo, teaches",5
17307,composer,M,17,composer,0.9868,0.0098,0.9771,"sounds, electronic, music, with, dynamic",5
15316,professor,F,0,professor,0.6373,0.525,0.1123,"research, conducts, children, professor, anselmi",5
21780,attorney,F,2,attorney,0.999,0.9952,0.0037,"bar, the, she, jersey, march",5
5532,nurse,F,5,nurse,0.9997,0.9838,0.0159,"nurse, graduated, practitioner, experiences, honors",5
7709,physician,F,1,physician,0.7686,0.7441,0.0245,"practice, 1609253616, 35242, 2246, years",5
34890,composer,M,17,composer,0.9973,0.7355,0.2618,"orchestral, instruments, music, music, musical",5
8454,professor,F,0,professor,0.9951,0.1405,0.8545,"research, agenda, framework, methodology, completed",5
64487,nurse,F,5,nurse,0.9997,0.9963,0.0034,"nurse, graduated, medicine, she, practitioner",5
84265,professor,F,0,professor,0.9993,0.9994,-0.0001,"areas, include, editor, criticism, african",5
29824,attorney,M,2,attorney,0.9995,0.9938,0.0057,"juris, bachelor, he, to, public",5
57659,professor,M,0,professor,0.9981,0.9914,0.0066,"main, are, interests, ph, peer",5
91175,professor,F,0,professor,0.904,0.1567,0.7473,"did, investigating, her, she, role",5
53327,physician,F,1,physician,0.9988,0.9971,0.0016,"medicine, graduated, preventive, survivorship, english",5
90361,professor,M,0,professor,0.9976,0.8631,0.1345,"phd, the, received, research, his",5
9399,physician,M,1,physician,0.7767,0.1785,0.5982,"research, of, health, health, tools",5
72448,photographer,M,3,photographer,0.9814,0.0137,0.9677,"autodidactically, photography, photography, in, won",5
21794,nurse,F,5,nurse,0.9993,0.6103,0.389,"nurse, career, nurse, practitioner, utah",5
81832,surgeon,M,9,surgeon,0.7426,0.0003,0.7423,"hospital, the, agency, crime, under",5
88791,attorney,M,2,attorney,0.9841,0.9948,-0.0107,"counsel, cases, rapanos, counsel, appeals",5
91329,physician,M,1,physician,0.9997,0.9994,0.0003,"1073689527, credentials, california, professional, license",5
33727,software engineer,M,15,software engineer,0.9785,0.6029,0.3756,"programming, passion, new, paradigms, climbing",5
9703,attorney,F,2,attorney,0.9997,0.8433,0.1564,"represents, subcontractors, she, dispute, mitigation",5
26066,filmmaker,F,14,filmmaker,0.9923,0.081,0.9113,"filmmaking, national, sony, geographic, and",5
56982,professor,M,0,professor,0.96,0.6096,0.3504,"pathologists, biostatistician, 1990s, committee, genomic",5
72927,photographer,M,3,photographer,0.9923,0.8424,0.15,"prints, large, exhibition, project, done",5
71674,poet,M,13,poet,0.9943,0.1555,0.8388,"poetry, shouts, anger, his, poetry",5
86954,professor,M,0,professor,0.9047,0.7765,0.1282,"book, wildflowers, short, his, in",5
50925,professor,F,0,professor,0.9997,0.9996,0.0001,"teaches, courses, she, ph, on",5
71711,attorney,F,2,attorney,0.9998,0.9998,-0.0,"litigations, lawyers, cases, malpractice, alleging",5
63125,physician,M,1,physician,0.9859,0.0007,0.9852,"and, school, school, education, medicine",5
60230,filmmaker,M,14,filmmaker,0.9645,0.0043,0.9603,"cinematographer, movies, more, one, danny",5
45751,architect,M,10,architect,0.9967,0.9706,0.026,"acted, on, architectural, project, he",5
80716,attorney,M,2,attorney,0.5105,0.1623,0.3482,"alliance, wrestling, philadelphia, lapsed, state",5
51423,comedian,F,19,comedian,0.9928,0.972,0.0208,"comedy, was, her, crafted, puppy",5
86382,surgeon,M,9,surgeon,0.9903,0.9669,0.0235,"surgery, neurosurgery, neurosurgery, neurosurgery, neurosurgery",5
19101,journalist,M,4,journalist,0.5994,0.0732,0.5262,"include, business, due, property, editorial",5
61275,professor,M,0,professor,0.9998,0.9995,0.0003,"behavior, studies, political, visiting, professor",5
58728,professor,F,0,professor,0.9995,0.9976,0.002,"research, focuses, institutionalism, university, stanford",5
78975,physician,M,1,physician,0.9307,0.8627,0.0679,"physicians, graduated, medicine, patient, florida",5
13943,attorney,F,2,attorney,0.9998,0.9997,0.0,"practice, courts, focuses, her, disputes",5
93798,professor,F,0,professor,0.9994,0.9987,0.0007,"university, journals, ph, research, fellow",5
47841,journalist,M,4,journalist,0.9985,0.998,0.0005,"contributed, he, indian, organisations, news",5
18289,psychologist,M,6,psychologist,0.5348,0.6309,-0.0961,"psychiatric, clinic, dogris, experience, problems",5
35401,surgeon,M,9,surgeon,0.9958,0.9946,0.0013,"cartilage, reconstruction, surgery, surgery, patellofemoral",5
72876,professor,M,0,professor,0.9998,0.9997,0.0,"articles, comparative, ph, university, published",5
23724,professor,M,0,professor,0.9986,0.9899,0.0087,"stochastic, research, award, paper, recipient",5
40048,journalist,F,4,journalist,0.4458,0.1036,0.3422,"secrets, her, job, school, powered",5
47520,physician,F,1,physician,0.9999,0.9314,0.0685,"medicine, practices, medical, orthopaedic, in",5
91375,photographer,F,3,photographer,0.9984,0.9944,0.004,"photography, photography, photographer, brussels, documentary",5
20563,teacher,F,7,teacher,0.9825,0.5463,0.4361,"dickens, student, class, her, semester",5
16121,professor,M,0,professor,0.9695,0.9965,-0.027,"postdoctoral, fellowship, also, earned, health",5
41721,painter,F,11,painter,0.9446,0.0171,0.9275,"art, in, newport, born, richmond",5
72599,professor,M,0,professor,0.9994,0.9904,0.009,"studies, research, literature, focuses, slavery",5
78503,professor,M,0,professor,0.9952,0.3975,0.5977,"research, focuses, his, using, on",5
76583,nurse,F,5,nurse,0.9997,0.8996,0.1001,"nurse, practitioner, honors, experiences, she",5
93485,professor,M,10,architect,0.5342,0.9734,-0.4392,"university, achievements, tsa, restoring, training",5
92804,nurse,F,5,nurse,0.991,0.0084,0.9826,"nursing, practice, nurse, of, nurse",5
31756,attorney,M,2,attorney,0.9996,0.9996,0.0001,"law, received, college, from, of",5
5339,physician,F,1,physician,0.7247,0.5776,0.147,"practice, 1740594928, mrs, 3301, va",5
17369,professor,F,0,professor,0.9997,0.9995,0.0001,"rhetorical, research, resistance, focuses, rhetoric",5
29215,painter,M,11,painter,0.9669,0.0869,0.8801,"gallery, pollock, baumgold, arts, awards",5
91621,professor,M,0,professor,0.997,0.2075,0.7895,"scholarship, educational, advising, mentoring, student",5
21564,teacher,F,7,teacher,0.5899,0.0005,0.5894,"cannabis, bs, cultural, economics, the",5
42365,professor,M,0,professor,0.9996,0.9992,0.0004,"research, interests, dr, stomatitus, hypotheses",5
65751,comedian,M,19,comedian,0.9968,0.9934,0.0034,"comedy, funny, vancouver, comedians, finalist",5
45725,dentist,F,8,dentist,0.9834,0.9809,0.0025,"dental, denture, bds, clinic, denture",5
64298,poet,M,11,painter,0.4576,0.038,0.4196,"his, can, examples, bendibarrett, work",5
43483,professor,F,0,professor,0.9995,0.9994,0.0001,"research, conducts, phd, recieved, she",5
63424,physician,F,1,physician,0.9999,0.9027,0.0971,"medicine, practices, medicine, kerman, specializes",5
58878,attorney,F,2,attorney,0.9996,0.9997,-0.0001,"counsel, litigation, courts, counsel, arbitration",5
20692,attorney,F,2,attorney,0.9998,0.9997,0.0,"cases, disputes, represents, matters, secrets",5
4196,nurse,F,5,nurse,0.9997,0.1069,0.8928,"nurse, experience, especially, 2005, she",5
81725,architect,M,10,architect,0.9913,0.5853,0.406,"architecting, architect, solution, solutions, technologies",5
62396,poet,F,13,poet,0.5395,0.6519,-0.1124,"poetry, poems, poets, poetry, best",5
19034,professor,F,0,professor,0.9993,0.046,0.9534,"research, her, include, areas, global",5
47719,poet,F,13,poet,0.9751,0.984,-0.0089,"poetry, poets, creative, writing, mics",5
58574,physician,F,1,physician,0.9998,0.9293,0.0705,"medicine, zylstra, gynecology, obstetrics, ms",5
90188,software engineer,M,15,software engineer,0.8696,0.947,-0.0774,"solutions, code, nearly, techniques, basic",5
74328,composer,M,17,composer,0.9411,0.8337,0.1073,"soundwalks, his, audio, muse, his",5
10987,physician,F,1,physician,0.9998,0.5852,0.4146,"practices, medicine, belleville, pediatrics, hospital",5
80873,composer,F,17,composer,0.9966,0.9922,0.0044,"quartet, electronic, ensemble, instruments, works",5
14097,professor,M,0,professor,0.9996,0.8515,0.1481,"dr, phd, bowen, earned, genetics",5
94832,attorney,M,2,attorney,0.9969,0.9935,0.0033,"litigation, law, concentrates, ll, school",5
37993,dietitian,F,18,dietitian,0.9985,0.0621,0.9365,"dietitian, registered, nutrition, 2001, experiences",5
93135,journalist,F,4,journalist,0.9936,0.294,0.6995,"journalist, career, fiona, famous, life",5
49083,professor,M,0,professor,0.9996,0.9996,0.0001,"faculty, the, philosophy, focuses, marquette",5
68179,physician,M,1,physician,0.9994,0.9985,0.0009,"1861471591, 10040, apo, california, professional",5
28123,photographer,M,3,photographer,0.9832,0.1881,0.7951,"photographs, exhibited, photographic, throughout, locations",5
1733,teacher,F,7,teacher,0.9502,0.127,0.8233,"teaching, traveling, romania, earned, basketball",5
73699,attorney,M,2,attorney,0.9996,0.9997,-0.0001,"law, mr, practicing, appeals, appellate",5
35213,professor,M,0,professor,0.9992,0.9915,0.0077,"his, probability, degree, research, misspecified",5
7907,psychologist,M,6,psychologist,0.9702,0.9763,-0.0061,"time, hyperactivity, disorders, attention, effective",5
3350,professor,F,0,professor,0.9991,0.9984,0.0008,"phd, research, language, sociocultural, centers",5
32931,journalist,F,4,journalist,0.3852,0.2357,0.1495,"she, footballer, stoke, married, children",5
8265,physician,M,1,physician,0.9765,0.9551,0.0214,"medicine, residency, hospital, school, tennessee",5
80341,teacher,F,7,teacher,0.866,0.4588,0.4071,"several, playing, been, music, sharing",5
43631,professor,F,4,journalist,0.5117,0.2722,0.2396,"university, interacting, find, current, with",5
48054,journalist,M,4,journalist,0.9077,0.4516,0.4561,"just, everything, about, playing, gaming",5
20787,dentist,M,8,dentist,0.993,0.9947,-0.0017,"dentistry, dental, dental, dental, excellence",5
57761,psychologist,F,6,psychologist,0.9989,0.9981,0.0008,"psychodynamic, adults, eclectic, depression, emotional",5
13539,physician,M,1,physician,0.7638,0.8333,-0.0695,"medicine, dr, pittsburgh, medical, he",5
66096,nurse,F,5,nurse,0.5035,0.4174,0.0861,"patients, she, town, des, has",5
5722,physician,F,1,physician,0.9978,0.2204,0.7774,"dermatology, dermatology, dr, pa, supervision",5
69531,physician,M,1,physician,0.9998,0.612,0.3879,"medicine, medicine, practices, specializes, in",5
927,professor,M,0,professor,0.997,0.9749,0.0221,"time, prior, his, lectured, architectural",5
25023,nurse,F,5,nurse,0.9997,0.9634,0.0364,"nurse, 2016, honors, practitioner, experiences",5
6341,physician,M,1,physician,0.9404,0.7772,0.1632,"medicine, he, dr, at, is",5
59804,professor,F,0,professor,0.7962,0.0815,0.7146,"clinical, focus, is, her, cares",5
25092,physician,F,1,physician,0.9839,0.0002,0.9836,"physician, the, inaugural, medical, cbc",5
94484,professor,F,0,professor,0.9982,0.9892,0.009,"research, phd, interests, journals, earned",5
28177,teacher,F,7,teacher,0.8049,0.1457,0.6592,"childcare, center, graduated, her, development",5
85950,professor,F,0,professor,0.9981,0.5641,0.434,"is, essay, edited, recent, her",5
12597,psychologist,M,6,psychologist,0.9979,0.0562,0.9416,"psychology, psychology, therapist, professional, family",5
8126,composer,F,17,composer,0.9821,0.0,0.982,"scores, musical, scored, films, independent",5
76993,professor,F,0,professor,0.9993,0.9974,0.0019,"research, explores, aspirational, recently, seminar",5
34022,professor,F,0,professor,0.9994,0.9938,0.0055,"economics, conducted, she, mathematics, in",5
18155,professor,F,0,professor,0.9979,0.9739,0.024,"began, mit, the, career, melissa",5
85547,dietitian,F,18,dietitian,0.9984,0.0077,0.9908,"dietitian, nutrition, registered, 1991, experiences",5
27946,composer,M,17,composer,0.9737,0.113,0.8608,"cinematic, melodic, arrangements, warm, stimulating",5
74006,composer,M,17,composer,0.9978,0.9946,0.0033,"scored, electronica, has, for, sounds",5
73994,dentist,F,8,dentist,0.9968,0.0397,0.9571,"dental, practising, dr, clinic, pune",5
53811,photographer,M,3,photographer,0.9974,0.9796,0.0178,"photographer, 2010, photographer, landscape, landscape",5
36142,teacher,M,7,teacher,0.9956,0.9851,0.0105,"teaches, students, purification, currently, self",5
43655,physician,M,1,physician,0.9208,0.5111,0.4097,"medical, graduate, pediatric, medical, texas",5
75082,physician,M,1,physician,0.9675,0.9586,0.009,"medicine, graduate, medicine, university, fairfax",5
29736,professor,M,0,professor,0.9998,0.9997,0.0001,"ph, professor, holds, assistant, business",5
78512,architect,M,10,architect,0.6609,0.3745,0.2865,"company, tries, hard, microsoft, always",5
50243,professor,F,0,professor,0.6843,0.3495,0.3348,"professor, disorder, rascovsky, assistant, neuropsychology",5
39940,attorney,F,2,attorney,0.9996,0.981,0.0186,"attorneys, practice, provide, probate, law",5
66166,professor,F,0,professor,0.9995,0.9961,0.0034,"phd, leatherman, dr, students, research",5
8363,nurse,F,5,nurse,0.9991,0.1626,0.8365,"nursing, nurse, science, of, her",5
84273,filmmaker,M,14,filmmaker,0.995,0.9901,0.0049,"filmmaking, explore, screened, to, uses",5
29595,filmmaker,F,14,filmmaker,0.9879,0.1186,0.8693,"directorial, video, screen, triana, awards",5
24552,teacher,F,7,teacher,0.9768,0.9352,0.0416,"students, curriculum, students, guide, rewritten",5
26685,journalist,M,4,journalist,0.9802,0.1477,0.8325,"stories, unjustly, of, covered, for",5
19334,surgeon,F,9,surgeon,0.9948,0.9902,0.0046,"steinman, surgery, surgery, her, fellowships",5
10387,surgeon,F,9,surgeon,0.9989,0.9984,0.0005,"medicine, dr, krueger, surgical, she",5
32201,software engineer,M,15,software engineer,0.9256,0.0359,0.8897,"data, designing, building, enjoys, systems",5
58282,professor,M,0,professor,0.9993,0.9975,0.0018,"dominguez, ph, regularly, teaches, courses",5
49035,photographer,F,3,photographer,0.9193,0.1058,0.8135,"photographer, behind, prize, is, second",5
23352,professor,F,0,professor,0.9563,0.6964,0.2599,"assistant, organogenesis, organogenesis, the, she",5
90291,model,M,12,model,0.9296,0.0013,0.9283,"model, model, layout, scales, he",5
25358,nurse,F,5,nurse,0.4936,0.5246,-0.031,"crucial, skill, that, or, is",5
76803,psychologist,M,6,psychologist,0.9984,0.9947,0.0037,"parents, children, is, helping, cope",5
85590,professor,F,0,professor,0.9907,0.604,0.3867,"professor, she, undergraduates, university, classes",5
28576,attorney,M,2,attorney,0.9997,0.9996,0.0001,"appellate, arizona, clients, appeals, court",5
74893,teacher,M,7,teacher,0.9838,0.0802,0.9035,"teaching, teach, style, intellectually, students",5
26200,professor,M,0,professor,0.9996,0.9985,0.0011,"research, focuses, phd, his, textual",5
14885,professor,M,0,professor,0.9982,0.9356,0.0626,"doctoral, boston, research, his, stoicism",5
14442,architect,M,10,architect,0.8496,0.9551,-0.1055,"computer, toolkit, years, industry, projects",5
83310,professor,F,0,professor,0.9994,0.9993,0.0001,"professor, copenhagen, research, economics, macroeconomics",5
21822,photographer,M,3,photographer,0.4248,0.0038,0.4211,"images, are, interest, incredible, expertise",5
91539,professor,F,0,professor,0.996,0.9122,0.0837,"phonology, comparative, main, linguistics, linguistics",5
47824,architect,M,10,architect,0.8656,0.7455,0.1201,"standards, area, interfaces, years, experience",5
94091,photographer,F,3,photographer,0.997,0.0239,0.973,"photographic, photography, as, documentary, reality",5
8694,nurse,F,5,nurse,0.9996,0.0006,0.9991,"nurse, graduated, she, practitioner, honors",5
35999,attorney,M,2,attorney,0.9963,0.0469,0.9495,"legal, andrew, untrusted, sdk, talked",5
786,photographer,M,3,photographer,0.9631,0.0462,0.9169,"photographs, bbc, and, working, outdoor",5
22750,professor,F,0,professor,0.9992,0.9994,-0.0002,"articles, postcolonialism, published, romanian, bucharest",5
44270,professor,F,0,professor,0.9904,0.7917,0.1987,"religion, harvard, initiative, she, directs",5
34573,professor,M,0,professor,0.9996,0.998,0.0016,"he, discuss, religion, edu, with",5
44670,professor,M,0,professor,0.9749,0.4063,0.5686,"researches, oncology, cooperberg, practices, focus",5
26558,professor,F,0,professor,0.9991,0.9983,0.0008,"doctoral, university, fieldwork, grant, research",5
987,photographer,F,3,photographer,0.9773,0.9421,0.0352,"biographies, attracted, inspiration, people, the",5
2171,attorney,F,2,attorney,0.9997,0.9995,0.0002,"vasquez, cases, 2016, law, lawyers",5
60868,professor,M,0,professor,0.9993,0.9887,0.0106,"counselor, educator, counselor, education, florida",5
22353,professor,F,0,professor,0.9979,0.7711,0.2269,"consults, phd, dr, research, interests",5
78455,professor,M,0,professor,0.9996,0.9975,0.0021,"resilience, teaches, on, infrastructure, he",5
34535,professor,M,0,professor,0.9997,0.0043,0.9955,"phd, academia, public, the, faculty",5
29494,professor,M,0,professor,0.9994,0.9852,0.0142,"research, his, multinationals, interests, topics",5
6970,journalist,F,4,journalist,0.995,0.6914,0.3036,"journalist, bbc, freelance, work, edited",5
81777,journalist,F,4,journalist,0.999,0.9981,0.0009,"news, journalism, editor, her, own",5
47944,professor,F,0,professor,0.9837,0.9202,0.0635,"translational, specializes, research, her, lymphoma",5
76092,surgeon,M,9,surgeon,0.9988,0.9986,0.0002,"surgery, medicine, california, dr, school",5
54765,painter,M,11,painter,0.5711,0.0342,0.5369,"illustrated, numerous, has, appeared, untitled",5
67872,teacher,F,7,teacher,0.9985,0.9965,0.002,"educator, tutored, hobbies, classes, tutors",5
49259,teacher,F,7,teacher,0.9288,0.2047,0.7241,"presentations, learning, libs, circulates, enthusiasm",5
60181,professor,M,0,professor,0.9204,0.3337,0.5867,"endocrinology, research, project, interests, clinical",5
75421,physician,M,1,physician,0.9282,0.9573,-0.0291,"practices, dr, bachelor, bvms, veterinary",5
51571,photographer,M,3,photographer,0.9976,0.0326,0.9651,"photography, corporate, and, images, industrial",5
46365,physician,M,1,physician,0.9998,0.5686,0.4313,"medicine, dermatology, medical, in, practices",5
92126,comedian,M,19,comedian,0.9972,0.9451,0.0521,"comedy, comedic, his, television, performances",5
52908,psychologist,M,6,psychologist,0.9908,0.9854,0.0054,"psychology, in, master, counseling, degree",5
22107,poet,F,13,poet,0.9843,0.961,0.0234,"poems, poetry, books, appeared, has",5
58186,psychologist,F,6,psychologist,0.998,0.6447,0.3533,"therapists, schatten, dr, individual, therapy",5
14286,poet,M,13,poet,0.9847,0.1096,0.8751,"poem, long, reads, composed, society",5
4910,professor,F,0,professor,0.9995,0.9992,0.0003,"research, studying, her, interests, journal",5
61132,nurse,M,5,nurse,0.9997,0.2447,0.7551,"nurse, graduated, practitioner, experiences, honors",5
73112,attorney,M,2,attorney,0.9865,0.8494,0.1371,"attorney, lawyer, practicing, criminal, leo",5
62780,teacher,F,7,teacher,0.974,0.6546,0.3194,"workshops, teachers, course, kids, students",5
3296,professor,F,0,professor,0.9993,0.5917,0.4076,"doctorate, her, holds, the, research",5
8700,professor,M,0,professor,0.9998,0.9996,0.0002,"nanotechnology, cornell, 2001, university, received",5
31704,journalist,F,4,journalist,0.999,0.9989,0.0001,"journalism, editor, news, role, kong",5
46846,professor,F,0,professor,0.9997,0.9995,0.0001,"teaches, design, industrial, she, engineering",5
20452,professor,F,0,professor,0.9997,0.1826,0.8171,"anthropologist, recent, research, cultural, most",5
79309,composer,M,17,composer,0.998,0.0849,0.9132,"orchestral, trombone, composing, with, dynamic",5
93036,surgeon,M,9,surgeon,0.9991,0.9984,0.0006,"orthopaedic, medicine, practice, residency, science",5
82716,attorney,M,2,attorney,0.9998,0.9998,-0.0,"represents, smuro, nuptial, matrimonial, clients",5
28452,nurse,F,5,nurse,0.9997,0.2509,0.7488,"nurse, experience, she, 2013, practitioner",5
87947,attorney,M,2,attorney,0.9438,0.2858,0.658,"been, legal, law, llm, graduated",5
93024,photographer,M,3,photographer,0.9967,0.9888,0.0079,"shoot, shoots, can, subject, extremely",5
60324,teacher,M,7,teacher,0.9969,0.8657,0.1312,"students, students, music, activities, dedication",5
13325,dietitian,M,18,dietitian,0.7626,0.4284,0.3342,"coach, weight, holistic, expert, preventive",5
23984,physician,F,1,physician,0.9998,0.8586,0.1412,"medicine, medical, in, medicine, boston",5
26531,nurse,F,5,nurse,0.9997,0.6257,0.374,"nurse, practitioner, 1999, honors, experiences",5
67454,dietitian,F,18,dietitian,0.9981,0.9818,0.0163,"nutrition, dietetic, nutritional, master, education",5
49420,physician,M,1,physician,0.8659,0.0361,0.8298,"medicine, graduated, epo, university, cincinnati",5
8062,attorney,M,2,attorney,0.9992,0.9978,0.0015,"lawyers, immigration, association, board, county",5
12469,psychologist,F,6,psychologist,0.9753,0.0113,0.964,"specialists, health, behavioral, closely, providers",5
72346,photographer,M,3,photographer,0.9709,0.0034,0.9676,"things, by, photographs, janek, and",5
18331,nurse,F,5,nurse,0.9997,0.6991,0.3006,"nurse, graduated, practitioner, experiences, hospital",5
88767,attorney,M,2,attorney,0.9973,0.9967,0.0006,"attorney, prosecuting, experience, law, including",5
39400,attorney,M,2,attorney,0.9998,0.9997,0.0001,"malpractice, memphis, clients, bar, legal",5
48409,filmmaker,M,14,filmmaker,0.5099,0.2668,0.2431,"director, liverpool, co, output, the",5
76478,professor,F,0,professor,0.9981,0.9811,0.017,"oncologist, oncology, cci, oncology, alberta",5
67165,painter,F,11,painter,0.9644,0.0105,0.9538,"paint, oils, studied, learned, art",5
12136,professor,F,0,professor,0.9974,0.5783,0.4191,"key, research, middle, disability, focus",5
9522,photographer,M,3,photographer,0.999,0.9426,0.0564,"shoots, portraits, images, he, evoking",5
73719,software engineer,M,15,software engineer,0.9531,0.9437,0.0094,"passion, has, technologies, javascript, jquery",5
54836,attorney,M,2,attorney,0.9998,0.9993,0.0005,"degree, focus, his, law, law",5
63994,attorney,M,2,attorney,0.9993,0.9428,0.0566,"attorney, admitted, licensed, estate, bar",5
59317,professor,F,0,professor,0.9993,0.9923,0.007,"received, award, postdoctoral, awards, kim",5
78957,journalist,F,4,journalist,0.9973,0.9877,0.0096,"german, einkaufsrevolution, consumerism, scandals, she",5
37861,software engineer,M,15,software engineer,0.8939,0.816,0.0779,"source, mentorship, agile, abstractions, passion",5
25082,professor,M,0,professor,0.9993,0.8081,0.1912,"research, focuses, previously, methods, was",5
33162,professor,M,0,professor,0.9835,0.8388,0.1447,"author, epistemology, university, inquiring, education",5
49786,nurse,F,5,nurse,0.8765,0.2853,0.5912,"nurse, nurse, practices, director, believes",5
25316,professor,M,0,professor,0.9987,0.9848,0.0139,"research, 3d, papers, ieee, interaction",5
20348,dentist,M,8,dentist,0.9896,0.0001,0.9895,"dentistry, dentistry, dental, dentistry, dentistry",5
87988,professor,M,0,professor,0.9771,0.9891,-0.012,"phd, levels, taught, teaches, published",5
40392,psychologist,M,6,psychologist,0.8456,0.577,0.2686,"reactions, experiences, disorder, experiences, reported",5
43962,dietitian,F,18,dietitian,0.9984,0.0476,0.9509,"dietitian, nutrition, registered, nutrition, experiences",5
10189,physician,F,1,physician,0.9998,0.8335,0.1663,"medicine, practices, sioux, medical, medicine",5
976,professor,M,0,professor,0.999,0.9989,0.0001,"major, changing, area, work, his",5
48882,journalist,F,4,journalist,0.9988,0.901,0.0977,"journalist, won, woman, year, best",5
39983,nurse,F,5,nurse,0.9997,0.9617,0.038,"nurse, graduated, medicine, she, practitioner",5
8780,attorney,F,2,attorney,0.9892,0.1573,0.8319,"prosecutors, association, twitter, blackprosecutors, director",5
90459,journalist,F,18,dietitian,0.2351,0.02,0.2151,"nutrition, health, creates, and, time",5
59603,professor,F,0,professor,0.9978,0.9883,0.0095,"research, postdoctoral, phd, focuses, master",5
36635,photographer,F,3,photographer,0.9879,0.7434,0.2445,"series, subject, matter, gambian, gambian",5
23311,professor,F,0,professor,0.9997,0.9989,0.0008,"phd, received, she, geog311, university",5
45869,journalist,F,4,journalist,0.8438,0.2409,0.6029,"reading, she, in, in, guest",5
7300,psychologist,F,6,psychologist,0.9984,0.9938,0.0045,"cope, therapy, helping, cognitive, skilled",5
92406,professor,M,0,professor,0.9998,0.9996,0.0002,"teaches, undergraduate, research, graduate, he",5
82327,surgeon,F,9,surgeon,0.8665,0.7734,0.0931,"dr, dr, uchampp, aneurysms, aortic",5
73807,nurse,F,5,nurse,0.9709,0.0074,0.9635,"nurses, nursing, clinical, nursing, college",5
87485,teacher,M,7,teacher,0.6434,0.2534,0.39,"stats, athletes, coach, of, imporve",5
91256,professor,M,0,professor,0.9996,0.9993,0.0003,"research, economics, professor, ph, papers",5
34057,journalist,F,4,journalist,0.9973,0.9773,0.02,"reporter, editor, an, investigative, and",5
7523,professor,F,0,professor,0.9973,0.9406,0.0567,"professor, investigator, federally, articles, projects",5
92758,model,F,12,model,0.9993,0.3514,0.6479,"modeling, endorsement, she, and, brands",5
4538,dentist,M,8,dentist,0.9486,0.1397,0.8089,"dental, dental, sandeep, bds, center",5
82363,physician,M,1,physician,0.9758,0.2031,0.7726,"university, interests, polio, migraine, affiliated",5
60958,software engineer,M,15,software engineer,0.5004,0.3832,0.1171,"development, enterprise, project, platform, has",5
18222,accountant,M,16,accountant,0.4243,0.5979,-0.1736,"while, clients, create, his, he",5
27732,journalist,M,4,journalist,0.992,0.9013,0.0907,"journalism, of, school, papers, articles",5
40468,photographer,M,3,photographer,0.9982,0.589,0.4092,"photographing, began, born, exploration, project",5
65339,professor,F,0,professor,0.9704,0.9941,-0.0237,"research, emotional, primary, conducts, behavioral",5
27545,physician,M,1,physician,0.9997,0.9997,0.0,"md600020968, alaska, professional, credentials, 1780729400",5
63096,photographer,M,3,photographer,0.9969,0.9959,0.0009,"photography, photography, photography, from, love",5
69990,model,F,12,model,0.9994,0.9956,0.0039,"freeones, she, 1989, she, born",5
67260,surgeon,M,9,surgeon,0.974,0.0409,0.9331,"surgeons, maxillofacial, implants, grafting, dr",5
7782,comedian,M,19,comedian,0.9965,0.996,0.0005,"comedians, funny, funniest, amazing, opened",5
87017,journalist,F,4,journalist,0.9962,0.7685,0.2277,"journalist, content, copywriter, self, english",5
43715,attorney,F,2,attorney,0.9992,0.5025,0.4968,"member, california, state, ucsd, bar",5
58782,comedian,M,19,comedian,0.9963,0.991,0.0053,"resonates, comedy, satire, intelligent, his",5
24866,nurse,F,5,nurse,0.9986,0.6455,0.3531,"nurse, their, susan, private, hospital",5
59109,accountant,M,16,accountant,0.9979,0.3414,0.6566,"accountants, accountants, chartered, of, chartered",5
37253,professor,F,0,professor,0.9997,0.9997,0.0,"university, ph, literature, illinois, palgrave",5
92515,architect,M,10,architect,0.9984,0.9837,0.0147,"architectural, architectural, designed, firm, firm",5
53310,professor,M,0,professor,0.9989,0.0047,0.9942,"science, simulation, center, is, has",5
57561,photographer,M,3,photographer,0.9755,0.9836,-0.0082,"commissioned, addition, interested, social, exhibition",5
82790,attorney,F,2,attorney,0.9998,0.9997,0.0001,"ferrill, experience, her, practice, litigation",5
7482,professor,F,0,professor,0.9995,0.9965,0.003,"mit, curator, from, 1960s, worked",5
12281,attorney,F,2,attorney,0.9997,0.9997,-0.0,"she, litigation, complex, focuses, represents",5
51055,journalist,F,4,journalist,0.9978,0.6527,0.3451,"reporting, in, uber, merger, media",5
86059,attorney,M,2,attorney,0.9997,0.9046,0.0951,"litigation, clients, serves, damages, investigations",5
45785,photographer,M,3,photographer,0.8585,0.9394,-0.0808,"going, communities, project, on, on",5
57924,attorney,M,2,attorney,0.9997,0.9997,0.0,"his, primarily, focuses, clients, disputes",5
62994,professor,M,0,professor,0.9921,0.9944,-0.0023,"is, sinai, lab, award, he",5
67749,physician,M,1,physician,0.9993,0.9986,0.0007,"medical, electrophysiological, university, graduated, texas",5
18422,attorney,F,2,attorney,0.9994,0.9961,0.0033,"law, hobbies, clients, cynthia, problems",5
4673,journalist,M,4,journalist,0.9992,0.9989,0.0003,"reported, articles, writing, freelancer, specialised",5
39686,dentist,M,8,dentist,0.9933,0.9075,0.0857,"dr, patients, rating, vomero, choice",5
55857,poet,M,13,poet,0.192,0.0846,0.1075,"moods, many, ocean, matt, peace",5
17084,attorney,M,2,attorney,0.9996,0.9773,0.0223,"transactional, litigation, litigation, practice, divided",5
37889,professor,F,0,professor,0.9982,0.9839,0.0143,"award, research, careers, shen, research",5
71400,journalist,F,4,journalist,0.9989,0.9948,0.004,"weekly, polish, based, jagiellonian, express",5
41070,teacher,M,7,teacher,0.9969,0.0029,0.994,"trainer, teachers, education, teachers, curriculum",5
81236,composer,M,17,composer,0.9609,0.1464,0.8145,"improvisation, music, his, audiences, his",5
19356,teacher,F,7,teacher,0.8733,0.7327,0.1406,"classrooms, teaching, students, democratic, her",5
15812,journalist,M,4,journalist,0.937,0.7587,0.1783,"focusing, news, illuminates, ambitious, book",5
47910,professor,F,0,professor,0.9839,0.9462,0.0377,"university, intellectual, in, law, comparative",5
79540,professor,M,0,professor,0.9985,0.9777,0.0208,"lab, focuses, his, genetics, biology",5
83317,dentist,M,8,dentist,0.9978,0.9921,0.0057,"dentist, dental, patients, his, dr",5
69265,professor,F,0,professor,0.9993,0.9985,0.0008,"studies, teaches, gender, tduncan, courses",5
70434,professor,M,0,professor,0.9991,0.9915,0.0076,"university, faculty, teaches, internships, the",5
94550,professor,F,0,professor,0.8229,0.1598,0.6631,"author, fetner, scatterplot, how, the",5
82129,model,F,12,model,0.9994,0.9968,0.0026,"modeling, model, scoreland, won, shoots",5
45088,professor,F,0,professor,0.9991,0.9896,0.0095,"research, current, online, interests, her",5
89508,teacher,F,7,teacher,0.9967,0.5293,0.4674,"classroom, students, of, enjoys, daughter",5
26093,attorney,M,2,attorney,0.9867,0.9942,-0.0076,"counsel, llp, davidson, washington, election",5
86974,psychologist,M,6,psychologist,0.8526,0.103,0.7496,"therapist, therapeutic, nlp, certificates, coaching",5
78801,psychologist,F,6,psychologist,0.9884,0.4967,0.4917,"psychotherapy, trauma, approach, treating, clients",5
48721,attorney,F,2,attorney,0.9996,0.9995,0.0001,"attorney, advises, her, reimbursement, clients",5
95337,professor,M,0,professor,0.9948,0.007,0.9878,"as, prior, has, mfa, at",5
14426,composer,M,17,composer,0.9981,0.9965,0.0016,"grammy, composition, concerto, violin, composer",5
29014,poet,M,13,poet,0.8682,0.0121,0.8561,"poetry, writer, freelance, wales, english",5
54899,psychologist,M,6,psychologist,0.9987,0.9347,0.0639,"psychological, psychologists, psychology, specialises, spectrum",5
59387,model,F,12,model,0.9994,0.5639,0.4355,"freeones, guayaquil, she, born, gallery",5
5205,composer,F,17,composer,0.9937,0.0841,0.9095,"composer, performed, recorded, compositions, compositions",5
91238,professor,F,0,professor,0.9996,0.9995,0.0001,"author, university, politics, press, 2014",5
58540,psychologist,M,6,psychologist,0.9994,0.0569,0.9425,"psychologist, experiences, in, he, doctors",5
46231,nurse,M,5,nurse,0.9986,0.7369,0.2617,"nursing, degree, associate, nurse, from",5
26404,attorney,F,2,attorney,0.6013,0.8844,-0.2831,"many, from, toronto, lawyer, california",5
67573,nurse,F,5,nurse,0.9997,0.9422,0.0575,"nurse, 2010, honors, practitioner, she",5
40201,professor,M,0,professor,0.856,0.9891,-0.1331,"swedish, conducts, and, 1994, research",5
50966,dentist,M,8,dentist,0.9988,0.9947,0.0041,"dentistry, maxillofacial, dr, specialties, his",5
82737,nurse,F,5,nurse,0.9916,0.0052,0.9864,"nursing, science, team, of, in",5
59702,comedian,F,19,comedian,0.6233,0.113,0.5103,"animated, voicing, and, cars, of",5
12758,journalist,M,4,journalist,0.9985,0.9981,0.0004,"editor, editor, news, guardian, assistant",5
73412,attorney,M,2,attorney,0.9996,0.9671,0.0325,"attorneys, firm, exam, law, he",5
14734,journalist,M,4,journalist,0.3095,0.1321,0.1773,"february, ad, publish, this, league",5
21593,teacher,F,7,teacher,0.9872,0.4628,0.5244,"montessori, teachers, sensorial, education, with",5
73654,photographer,M,3,photographer,0.9983,0.9967,0.0016,"photography, still, portrait, photographs, commercial",5
3040,professor,M,0,professor,0.9992,0.9985,0.0007,"barness, focuses, research, published, latest",5
14990,professor,M,0,professor,0.9997,0.9994,0.0002,"university, press, reconstructing, nebraska, histories",5
50231,professor,M,0,professor,0.9994,0.9986,0.0008,"teaching, areas, undergraduate, interest, dr",5
17483,professor,M,0,professor,0.9941,0.0004,0.9937,"capacity, consultation, usc, dr, provides",5
85630,professor,F,0,professor,0.9992,0.9976,0.0017,"research, interests, university, stratification, received",5
37689,dietitian,M,18,dietitian,0.3958,0.3305,0.0653,"and, digital, genetics, about, and",5
60107,poet,M,13,poet,0.9052,0.0646,0.8406,"poetry, writing, combs, meticulously, his",5
68047,attorney,M,2,attorney,0.8551,0.8231,0.032,"appointed, if, commissioners, told, commissioners",5
81110,psychologist,M,6,psychologist,0.9993,0.0541,0.9452,"psychologist, in, he, experiences, graduated",5
74091,professor,M,0,professor,0.9928,0.9769,0.0159,"professor, 2000, doctor, bachelor, with",5
35918,professor,M,0,professor,0.9993,0.9959,0.0033,"phd, 2004, received, dissertation, his",5
93030,professor,M,0,professor,0.9996,0.9988,0.0008,"university, ethnographic, university, press, studies",5
864,professor,F,0,professor,0.9942,0.114,0.8802,"phd, research, epidemiology, interests, syracuse",5
35077,professor,M,0,professor,0.9997,0.429,0.5707,"research, interests, his, prize, stubbendieck",5
74373,model,F,12,model,0.9994,0.9974,0.002,"freeones, freeones, born, she, videos",5
69715,professor,M,0,professor,0.9553,0.8131,0.1422,"directed, grants, disease, 25, medical",5
10642,accountant,M,16,accountant,0.9961,0.8531,0.1429,"auditing, before, finance, knowledge, finance",5
74063,physician,F,1,physician,0.9998,0.9963,0.0036,"medicine, practices, in, pa, specializes",5
1459,physician,M,1,physician,0.9998,0.9877,0.0121,"medicine, medical, specializes, medicine, narcisse",5
17811,teacher,F,7,teacher,0.9968,0.2227,0.7741,"teachers, students, children, frustrated, migrant",5
40242,psychologist,M,6,psychologist,0.9958,0.8042,0.1917,"approach, dynamics, anger, takes, traumatize",5
57302,professor,F,0,professor,0.9983,0.6712,0.3272,"is, psychiatry, she, students, general",5
7707,nurse,F,5,nurse,0.9997,0.3737,0.626,"nurse, graduated, honors, she, practitioner",5
90933,surgeon,M,9,surgeon,0.994,0.9782,0.0158,"surgery, medical, surgery, surgeons, he",5
50361,surgeon,M,9,surgeon,0.2886,0.3045,-0.0159,"diligently, in, has, or, in",5
81786,painter,F,11,painter,0.857,0.9545,-0.0975,"exhibited, exhibitions, exhibitions, she, seoul",5
24370,painter,M,11,painter,0.9817,0.9407,0.0411,"oil, paintings, are, his, canvas",5
90408,painter,M,11,painter,0.9908,0.5899,0.4009,"painting, taught, alumnus, shown, gallery",5
49212,teacher,F,7,teacher,0.3937,0.1723,0.2214,"happiest, she, she, and, lot",5
55566,attorney,F,2,attorney,0.769,0.0592,0.7099,"microbiology, technology, clients, jersey, consumer",5
24744,teacher,M,7,teacher,0.5751,0.7473,-0.1721,"soccer, golf, girls, soccer, jmu",5
73269,teacher,M,7,teacher,0.9979,0.9184,0.0794,"teachers, teachers, teacher, classroom, teachers",5
10380,teacher,F,7,teacher,0.998,0.979,0.019,"teaching, principal, taught, school, olds",5
19688,journalist,M,4,journalist,0.9977,0.9912,0.0065,"publications, appeared, cnn, lives, work",5
20392,surgeon,M,9,surgeon,0.9591,0.0201,0.9389,"hospital, silicon, by, valley, he",5
59969,comedian,M,19,comedian,0.7387,0.5116,0.227,"52, la, swearing, pepitone, much",5
47561,painter,F,11,painter,0.9899,0.1164,0.8735,"art, college, figurative, subjects, bfa",5
52066,attorney,M,2,attorney,0.9997,0.9996,0.0001,"courtroom, alex, litigation, firm, litigation",5
31828,professor,F,0,professor,0.9997,0.9991,0.0005,"phd, cornell, global, university, university",5
24002,psychologist,M,6,psychologist,0.9994,0.3205,0.6789,"psychologist, graduated, medical, robert, he",5
40216,attorney,M,2,attorney,0.9996,0.9661,0.0334,"courtroom, arbitrator, resolves, disputes, clients",5
49616,photographer,F,3,photographer,0.9961,0.2402,0.7559,"samanthafortenberryphotography, latest, series, work, her",5
65820,physician,M,1,physician,0.9997,0.9203,0.0794,"md, 1114026846, professional, california, credentials",5
68988,professor,F,0,professor,0.9997,0.9992,0.0006,"ph, courses, teaches, duquesne, information",5
82424,photographer,F,3,photographer,0.9669,0.0135,0.9534,"about, finds, photography, she, photography",5
95395,nurse,F,5,nurse,0.2026,0.091,0.1116,"she, husband, as, patrick, baby",5
45431,professor,M,0,professor,0.9996,0.9991,0.0005,"is, prospect, phd, research, he",5
56953,professor,F,0,professor,0.7564,0.0067,0.7497,"bonstewart, scholastic, educational, programming, intersections",5
31513,professor,F,0,professor,0.9993,0.9988,0.0005,"author, univerity, the, the, she",5
17901,psychologist,F,6,psychologist,0.9839,0.9635,0.0204,"psychology, in, licensed, emotional, helped",5
54890,professor,F,0,professor,0.9937,0.8774,0.1163,"research, focuses, agroecosystems, program, research",5
17066,professor,F,0,professor,0.9975,0.9859,0.0116,"chemistry, chemist, common, lab, perspective",5
65009,physician,F,1,physician,0.9993,0.2133,0.7859,"physician, physician, assistant, she, hospital",5
29506,teacher,F,7,teacher,0.9988,0.9577,0.0411,"lesson, teach, within, preparing, teaching",5
82437,nurse,F,5,nurse,0.9995,0.8492,0.1503,"nursing, oncology, since, works, 2001",5
23830,professor,M,0,professor,0.9971,0.9951,0.002,"25, faculty, years, has, faculty",5
42543,professor,M,0,professor,0.9975,0.9405,0.057,"his, expertise, chemistry, programs, car",5
46013,dentist,F,8,dentist,0.9741,0.9695,0.0047,"dental, dental, institute, dental, implants",5
78915,dentist,M,8,dentist,0.9983,0.9941,0.0042,"dentist, practising, dr, years, he",5
60842,physician,M,1,physician,0.8618,0.1566,0.7052,"steven, hospital, hospital, cherokee, hospital",5
53065,attorney,M,2,attorney,0.9998,0.9997,0.0001,"matters, court, focuses, disputes, investigations",5
10290,poet,F,13,poet,0.2987,0.1468,0.1518,"symbolism, devoting, herself, cuba, who",5
11528,photographer,F,3,photographer,0.9964,0.9978,-0.0013,"photography, photography, experience, engagement, photos",5
52893,professor,F,0,professor,0.9998,0.9996,0.0002,"carney, scholar, ph, received, feminisms",5
85243,professor,F,0,professor,0.9919,0.9718,0.02,"publications, dr, she, students, numerous",5
53654,attorney,M,2,attorney,0.9983,0.9957,0.0025,"suit, trial, bulger, mobsters, believes",5
68777,teacher,M,7,teacher,0.9926,0.9482,0.0445,"lecturer, teachers, education, education, education",5
89847,professor,F,0,professor,0.991,0.9388,0.0521,"focuses, research, interested, neuropsychology, understanding",5
91005,software engineer,M,15,software engineer,0.9622,0.9397,0.0225,"source, open, software, involved, in",5
48497,dentist,M,8,dentist,0.9504,0.0661,0.8842,"bds, jitesh, dental, dr, practices",5
20401,professor,M,0,professor,0.9998,0.9994,0.0004,"doctorate, international, earned, his, development",5
55783,psychologist,F,6,psychologist,0.8754,0.7709,0.1046,"various, law, interrogating, techniques, properly",5
26982,nurse,F,5,nurse,0.994,0.5073,0.4867,"nursing, professor, professor, nursing, nursing",5
14561,professor,M,0,professor,0.911,0.7695,0.1414,"performances, business, articles, the, with",5
76071,professor,M,0,professor,0.9996,0.9977,0.0018,"research, focuses, his, narrative, the",5
22292,professor,F,0,professor,0.9933,0.3509,0.6424,"research, examines, her, the, impact",5
87534,software engineer,M,15,software engineer,0.9667,0.8395,0.1272,"queries, facebook, yahoo, users, ph",5
87841,professor,M,0,professor,0.9698,0.0037,0.9661,"mba, rotman, instructor, classes, has",5
17263,professor,F,0,professor,0.9995,0.9953,0.0042,"phd, seismology, received, interested, supercomputers",5
74549,professor,M,0,professor,0.9997,0.9994,0.0003,"research, focuses, his, paper, ph",5
74895,teacher,M,7,teacher,0.369,0.0888,0.2802,"yun, beijing, businessman, the, dreams",5
29205,journalist,M,4,journalist,0.513,0.5488,-0.0358,"indian, served, forces, interest, led",5
2371,physician,F,1,physician,0.9734,0.9699,0.0036,"medicine, graduated, dr, glenn, university",5
42684,photographer,M,3,photographer,0.9983,0.994,0.0043,"photographer, photographer, outdoor, been, showcased",5
4212,professor,M,0,professor,0.9998,0.9997,0.0001,"primary, research, cover, ph, journals",5
58758,dentist,F,8,dentist,0.9981,0.0002,0.9979,"licence, dmd, 1225445067, professional, of",5
63624,professor,M,0,professor,0.9994,0.9936,0.0058,"phd, includes, area, service, phd",5
86794,filmmaker,F,14,filmmaker,0.613,0.2148,0.3982,"films, festival, short, number, cretail",5
71446,professor,M,0,professor,0.9928,0.6553,0.3375,"expert, imaging, is, doseoptics, systems",5
59152,physician,F,1,physician,0.9998,0.9317,0.0681,"practices, medicine, in, orthopaedic, medical",5
47905,attorney,M,2,attorney,0.9948,0.9835,0.0113,"obtained, meyers, molinaro, accident, 1997",5
40649,professor,F,0,professor,0.5862,0.4135,0.1727,"dissertation, from, katherine, phd, university",5
13922,dietitian,F,18,dietitian,0.9985,0.055,0.9435,"dietitian, nutrition, registered, 1997, experiences",5
48089,nurse,F,5,nurse,0.3335,0.3269,0.0066,"accomplishments, medical, georgia, and, equipment",5
17491,teacher,F,7,teacher,0.7697,0.7909,-0.0212,"university, wellbeing, published, since, was",5
47421,professor,F,0,professor,0.9964,0.9956,0.0009,"phd, back, guelph, fulbright, teaching",5
56896,professor,F,0,professor,0.8743,0.0824,0.792,"frequently, college, involved, teaches, abroad",5
22711,surgeon,M,9,surgeon,0.9449,0.0701,0.8749,"surgery, orthopaedic, graduated, orthopaedic, he",5
34105,dentist,F,8,dentist,0.9182,0.0836,0.8346,"dental, bds, sangeeta, clinic, dr",5
38376,professor,M,0,professor,0.9991,0.9989,0.0002,"include, articles, interests, lexical, linguistics",5
19826,physician,F,1,physician,0.9208,0.8424,0.0784,"chiropractic, in, pediatric, care, specializes",5
42516,professor,F,0,professor,0.9995,0.9993,0.0002,"research, continues, publish, finance, her",5
7674,professor,M,0,professor,0.9994,0.9978,0.0017,"uf, simulation, advances, barron, quantify",5
76486,photographer,M,3,photographer,0.9976,0.7924,0.2051,"work, focuses, his, known, streets",5
66021,professor,F,0,professor,0.9902,0.0222,0.968,"lab, research, examines, the, her",5
44460,photographer,F,3,photographer,0.9986,0.788,0.2105,"photography, advertising, portrait, and, specializes",5
20173,photographer,M,3,photographer,0.3408,0.1852,0.1555,"havasupai, who, area, town, have",5
7836,professor,F,0,professor,0.6448,0.006,0.6388,"research, developing, on, that, focuses",5
88173,attorney,M,2,attorney,0.9998,0.9997,0.0,"matters, litigation, attorney, law, probate",5
86739,poet,M,13,poet,0.6144,0.0701,0.5443,"poetry, urdu, which, published, in",5
51004,nurse,F,5,nurse,0.6765,0.4045,0.272,"she, husband, her, york, haiti",5
91623,professor,F,0,professor,0.4313,0.1481,0.2831,"pharmacy, graduated, auburn, and, emmie",5
55356,dentist,M,8,dentist,0.9916,0.9784,0.0132,"dental, dental, dentures, dentures, dental",5
56236,photographer,M,3,photographer,0.9737,0.2231,0.7506,"series, innovative, his, upon, reflect",5
6581,physician,M,1,physician,0.92,0.9467,-0.0267,"school, medicine, florida, dr, of",5
50156,professor,M,0,professor,0.9997,0.9996,0.0001,"phd, 2008, texas, funding, autotuning",5
90445,dietitian,F,18,dietitian,0.8863,0.4414,0.445,"classes, meals, wine, runs, on",5
94275,physician,M,1,physician,0.9998,0.7631,0.2367,"medicine, otolaryngology, mooresville, practices, medical",5
78408,professor,F,0,professor,0.9995,0.9993,0.0002,"comparative, philosophy, director, ph, program",5
30526,teacher,M,7,teacher,0.9258,0.6119,0.3139,"teaching, awards, their, jing, enjoys",5
90427,photographer,M,3,photographer,0.9896,0.1437,0.8459,"photography, images, artist, inspired, writing",5
44681,professor,M,0,professor,0.9954,0.9884,0.007,"pedagogy, wendy, computers, chapters, well",5
92309,professor,M,0,professor,0.9844,0.9696,0.0148,"instructed, past, wisconsin, the, both",5
56324,poet,F,13,poet,0.8369,0.7284,0.1085,"works, playing, with, narrators, she",5
3301,physician,F,1,physician,0.9998,0.9444,0.0554,"practices, medicine, medicine, spartanburg, in",5
19025,professor,M,0,professor,0.9993,0.9991,0.0001,"dissertation, ph, teaches, received, professor",5
26346,professor,M,0,professor,0.9997,0.9924,0.0073,"are, ph, research, interests, commodity",5
54997,photographer,M,3,photographer,0.9985,0.8979,0.1006,"shoots, he, wedding, wedding, clients",5
42389,attorney,F,2,attorney,0.9961,0.5223,0.4738,"lawyers, association, immigration, immigrant, center",5
37278,model,F,12,model,0.9993,0.9992,0.0001,"model, runway, models, belgium, highlighted",5
10792,professor,F,0,professor,0.9998,0.9998,0.0,"previously, edu, oceanographic, idaho, specialist",5
32800,professor,M,0,professor,0.9978,0.0873,0.9105,"scholarship, his, teachers, pedagogy, addresses",5
61445,physician,F,1,physician,0.9998,0.8775,0.1224,"escobal, medicine, yucaipa, ms, practices",5
42048,attorney,M,2,attorney,0.9268,0.0297,0.8971,"jd, llm, university, raised, university",5
41708,model,F,12,model,0.2787,0.2091,0.0696,"mannequins, office, type, cute, actors",5
25913,attorney,M,2,attorney,0.9985,0.2263,0.7721,"legal, executes, formulates, balancing, he",5
45873,physician,M,1,physician,0.9994,0.1785,0.8209,"md, r71672, 1750510327, apo, professional",5
74281,psychologist,M,6,psychologist,0.913,0.6626,0.2504,"to, research, led, readings, practitioners",5
74877,teacher,M,7,teacher,0.8513,0.9522,-0.1009,"is, doctor, alleghany, va, comes",5
23306,professor,F,0,professor,0.9911,0.8432,0.1479,"ecologist, she, the, where, governments",5
67021,software engineer,M,15,software engineer,0.8807,0.6886,0.192,"codemine, processes, windows, engineering, microsoft",5
60464,attorney,M,2,attorney,0.9988,0.9888,0.01,"law, graduated, review, justice, summa",5
51426,physician,M,1,physician,0.9337,0.0092,0.9245,"medical, college, texas, dr, graduated",5
9035,professor,M,0,professor,0.951,0.3897,0.5614,"his, science, received, univesity, ph",5
55478,physician,M,1,physician,0.9877,0.8577,0.13,"dr, indian, nvd, clinic, rakesh",5
25968,psychologist,M,6,psychologist,0.9994,0.0286,0.9708,"psychologist, experiences, in, doctors, book",5
6932,professor,M,0,professor,0.9998,0.9992,0.0006,"phd, research, his, sociology, explores",5
20987,professor,F,0,professor,0.9978,0.9497,0.048,"her, review, theory, character, by",5
54390,dentist,M,8,dentist,0.9865,0.9715,0.0151,"dr, patients, desai, choice, he",5
88993,painter,M,11,painter,0.9962,0.9873,0.0089,"paint, sketching, artists, continues, out",5
27793,professor,F,0,professor,0.9988,0.9879,0.0109,"professor, professors, award, she, research",5
41574,dentist,F,8,dentist,0.9682,0.9456,0.0225,"dental, bds, dental, research, gurunanak",5
55022,professor,F,0,professor,0.9995,0.9812,0.0182,"research, interests, her, visualization, include",5
74088,model,F,12,model,0.9993,0.7515,0.2478,"modelling, job, brunette, ohio, usa",5
86539,physician,M,1,physician,0.9108,0.889,0.0219,"medicine, he, soppe, dr, provider",5
28579,journalist,M,4,journalist,0.9989,0.9625,0.0364,"reported, has, correspondent, corporation, covering",5
26091,professor,M,0,professor,0.9995,0.9791,0.0204,"research, focuses, journal, research, topics",5
60862,professor,F,0,professor,0.9993,0.9933,0.006,"organizational, received, university, research, she",5
85552,teacher,F,7,teacher,0.9991,0.2861,0.7129,"teacher, teaches, 11th, english, grade",5
53127,nurse,F,5,nurse,0.996,0.8129,0.1831,"nurse, bsn, nursing, she, nursing",5
20493,physician,F,1,physician,0.8518,0.814,0.0378,"practice, years, 6589, 60804, 1912994054",5
87474,journalist,F,2,attorney,0.258,0.042,0.2161,"plays, com, 877, www, additionally",5
17828,professor,M,0,professor,0.9967,0.8975,0.0992,"program, specializes, evaluation, measurement, research",5
72464,attorney,M,2,attorney,0.9996,0.9994,0.0002,"counsel, transactional, owners, clients, estate",5
75043,nurse,F,5,nurse,0.9997,0.972,0.0277,"nurse, practitioner, medical, graduated, experiences",5
17005,photographer,F,3,photographer,0.9969,0.9983,-0.0014,"photography, shoots, photography, photography, also",5
52771,software engineer,F,15,software engineer,0.6673,0.8139,-0.1466,"at, engineering, master, icccn15, intuit",5
45576,professor,F,0,professor,0.9999,0.9998,0.0001,"research, focuses, fellowship, phd, postdoctoral",5
55414,physician,M,1,physician,0.993,0.9946,-0.0016,"medicine, medicine, interest, issues, baylor",5
10077,professor,F,0,professor,0.9993,0.9958,0.0034,"studies, doctoral, also, child, research",5
94683,physician,M,1,physician,0.9718,0.0079,0.9639,"medicine, professor, medicine, currently, medicine",5
32125,professor,M,0,professor,0.9997,0.9993,0.0005,"nanotechnology, he, ph, faculty, investigator",5
59771,painter,M,11,painter,0.5916,0.0015,0.5901,"magazine, view, artist, collodion, gallery",5
71491,dietitian,F,18,dietitian,0.9978,0.9938,0.004,"nutrition, nutrition, diet, certificate, diet",5
53634,professor,M,0,professor,0.9987,0.9939,0.0048,"perspectives, ph, his, history, he",5
55169,photographer,F,3,photographer,0.9988,0.984,0.0147,"photo, shoot, portraiture, wedding, ballet",5
26560,painter,M,11,painter,0.9342,0.0548,0.8793,"paintings, life, instincts, crippling, rising",5
12059,professor,F,0,professor,0.9596,0.0822,0.8775,"dr, levy, honors, is, received",5
46336,comedian,M,19,comedian,0.9972,0.9967,0.0005,"comedy, performing, perform, comedy, standup",5
42650,journalist,M,4,journalist,0.8124,0.1729,0.6394,"not, was, brought, to, whether",5
85433,professor,F,0,professor,0.9953,0.9942,0.0011,"author, catharines, literature, dialogism, she",5
78446,photographer,M,3,photographer,0.9955,0.0384,0.9571,"photography, photographic, photographs, wide, of",5
65196,attorney,F,2,attorney,0.9995,0.9989,0.0006,"jury, multimillion, clients, verdicts, settlements",5
40720,nurse,F,5,nurse,0.9997,0.9655,0.0342,"nurse, practitioner, honors, graduated, experiences",5
67546,professor,F,0,professor,0.8486,0.4914,0.3572,"professor, lives, history, the, documentary",5
91210,professor,M,0,professor,0.9781,0.0607,0.9174,"chemists, chemist, laboratory, laboratory, oil",5
74416,psychologist,F,6,psychologist,0.6569,0.4399,0.217,"psychologists, neuropsychology, internship, neuropsychological, school",5
69366,architect,M,10,architect,0.9981,0.8916,0.1064,"architecture, graduate, design, university, building",5
68821,professor,M,0,professor,0.9998,0.9994,0.0004,"studies, energy, environmental, he, markets",5
11689,professor,F,0,professor,0.9401,0.3927,0.5474,"danceforms, dance, ballet, choreography, research",5
71219,painter,M,11,painter,0.9899,0.9728,0.017,"paintings, painting, painting, mfa, painter",5
94572,architect,M,10,architect,0.5448,0.5043,0.0405,"experience, learning, developing, learning, play",5
88412,dietitian,F,18,dietitian,0.996,0.0269,0.9691,"nutrition, nutrition, ohio, oncology, focused",5
21711,attorney,M,2,attorney,0.8026,0.002,0.8005,"legal, online, ride, was, spoken",5
73550,professor,F,0,professor,0.9992,0.9981,0.0011,"research, focuses, global, early, her",5
15447,attorney,M,2,attorney,0.9997,0.8811,0.1186,"law, practice, addition, his, serves",5
22029,psychologist,F,6,psychologist,0.5691,0.2192,0.3499,"psychologically, married, patients, relationship, murdered",5
25040,journalist,M,4,journalist,0.9628,0.4292,0.5337,"book, new, experience, barry, details",5
74511,psychologist,M,6,psychologist,0.8727,0.3804,0.4922,"psychology, masters, psychology, pursuing, religion",5
54393,professor,M,0,professor,0.999,0.9985,0.0005,"doctorate, professor, program, penn, 1997",5
74851,physician,F,1,physician,0.9998,0.5084,0.4914,"medicine, endocrinology, poceta, san, practices",5
43933,physician,F,1,physician,0.5631,0.6714,-0.1084,"gupta, dr, maternity, pgdmch, medical",5
63844,professor,M,0,professor,0.9998,0.9996,0.0002,"research, focus, interests, lel, journal",5
20289,model,F,12,model,0.9994,0.7083,0.2911,"freeones, born, gallery, she, austin",5
40860,filmmaker,F,14,filmmaker,0.9975,0.9974,0.0001,"imagen, directed, criolla, has, veliz",5
61380,physician,F,1,physician,0.5531,0.5103,0.0428,"practice, 1912058017, years, blythe, 885",5
78146,dentist,M,8,dentist,0.9636,0.9518,0.0118,"dental, bds, dental, dental, sachin",5
19049,physician,M,1,physician,0.9988,0.002,0.9968,"physician, school, graduated, tnima, 2009",5
42320,painter,F,11,painter,0.9934,0.0152,0.9782,"paints, wypych, technique, wypych, everyday",5
90687,attorney,F,2,attorney,0.9997,0.9977,0.002,"arizona, licensed, legal, matters, law",5
12462,model,F,12,model,0.9995,0.9713,0.0282,"freeones, gallery, she, she, born",5
57103,professor,F,0,professor,0.8035,0.2028,0.6007,"orangutan, philosophy, philosophy, university, canada",5
19390,surgeon,F,9,surgeon,0.9989,0.9977,0.0012,"medicine, graduated, residency, dr, 2009",5
21342,journalist,F,4,journalist,0.6468,0.3449,0.3019,"she, prestigious, like, cafe, world",5
85401,photographer,M,3,photographer,0.9979,0.3766,0.6213,"photographs, photos, surrealist, shots, surreal",5
86730,professor,M,0,professor,0.9991,0.9987,0.0004,"research, professor, focuses, university, sokol",5
35260,photographer,M,3,photographer,0.9978,0.5876,0.4102,"photography, photographs, hoangnguyenphoto, started, years",5
91229,physician,M,1,physician,0.9997,0.9997,0.0,"1225085608, alabama, professional, credentials, birmingham",5
29007,software engineer,M,15,software engineer,0.9672,0.9168,0.0504,"working, building, recently, passionate, on",5
60447,attorney,F,2,attorney,0.9997,0.9993,0.0004,"attorneys, disciplinary, medicaid, law, law",5
48315,professor,F,0,professor,0.999,0.9205,0.0785,"research, examines, quarterly, interests, include",5
35781,professor,M,0,professor,0.6863,0.0495,0.6368,"haematologist, investigator, the, the, haematological",5
28492,professor,F,0,professor,0.8547,0.0195,0.8352,"addition, in, organizations, research, to",5
76024,physician,M,1,physician,0.9507,0.9166,0.0341,"medicine, graduated, boston, school, patients",5
44881,journalist,M,4,journalist,0.9841,0.9938,-0.0097,"shots, columnist, bbc, sketchwriter, radio",5
82975,nurse,F,5,nurse,0.9998,0.9502,0.0496,"nurse, practitioner, 2013, honors, experiences",5
78727,accountant,F,16,accountant,0.999,0.4914,0.5075,"accounting, instructor, starkville, office, charitable",5
94525,nurse,F,5,nurse,0.6596,0.0011,0.6585,"nursing, an, relationship, they, and",5
62663,dentist,M,8,dentist,0.9447,0.1371,0.8077,"dental, dental, dental, bds, indian",5
11646,attorney,F,2,attorney,0.9997,0.9924,0.0073,"weinrib, law, degree, school, specializes",5
26545,professor,F,0,professor,0.7856,0.4815,0.304,"education, foundation, academia, and, education",5
76100,professor,M,0,professor,0.9993,0.9983,0.001,"research, current, his, forthcoming, high",5
77060,professor,M,0,professor,0.9988,0.9929,0.0059,"teaches, courses, leadership, he, journal",5
64659,professor,M,0,professor,0.9891,0.3087,0.6804,"research, his, and, interests, performance",5
39811,journalist,M,4,journalist,0.9987,0.9977,0.001,"writer, writing, paramilitaries, 1999, obfuscated",5
93129,nurse,F,5,nurse,0.5868,0.5156,0.0711,"practice, kristi, 1003879388, kristi, is",5
85523,professor,M,0,professor,0.9995,0.9963,0.0032,"consults, dissertation, business, and, teaching",5
8271,accountant,M,16,accountant,0.9984,0.9969,0.0015,"accounting, rob, certified, prime, 2007",5
83871,composer,M,17,composer,0.9746,0.3937,0.5809,"stravinsky, music, timbrally, fresh, thinks",5
70609,journalist,M,4,journalist,0.739,0.2851,0.4539,"protests, describes, he, his, country",5
82045,journalist,F,4,journalist,0.9992,0.9986,0.0005,"journalism, writer, entertainment, whirlwind, life",5
77864,professor,F,0,professor,0.9984,0.9317,0.0666,"research, phd, interests, language, speech",5
14842,physician,M,1,physician,0.9746,0.6457,0.3289,"attended, medicare, honors, insurance, medical",5
69703,painter,F,11,painter,0.9768,0.9096,0.0672,"ba, paintings, studio, university, at",5
55971,psychologist,F,6,psychologist,0.9957,0.9904,0.0053,"fulfilling, her, help, anxiety, enjoyment",5
31706,professor,M,0,professor,0.9998,0.9996,0.0002,"ph, fio, research, earned, interests",5
2731,dietitian,F,18,dietitian,0.9352,0.0415,0.8937,"digestive, wellness, cardiovascular, and, patients",5
85516,professor,M,0,professor,0.9657,0.9418,0.0239,"phd, entitled, offenstadt, thesis, his",5
10447,professor,M,0,professor,0.9958,0.98,0.0158,"articles, kronos, journal, appeared, studies",5
42944,psychologist,M,6,psychologist,0.8935,0.4465,0.447,"using, with, his, seniors, early",5
26378,professor,F,0,professor,0.9998,0.9998,0.0,"previously, professor, princeton, adjunct, ph",5
57872,professor,F,0,professor,0.9996,0.6191,0.3806,"microbiology, environmental, specialty, her, bioprospecting",5
77931,professor,F,0,professor,0.9937,0.9237,0.0701,"scied458, education, majors, methods, science",5
37397,architect,M,10,architect,0.9966,0.9948,0.0018,"architect, concrete, sensibilities, projects, designer",5
15403,attorney,M,2,attorney,0.9935,0.002,0.9915,"partner, transactions, the, diekmann, law",5
69114,teacher,F,7,teacher,0.9626,0.0425,0.9201,"education, classroom, director, in, valuable",5
63399,nurse,F,5,nurse,0.9951,0.0058,0.9894,"nursing, built, skills, where, she",5
12789,professor,M,0,professor,0.9922,0.9573,0.0349,"style, interactive, calculus, unconsciously, osu",5
12844,accountant,M,16,accountant,0.819,0.6541,0.1649,"completing, requirements, his, degree, he",5
13944,comedian,M,19,comedian,0.996,0.2183,0.7777,"comedy, stand, outside, up, sketches",5
2514,professor,F,0,professor,0.9872,0.552,0.4352,"after, phd, began, her, susx",5
63619,physician,F,1,physician,0.999,0.993,0.006,"medicine, dr, dr, interest, medicine",5
33192,physician,M,1,physician,0.9998,0.3263,0.6735,"medicine, practices, orthopaedic, hospital, surgery",5
87259,photographer,M,3,photographer,0.9981,0.9803,0.0178,"photography, photos, models, styles, mark",5
11641,comedian,M,19,comedian,0.7397,0.1981,0.5416,"as, he, wikipedia, his, bio",5
84649,physician,M,1,physician,0.9991,0.998,0.0011,"medicine, cataract, dr, affiliations, accepting",5
77255,accountant,M,16,accountant,0.999,0.9957,0.0032,"returns, accounting, experience, tax, and",5
57256,journalist,F,4,journalist,0.8848,0.0907,0.7941,"she, graduate, leadership, 2015, communication",5
38988,attorney,M,2,attorney,0.9997,0.9997,0.0,"counsel, worked, firm, trial, court",5
9964,professor,F,0,professor,0.9995,0.9991,0.0004,"book, university, forthcoming, ballet, press",5
81140,photographer,F,3,photographer,0.6934,0.1974,0.496,"enigmatic, after, up, killed, boring",5
22301,physician,F,1,physician,0.9969,0.5401,0.4567,"physicians, medicine, practices, chinese, chinese",5
12931,attorney,F,2,attorney,0.7104,0.9879,-0.2775,"human, magazine, benefits, pension, central",5
90304,professor,M,0,professor,0.9992,0.9989,0.0002,"genomics, reviewed, investigator, genomics, research",5
22732,nurse,F,5,nurse,0.9997,0.9812,0.0185,"nurse, graduated, honors, practitioner, 1999",5
2164,professor,M,0,professor,0.9997,0.989,0.0107,"his, publications, interests, 100, research",5
62876,professor,M,0,professor,0.993,0.298,0.695,"published, dickens, studies, annual, dickens",5
64373,photographer,F,3,photographer,0.9957,0.0557,0.94,"photography, born, taught, 1952, concentrates",5
62934,professor,F,0,professor,0.9995,0.9992,0.0003,"ferruccio, published, completing, music, includes",5
6069,professor,F,0,professor,0.9995,0.9991,0.0004,"2005, cognition, bioethics, university, policy",5
69674,comedian,M,19,comedian,0.9891,0.1969,0.7921,"pranks, stunt, television, his, ontario",5
2131,poet,F,13,poet,0.9847,0.9827,0.002,"poetry, mfa, journal, chapbook, university",5
9568,surgeon,M,9,surgeon,0.9991,0.9987,0.0004,"medicine, surgical, surgery, graduated, tulane",5
88252,professor,M,0,professor,0.6061,0.0145,0.5916,"phd, his, received, discussion, abc",5
92420,architect,M,10,architect,0.9963,0.875,0.1214,"architectural, architecture, lumpur, history, kuala",5
24167,professor,M,0,professor,0.9991,0.1718,0.8273,"ph, studies, chavez, chicana, ucla",5
64550,dentist,M,8,dentist,0.9971,0.0507,0.9464,"old, has, dr, years, practicing",5
90320,professor,M,0,professor,0.9981,0.9961,0.002,"białystok, doctoral, university, research, degree",5
78290,surgeon,M,9,surgeon,0.9984,0.9923,0.0061,"practices, daniel, practices, dr, oconnor",5
10249,attorney,F,2,attorney,0.9995,0.9997,-0.0002,"disputes, primary, real, tenant, property",5
61381,professor,F,0,professor,0.9866,0.9708,0.0158,"that, told, investigators, situations, the",5
19307,surgeon,M,9,surgeon,0.9612,0.9279,0.0332,"studies, university, surgery, surgical, his",5
94496,painter,M,11,painter,0.9902,0.4685,0.5216,"paintings, paintings, exhibited, art, fine",5
76812,photographer,F,3,photographer,0.9987,0.2312,0.7675,"photography, photography, photographer, multilingual, fotografie",5
88145,professor,F,0,professor,0.9996,0.9979,0.0017,"research, ph, received, faculty, focuses",5
48991,journalist,M,4,journalist,0.5803,0.0054,0.5749,"journalism, and, film, fellowship, screened",5
12526,surgeon,M,9,surgeon,0.8661,0.0878,0.7783,"neurosurgeon, neurosurgery, medical, dr, medicine",5
30184,professor,M,0,professor,0.9991,0.9995,-0.0004,"research, ph, yale, teaching, geophysics",5
21782,professor,M,0,professor,0.9975,0.9013,0.0962,"currently, he, is, researching, adaptations",5
35400,professor,F,0,professor,0.9998,0.9991,0.0007,"mohr, schroeder, kentucky, dr, dr",5
19671,surgeon,M,9,surgeon,0.4538,0.6006,-0.1468,"company, owner, the, enemies, public",5
28839,professor,F,0,professor,0.9989,0.9623,0.0366,"phd, teaches, mcmaster, 2006, the",5
58977,nurse,F,5,nurse,0.8726,0.1814,0.6912,"she, providers, patients, suffering, work",5
59046,professor,M,0,professor,0.988,0.9516,0.0364,"ph, jerome, university, abortion, at",5
4615,professor,F,0,professor,0.9998,0.9995,0.0003,"courses, she, research, marketing, degree",5
13637,filmmaker,F,14,filmmaker,0.9961,0.9959,0.0001,"directed, films, filmmaker, film, filmed",5
54584,journalist,M,4,journalist,0.9924,0.9895,0.0029,"reporting, international, prize, times, chief",5
11015,physician,F,1,physician,0.9997,0.0902,0.9095,"physician, university, program, washington, bachelor",5
22434,physician,M,1,physician,0.9833,0.9483,0.035,"dr, vaccination, shashank, immunization, services",5
65733,professor,M,0,professor,0.9984,0.9742,0.0242,"engineering, phd, his, received, university",5
22767,attorney,F,2,attorney,0.9997,0.9996,0.0,"experience, clients, legal, advising, matters",5
15059,professor,F,0,professor,0.9994,0.9992,0.0002,"chair, research, serves, for, associate",5
68356,professor,M,0,professor,0.9996,0.6117,0.3879,"research, author, book, innovation, entrepreneurship",5
36540,composer,M,17,composer,0.9975,0.9967,0.0008,"conservatory, projects, hall, orchestra, works",5
91822,professor,M,0,professor,0.9984,0.9816,0.0168,"previously, postdoctoral, fellow, institute, studies",5
13520,psychologist,M,6,psychologist,0.5238,0.6627,-0.1389,"families, homeless, involved, evaluation, storytelling",5
93134,dentist,M,8,dentist,0.9985,0.9827,0.0158,"dentist, dental, his, bds, happy",5
72974,physician,F,1,physician,0.9998,0.9065,0.0932,"medicine, practices, menomonee, ms, froedtert",5
13224,photographer,F,3,photographer,0.9967,0.7977,0.199,"photography, chelsey, portraiture, professional, photography",5
75838,photographer,M,3,photographer,0.9989,0.9649,0.0339,"shot, portraits, celebrities, numerous, magazines",5
3774,surgeon,M,9,surgeon,0.9982,0.9984,-0.0002,"medical, surgery, medical, specialize, he",5
79838,professor,M,0,professor,0.8723,0.0213,0.851,"research, organisational, change, his, include",5
68822,physician,F,1,physician,0.8767,0.5455,0.3312,"medicine, medicine, honours, physicians, focussing",5
35640,professor,M,0,professor,0.9981,0.9281,0.07,"research, focuses, his, design, roadmap",5
92403,model,M,12,model,0.9979,0.9884,0.0094,"model, roles, famous, for, roles",5
27618,photographer,M,3,photographer,0.9989,0.9988,0.0001,"photographer, focuses, on, editorial, contributing",5
5403,professor,M,0,professor,0.9985,0.5679,0.4307,"faculty, the, lyons, before, the",5
4860,journalist,M,4,journalist,0.4106,0.0241,0.3865,"press, student, ultimate, college, fighter",5
35927,professor,M,0,professor,0.8363,0.3669,0.4695,"career, his, is, that, journals",5
95167,psychologist,M,6,psychologist,0.9911,0.9793,0.0118,"psychopaths, extensively, psychopathy, psychopaths, finds",5
33833,physician,M,1,physician,0.9829,0.977,0.0059,"medicine, university, wisconsin, school, pih",5
93556,professor,M,0,professor,0.9994,0.995,0.0044,"research, his, current, author, the",5
57404,attorney,F,2,attorney,0.9997,0.9996,0.0002,"attorney, career, legal, nesselbush, clients",5
25995,attorney,F,2,attorney,0.9975,0.8693,0.1282,"clients, advocacy, rights, ms, justice",5
83943,professor,F,0,professor,0.9508,0.5989,0.3519,"she, social, she, completed, phd",5
84790,attorney,F,2,attorney,0.9997,0.9996,0.0001,"law, law, practicing, florida, university",5
74528,attorney,M,2,attorney,0.9992,0.9993,-0.0001,"litigation, lawyers, verdict, lawyers, america",5
33996,psychologist,F,6,psychologist,0.996,0.0043,0.9916,"professor, yale, psychology, associate, her",5
62016,poet,M,13,poet,0.9939,0.8364,0.1576,"poem, whether, lyrics, pen, when",5
28689,professor,F,0,professor,0.9998,0.9997,0.0,"phd, adult, education, dr, papers",5
95374,teacher,F,7,teacher,0.3021,0.2786,0.0235,"her, miscarriage, her, her, fault",5
61784,professor,F,0,professor,0.9992,0.9972,0.0021,"courses, composition, she, rhetoric, teaches",5
15444,nurse,F,5,nurse,0.9991,0.8615,0.1376,"nursing, degree, diabetes, the, nursing",5
65633,painter,M,11,painter,0.5308,0.1682,0.3625,"artist, mfa, visiting, of, art",5
4764,physician,F,1,physician,0.9998,0.941,0.0589,"medicine, practices, kansas, medicine, specializes",5
14918,journalist,M,4,journalist,0.7963,0.3924,0.4039,"immigration, to, deeply, issues, work",5
4172,journalist,F,4,journalist,0.9873,0.379,0.6084,"kosovo, she, has, covered, editors",5
2790,professor,F,0,professor,0.9981,0.3784,0.6198,"research, concern, her, research, she",5
56247,professor,M,0,professor,0.9996,0.9978,0.0018,"doctoral, from, his, behavior, degree",5
23413,surgeon,M,9,surgeon,0.9628,0.9681,-0.0053,"cerebrovascular, neurosurgery, surgery, ucsf, he",5
48447,model,F,12,model,0.9993,0.9892,0.0101,"modeling, career, models, pinnacle, of",5
49646,physician,F,1,physician,0.9996,0.9057,0.0939,"md, 1003013616, professional, credentials, carolina",5
80636,professor,F,0,professor,0.9997,0.9057,0.094,"professor, academia, before, doctoral, entering",5
24128,composer,M,17,composer,0.9978,0.2105,0.7873,"scored, music, music, his, in",5
28171,professor,F,0,professor,0.9992,0.979,0.0202,"research, articles, her, interests, the",5
66933,professor,F,0,professor,0.2601,0.0064,0.2537,"been, research, out, she, has",5
74783,attorney,F,2,attorney,0.9994,0.0158,0.9836,"legal, representation, courts, providing, issues",5
57020,nurse,F,5,nurse,0.9997,0.9129,0.0868,"nurse, 1993, practitioner, graduated, honors",5
54800,attorney,M,2,attorney,0.9996,0.3505,0.6491,"law, superlawers, the, loyola, youngest",5
38171,dentist,F,8,dentist,0.9708,0.8884,0.0824,"sujata, associated, dr, mumbai, com",5
45824,photographer,F,3,photographer,0.9896,0.0754,0.9143,"photography, in, students, college, the",5
58662,psychologist,F,6,psychologist,0.5666,0.3758,0.1908,"began, she, 2001, after, refugees",5
56683,professor,F,0,professor,0.9998,0.9951,0.0047,"research, interests, edu, publications, include",5
64033,journalist,M,4,journalist,0.9986,0.9979,0.0007,"worked, hungarian, editor, 2011, radio",5
26994,psychologist,F,6,psychologist,0.9929,0.9953,-0.0024,"counselor, coping, teacher, her, traumas",5
15915,professor,F,0,professor,0.974,0.9055,0.0685,"she, conducts, serves, craniofacial, craniofacial",5
91593,professor,F,0,professor,0.9996,0.9994,0.0002,"recently, book, published, examines, studies",5
68571,physician,F,1,physician,0.9738,0.0137,0.9601,"medical, solo, nonprofit, dr, addition",5
79788,nurse,F,5,nurse,0.9983,0.6322,0.366,"nurse, arnp, practitioner, she, specializing",5
51415,architect,M,10,architect,0.9959,0.9957,0.0003,"design, architectural, design, invaluable, faculty",5
51280,professor,M,0,professor,0.9996,0.9054,0.0942,"before, joining, researcher, phd, he",5
24881,professor,F,0,professor,0.9997,0.9995,0.0002,"research, weizmann, computer, is, phd",5
33467,dentist,M,8,dentist,0.9973,0.9757,0.0216,"dentist, endodontics, bds, dental, dr",5
66467,physician,M,1,physician,0.9125,0.8357,0.0768,"medical, medicine, dr, honors, gilmartin",5
71724,professor,M,0,professor,0.9994,0.9942,0.0052,"baylor, research, before, the, interests",5
22782,professor,M,0,professor,0.9997,0.9996,0.0001,"criminological, research, teaches, classes, related",5
53423,dentist,M,8,dentist,0.9982,0.0561,0.9421,"dr, has, years, medical, old",5
27711,photographer,M,3,photographer,0.9947,0.9943,0.0003,"photography, photography, was, photography, lives",5
59019,journalist,M,4,journalist,0.524,0.1564,0.3675,"piece, of, commentary, says, gericault",5
70650,journalist,F,4,journalist,0.9393,0.6896,0.2496,"kurdish, work, peace, her, focused",5
81855,professor,M,0,professor,0.9964,0.9819,0.0145,"background, served, lab, of, physics",5
32976,surgeon,M,9,surgeon,0.8834,0.7698,0.1136,"neurosurgical, surgery, minimally, spine, osteoarthritis",5
57583,journalist,M,4,journalist,0.9895,0.1995,0.79,"editor, publisher, newspaper, accra, chief",5
66893,physician,M,1,physician,0.9966,0.9852,0.0114,"medicine, 2003, national, graduated, karimov",5
81089,physician,F,1,physician,0.9998,0.9413,0.0585,"medicine, hillsboro, medicine, family, practices",5
34967,professor,F,0,professor,0.9988,0.9748,0.024,"burkman, 2009, studies, in, from",5
53138,journalist,M,4,journalist,0.3881,0.2597,0.1284,"philosophy, the, phd, many, ceo",5
80520,physician,F,1,physician,0.9998,0.9923,0.0075,"medicine, oklahoma, practices, in, allergy",5
44725,professor,F,0,professor,0.5997,0.1784,0.4213,"ph, sociometric, research, interested, she",5
1136,professor,M,0,professor,0.999,0.9809,0.0181,"research, security, his, hewlett, focuses",5
86471,professor,M,0,professor,0.9988,0.9175,0.0813,"technologist, research, his, research, jet",5
92918,photographer,F,3,photographer,0.9179,0.0278,0.8901,"photographing, been, traveling, sovereign, nations",5
23422,software engineer,M,15,software engineer,0.9221,0.9302,-0.008,"leader, incubator, ibm, experience, application",5
84801,composer,M,17,composer,0.9948,0.1989,0.7958,"music, articulates, arts, kandinsky, inspired",5
58105,nurse,M,5,nurse,0.9802,0.3388,0.6414,"nurse, drey, new, interested, with",5
66721,painter,F,11,painter,0.9959,0.5138,0.4821,"painting, artists, vogue, from, the",5
60260,professor,F,0,professor,0.9986,0.9972,0.0013,"phonological, courses, teaches, graduate, research",5
6298,psychologist,M,6,psychologist,0.9931,0.9594,0.0337,"depression, about, person, effective, approach",5
39899,filmmaker,F,14,filmmaker,0.9971,0.9002,0.0969,"filmmaking, films, film, love, short",5
5039,nurse,F,5,nurse,0.347,0.1963,0.1507,"she, manages, have, to, attracted",5
79859,model,F,12,model,0.9818,0.1725,0.8093,"designers, photographers, admitting, cruel, hands",5
45488,professor,M,0,professor,0.7336,0.2261,0.5075,"ph, awarded, american, university, com",5
40779,professor,F,0,professor,0.998,0.8685,0.1296,"aims, economics, awarding, research, scientific",5
43535,composer,M,17,composer,0.991,0.7728,0.2182,"music, bulgarian, performances, he, many",5
64464,nurse,F,5,nurse,0.9947,0.995,-0.0003,"nursing, nurse, college, graduated, of",5
76396,software engineer,F,15,software engineer,0.9704,0.909,0.0615,"analysis, team, database, tools, develops",5
67435,professor,M,0,professor,0.9982,0.9968,0.0014,"author, research, the, essays, rheinprovinz",5
10467,professor,F,0,professor,0.895,0.1389,0.7562,"research, focuses, epidemiological, her, reported",5
4239,teacher,M,7,teacher,0.992,0.9685,0.0235,"from, grade, course, math, taught",5
16304,attorney,F,2,attorney,0.9992,0.9993,-0.0001,"law, focuses, corporations, nonprofit, liability",5
18769,nurse,F,5,nurse,0.9946,0.9479,0.0467,"nurse, program, concussion, her, training",5
63117,physician,F,1,physician,0.9992,0.9828,0.0163,"medicine, biopsychosocial, family, medicine, certified",5
30885,surgeon,M,9,surgeon,0.9776,0.1006,0.8769,"surgery, general, he, board, with",5
19751,professor,F,0,professor,0.9995,0.9976,0.0019,"research, interests, scholar, are, she",5
94584,filmmaker,M,14,filmmaker,0.9964,0.7719,0.2245,"film, film, new, describing, festival",5
27721,professor,M,0,professor,0.9996,0.9928,0.0068,"research, focuses, investigates, his, influence",5
55862,professor,F,0,professor,0.9859,0.8882,0.0977,"meertens, she, studies, dr, unhcr",5
37468,professor,M,0,professor,0.9995,0.9949,0.0045,"philosophy, cognitive, research, concerns, his",5
82798,professor,F,0,professor,0.9996,0.9994,0.0002,"studies, ph, currently, working, received",5
3623,attorney,M,2,attorney,0.9943,0.0015,0.9928,"university, after, graduated, law, startups",5
89814,professor,F,0,professor,0.9994,0.5699,0.4295,"her, research, interests, research, lie",5
13824,teacher,F,7,teacher,0.9737,0.5925,0.3812,"homework, students, hobbies, at, supports",5
9391,journalist,F,4,journalist,0.9859,0.7946,0.1912,"social, love, industry, found, she",5
16087,professor,M,0,professor,0.7249,0.8271,-0.1022,"eye, scientific, journals, perceptions, author",5
79514,professor,F,0,professor,0.9997,0.9996,0.0001,"examines, research, currently, conducting, phd",5
3831,physician,M,1,physician,0.996,0.995,0.0009,"ophthalmology, interests, obtained, training, vcu",5
51714,nurse,F,5,nurse,0.5073,0.2516,0.2558,"dying, refuses, she, 20, her",5
60965,professor,M,0,professor,0.9926,0.1332,0.8593,"anatomic, pathology, fellowship, and, mgp",5
46029,photographer,F,3,photographer,0.9981,0.0704,0.9277,"photography, fine, art, bachelor, completed",5
32338,software engineer,M,15,software engineer,0.9375,0.0798,0.8577,"code, spent, experience, his, skills",5
47170,nurse,F,5,nurse,0.9997,0.8335,0.1662,"nurse, practitioner, graduated, experiences, honors",5
70021,professor,M,0,professor,0.9895,0.5959,0.3936,"research, main, are, pragmatics, interests",5
75330,professor,M,0,professor,0.9996,0.9942,0.0054,"research, interests, award, award, award",5
5581,painter,M,11,painter,0.9264,0.0012,0.9252,"painting, painting, work, work, in",5
62528,professor,F,0,professor,0.9515,0.2024,0.749,"students, neurodevelopment, began, fellowship, wagner",5
3380,professor,M,0,professor,0.9007,0.4082,0.4925,"research, interests, categorisation, psychology, methods",5
57264,attorney,M,2,attorney,0.9996,0.9,0.0996,"represented, has, versed, he, global",5
38775,attorney,F,2,attorney,0.9995,0.9996,-0.0001,"attorney, yakovlev, defense, criminal, cases",5
79048,professor,F,0,professor,0.9971,0.9976,-0.0006,"research, interests, independence, literature, article",5
20028,journalist,F,4,journalist,0.9971,0.2767,0.7204,"freelancers, works, african, publications, lauren",5
11985,physician,F,1,physician,0.7623,0.6822,0.08,"practice, years, ms, ms, 54915",5
48283,poet,F,13,poet,0.9904,0.9221,0.0683,"poetry, poetry, poetry, focuses, the",5
95315,professor,F,0,professor,0.9998,0.9998,0.0,"phd, courses, teaches, undergraduate, program",5
68934,software engineer,M,15,software engineer,0.9047,0.8841,0.0205,"technology, his, heuristics, optimized, university",5
67649,professor,M,0,professor,0.9995,0.9996,-0.0001,"phd, journals, academic, economics, teaching",5
62575,attorney,M,2,attorney,0.999,0.9909,0.0081,"attorney, lawyer, articles, authored, employment",5
71744,professor,F,0,professor,0.9949,0.0074,0.9876,"she, social, anthropologist, anthropology, between",5
26922,physician,F,1,physician,0.9927,0.989,0.0037,"medicine, medical, clinical, callahan, anthem",5
67032,composer,M,17,composer,0.9964,0.4636,0.5328,"choreographers, music, for, include, the",5
81542,professor,M,0,professor,0.9996,0.9992,0.0003,"received, his, professor, demaske, teaching",5
87321,photographer,F,3,photographer,0.9981,0.9977,0.0004,"photography, photography, professional, photographers, she",5
82736,physician,M,1,physician,0.9385,0.8862,0.0523,"practice, buhl, 1215902978, 56377, buhl",5
41193,professor,F,0,professor,0.5631,0.1005,0.4626,"creativity, thinking, chair, teaches, and",5
30361,architect,M,10,architect,0.9963,0.0265,0.9698,"architecture, firms, poulson, modern, his",5
48659,photographer,M,3,photographer,0.9982,0.9892,0.0091,"photographer, shoots, capture, to, wedding",5
68589,photographer,M,3,photographer,0.9969,0.9829,0.014,"photography, photographing, photographer, photography, work",5
74271,professor,M,0,professor,0.9994,0.2553,0.7442,"research, his, social, interests, include",5
18241,dietitian,F,18,dietitian,0.9946,0.9422,0.0524,"nutritional, and, science, diets, her",5
40210,professor,F,0,professor,0.9995,0.9995,-0.0,"educational, the, research, interprofessional, campus",5
57244,painter,F,11,painter,0.7443,0.878,-0.1338,"portraits, wagschal, idealized, biblical, subjects",5
92019,teacher,M,7,teacher,0.9902,0.6047,0.3855,"coaching, school, at, academy, his",5
25340,software engineer,M,15,software engineer,0.9881,0.9868,0.0013,"his, php, javascript, bachelor, hobbies",5
6379,photographer,F,3,photographer,0.986,0.2127,0.7733,"photography, photography, work, photography, she",5
66181,psychologist,F,6,psychologist,0.9957,0.9906,0.0052,"depression, individuals, helped, families, skills",5
81388,professor,M,0,professor,0.9143,0.0962,0.8181,"recognized, an, he, expert, health",5
89321,psychologist,F,6,psychologist,0.9972,0.8149,0.1822,"psychology, psychiatry, lecturer, ph, from",5
88197,architect,M,10,architect,0.9962,0.5432,0.453,"architecture, design, borderland, lectures, architecture",5
46791,dentist,M,8,dentist,0.9985,0.9962,0.0023,"dentist, years, bds, he, com",5
14423,professor,M,0,professor,0.7387,0.0769,0.6617,"doctoral, study, his, swansea, angers",5
75570,accountant,M,16,accountant,0.9889,0.9202,0.0688,"working, joined, staffing, resourcing, recruit",5
91312,professor,F,0,professor,0.9996,0.9988,0.0008,"dr, the, her, duties, choral",5
67570,dentist,F,8,dentist,0.9903,0.9865,0.0038,"dr, patient, placed, huynh, honors",5
61351,teacher,F,7,teacher,0.4749,0.3286,0.1463,"experiences, scientists, her, the, takes",5
38051,physician,F,1,physician,0.6502,0.4525,0.1978,"practice, ms, 1265648372, years, 8590",5
53207,painter,M,11,painter,0.5359,0.0011,0.5348,"paintings, he, realist, work, the",5
43190,journalist,M,4,journalist,0.8817,0.02,0.8617,"journalists, journalism, editor, interest, 2012",5
55934,model,F,12,model,0.9993,0.9982,0.0011,"model, lingerie, pose, lingerie, elle",5
62577,attorney,M,2,attorney,0.9491,0.857,0.0921,"attorney, lobbyist, registered, corporations, texas",5
40194,physician,F,1,physician,0.7033,0.4309,0.2724,"practice, ms, ms, 1407873086, years",5
66406,nurse,F,5,nurse,0.9997,0.1498,0.8499,"nurse, practitioner, 2001, honors, experiences",5
40125,professor,F,0,professor,0.9996,0.999,0.0006,"actuarial, teaches, undergraduate, she, graduate",5
27486,painter,M,11,painter,0.9949,0.9597,0.0352,"painting, gallery, oil, show, depaul",5
10119,professor,M,0,professor,0.9993,0.9983,0.001,"work, has, economists, advances, 1996",5
12161,photographer,F,3,photographer,0.9983,0.9301,0.0681,"portraits, natural, concentrates, atlanta, odalys",5
36319,professor,M,0,professor,0.6077,0.2006,0.4071,"author, transformation, text, is, koschitzky",5
32860,photographer,M,3,photographer,0.9982,0.7765,0.2217,"shoots, photographey, outdoor, he, weddings",5
5530,attorney,F,2,attorney,0.9996,0.9996,0.0,"briefs, supreme, cases, llc, court",5
47371,journalist,F,4,journalist,0.9989,0.3263,0.6726,"journalists, media, she, years, has",5
95004,accountant,F,16,accountant,0.9884,0.0104,0.978,"tax, portfolio, consulting, practicing, corporations",5
69035,attorney,F,2,attorney,0.9997,0.9991,0.0006,"attorney, staff, electronic, previously, law",5
57334,surgeon,M,9,surgeon,0.8773,0.0106,0.8667,"director, surgery, the, dr, he",5
49219,professor,F,0,professor,0.9651,0.9987,-0.0336,"research, currently, analyzed, how, management",5
74339,model,F,12,model,0.9994,0.9336,0.0658,"freeones, gallery, she, born, evansville",5
57648,professor,M,0,professor,0.9847,0.9762,0.0085,"journals, poetry, pushcart, has, interdisciplinary",5
60417,professor,F,0,professor,0.9993,0.9986,0.0007,"research, she, journals, in, education",5
66922,professor,F,0,professor,0.9995,0.9985,0.001,"pedagogical, phd, specializes, university, she",5
81825,surgeon,M,9,surgeon,0.9989,0.9986,0.0002,"surgery, practices, currently, medical, specialties",5
69717,physician,M,1,physician,0.9986,0.9962,0.0023,"medicine, medicine, metabolism, carbohydrate, environmental",5
78780,software engineer,M,15,software engineer,0.8774,0.9209,-0.0435,"with, the, his, games, industry",5
7542,photographer,M,3,photographer,0.9929,0.0007,0.9922,"photograph, photo, photographer, breathtakingly, images",5
87975,physician,M,1,physician,0.969,0.6965,0.2725,"science, clinic, practices, krishna, dr",5
62624,software engineer,M,15,software engineer,0.9867,0.97,0.0167,"linux, linux, architecture, currently, allows",5
82597,physician,F,1,physician,0.696,0.7296,-0.0337,"practice, bahl, 1750319638, 4189, emergency",5
17292,physician,F,1,physician,0.6052,0.7054,-0.1002,"medical, university, school, dr, minnesota",5
49736,nurse,F,5,nurse,0.9995,0.0026,0.9968,"nurse, graduated, practitioner, she, experiences",5
59842,psychologist,F,6,psychologist,0.9988,0.9806,0.0182,"clinical, therapists, includes, emdr, neurobiology",5
67818,attorney,M,2,attorney,0.9997,0.9996,0.0,"experience, california, farooqui, experience, trademark",5
25803,professor,M,0,professor,0.9968,0.9912,0.0056,"for, senior, with, also, journals",5
31326,software engineer,M,15,software engineer,0.5405,0.7827,-0.2422,"architecture, deployment, oriented, improving, focus",5
63957,professor,M,0,professor,0.9984,0.9939,0.0046,"extensive, publications, innovations, inventory, has",5
28185,attorney,F,2,attorney,0.9997,0.9981,0.0016,"represents, matters, been, she, families",5
33509,professor,M,0,professor,0.9896,0.5606,0.429,"student, resident, interests, his, emergency",5
56678,professor,M,0,professor,0.999,0.3075,0.6914,"phd, research, engineering, decentralized, ieee",5
14886,physician,M,1,physician,0.6536,0.5541,0.0995,"missionary, doctor, toronto, spent, healthcare",5
23390,attorney,F,2,attorney,0.9998,0.9954,0.0044,"practice, on, her, represents, credit",5
54914,nurse,F,5,nurse,0.9983,0.0028,0.9955,"nurse, graduated, she, honors, 2012",5
16794,professor,M,0,professor,0.9981,0.9744,0.0238,"scientist, research, research, doctoral, merl",5
92564,nurse,M,5,nurse,0.9997,0.3235,0.6763,"nurse, graduated, practitioner, experiences, honors",5
23442,teacher,M,7,teacher,0.3179,0.1336,0.1843,"teaching, school, cinema, at, collaborates",5
56747,photographer,M,3,photographer,0.9984,0.9979,0.0004,"photography, portrait, street, editing, involved",5
3813,teacher,M,7,teacher,0.9583,0.0245,0.9338,"schools, governor, district, state, are",5
56920,model,F,12,model,0.9993,0.9979,0.0014,"model, cover, playboy, appearance, the",5
39768,attorney,M,2,attorney,0.9997,0.9995,0.0003,"probates, attorney, handles, reckless, dui",5
53126,attorney,M,2,attorney,0.9996,0.9996,0.0001,"practiced, mehring, mr, law, has",5
19720,psychologist,F,6,psychologist,0.9941,0.0983,0.8958,"psychology, psychologist, currently, the, jocelyn",5
62153,attorney,F,2,attorney,0.3209,0.1932,0.1277,"family, child, fisk, university, academy",5
2288,physician,M,1,physician,0.9998,0.656,0.3439,"medicine, practices, medicine, medical, hospital",5
55771,filmmaker,M,14,filmmaker,0.909,0.0056,0.9033,"film, documentary, sidney, kenya, festivals",5
44516,professor,F,0,professor,0.9995,0.9995,-0.0,"phd, carnegie, earned, university, research",5
47786,painter,M,11,painter,0.996,0.7492,0.2468,"painting, exhibited, gallery, art, from",5
89197,professor,F,0,professor,0.9988,0.9576,0.0412,"reviewer, postdoctoral, information, phd, of",5
85648,filmmaker,M,14,filmmaker,0.9684,0.5616,0.4067,"production, founded, films, director, screenwriter",5
81248,attorney,F,2,attorney,0.7117,0.7837,-0.072,"parents, education, parents, rights, the",5
13523,physician,F,1,physician,0.9997,0.9986,0.0011,"a98283, dr, 1255484069, license, credentials",5
21322,dietitian,F,18,dietitian,0.9955,0.0189,0.9766,"diet, nutrition, make, people, helping",5
22834,accountant,F,16,accountant,0.5219,0.4308,0.0911,"businesses, been, she, small, over",5
42590,attorney,F,2,attorney,0.9996,0.3264,0.6732,"counsel, house, matters, extensive, experience",5
92863,photographer,M,3,photographer,0.997,0.9819,0.015,"photographies, his, couple, aviary, last",5
54919,model,F,5,nurse,0.3309,0.1039,0.227,"certifications, she, soon, the, discovered",5
28163,attorney,M,2,attorney,0.9992,0.9928,0.0064,"putney, hirson, twombley, litigation, mr",5
1991,professor,F,0,professor,0.7127,0.2942,0.4185,"medical, the, dr, americal, debakey",5
95384,dietitian,F,18,dietitian,0.9909,0.9867,0.0042,"dietitians, metabolic, dietetistes, diseases, metabolic",5
48500,professor,F,0,professor,0.999,0.9754,0.0237,"rhetoric, ph, university, earned, she",5
21188,professor,F,0,professor,0.9995,0.9973,0.0022,"research, focuses, century, her, literary",5
81882,professor,M,0,professor,0.9975,0.1805,0.817,"raised, his, chengdu, phd, his",5
85609,physician,F,1,physician,0.9705,0.6945,0.276,"college, hospital, school, medical, carriers",5
70044,physician,M,1,physician,0.9949,0.0137,0.9812,"medical, medicine, school, performed, hospitals",5
47220,psychologist,M,6,psychologist,0.9987,0.2465,0.7522,"psychology, counseling, ph, carolinas, has",5
11064,model,F,12,model,0.999,0.7967,0.2023,"modeling, her, earned, housewives, former",5
28093,teacher,F,7,teacher,0.9975,0.9736,0.0239,"robotics, students, teach, students, grade",5
94619,nurse,M,5,nurse,0.6757,0.0195,0.6562,"trauma, unit, attached, adult, before",5
49414,professor,M,0,professor,0.9985,0.9872,0.0113,"faculty, neurology, the, chris, evms",5
81729,software engineer,M,15,software engineer,0.9585,0.742,0.2166,"masters, received, degrees, he, engineering",5
22196,composer,F,17,composer,0.9955,0.9862,0.0092,"it, may, textures, also, sounds",5
88330,professor,F,0,professor,0.9988,0.8277,0.1711,"physical, teaching, kinesiotaping, focus, physical",5
24925,professor,M,0,professor,0.9702,0.1658,0.8044,"professors, all, university, stone, california",5
7891,model,F,12,model,0.9982,0.2839,0.7143,"actor, born, she, was, paloma",5
95305,professor,M,0,professor,0.9997,0.9991,0.0005,"previous, university, aims, academic, researcher",5
1259,physician,F,1,physician,0.9998,0.9602,0.0396,"medicine, practices, medicine, in, medicine",5
94280,nurse,F,5,nurse,0.9994,0.8465,0.1529,"nurse, nyu, maegan, career, maegan",5
48548,teacher,F,7,teacher,0.8917,0.4478,0.4438,"bachelor, educational, science, administration, masters",5
34256,professor,M,0,professor,0.8725,0.4895,0.383,"various, work, is, interested, examines",5
38595,physician,M,1,physician,0.9901,0.3652,0.6249,"hospital, patients, paediatrics, position, allergy",5
58496,journalist,F,4,journalist,0.9849,0.8342,0.1508,"interviewed, to, directors, has, prestigious",5
72718,photographer,F,3,photographer,0.9963,0.1804,0.8159,"photo, large, processed, work, and",5
74832,filmmaker,F,14,filmmaker,0.9872,0.0841,0.9031,"films, directed, has, experimental, film",5
84387,nurse,M,5,nurse,0.9997,0.0047,0.9949,"nurse, graduated, experiences, practitioner, 2014",5
26171,accountant,M,16,accountant,0.9989,0.9987,0.0001,"accounting, firms, international, experience, plc",5
22517,professor,M,0,professor,0.9989,0.9878,0.0111,"university, been, courses, he, teaching",5
42732,accountant,M,16,accountant,0.9986,0.9969,0.0016,"financial, reporting, financial, control, reporting",5
54506,nurse,F,5,nurse,0.9976,0.5727,0.4249,"professional, she, 1215294764, credentials, crnp",5
13402,attorney,M,2,attorney,0.9988,0.9995,-0.0006,"litigation, hampden, criminal, defense, defense",5
34277,professor,M,0,professor,0.9995,0.6405,0.359,"doctorate, received, science, university, michigan",5
31629,professor,F,0,professor,0.9993,0.9899,0.0094,"and, include, research, interests, criminal",5
85805,dentist,M,8,dentist,0.9558,0.909,0.0468,"bds, dentistry, siroya, dental, dental",5
18759,model,F,12,model,0.9994,0.9652,0.0343,"freeones, born, she, gallery, she",5
86661,dentist,M,8,dentist,0.8092,0.041,0.7682,"dental, dental, bds, clinic, madhukar",5
85575,professor,M,0,professor,0.9742,0.9975,-0.0232,"author, 360, for, the, articles",5
18154,software engineer,M,15,software engineer,0.877,0.1872,0.6898,"ranges, software, architecture, virtualization, development",5
21831,physician,M,1,physician,0.9427,0.8441,0.0986,"medicine, at, he, medicine, dr",5
80642,comedian,M,19,comedian,0.646,0.0048,0.6411,"seasonal, is, laugh, and, comedy",5
95364,professor,M,0,professor,0.6114,0.6038,0.0076,"hematology, oncology, harvard, he, recombinant",5
16552,professor,M,0,professor,0.9991,0.9964,0.0027,"primary, research, his, include, statistical",5
65562,professor,M,0,professor,0.9995,0.9989,0.0006,"microscopes, development, oversees, physiologically, research",5
10011,professor,M,0,professor,0.9981,0.5737,0.4244,"research, distributed, phd, include, interests",5
12460,professor,F,0,professor,0.9998,0.9998,0.0,"articles, research, violence, reviewed, published",5
29989,professor,F,0,professor,0.9985,0.9908,0.0077,"ph, chinese, marketing, an, in",5
31044,attorney,M,2,attorney,0.998,0.996,0.002,"litigation, criminal, defense, degrees, university",5
57,professor,M,0,professor,0.9997,0.9997,0.0001,"ph, earned, he, studies, sociology",5
22647,photographer,F,3,photographer,0.997,0.0071,0.9899,"photographer, working, photographed, career, polish",5
72227,journalist,M,4,journalist,0.8959,0.3625,0.5333,"martial, while, arts, mixed, he",5
3875,photographer,F,3,photographer,0.9978,0.9863,0.0115,"images, of, work, vietnam, working",5
85687,professor,M,0,professor,0.9909,0.1665,0.8244,"studies, publication, network, avant, to",5
38032,software engineer,M,15,software engineer,0.989,0.9745,0.0145,"his, device, development, career, drivers",5
6275,professor,M,0,professor,0.9994,0.8942,0.1053,"research, include, interests, his, bayesian",5
45977,poet,F,13,poet,0.7714,0.9028,-0.1314,"poetry, length, chapbook, chapbooks, her",5
52150,photographer,F,3,photographer,0.3884,0.0201,0.3683,"exhibited, art, documentaries, presidents, pieces",5
15721,attorney,M,2,attorney,0.9991,0.9928,0.0063,"matters, advises, affordable, act, advice",5
70849,professor,M,0,professor,0.9945,0.9207,0.0738,"research, dedicated, dr, psychotherapy, kanter",5
57060,physician,M,1,physician,0.9976,0.9953,0.0024,"medicine, gropper, graduated, interests, dr",5
21776,model,F,12,model,0.288,0.0864,0.2016,"heiress, goals, robbing, business, family",5
77013,professor,F,0,professor,0.9981,0.9951,0.003,"environmental, studied, she, chemist, investigates",5
41393,surgeon,M,9,surgeon,0.999,0.9987,0.0002,"currently, dr, practices, medicine, at",5
21337,teacher,M,7,teacher,0.4887,0.1329,0.3558,"arts, in, degree, lives, bachelor",5
49352,teacher,M,7,teacher,0.2221,0.0608,0.1613,"poems, had, poems, the, has",5
82517,attorney,F,2,attorney,0.9997,0.9996,0.0001,"graduate, graduate, attorney, role, of",5
56691,professor,M,0,professor,0.9944,0.9538,0.0406,"digitization, career, phd, their, communication",5
41260,attorney,M,2,attorney,0.9998,0.9998,0.0,"includes, clients, law, assists, disputes",5
12456,professor,F,0,professor,0.9896,0.9902,-0.0006,"associate, fellows, interests, mentor, pediatrics",5
13991,dentist,F,8,dentist,0.9977,0.8391,0.1585,"dental, clinic, quatili, dr, smilz",5
85198,poet,F,13,poet,0.3871,0.1268,0.2603,"new, poetry, lustralia, her, published",5
8310,photographer,F,3,photographer,0.9988,0.9528,0.046,"photography, photography, film, since, digital",5
84202,photographer,M,3,photographer,0.9986,0.9974,0.0012,"digitalphotopro, americanphoto, applied, to, ability",5
74964,filmmaker,F,14,filmmaker,0.9867,0.9926,-0.0059,"filmmaking, videotexts, year, documentary, festival",5
7156,attorney,M,2,attorney,0.9997,0.9997,0.0,"legal, centers, law, law, chair",5
82487,nurse,F,5,nurse,0.6341,0.1645,0.4696,"holistic, pharmaceutical, path, cures, to",5
32959,surgeon,M,9,surgeon,0.9901,0.9797,0.0104,"surgical, techniques, with, simmons, experience",5
73404,surgeon,M,9,surgeon,0.7964,0.3506,0.4458,"treated, doctors, treated, treatment, who",5
52160,professor,F,0,professor,0.6195,0.6395,-0.02,"program, nurse, curriculum, actively, been",5
17632,physician,M,1,physician,0.4513,0.1424,0.3089,"medical, advisory, he, pittsburgh, notre",5
27723,attorney,M,2,attorney,0.9952,0.337,0.6582,"legal, advice, plenty, financial, plenty",5
36313,accountant,M,16,accountant,0.6508,0.7975,-0.1467,"school, previously, paychex®, the, harvard",5
13028,professor,M,0,professor,0.9981,0.9924,0.0057,"journals, doing, his, research, is",5
90630,surgeon,F,9,surgeon,0.9483,0.9348,0.0136,"sulochana, mumbai, surgeries, dr, done",5
83219,model,F,12,model,0.9989,0.9989,0.0,"eastern, squishy, tits, soft, weighs",5
79718,psychologist,F,6,psychologist,0.9813,0.5868,0.3945,"dr, harpine, clanton, research, on",5
46704,professor,M,0,professor,0.6712,0.0772,0.5939,"clinical, research, sinus, focused, for",5
36275,physician,M,1,physician,0.8253,0.2114,0.6139,"mbbs, dr, rajesh, gandhi, college",5
61518,photographer,M,3,photographer,0.9914,0.0592,0.9322,"photography, and, timelessness, and, satie",5
82255,physician,M,1,physician,0.9031,0.7704,0.1327,"medicine, boruszak, professionally, rating, of",5
22004,dentist,F,8,dentist,0.9884,0.0021,0.9863,"dental, busy, had, chiropractors, practice",5
80,attorney,M,2,attorney,0.9996,0.9301,0.0695,"cases, litigates, 2015, protect, the",5
83880,nurse,F,5,nurse,0.9997,0.8904,0.1093,"nurse, she, graduated, medicine, practitioner",5
35544,professor,M,0,professor,0.9734,0.5812,0.3921,"projects, funded, completed, have, narragansett",5
59926,painter,F,11,painter,0.9874,0.9144,0.073,"student, painter, painting, art, the",5
70146,dentist,M,8,dentist,0.9982,0.6808,0.3174,"dr, has, he, practicing, hospital",5
90382,filmmaker,M,14,filmmaker,0.9953,0.9922,0.0032,"filmmaker, documentary, projects, journey, when",5
87825,surgeon,M,9,surgeon,0.9968,0.9868,0.01,"and, he, techniques, clinically, rely",5
53422,professor,M,0,professor,0.9996,0.9994,0.0002,"valadez, professor, research, focus, researcher",5
46773,physician,M,1,physician,0.9998,0.9788,0.021,"medicine, medicine, hostetter, jennersville, practices",5
26415,surgeon,M,9,surgeon,0.999,0.9988,0.0002,"medicine, graduated, surgical, kansas, dr",5
66964,model,M,12,model,0.9992,0.9989,0.0003,"modelling, model, runway, fashion, skills",5
82512,professor,M,0,professor,0.9997,0.9996,0.0001,"faculty, western, the, prior, 2014",5
26369,nurse,F,5,nurse,0.998,0.0145,0.9835,"hiv, nurse, nursing, care, health",5
36120,physician,F,1,physician,0.9995,0.3443,0.6552,"medical, degree, dr, from, hospital",5
63662,dietitian,F,18,dietitian,0.9986,0.0026,0.996,"dietitian, nutrition, medicine, registered, nutrition",5
49814,teacher,F,7,teacher,0.999,0.9949,0.0041,"taught, teacher, teacher, language, studies",5
13724,attorney,M,2,attorney,0.3305,0.1061,0.2244,"register, mounds, research, hopes, the",5
6748,professor,M,0,professor,0.9996,0.9958,0.0038,"the, prosthetics, university, focuses, laboratory",5
55449,attorney,F,2,attorney,0.9995,0.998,0.0015,"legal, law, defense, law, clerked",5
77069,professor,F,0,professor,0.9998,0.9982,0.0016,"organizational, research, journal, systems, she",5
28170,attorney,M,2,attorney,0.9998,0.9998,0.0,"attorney, appeals, court, lemberg, court",5
26595,physician,F,1,physician,0.3529,0.0703,0.2826,"journals, professional, medical, her, awards",5
44554,professor,F,0,professor,0.9998,0.9997,0.0,"research, nanotechnology, editor, she, chair",5
56806,attorney,M,2,attorney,0.9996,0.9991,0.0005,"currently, university, law, juris, law",5
28500,architect,M,10,architect,0.9967,0.9918,0.0048,"architectural, full, technology, design, residential",5
43560,teacher,M,7,teacher,0.6063,0.5723,0.034,"from, tutoring, in, married, range",5
13843,journalist,M,4,journalist,0.9748,0.95,0.0248,"africani, book, rizzoli, italy, mainly",5
73255,dentist,M,8,dentist,0.996,0.9238,0.0722,"dentistry, dentist, dental, pediatric, oral",5
35919,physician,F,1,physician,0.9976,0.7884,0.2093,"medicine, practices, dr, ailments, shackelton",5
77756,attorney,M,0,professor,0.3727,0.2497,0.123,"at, the, for, diplomacy, diplomacy",5
27849,professor,M,0,professor,0.9998,0.9752,0.0246,"research, research, studies, economics, ongoing",5
40757,painter,M,11,painter,0.9931,0.598,0.3951,"painting, paintings, studio, drawing, portraiture",5
6157,professor,F,0,professor,0.9996,0.9995,0.0,"articles, she, monograph, examining, also",5
90642,professor,M,0,professor,0.9993,0.0527,0.9466,"phd, his, obtained, business, management",5
44473,psychologist,M,6,psychologist,0.3863,0.2243,0.162,"insight, madness, prevent, madmen, and",5
20250,photographer,F,3,photographer,0.9736,0.4977,0.4759,"degree, stills, fine, creating, art",5
95322,physician,M,1,physician,0.9947,0.1153,0.8794,"physician, physician, medicine, medical, dr",5
71658,professor,F,0,professor,0.8988,0.9608,-0.062,"research, the, on, work, designer",5
23325,professor,M,0,professor,0.9998,0.9996,0.0002,"university, ph, idaho, teaching, research",5
10176,physician,M,1,physician,0.9637,0.9701,-0.0063,"medicine, preventive, dr, college, focuses",5
44619,photographer,M,3,photographer,0.9977,0.2132,0.7845,"photographic, centre, northern, finnish, exhibition",5
31752,professor,F,0,professor,0.9977,0.9782,0.0194,"research, interested, doctorate, focuses, factors",5
62242,professor,F,0,professor,0.9106,0.858,0.0525,"native, main, clinical, research, focus",5
55410,poet,M,13,poet,0.5708,0.2669,0.304,"poetry, english, creative, writing, published",5
35723,professor,M,0,professor,0.9961,0.9629,0.0332,"youngest, holds, age, doctor, 28",5
28165,photographer,M,3,photographer,0.984,0.0737,0.9103,"images, are, two, which, captures",5
95258,professor,M,0,professor,0.9995,0.9993,0.0002,"huizenga, coordinator, programs, university, school",5
94661,physician,M,1,physician,0.9995,0.9937,0.0057,"medicine, lieppman, graduate, medicare, ophthalmology",5
42943,professor,M,0,professor,0.9976,0.8452,0.1524,"research, examines, judgment, his, consumer",5
72940,painter,F,11,painter,0.7941,0.0345,0.7596,"artist, studied, has, eliot, curator",5
41816,physician,F,1,physician,0.9998,0.3793,0.6205,"practices, medicine, pocatello, ms, medical",5
50274,journalist,M,4,journalist,0.6102,0.386,0.2242,"leftdom, prejudices, in, there, settled",5
42660,professor,F,0,professor,0.9982,0.9961,0.0021,"project, studies, history, anticolonial, is",5
69340,journalist,M,4,journalist,0.8343,0.6713,0.163,"waxpak, card, the, babe, took",5
89890,professor,M,0,professor,0.9995,0.9993,0.0002,"research, focuses, conflict, cooperation, reinforcing",5
50484,physician,F,1,physician,0.9998,0.9774,0.0224,"medicine, gynecology, hospital, specializes, in",5
18373,composer,M,17,composer,0.9975,0.9965,0.0009,"composition, violin, guitar, music, composers",5
66567,professor,M,0,professor,0.9997,0.9994,0.0003,"ph, teaches, academic, advises, research",5
25632,psychologist,F,6,psychologist,0.9993,0.1567,0.8426,"psychologist, psychologist, experiences, jill, clinical",5
13729,professor,F,0,professor,0.9994,0.8597,0.1396,"ph, prior, dr, bmu, she",5
12883,photographer,M,3,photographer,0.9674,0.5436,0.4238,"photographic, dance, when, working, panoramic",5
16551,professor,M,0,professor,0.9983,0.9916,0.0067,"scientific, career, liser, phd, his",5
34061,painter,M,11,painter,0.9919,0.9928,-0.0009,"painting, paintings, watercolours, paintings, paintings",5
47475,professor,F,0,professor,0.9991,0.8599,0.1391,"theatre, colorado, bfa, education, mfa",5
23393,painter,M,11,painter,0.996,0.1985,0.7975,"painted, paint, figurative, photorealists, painter",5
78137,photographer,F,3,photographer,0.9985,0.3355,0.663,"photography, degree, in, ba, lived",5
67230,teacher,F,7,teacher,0.9987,0.9871,0.0116,"teacher, academy, pomona, education, school",5
7467,professor,F,0,professor,0.9883,0.7222,0.266,"iopapathanasiou, teaches, fundamental, courses, interest",5
19443,dentist,M,8,dentist,0.9978,0.8903,0.1075,"dental, ahuja, clinic, shalimar, dr",5
69582,professor,F,0,professor,0.9997,0.9962,0.0035,"rachna, phd, management, in, received",5
54653,psychologist,F,6,psychologist,0.9994,0.0031,0.9963,"psychologist, in, doctors, experiences, she",5
46048,professor,M,0,professor,0.9987,0.0376,0.961,"radiologic, science, programs, he, teaches",5
29071,professor,M,0,professor,0.9998,0.9995,0.0003,"research, economics, ph, professor, applied",5
69868,professor,M,0,professor,0.9997,0.9994,0.0002,"focuses, finance, macroeconomics, research, fellow",5
42356,professor,F,0,professor,0.9993,0.9991,0.0002,"phd, from, studies, york, holds",5
29006,photographer,F,3,photographer,0.9976,0.895,0.1025,"pictures, habit, regular, taking, volunteers",5
6984,poet,M,13,poet,0.9324,0.2902,0.6422,"poetry, poetry, good, at, is",5
42592,attorney,F,2,attorney,0.9996,0.9992,0.0004,"jd, law, nyu, law, law",5
18919,physician,F,1,physician,0.9733,0.2121,0.7612,"medical, attended, pediatrics, medicine, at",5
92234,professor,M,0,professor,0.9997,0.9983,0.0014,"research, journal, areas, include, policing",5
34481,professor,M,0,professor,0.9992,0.954,0.0452,"phd, research, electrical, received, his",5
4821,physician,F,1,physician,0.9998,0.8081,0.1917,"waxahachie, medicine, practices, medicine, specializes",5
91297,professor,M,0,professor,0.9995,0.9977,0.0018,"teaches, decision, courses, does, in",5
79721,software engineer,M,15,software engineer,0.9451,0.671,0.2741,"build, management, web, development, programming",5
70538,physician,F,1,physician,0.9998,0.9178,0.0821,"medicine, practices, in, sacramento, disease",5
53000,surgeon,M,9,surgeon,0.9958,0.988,0.0078,"craniofacial, surgeons, surgery, surgeons, medical",5
57530,attorney,F,2,attorney,0.9974,0.0488,0.9485,"boston, graduate, law, school, recent",5
164,professor,M,0,professor,0.9998,0.9997,0.0001,"focuses, postdoctoral, nanotechnology, research, university",5
63980,poet,M,13,poet,0.965,0.9342,0.0308,"creative, poetry, at, writing, studied",5
45422,professor,M,0,professor,0.9997,0.9995,0.0002,"phd, obtaining, 2005, superieure, research",5
24481,professor,F,0,professor,0.9227,0.3497,0.573,"research, interests, include, emotional, her",5
74779,photographer,M,3,photographer,0.9842,0.8804,0.1038,"photography, which, interest, an, for",5
2585,professor,F,0,professor,0.9916,0.9297,0.0619,"to, information, journals, assurance, placement",5
5609,photographer,M,3,photographer,0.9979,0.9966,0.0012,"photography, reuters, creative, of, leica",5
37614,professor,F,0,professor,0.9385,0.0702,0.8683,"dana, professor, social, huffpost, associate",5
26875,professor,M,0,professor,0.999,0.9852,0.0138,"geopolitical, research, interaction, in, interests",5
89608,professor,F,0,professor,0.9992,0.9985,0.0007,"she, currently, articles, at, edited",5
37642,surgeon,M,9,surgeon,0.9964,0.7575,0.2388,"surgery, orthopaedics, orthopaedic, orthopaedics, professor",5
15017,photographer,F,3,photographer,0.9987,0.0426,0.9562,"photocommincations, photographer, shooting, in, clients",5
53095,professor,M,0,professor,0.9982,0.7702,0.228,"research, interests, are, theory, in",5
12380,professor,F,0,professor,0.9913,0.2862,0.7051,"ontario, education, research, include, university",5
83515,physician,M,1,physician,0.9809,0.6106,0.3704,"medicine, medicine, affiliated, at, he",5
23074,physician,F,1,physician,0.9994,0.9986,0.0008,"medical, medical, school, cholesterol, college",5
56672,psychologist,M,6,psychologist,0.9917,0.975,0.0167,"psychology, psychologists, tutored, psychologist, psychological",5
3781,professor,M,0,professor,0.9976,0.9724,0.0252,"comparative, university, bachelor, ph, literature",5
19794,dentist,F,8,dentist,0.9631,0.9182,0.0449,"dental, bds, dental, dental, dental",5
88720,physician,M,1,physician,0.9998,0.7313,0.2686,"medicine, practices, panama, medical, dermatology",5
66631,attorney,M,2,attorney,0.9367,0.5066,0.43,"council, mr, currently, kodjak, is",5
46622,attorney,F,2,attorney,0.9988,0.9994,-0.0006,"law, supreme, new, defense, york",5
68666,professor,M,0,professor,0.7354,0.7131,0.0223,"has, nursing, him, in, seen",5
31094,poet,F,13,poet,0.8312,0.0023,0.8289,"poetry, poetry, self, poetics, award",5
46957,model,F,12,model,0.6814,0.1816,0.4998,"risqua©, avoided, moves, duet, perform",5
94188,painter,F,11,painter,0.9874,0.5603,0.427,"painting, painting, art, expressionist, bfa",5
69997,professor,M,0,professor,0.9998,0.9998,0.0001,"research, public, book, journal, interests",5
89783,physician,M,1,physician,0.7181,0.2951,0.4229,"woodlands, conditions, community, serve, treats",5
93670,teacher,F,7,teacher,0.9929,0.687,0.306,"teachers, today, developmentally, environments, the",5
60505,nurse,M,5,nurse,0.9997,0.0441,0.9556,"nurse, practitioner, graduated, experiences, honors",5
58910,physician,F,1,physician,0.9998,0.9481,0.0517,"medicine, medicine, specializes, family, in",5
74352,photographer,M,3,photographer,0.995,0.1719,0.8231,"finland, capture, portraits, travelled, rovaniemi",5
94925,model,F,12,model,0.9992,0.9985,0.0007,"model, redondo, models, fashion, she",5
71383,professor,M,0,professor,0.8726,0.794,0.0786,"led, programs, chair, un, management",5
80993,attorney,M,2,attorney,0.9994,0.9992,0.0003,"clients, juries, successfully, damages, disputes",5
89679,psychologist,M,6,psychologist,0.9856,0.5653,0.4203,"possibilities, cultivating, psychological, individuals, physical",5
29769,photographer,F,3,photographer,0.9934,0.6809,0.3125,"photography, ma, in, communication, at",5
35120,physician,F,1,physician,0.9375,0.8956,0.0418,"louisiana, of, she, shreveport, blue",5
60096,attorney,M,2,attorney,0.8528,0.4067,0.4461,"wilmington, 26, stop, passenger, wect",5
2914,teacher,F,7,teacher,0.9951,0.2227,0.7724,"student, class, life, her, goes",5
7696,physician,M,1,physician,0.9466,0.167,0.7796,"medicine, texas, graduated, university, of",5
51919,physician,M,1,physician,0.6462,0.0108,0.6354,"parish, health, chairs, infirmarian, at",5
60927,professor,M,0,professor,0.9989,0.9357,0.0632,"doctoral, management, studies, degree, carolina",5
37455,photographer,M,3,photographer,0.9893,0.982,0.0073,"pictures, time, images, opportunities, taking",5
81165,physician,M,1,physician,0.9998,0.6217,0.3782,"medicine, practices, medicine, orange, medical",5
77874,photographer,M,3,photographer,0.9948,0.9875,0.0072,"photographs, locations, other, lens, james",5
36396,accountant,M,16,accountant,0.9968,0.0455,0.9513,"accountancy, accounting, bachelors, and, degree",5
77709,professor,M,0,professor,0.9626,0.0323,0.9303,"phd, the, received, computer, operation",5
71458,photographer,F,3,photographer,0.4126,0.0152,0.3974,"houtte, show, fontanel, images, tagwalk",5
83209,physician,F,1,physician,0.9998,0.9343,0.0655,"medicine, marcotte, gynecology, practices, obstetrics",5
95325,journalist,M,4,journalist,0.9978,0.9925,0.0053,"publications, written, for, press, several",5
42326,attorney,M,2,attorney,0.9998,0.9997,0.0,"litigation, kondrla, focuses, his, matters",5
36977,professor,M,0,professor,0.9999,0.9988,0.0011,"phd, research, aerospace, engineering, research",5
43157,poet,M,13,poet,0.6023,0.2136,0.3887,"when, more, many, his, modern",5
32590,professor,M,0,professor,0.9971,0.9287,0.0685,"pharmacology, hematopathology, haycocks, pathology, baylor",5
67243,professor,M,0,professor,0.9877,0.0696,0.9181,"phd, studies, his, students, teaching",5
95066,attorney,F,2,attorney,0.9991,0.9992,-0.0001,"appellate, practice, public, advocacy, areas",5
9225,photographer,F,3,photographer,0.6677,0.8358,-0.1681,"exhibited, exhibited, been, has, clark",5
41884,physician,M,1,physician,0.9993,0.9949,0.0045,"problems, sackler, pacemaker, attended, interests",5
11099,professor,F,0,professor,0.999,0.9947,0.0043,"princeton, taught, researched, she, and",5
24149,painter,M,11,painter,0.9945,0.4689,0.5256,"painting, vignoles, exhibited, in, works",5
37303,teacher,M,7,teacher,0.8656,0.0377,0.8279,"aramaic, circle, international, director, is",5
64984,accountant,M,16,accountant,0.9977,0.1578,0.8399,"cfo, mrc, amr, industry, controller",5
40979,attorney,F,2,attorney,0.9996,0.9994,0.0003,"ohio, school, hofstra, transactions, received",5
76479,attorney,F,2,attorney,0.9962,0.5733,0.4229,"law, edwards, until, practiced, her",5
93412,attorney,M,2,attorney,0.9994,0.9876,0.0118,"matters, issues, juvenile, visitation, law",5
21390,professor,M,0,professor,0.9919,0.9033,0.0887,"research, clinical, focus, clinical, assisted",5
37381,professor,F,0,professor,0.6428,0.1209,0.5219,"student, minorities, greatest, her, professional",5
63763,attorney,M,2,attorney,0.9988,0.9969,0.0019,"marriage, work, legal, combating, transgender",5
34156,teacher,F,7,teacher,0.9499,0.4173,0.5326,"teaching, educators, prior, educators, graduate",5
65604,dentist,M,8,dentist,0.997,0.8912,0.1058,"dental, clinic, associated, pradip, dr",5
77368,professor,M,0,professor,0.9995,0.8441,0.1554,"holds, research, he, university, ecosystem",5
64905,model,F,12,model,0.9989,0.9981,0.0008,"modeling, model, sailor, sentai, actress",5
81521,professor,M,0,professor,0.9977,0.9803,0.0174,"work, economics, mainly, his, public",5
73816,surgeon,M,9,surgeon,0.6895,0.4521,0.2373,"implants, medicine, dr, surgeons, surgeons",5
73620,professor,M,0,professor,0.9995,0.9994,0.0001,"lectured, information, academic, published, systems",5
65883,painter,F,11,painter,0.7742,0.0026,0.7716,"mural, her, udayan, held, in",5
5187,physician,F,1,physician,0.749,0.0522,0.6968,"medical, medical, director, director, as",5
79683,professor,M,0,professor,0.6283,0.2317,0.3966,"internal, tendinopathies, interests, musculoskeletal, residency",5
8480,teacher,M,7,teacher,0.2082,0.1636,0.0445,"wants, wife, astral, inspiration, understands",5
49065,nurse,F,5,nurse,0.5722,0.8635,-0.2913,"medical, she, australia, roundup, association",5
28068,journalist,F,4,journalist,0.9516,0.8699,0.0817,"transitional, tufts, majoring, in, currently",5
58117,professor,F,0,professor,0.9987,0.999,-0.0003,"research, criminology, researcher, focuses, entanglements",5
95153,physician,M,1,physician,0.9997,0.9997,-0.0,"meds7087, 1376766154, alaska, professional, dr",5
49846,accountant,M,16,accountant,0.9984,0.2461,0.7523,"accounting, tax, taxation, pricewaterhousecoopers, science",5
54789,model,F,12,model,0.9978,0.1338,0.8641,"acting, bollywood, fashion, born, graduate",5
7173,professor,F,0,professor,0.9922,0.9301,0.0621,"courses, review, editor, program, undergraduate",5
7984,attorney,M,2,attorney,0.9997,0.9996,0.0001,"lawyer, litigation, steve, represented, clients",5
52999,dietitian,F,18,dietitian,0.6229,0.0538,0.5691,"nutrition, based, health, diabetes, ms",5
71249,professor,M,0,professor,0.997,0.9946,0.0023,"received, ghana, 1995, university, doctorate",5
53249,photographer,F,3,photographer,0.9427,0.0827,0.8599,"photojournalist, photographs, worked, her, her",5
14858,surgeon,M,9,surgeon,0.9963,0.996,0.0003,"surgery, cardiothoracic, surgery, surgeons, surgery",5
50260,dentist,M,8,dentist,0.9096,0.7774,0.1322,"dental, abhijith, clinic, dental, kumar",5
42634,photographer,M,3,photographer,0.9921,0.9825,0.0096,"photography, camera, passion, lens, was",5
66259,professor,M,0,professor,0.9998,0.9997,0.0001,"neuromuscular, research, edu, ph, the",5
59391,surgeon,M,9,surgeon,0.9989,0.9988,0.0001,"kimbrell, surgery, certified, he, medical",5
45155,physician,M,1,physician,0.9255,0.6171,0.3084,"medicine, dr, community, programs, public",5
53990,painter,F,11,painter,0.9955,0.0064,0.9891,"paintings, her, nihonga, she, works",5
80526,software engineer,M,15,software engineer,0.9892,0.9827,0.0065,"software, instantiations, engineering, experience, projects",5
64571,attorney,F,2,attorney,0.971,0.0004,0.9706,"law, school, to, sophomore, get",5
89357,journalist,F,4,journalist,0.999,0.4135,0.5855,"starting, sky, canberra, first, news",5
36910,professor,F,0,professor,0.9972,0.0015,0.9957,"doctorate, public, with, certified, mba",5
78230,journalist,F,4,journalist,0.9941,0.983,0.0111,"years, experience, journalism, 20, politicspolitics",5
4487,dentist,M,8,dentist,0.9967,0.7782,0.2185,"practising, dental, dr, clinic, thukral",5
74474,psychologist,F,6,psychologist,0.9985,0.9616,0.0368,"psychology, into, working, prison, forensic",5
17846,dentist,M,8,dentist,0.9192,0.8627,0.0565,"dental, rahul, dental, dental, tooth",5
10556,photographer,M,3,photographer,0.9982,0.9365,0.0617,"photography, photography, pictures, career, captured",5
79155,professor,M,0,professor,0.988,0.9479,0.0401,"research, varambally, him, journals, expertise",5
77488,attorney,M,2,attorney,0.9997,0.9984,0.0014,"litigation, injury, main, his, workplace",5
84467,teacher,M,7,teacher,0.834,0.5492,0.2848,"subjects, passionate, philosophy, alok, rounded",5
79232,professor,M,0,professor,0.9978,0.986,0.0117,"has, canada, extensive, entrepreneurial, planning",5
3744,surgeon,M,9,surgeon,0.8899,0.2963,0.5936,"arthroplasty, fellowship, surgery, is, orthopaedic",5
22449,professor,M,0,professor,0.9995,0.9993,0.0003,"econometrics, research, ph, economics, yeditepe",5
6120,attorney,F,2,attorney,0.9987,0.8831,0.1156,"cases, defends, employers, then, discrimination",5
40124,professor,F,0,professor,0.9912,0.5299,0.4613,"research, focuses, her, also, students",5
87081,professor,M,0,professor,0.9998,0.9996,0.0002,"understanding, focuses, research, wildlife, include",5
45879,dentist,M,8,dentist,0.9951,0.0769,0.9183,"dentistry, dr, patients, ny, caredash",5
22685,painter,M,11,painter,0.9537,0.0171,0.9367,"gallery, gallery, gallery, gallery, gallery",5
70188,professor,F,0,professor,0.9991,0.9967,0.0024,"visualization, data, research, students, phd",5
46951,dentist,F,8,dentist,0.9711,0.8714,0.0997,"dentists, bds, dr, jain, mds",5
57666,model,F,12,model,0.9918,0.0639,0.9279,"star, she, cheeriness, the, life",5
83645,photographer,M,3,photographer,0.9978,0.0247,0.9731,"photography, photographer, works, studied, freelance",5
12952,psychologist,F,6,psychologist,0.9986,0.9842,0.0144,"psychologist, services, school, and, southwest",5
6712,nurse,F,5,nurse,0.9997,0.6135,0.3862,"nurse, she, honors, graduated, practitioner",5
28399,psychologist,F,6,psychologist,0.9994,0.0137,0.9857,"psychologist, neuropsychological, in, experiences, doctors",5
4761,filmmaker,M,14,filmmaker,0.985,0.9862,-0.0012,"scripts, his, film, film, fine",5
64529,dentist,M,8,dentist,0.9988,0.9964,0.0024,"dentist, patients, dr, his, happy",5
83008,composer,M,17,composer,0.9936,0.0171,0.9765,"musical, compositions, by, the, is",5
78626,professor,M,0,professor,0.9998,0.9996,0.0001,"research, ph, interests, ieee, current",5
93657,professor,M,0,professor,0.999,0.9985,0.0005,"cybersecurity, professor, scholar, at, stanford",5
48718,psychologist,F,6,psychologist,0.9978,0.9909,0.0068,"therapists, survivors, working, childhood, sexual",5
80265,professor,M,0,professor,0.6096,0.7087,-0.0991,"work, law, conducts, projects, georgetown",5
76232,physician,F,1,physician,0.9899,0.8747,0.1152,"medicine, medicare, graduated, dr, she",5
75806,software engineer,M,15,software engineer,0.8741,0.1711,0.703,"engineer, java, of, engineer, software",5
39269,photographer,M,3,photographer,0.9991,0.8055,0.1936,"photographers, regularly, editorials, works, created",5
76216,painter,F,11,painter,0.9873,0.9698,0.0175,"painting, fine, painting, illustrator, focus",5
23263,teacher,M,7,teacher,0.9778,0.0099,0.9679,"teachers, teachers, 12, program, astronomy",5
19118,professor,M,0,professor,0.9994,0.2073,0.7922,"research, interests, phd, interactive, his",5
89848,attorney,F,2,attorney,0.9996,0.9941,0.0055,"legal, killeen, skill, lawyer, law",5
52698,psychologist,F,6,psychologist,0.9942,0.8288,0.1655,"psycho, psychology, author, clinic, online",5
20421,professor,F,0,professor,0.9996,0.9988,0.0008,"research, prior, ph, beginning, bilingualism",5
82680,professor,M,0,professor,0.6593,0.3062,0.353,"writings, clark, clarkfeusier, the, between",5
71272,professor,M,0,professor,0.9893,0.9862,0.0032,"journals, consultations, course, articles, has",5
37931,teacher,F,7,teacher,0.9672,0.6832,0.2839,"teacher, adults, specialist, history, has",5
14258,teacher,F,7,teacher,0.9326,0.001,0.9316,"students, her, moonlighting, lesson, erika",5
27075,painter,M,11,painter,0.9225,0.0035,0.919,"paintings, thrift, dullest, them, little",5
17055,photographer,M,3,photographer,0.9975,0.9454,0.0521,"photography, works, works, appear, jakarta",5
33809,physician,F,1,physician,0.999,0.9678,0.0312,"medicine, schwartz, affiliated, school, medical",5
90235,poet,F,13,poet,0.8159,0.198,0.6179,"cultureparty, at, wordpress, thelondonpaper, on",5
16487,professor,M,0,professor,0.9947,0.159,0.8358,"dr, researcher, soliman, as, the",5
76633,nurse,F,5,nurse,0.9591,0.8311,0.128,"role, her, health, child, paediatric",5
19692,software engineer,M,15,software engineer,0.4655,0.4747,-0.0092,"fps, gaming, isn, and, he",5
91150,teacher,F,7,teacher,0.998,0.0809,0.9171,"taught, psychology, she, teacher, training",5
84983,teacher,F,7,teacher,0.9902,0.7003,0.2899,"school, during, teaching, partner, deadlines",5
50241,physician,F,1,physician,0.9999,0.7417,0.2581,"medicine, castaneda, medicine, in, practices",5
75946,professor,M,0,professor,0.9988,0.6128,0.386,"phonetics, his, phonology, expertise, phonology",5
783,professor,M,0,professor,0.9996,0.9973,0.0024,"phd, research, received, his, interests",5
62927,attorney,M,2,attorney,0.9995,0.6679,0.3316,"law, arkansas, bar, foreclosure, tennessee",5
90892,comedian,M,19,comedian,0.9966,0.1938,0.8029,"comedy, comedy, awards, won, possible",5
58601,professor,M,0,professor,0.9994,0.998,0.0014,"biostatistics, research, university, developing, interest",5
3790,attorney,M,2,attorney,0.9982,0.2872,0.711,"llm, specializes, law, international, yoram",5
4233,professor,F,0,professor,0.9977,0.9945,0.0032,"her, turkey, journals, nobel, in",5
29434,professor,F,0,professor,0.9318,0.6946,0.2372,"published, conducts, she, focuses, evaluating",5
42298,attorney,F,2,attorney,0.9991,0.9993,-0.0002,"experience, graduate, juris, earned, doctor",5
49119,professor,F,0,professor,0.505,0.0081,0.4969,"research, interests, are, social, interpersonal",5
85310,nurse,F,5,nurse,0.9997,0.6808,0.3189,"nurse, experiences, practitioner, 2013, honors",5
34688,physician,F,1,physician,0.9998,0.9006,0.0993,"medicine, willenborg, gynecology, practices, obstetrics",5
40299,physician,F,1,physician,0.9928,0.9943,-0.0015,"medicine, herrera, mercy, english, dr",5
25837,professor,F,0,professor,0.9501,0.5224,0.4277,"oncology, journals, interests, editorial, her",5
44703,architect,M,10,architect,0.5322,0.3231,0.2091,"his, subjects, cafe, fun, sale",5
56534,physician,M,1,physician,0.8836,0.9238,-0.0403,"dr, doctors, medical, graduated, university",5
89896,physician,F,1,physician,0.9998,0.9524,0.0474,"medicine, practices, lenyo, in, ms",5
43777,attorney,M,2,attorney,0.9996,0.9997,-0.0,"electronicpaymentslaw, law, payments, areas, emerging",5
44566,poet,M,13,poet,0.5465,0.2908,0.2557,"playwrights, prebble, teaches, playwright, lyric",5
61556,professor,M,0,professor,0.9787,0.9679,0.0109,"suicide, been, funded, articles, years",5
41558,accountant,F,16,accountant,0.999,0.8607,0.1383,"accounting, in, accounting, financial, years",5
92577,nurse,F,5,nurse,0.9973,0.8284,0.1689,"nurse, julie, and, development, of",5
41013,photographer,M,3,photographer,0.9947,0.0234,0.9713,"photography, images, depicting, props, towards",5
67299,photographer,M,3,photographer,0.8458,0.1429,0.7029,"design, his, annual, competitions, design",5
53168,attorney,M,2,attorney,0.9951,0.9932,0.0019,"addition, courts, case, malpractice, company",5
87511,physician,F,1,physician,0.9867,0.8596,0.1271,"of, graduated, medicine, california, she",5
44911,professor,F,0,professor,0.9985,0.9993,-0.0008,"research, specializations, pedagogy, philosophical, intersections",5
31571,nurse,F,5,nurse,0.9997,0.917,0.0827,"nurse, practitioner, graduated, experiences, 1987",5
7453,comedian,M,19,comedian,0.9807,0.243,0.7377,"april, he, season, the, fool",5
29251,journalist,F,4,journalist,0.998,0.9285,0.0695,"journalism, reporting, times, news, team",5
27958,professor,F,0,professor,0.9753,0.9029,0.0725,"epidemiology, biostatistics, heterogeneity, from, focused",5
6198,attorney,F,2,attorney,0.9996,0.9954,0.0042,"clients, representing, legal, families, kate",5
22015,professor,M,0,professor,0.9685,0.5132,0.4553,"completed, undergraduate, hematology, oncology, fellowship",5
71617,professor,M,0,professor,0.9988,0.9964,0.0025,"lab, focuses, bioinformatics, immunogenetics, epigenetic",5
3136,professor,F,0,professor,0.6387,0.0696,0.5691,"received, indiana, her, chicago, 1998",5
23468,physician,M,1,physician,0.9222,0.3508,0.5714,"medical, epo, medical, michigan, school",5
14326,photographer,M,3,photographer,0.9959,0.9674,0.0285,"photographers, photo, steveboylephoto, currently, some",5
65840,nurse,M,5,nurse,0.9986,0.821,0.1775,"nursing, years, experience, he, experience",5
28615,photographer,F,3,photographer,0.9723,0.6897,0.2825,"photojournalism, photographers, skyphoto, photojournalism, photography",5
29309,professor,F,0,professor,0.9996,0.9995,0.0002,"anthropology, courses, teaches, research, ethnographic",5
72211,professor,F,0,professor,0.9966,0.1042,0.8925,"neuropsychologist, scholar, faculty, dr, she",5
55093,nurse,F,5,nurse,0.9997,0.1119,0.8878,"nurse, graduated, she, medicine, practitioner",5
78862,photographer,M,3,photographer,0.9969,0.9914,0.0055,"photographs, exhibitions, works, magazines, appeared",5
11504,professor,F,0,professor,0.8775,0.022,0.8555,"doctorate, proponent, dissertation, her, learning",5
15761,professor,M,0,professor,0.9992,0.9991,0.0001,"econometrics, applied, australian, reputable, journals",5
78708,physician,M,1,physician,0.6691,0.5755,0.0936,"graduate, gastrointestinal, cancer, expertise, mcp",5
23431,composer,M,17,composer,0.9972,0.9906,0.0066,"electroacoustic, works, composition, music, loudspeakers",5
41414,teacher,M,7,teacher,0.1825,0.0964,0.0862,"he, considers, having, after, wife",5
6856,photographer,F,3,photographer,0.7663,0.0011,0.7652,"photo, produced, stories, several, also",5
29136,dentist,F,8,dentist,0.9985,0.937,0.0615,"dentistry, maxillofacial, specialties, speaks, include",5
26818,attorney,F,2,attorney,0.7339,0.4103,0.3236,"legal, program, adviser, robin, tech",5
72465,professor,F,0,professor,0.9985,0.9949,0.0036,"dermatology, director, dermatology, dermatology, dermatology",5
87037,dentist,M,8,dentist,0.987,0.0706,0.9164,"dental, his, university, hopkins, north",5
84344,professor,F,0,professor,0.9979,0.9865,0.0114,"methodology, interests, education, ethnography, she",5
89515,teacher,M,7,teacher,0.9689,0.1006,0.8683,"meditation, school, classes, classes, hosting",5
41751,architect,F,10,architect,0.7842,0.0003,0.7839,"information, symantec, usability, architecture, user",5
53572,professor,F,0,professor,0.931,0.0048,0.9262,"professor, university, ritchey, university, login",5
54462,physician,F,1,physician,0.6668,0.554,0.1129,"practice, 1336290477, mrs, estep, years",5
19963,professor,F,0,professor,0.2251,0.0575,0.1676,"with, years, ten, fabric, for",5
67083,professor,M,0,professor,0.9989,0.999,-0.0001,"holds, endicott, prior, he, montserrat",5
46299,professor,F,0,professor,0.9962,0.9125,0.0837,"biotechnology, courses, experience, bangalore, taught",5
58434,professor,F,0,professor,0.9996,0.9991,0.0004,"scholar, was, visiting, ph, research",5
9004,attorney,F,2,attorney,0.9997,0.9982,0.0015,"transactional, her, matters, on, regulatory",5
89722,dietitian,F,18,dietitian,0.9983,0.9898,0.0084,"dietitics, nutrition, diet, nutrition, diet",5
7208,poet,M,13,poet,0.9564,0.0515,0.905,"poetry, and, to, magazine, malmo",5
15906,photographer,F,3,photographer,0.9981,0.0137,0.9844,"photos, body, continues, best, arts",5
81148,photographer,M,3,photographer,0.9949,0.033,0.9619,"photography, exhibitions, there, career, 1982",5
57251,professor,M,0,professor,0.774,0.6151,0.1589,"topics, like, apart, mundane, more",5
6833,psychologist,F,6,psychologist,0.9861,0.9812,0.0049,"treatment, specializes, clinician, health, practice",5
64024,journalist,M,4,journalist,0.9656,0.3997,0.5659,"writer, work, city, author, stone",5
56889,psychologist,M,6,psychologist,0.9994,0.14,0.8594,"psychologist, in, experiences, he, especially",5
32202,surgeon,M,9,surgeon,0.7311,0.299,0.4321,"surgery, dr, surgery, physician, he",5
61766,professor,F,0,professor,0.9994,0.9983,0.0011,"studies, teaching, services, mathras, her",5
85810,photographer,M,3,photographer,0.9939,0.4292,0.5647,"photography, photographs, photographs, visited, varanasi",5
58694,physician,M,1,physician,0.9998,0.979,0.0209,"medicine, san, practices, pediatrics, in",5
90889,attorney,F,2,attorney,0.9842,0.8518,0.1325,"legal, legal, kentucky, intern, earned",5
52252,physician,M,1,physician,0.9661,0.8706,0.0955,"4337, he, 667, center, personalized",5
70681,professor,M,0,professor,0.9991,0.9984,0.0007,"political, phd, behavior, iliev, dr",5
32000,professor,F,0,professor,0.9842,0.2756,0.7086,"received, doctorate, scholarly, research, she",5
55747,painter,F,11,painter,0.994,0.9406,0.0534,"paintings, free, work, collections, mixed",5
71791,filmmaker,M,14,filmmaker,0.6648,0.1951,0.4697,"props, repurposes, art, the, detritus",5
29589,attorney,F,2,attorney,0.9994,0.0041,0.9953,"law, her, transactions, representing, nonprofits",5
62787,professor,F,0,professor,0.9997,0.9996,0.0001,"university, research, florida, published, fellow",5
8575,psychologist,M,6,psychologist,0.7915,0.1108,0.6807,"faculty, psychology, member, since, to",5
28190,professor,F,0,professor,0.9996,0.9989,0.0007,"teaching, in, focus, research, author",5
90290,physician,F,1,physician,0.9522,0.9729,-0.0208,"medicine, physicians, medical, dr, dr",5
67700,professor,F,0,professor,0.9867,0.4754,0.5114,"neonatal, she, practitioner, publications, funding",5
93357,filmmaker,M,14,filmmaker,0.9924,0.9772,0.0152,"filmmaker, films, film, feature, films",5
10416,journalist,M,4,journalist,0.6428,0.6207,0.0221,"to, abulfaz, elchibey, peace, peace",5
55877,model,F,12,model,0.999,0.9866,0.0124,"model, followers, she, instagram, her",5
68114,physician,F,1,physician,0.9996,0.8839,0.1157,"md, professional, md14414, 1013259308, washington",5
30770,physician,F,1,physician,0.9997,0.9994,0.0003,"alaska, 1932170297, professional, dr, credentials",5
35251,photographer,M,3,photographer,0.9979,0.9983,-0.0004,"shoots, photography, a7rii, cameras, lot",5
90743,poet,F,13,poet,0.9505,0.9498,0.0007,"poetry, collections, her, poetry, runs",5
83698,journalist,M,4,journalist,0.9654,0.9772,-0.0118,"reporter, strategy, pulitzer, ajc, media",5
19330,professor,M,0,professor,0.4864,0.1145,0.3719,"phd, the, werts, laude, which",5
36656,dentist,F,8,dentist,0.7652,0.6059,0.1592,"provider, network, patient, affiliated, rating",5
88484,teacher,M,7,teacher,0.9979,0.5241,0.4738,"students, recipe, explained, each, love",5
8374,teacher,F,7,teacher,0.9973,0.8147,0.1826,"teachers, pedagogy, kindergarten, teacher, students",5
80564,professor,F,0,professor,0.9995,0.9946,0.0049,"interested, she, of, is, quantum",5
30619,architect,M,10,architect,0.9987,0.9979,0.0009,"architect, architecture, graduated, 2012, university",5
6770,physician,M,1,physician,0.8789,0.6951,0.1838,"medical, dr, attended, school, school",5
44620,professor,M,0,professor,0.9996,0.9689,0.0307,"university, ph, his, his, materials",5
69417,professor,M,0,professor,0.9968,0.4794,0.5173,"completed, doctoral, research, psychophysiological, include",5
84312,nurse,F,5,nurse,0.9997,0.1448,0.8548,"nurse, graduated, she, honors, experiences",5
35604,painter,M,11,painter,0.9926,0.8894,0.1032,"seascapes, brush, environs, evocative, captures",5
21923,professor,M,0,professor,0.5328,0.1642,0.3685,"mycobacterium, epidemiologist, university, louis, injury",5
10631,dentist,M,8,dentist,0.9931,0.95,0.0431,"dentist, dentistry, dental, tools, dental",5
71180,poet,F,13,poet,0.993,0.9175,0.0754,"poems, poems, poet, look, her",5
16426,physician,F,1,physician,0.9686,0.9385,0.0302,"medicine, years, language, of, combining",5
58582,professor,F,0,professor,0.9798,0.958,0.0218,"gynecology, endocrinology, gynecologists, obstetricians, fellow",5
55426,physician,F,1,physician,0.6666,0.5699,0.0968,"practice, ms, ms, 1346286887, erway",5
33363,architect,F,10,architect,0.9786,0.7278,0.2508,"techniques, heralds, home, australian, darlington",5
68107,professor,M,0,professor,0.9994,0.9971,0.0024,"research, current, theory, years, interests",5
48894,professor,F,0,professor,0.9614,0.0601,0.9012,"her, scholars, students, with, pedagogical",5
53018,nurse,F,5,nurse,0.9997,0.1976,0.8022,"nurse, practitioner, especially, graduated, she",5
53616,teacher,F,7,teacher,0.9988,0.9895,0.0093,"with, special, education, her, degree",5
21619,physician,F,1,physician,0.9957,0.0059,0.9899,"medicine, professor, medical, clinical, assistant",5
59328,professor,M,0,professor,0.9997,0.9997,0.0,"geosciences, ph, editorial, duke, program",5
13754,dentist,M,8,dentist,0.9819,0.9522,0.0297,"patients, dr, his, choice, is",5
54052,photographer,M,3,photographer,0.995,0.6521,0.3429,"photographer, photography, passion, photography, studied",5
9490,filmmaker,M,14,filmmaker,0.9963,0.9649,0.0313,"films, filmmaking, short, collective, film",5
50882,teacher,M,7,teacher,0.998,0.0145,0.9835,"curriculum, mathcraft, school, core, common",5
19877,physician,F,1,physician,0.9998,0.6872,0.3126,"medicine, practices, plano, otolaryngology, medical",5
50605,journalist,F,4,journalist,0.9984,0.3114,0.687,"news, articles, publications, agency, investigations",5
64584,nurse,F,5,nurse,0.9982,0.8865,0.1118,"nurse, nurse, nursing, her, practitioner",5
3338,nurse,F,5,nurse,0.9997,0.9614,0.0383,"nurse, midwife, doctors, graduated, honors",5
40310,photographer,M,3,photographer,0.9951,0.1949,0.8002,"photographer, photographer, photography, photographers, only",5
51386,teacher,F,7,teacher,0.6443,0.0166,0.6276,"student, humor, program, currently, the",5
73295,painter,F,11,painter,0.9837,0.0789,0.9047,"paintings, poignant, oil, curiosities, hobart",5
72374,photographer,M,3,photographer,0.8137,0.0017,0.8121,"artist, being, of, grew, the",5
59743,architect,M,10,architect,0.6173,0.3717,0.2456,"bookings, developing, as, management, platform",5
75273,architect,M,10,architect,0.9949,0.236,0.7589,"design, summer, construction, intern, crew",5
90941,comedian,M,19,comedian,0.9886,0.8342,0.1545,"performed, starred, venues, he, emmy",5
64996,attorney,M,2,attorney,0.996,0.9986,-0.0027,"attorney, an, litigation, specializing, heart",5
18885,professor,F,0,professor,0.998,0.9523,0.0456,"scholar, she, pedagogy, president, research",5
46390,surgeon,M,9,surgeon,0.999,0.999,-0.0,"medicine, currently, surgery, orthopaedic, practices",5
16030,physician,M,1,physician,0.8855,0.6501,0.2354,"medicine, hydronephrosis, disease, geffen, graduate",5
58517,professor,M,0,professor,0.9997,0.9996,0.0001,"communication, online, work, published, wisconsin",5
90439,nurse,F,5,nurse,0.9994,0.41,0.5894,"abortions, nurse, nurse, women, need",5
4144,photographer,M,3,photographer,0.7406,0.0854,0.6553,"showed, new, france, immigrants, work",5
31527,professor,F,0,professor,0.9996,0.9989,0.0007,"ph, research, pittsburgh, professor, include",5
74370,psychologist,F,6,psychologist,0.9979,0.9989,-0.0009,"psychology, clinical, treatments, emotional, depression",5
25900,professor,M,0,professor,0.9997,0.9996,0.0001,"research, gakushuin, journal, journal, interests",5
21855,dentist,M,8,dentist,0.9372,0.3168,0.6204,"dental, bds, dental, practices, hospital",5
4954,professor,M,0,professor,0.9991,0.786,0.2131,"research, deals, with, his, algorithms",5
88811,dentist,M,8,dentist,0.9972,0.8251,0.1721,"dentistry, dentist, dental, general, and",5
54214,journalist,M,4,journalist,0.9969,0.7067,0.2902,"reported, book, conflicts, native, deregulation",5
30222,professor,M,0,professor,0.9919,0.5796,0.4123,"studies, impact, he, the, digital",5
4878,architect,F,10,architect,0.5733,0.0267,0.5466,"has, composers, installations, brigitte, filmmakers",5
93162,professor,M,0,professor,0.9998,0.9997,0.0001,"scholarly, ph, interests, focus, current",5
15877,physician,M,1,physician,0.993,0.9896,0.0034,"graduated, dr, he, affiliated, focuses",5
55444,physician,F,1,physician,0.9998,0.9815,0.0183,"medicine, medicine, brackbill, brackbill, in",5
27462,photographer,F,3,photographer,0.5659,0.0629,0.503,"schiesser, said, tour, become, quite",5
39062,surgeon,M,9,surgeon,0.9964,0.9967,-0.0004,"microsurgery, surgery, surgery, surgery, hospitals",5
1429,attorney,F,2,attorney,0.9995,0.9983,0.0013,"appeals, court, mccullough, joining, ms",5
36348,comedian,F,19,comedian,0.9767,0.6956,0.2812,"comedian, mtv, adam, girl, she",5
62632,professor,M,0,professor,0.8563,0.543,0.3133,"issueinterviewssyllabireadingsvideoarchiveartforumsubscribeadvertiseaboutcontact, commentcomments, permalinkadd, work, new",5
38544,psychologist,F,6,psychologist,0.9994,0.042,0.9574,"psychologist, in, experiences, doctors, especially",5
79665,attorney,M,2,attorney,0.9967,0.9989,-0.0021,"attorney, snoco, washington, served, court",5
73120,attorney,M,2,attorney,0.9995,0.408,0.5915,"counsel, legal, clients, has, represented",5
64975,surgeon,M,9,surgeon,0.9989,0.9988,0.0001,"haverbush, surgery, medical, dr, residency",5
79461,professor,F,0,professor,0.9995,0.9993,0.0002,"dr, previously, martin, studies, public",5
24612,attorney,F,2,attorney,0.9685,0.0205,0.948,"defense, she, carder, ninth, commercial",5
85939,psychologist,F,6,psychologist,0.9989,0.9991,-0.0002,"psychoanalytic, psychology, psychology, ma, social",5
33734,professor,F,0,professor,0.9995,0.9683,0.0312,"ph, political, university, science, university",5
89990,journalist,F,4,journalist,0.9982,0.9989,-0.0007,"journalism, journalist, news, news, reporting",5
5412,poet,F,13,poet,0.9746,0.7699,0.2047,"poetry, poetry, irish, insubstantial, the",5
43130,poet,F,13,poet,0.9878,0.8902,0.0976,"poetry, write, poetry, poems, has",5
82664,professor,F,0,professor,0.9195,0.0004,0.9191,"teaches, she, healthy, pharmacology, fnp",5
19498,journalist,F,4,journalist,0.9986,0.9895,0.0091,"journalism, worked, she, news, graduated",5
84253,physician,M,1,physician,0.8721,0.297,0.5751,"epo, provider, network, carriers, for",5
84686,attorney,M,2,attorney,0.9989,0.0662,0.9327,"attorney, injury, paul, he, children",5
20508,photographer,M,3,photographer,0.9979,0.9958,0.0021,"photography, career, photographer, staff, photography",5
47901,attorney,F,2,attorney,0.9997,0.9987,0.001,"represents, acupuncturists, law, ashley, providers",5
75755,software engineer,M,15,software engineer,0.9861,0.9878,-0.0017,"aix, linux, performance, plug, java",5
88358,psychologist,F,6,psychologist,0.9621,0.941,0.0211,"empowerment, education, child, work, treated",5
45443,attorney,F,2,attorney,0.9952,0.1034,0.8918,"jd, she, received, her, english",5
7455,physician,F,1,physician,0.9166,0.8182,0.0984,"practice, years, 1427277730, 5733, mack",5
3825,surgeon,M,9,surgeon,0.9989,0.6112,0.3877,"surgery, currently, practices, specializes, practice",5
17237,attorney,M,2,attorney,0.9888,0.979,0.0099,"bachelor, and, graduating, law, served",5
70373,surgeon,M,9,surgeon,0.9835,0.9813,0.0023,"surgery, his, founder, aneurysm, university",5
25960,physician,F,1,physician,0.6299,0.2983,0.3316,"obtained, she, training, her, brown",5
74562,photographer,F,3,photographer,0.9929,0.4011,0.5918,"photos, maternity, of, vimeo, sample",5
91273,professor,M,0,professor,0.9667,0.5221,0.4446,"palgrave, macmillanlanguage, author, cultural, the",5
11998,surgeon,F,9,surgeon,0.8549,0.0024,0.8525,"surgery, surgery, cancer, breast, specializes",5
86920,nurse,F,5,nurse,0.6523,0.6422,0.0101,"clients, diseases, chronic, plan, cause",5
49883,poet,F,13,poet,0.7887,0.0241,0.7647,"poetry, her, she, in, forthcoming",5
83414,nurse,F,5,nurse,0.9997,0.9409,0.0588,"nurse, practitioner, experiences, in, 2007",5
52180,architect,M,10,architect,0.9967,0.8974,0.0993,"architect, architecture, design, licensed, building",5
74890,journalist,M,4,journalist,0.997,0.9939,0.0031,"is, editor, proremodeler, to, at",5
71299,physician,F,1,physician,0.9899,0.7096,0.2803,"medicine, creek, rotation, clinic, she",5
8040,painter,F,11,painter,0.9645,0.4515,0.513,"alive, galleries, with, has, work",5
65329,professor,F,0,professor,0.9925,0.9638,0.0287,"dr, research, postdoctoral, professor, assistant",5
24428,attorney,M,2,attorney,0.9996,0.9996,0.0001,"attorney, attorney, consumer, plaintiffs, clients",5
9155,photographer,M,3,photographer,0.9935,0.8926,0.1009,"photos, in, story, is, for",5
87433,attorney,M,2,attorney,0.9977,0.8021,0.1957,"social, issues, jhall, disability, speaker",5
23283,photographer,M,3,photographer,0.9786,0.1415,0.8371,"photo, current, university, essay, exhibit",5
44398,professor,M,0,professor,0.7295,0.1567,0.5729,"author, american, cinema, is, 2014",5
64134,professor,M,0,professor,0.9997,0.9996,0.0001,"research, philosophy, interests, ph, theology",5
34768,surgeon,F,9,surgeon,0.9844,0.0283,0.9561,"surgeon, medical, is, known, industry",5
89700,psychologist,F,6,psychologist,0.9985,0.9958,0.0027,"psychotherapy, psychology, provides, tutoring, and",5
71790,model,F,12,model,0.9213,0.8196,0.1017,"mga, nakakaligtaan, magulang, siya, mahal",5
80529,attorney,M,2,attorney,0.9037,0.8479,0.0558,"republican, race, lost, endorsement, carla",5
64808,accountant,M,16,accountant,0.9944,0.5247,0.4697,"accounting, public, 40, for, financial",5
84750,professor,F,0,professor,0.9995,0.9983,0.0012,"holds, theatre, she, directing, in",5
37775,nurse,M,5,nurse,0.8898,0.0112,0.8786,"nursing, emergency, experiences, medicine, current",5
80432,painter,F,11,painter,0.9176,0.058,0.8596,"art, gallery, online, her, her",5
57875,professor,M,7,teacher,0.4024,0.3541,0.0483,"harrison, school, school, residence, activities",5
59739,teacher,M,7,teacher,0.9953,0.8808,0.1145,"curriculum, workshops, teacher, students, ryerson",5
57842,journalist,F,4,journalist,0.9987,0.9952,0.0035,"publications, guardian, reporting, contributed, continents",5
58704,model,M,12,model,0.9975,0.9926,0.0049,"commercials, started, and, freestyle, his",5
85426,dentist,M,8,dentist,0.9988,0.2943,0.7046,"dentistry, dr, his, general, specialties",5
19544,professor,M,0,professor,0.998,0.9772,0.0208,"directs, program, nationally, health, program",5
57092,physician,F,1,physician,0.9998,0.9906,0.0092,"medicine, endocrinology, moser, hospital, specializes",5
69577,physician,M,1,physician,0.6211,0.5871,0.034,"medicine, blepharoplasty, graduated, of, physician",5
7186,psychologist,F,6,psychologist,0.3986,0.1577,0.241,"author, an, sheltering, consultant, she",5
11029,professor,M,0,professor,0.9991,0.9961,0.003,"phd, obtained, prize, his, researcher",5
21034,professor,M,0,professor,0.6727,0.0012,0.6714,"interest, philadelphia, clinical, in, he",5
77061,attorney,F,2,attorney,0.9996,0.9995,0.0001,"ms, convictions, immigration, uscis, court",5
37903,poet,F,13,poet,0.9833,0.9836,-0.0003,"poetry, bluebirds, mfa, poetics, press",5
12417,journalist,F,4,journalist,0.7999,0.916,-0.1161,"written, general, goucher, of, she",5
83181,professor,M,0,professor,0.9978,0.0507,0.9471,"faculty, school, miller, of, recently",5
83804,dentist,M,8,dentist,0.9866,0.8913,0.0953,"dentistry, dentistry, university, dental, florida",5
4283,poet,M,13,poet,0.3894,0.1295,0.2598,"the, at, intellectual, his, populist",5
17772,professor,F,0,professor,0.8154,0.7875,0.028,"has, research, an, mentoring, she",5
18294,professor,F,0,professor,0.9991,0.9971,0.002,"phd, rhetoric, pedagogy, specialization, areas",5
12925,professor,F,0,professor,0.9982,0.9942,0.004,"phd, her, monograph, university, studio",5
8954,physician,F,1,physician,0.7652,0.3738,0.3914,"currently, from, degree, domingo, dr",5
33958,teacher,M,7,teacher,0.9642,0.2024,0.7619,"teacher, chartered, and, an, history",5
92660,dentist,M,8,dentist,0.9958,0.0069,0.989,"periodontal, include, clinical, his, with",5
43009,dentist,F,8,dentist,0.9904,0.6113,0.379,"dental, clinic, practices, bds, rohini",5
85745,photographer,F,3,photographer,0.9968,0.2017,0.7951,"photography, theme, how, say, common",5
74411,photographer,F,3,photographer,0.9978,0.0149,0.9829,"photography, photography, and, professor, of",5
18781,professor,M,0,professor,0.7669,0.9192,-0.1522,"009492, is, prof, registered, meiring",5
10576,surgeon,M,9,surgeon,0.965,0.9647,0.0003,"dr, completed, easley, ankle, memorial",5
4465,professor,M,0,professor,0.9988,0.9982,0.0006,"publications, gutema, philosophy, monographs, ethiopia",5
7387,professor,M,0,professor,0.9656,0.2569,0.7087,"poetry, literary, american, review, editor",5
54536,accountant,F,16,accountant,0.9982,0.9911,0.0071,"accounting, cpas, cpas, cpas, in",5
70702,physician,M,1,physician,0.9671,0.7937,0.1734,"graduated, osteopathic, from, of, 2006",5
63040,photographer,M,3,photographer,0.6633,0.0952,0.5681,"shoot, surreal, to, are, works",5
45266,attorney,M,2,attorney,0.9998,0.9998,-0.0,"represented, clients, he, matters, represented",5
24618,professor,M,0,professor,0.9997,0.9992,0.0005,"interests, research, university, illinois, are",5
6346,professor,F,0,professor,0.6603,0.0013,0.659,"physician, she, also, is, the",5
55176,professor,M,0,professor,0.9997,0.9991,0.0006,"teaches, research, has, years, social",5
38809,physician,F,1,physician,0.9998,0.9373,0.0625,"medicine, practices, in, las, center",5
63510,attorney,M,2,attorney,0.997,0.9929,0.0041,"negotiating, development, clients, cng, development",5
75056,attorney,M,2,attorney,0.7122,0.9362,-0.224,"american, in, supervisors, medical, tenacious",5
87604,software engineer,M,15,software engineer,0.9804,0.5673,0.4132,"computer, robocoin, attaining, his, science",5
87742,nurse,F,5,nurse,0.9997,0.9251,0.0745,"nurse, graduated, honors, she, midwife",5
51719,software engineer,M,15,software engineer,0.5295,0.5747,-0.0452,"predictive, company, application, based, founder",5
4027,physician,M,1,physician,0.5291,0.1716,0.3574,"physicians, medicine, emergency, section, oversight",5
47867,accountant,F,16,accountant,0.9974,0.7625,0.2348,"accountant, financial, hgg, the, at",5
84805,professor,M,0,professor,0.9841,0.001,0.9831,"professor, uml, editor, journal, the",5
70566,professor,F,0,professor,0.9957,0.5792,0.4165,"research, pedagogy, interests, educational, experiential",5
58523,architect,M,10,architect,0.994,0.9969,-0.0029,"architecture, architecture, as, design, make",5
29727,professor,M,0,professor,0.9659,0.014,0.9519,"faculty, award, award, he, teacher",5
35329,psychologist,F,6,psychologist,0.4784,0.2904,0.188,"overcome, her, victim, alcoholic, violence",5
8142,photographer,F,3,photographer,0.4752,0.0348,0.4403,"story, first, personal, unique, also",5
18531,physician,M,1,physician,0.9749,0.8719,0.1029,"medicine, affiliated, medicine, daniels, dr",5
37692,software engineer,M,15,software engineer,0.7612,0.2861,0.4751,"playstation, while, not, hockey, with",5
79440,professor,M,0,professor,0.9998,0.9998,0.0,"research, professor, sesquicentennial, review, journals",5
72885,photographer,M,3,photographer,0.9983,0.9986,-0.0003,"photography, photography, photography, portraiture, clients",5
76890,physician,F,1,physician,0.9998,0.621,0.3789,"medicine, practices, medicine, syracuse, specializes",5
80761,dentist,M,8,dentist,0.9979,0.7324,0.2655,"dr, has, he, practicing, years",5
22050,physician,F,1,physician,0.9972,0.9829,0.0143,"medicine, deshmukh, vidyapeeth, at, bharati",5
86903,composer,M,17,composer,0.9964,0.9914,0.0049,"music, music, exquisite, music, since",5
70026,physician,M,1,physician,0.9479,0.9475,0.0005,"epo, onocology, affiliated, university, attended",5
975,photographer,F,3,photographer,0.9835,0.8318,0.1517,"photography, passion, has, video, the",5
73753,attorney,F,2,attorney,0.9995,0.4204,0.5791,"juris, law, certificate, civil, doctorate",5
80862,nurse,F,5,nurse,0.9998,0.7749,0.2249,"nurse, medicine, practitioner, she, graduated",5
89316,professor,M,0,professor,0.9996,0.9993,0.0002,"research, ph, interests, postdictatorial, currently",5
39376,attorney,M,2,attorney,0.9997,0.9997,0.0,"firm, foreclosure, lofchie, law, litigation",5
29410,model,F,12,model,0.9955,0.0554,0.9402,"fans, beauty, of, her, relationship",5
25578,journalist,F,4,journalist,0.9139,0.5886,0.3254,"previously, generation, wrote, feature, canada´s",5
40753,nurse,F,5,nurse,0.9718,0.0176,0.9542,"nurse, hospital, excellence, experience, infusion",5
39188,journalist,M,4,journalist,0.9988,0.9391,0.0596,"journalist, public, origin, and, somali",5
49387,physician,F,1,physician,0.9998,0.8879,0.1119,"medicine, practices, mcadams, charlestown, medicine",5
25694,professor,M,0,professor,0.9984,0.9826,0.0158,"specialty, epistemology, of, interests, is",5
43496,composer,M,17,composer,0.9567,0.0306,0.9261,"technology, college, in, royal, music",5
84531,photographer,M,3,photographer,0.9963,0.0061,0.9902,"photographic, includes, coverage, charlotte, icon",5
6587,professor,M,0,professor,0.9998,0.9994,0.0004,"research, interests, major, his, analytics",5
39640,professor,F,0,professor,0.9699,0.1147,0.8552,"research, explores, angeles, tweets, reality",5
14955,physician,M,1,physician,0.9904,0.9531,0.0373,"medicine, affiliations, graduated, honors, hospital",5
39496,filmmaker,M,14,filmmaker,0.9897,0.7258,0.2639,"documentary, speciesism, his, visual, film",5
37520,professor,M,0,professor,0.93,0.2179,0.712,"psychophysiology, research, for, also, expression",5
64966,surgeon,F,9,surgeon,0.9177,0.9832,-0.0655,"surgeons, surgeon, kelleher, orthopaedic, diagnosis",5
9343,physician,M,1,physician,0.9937,0.997,-0.0033,"medicine, studied, he, interest, dr",5
46445,attorney,F,2,attorney,0.496,0.1548,0.3412,"realized, litigation, attending, desire, judith",5
6762,dentist,F,8,dentist,0.967,0.9813,-0.0143,"dental, dental, bds, dental, denture",5
63977,physician,F,1,physician,0.9998,0.9863,0.0135,"medicine, exton, practices, urology, specializes",5
13916,painter,F,11,painter,0.9971,0.0413,0.9558,"painting, atmosphere, depicted, work, aims",5
49944,comedian,M,19,comedian,0.9949,0.9645,0.0304,"comedians, comedy, comedy, performed, stand",5
70554,dentist,M,8,dentist,0.948,0.953,-0.0049,"dental, dental, bds, indian, dental",5
34849,professor,M,0,professor,0.9996,0.9988,0.0008,"focusing, currently, his, research, is",5
31116,attorney,M,2,attorney,0.9997,0.9996,0.0002,"lawsuits, works, enforceable, agreements, employers",5
43018,professor,F,0,professor,0.8912,0.8995,-0.0083,"licensed, also, in, literacy, education",5
35683,physician,F,1,physician,0.9992,0.8705,0.1287,"medicine, graduated, dr, medical, retinopathy",5
40499,professor,M,0,professor,0.9983,0.9947,0.0036,"doctoral, social, publications, his, funding",5
90011,journalist,M,4,journalist,0.9975,0.8888,0.1087,"reporter, reportage, freelance, iraq, he",5
73419,professor,M,0,professor,0.9996,0.9986,0.001,"ph, education, prior, mathai, indian",5
834,surgeon,F,9,surgeon,0.9978,0.9656,0.0321,"surgery, surgery, multispeciality, mbbs, hospital",5
11512,attorney,M,2,attorney,0.9995,0.4648,0.5348,"client, facts, case, compassionate, believes",5
61698,physician,M,1,physician,0.8794,0.1572,0.7222,"medicine, medicine, as, of, that",5
59979,professor,F,0,professor,0.9997,0.9997,-0.0,"scholar, stanford, visiting, university, research",5
29578,professor,M,0,professor,0.6667,0.3785,0.2881,"received, mfa, has, yale, 1997",5
35590,dentist,M,8,dentist,0.9927,0.0289,0.9638,"dds, cursory, practice, patients, his",5
81210,dentist,F,8,dentist,0.9803,0.9168,0.0635,"orthodontic, zankhana, dental, dentistry, bds",5
60481,attorney,M,2,attorney,0.7213,0.0886,0.6328,"strives, apply, with, perry, service",5
73971,surgeon,M,9,surgeon,0.9934,0.7819,0.2115,"orthopedic, dr, medical, residency, orthopedic",5
93730,professor,F,0,professor,0.9987,0.9937,0.005,"ph, thesis, defended, she, articles",5
8125,accountant,M,16,accountant,0.9989,0.998,0.0009,"accounting, financial, westernzagros, team, lead",5
65036,psychologist,M,6,psychologist,0.9956,0.0975,0.8981,"psychology, brodeur, clinical, counseling, his",5
4226,dentist,M,8,dentist,0.9765,0.9631,0.0134,"dentistry, dr, dental, edwin, periodontology",5
56870,professor,F,0,professor,0.9969,0.8621,0.1348,"uncovers, research, builds, book, illuminate",5
78908,composer,M,17,composer,0.9978,0.9969,0.0009,"composer, director, music, symphony, rte",5
44577,professor,M,0,professor,0.9942,0.9963,-0.0021,"research, nottingham, nottingham, research, group",5
10364,nurse,F,5,nurse,0.8053,0.5677,0.2376,"fundraises, volunteer, serious, active, chronic",5
75955,professor,F,0,professor,0.9996,0.7762,0.2234,"sedimentary, studies, that, sediments, she",5
73784,dentist,M,8,dentist,0.9966,0.995,0.0016,"dentistry, dr, cosmetic, practicing, veneers",5
40148,attorney,M,2,attorney,0.9997,0.9997,0.0001,"his, cuts, across, medicaid, disputes",5
35152,software engineer,M,15,software engineer,0.7486,0.743,0.0055,"mpeg, 3d, mpeg, in, aimerez",5
89440,photographer,F,3,photographer,0.993,0.4402,0.5528,"photography, bachelor, uses, camera, shooting",5
87553,filmmaker,M,14,filmmaker,0.9849,0.0397,0.9452,"films, film, festival, 70s, like",5
11780,professor,M,0,professor,0.9969,0.8083,0.1886,"studies, the, ways, which, he",5
83242,professor,F,0,professor,0.9995,0.9992,0.0002,"nanomaterials, professor, university, chemistry, catalysis",5
624,professor,M,0,professor,0.9997,0.9991,0.0006,"iisc, phd, before, obtained, prof",5
78215,nurse,F,5,nurse,0.9847,0.3439,0.6408,"nursing, nurse, in, of, her",5
2004,professor,M,0,professor,0.9998,0.999,0.0008,"research, stochastic, ph, founder, is",5
94448,psychologist,M,6,psychologist,0.9567,0.9808,-0.0241,"psychology, psychology, faculty, doctoral, member",5
27957,physician,M,1,physician,0.3048,0.3376,-0.0328,"author, short, the, ashes, of",5
24135,model,F,12,model,0.9704,0.468,0.5024,"playboy, clarkson, performance, performances, season",5
52191,dietitian,F,18,dietitian,0.9979,0.0089,0.9891,"nutrition, clinical, nutrition, nutrition, topics",5
90895,physician,F,1,physician,0.6337,0.5355,0.0982,"years, 13, been, practicing, medicine",5
48076,professor,F,0,professor,0.9982,0.9958,0.0023,"research, interest, theory, postmodern, includes",5
33322,professor,M,0,professor,0.9994,0.9994,0.0,"scholarship, 1999, rit, previously, instructor",5
67619,software engineer,M,15,software engineer,0.9737,0.854,0.1197,"degree, source, computer, mozilla, open",5
37219,software engineer,M,15,software engineer,0.8639,0.8106,0.0534,"intel, developer, he, has, ensure",5
68170,professor,F,0,professor,0.7158,0.7342,-0.0185,"guided, course, learning, be, in",5
79648,poet,M,13,poet,0.6717,0.3139,0.3578,"poetry, omnidawn, his, prize, quartet",5
68605,professor,M,0,professor,0.9972,0.9959,0.0014,"major, research, projects, current, research",5
71427,software engineer,F,15,software engineer,0.9891,0.9866,0.0024,"android, ios, android, writes, source",5
76782,dentist,M,8,dentist,0.9873,0.0521,0.9352,"dentistry, dental, dr, improve, dental",5
82096,photographer,M,3,photographer,0.9972,0.9904,0.0068,"with, geographic, clients, samsung, national",5
77248,physician,F,1,physician,0.9959,0.9971,-0.0012,"obesity, trained, affiliations, patients, special",5
62631,surgeon,M,9,surgeon,0.9957,0.9944,0.0013,"conditions, surgical, extremity, patient, dr",5
46074,model,F,12,model,0.9994,0.996,0.0034,"freeones, she, freeones, gallery, she",5
31350,physician,F,1,physician,0.6262,0.4398,0.1863,"board, efforts, advisory, interested, pregnancy",5
63715,accountant,M,16,accountant,0.9981,0.9963,0.0018,"accounting, 13, hospital, graduating, cpa",5
49755,physician,M,1,physician,0.9965,0.8724,0.1241,"physician, hospital, dr, dr, general",5
72920,software engineer,M,15,software engineer,0.5247,0.1329,0.3918,"science, masters, development, security, university",5
22898,physician,M,1,physician,0.5659,0.0868,0.4791,"physician, professor, columbia, sacks, neurology",5
77668,nurse,F,5,nurse,0.9273,0.0009,0.9264,"nurse, practitioner, program, graduate, medicine",5
94429,professor,F,0,professor,0.9996,0.9994,0.0002,"honours, phd, yale, research, directs",5
57358,poet,F,13,poet,0.4999,0.0558,0.4441,"creative, graduate, writing, ma, she",5
42112,professor,F,0,professor,0.9993,0.9926,0.0067,"research, interests, her, the, include",5
51291,teacher,M,7,teacher,0.9989,0.9936,0.0054,"teaching, education, bachelors, taught, has",5
31318,attorney,M,2,attorney,0.9293,0.6596,0.2697,"national, impact, trayvon, certification, martin",5
27507,surgeon,M,9,surgeon,0.7902,0.0709,0.7193,"surgery, surgery, freemyer, at, training",5
15741,professor,M,0,professor,0.9995,0.9548,0.0447,"professor, studies, associate, conflict, canadian",5
14953,photographer,M,3,photographer,0.9988,0.6943,0.3045,"photographs, photographers, photos, shots, and",5
65802,surgeon,M,9,surgeon,0.9981,0.4076,0.5905,"medical, plastic, surgery, surgeons, calloway",5
29367,filmmaker,M,14,filmmaker,0.8691,0.9565,-0.0874,"university, quinnipiac, series, graduated, fan",5
66357,professor,M,0,professor,0.9419,0.9896,-0.0476,"oncology, oncology, by, curriculum, michigan",5
66487,attorney,M,2,attorney,0.9966,0.9115,0.0851,"counsel, served, general, counsel, secretary",5
52801,teacher,M,7,teacher,0.99,0.0462,0.9438,"teaches, he, class, children, despair",5
21866,journalist,F,4,journalist,0.9473,0.0314,0.9159,"officer, competitive, communications, stakeholder, she",5
52041,professor,F,0,professor,0.9979,0.9886,0.0093,"geisler, linguistically, research, language, on",5
30954,professor,M,0,professor,0.9998,0.9998,0.0,"research, also, he, is, research",5
80824,professor,F,0,professor,0.9995,0.9994,0.0001,"directs, courses, doctorate, at, evaluation",5
18965,physician,M,1,physician,0.9709,0.8909,0.0801,"graduate, dr, suny, medical, frederique",5
42924,dentist,F,8,dentist,0.9626,0.225,0.7375,"dental, shruti, dental, dentistry, bds",5
59672,teacher,F,7,teacher,0.7958,0.0447,0.7511,"children, first, her, civil, costume",5
75666,professor,F,0,professor,0.9934,0.3486,0.6449,"psychiatry, inpatient, additionally, she, consults",5
7899,dietitian,F,18,dietitian,0.9984,0.0873,0.9112,"nutrition, nutrition, creates, programs, therapy",5
21870,psychologist,M,6,psychologist,0.7552,0.6211,0.1342,"the, chairperson, relationship, for, women",5
35686,painter,F,11,painter,0.9822,0.6314,0.3508,"painting, working, drawing, born, nowadays",5
11092,psychologist,F,6,psychologist,0.9985,0.9527,0.0457,"psychology, psychological, spectrum, experience, current",5
51080,nurse,F,5,nurse,0.9997,0.7369,0.2628,"nurse, practitioner, graduated, she, experiences",5
10490,painter,M,11,painter,0.9938,0.1979,0.7958,"painting, experimental, artistic, drawing, recent",5
8838,teacher,F,7,teacher,0.8269,0.71,0.1169,"students, coordinator, ryerson, throughout, christine",5
83683,nurse,F,5,nurse,0.9992,0.9454,0.0538,"nurse, nursing, nursing, loma, school",5
80467,professor,M,0,professor,0.9927,0.9769,0.0159,"university, ph, shcolar, science, graduated",5
45144,physician,F,1,physician,0.9998,0.9178,0.082,"medicine, practices, scholl, ms, medicine",5
9832,photographer,M,3,photographer,0.9978,0.974,0.0238,"photographer, shoot, camera, jurassic, sights",5
70318,filmmaker,F,14,filmmaker,0.9852,0.0008,0.9844,"documentary, feature, forthcoming, film, berlin",5
67830,professor,M,0,professor,0.9999,0.9996,0.0002,"ph, research, interests, center, his",5
92116,professor,M,0,professor,0.9998,0.9996,0.0002,"articles, previously, associate, princeton, ph",5
53768,professor,M,0,professor,0.9274,0.7419,0.1855,"specializes, fellowship, trained, surgery, diagnosis",5
23867,professor,M,0,professor,0.9996,0.999,0.0006,"theological, research, focuses, university, his",5
84565,composer,M,17,composer,0.8849,0.8557,0.0292,"electronica, musical, perrey, jazz, music",5
86002,nurse,F,5,nurse,0.9997,0.1702,0.8296,"nurse, graduated, practitioner, medicine, she",5
79289,journalist,M,4,journalist,0.6915,0.1371,0.5544,"news, and, college, their, outlet",5
49863,physician,F,1,physician,0.9858,0.9595,0.0264,"medicine, sczepanski, dr, of, graduated",5
21164,professor,F,0,professor,0.9997,0.9971,0.0026,"research, grants, nanostructured, received, epoxidized",5
30982,professor,M,0,professor,0.9983,0.995,0.0033,"philosophy, law, he, teaches, sociology",5
78494,painter,M,11,painter,0.942,0.6232,0.3188,"painting, painting, drawing, devotes, after",5
56972,professor,F,0,professor,0.9837,0.9734,0.0103,"research, her, focuses, developing, treatments",5
22585,professor,F,0,professor,0.9989,0.7284,0.2705,"ttra, tourism, tourism, she, marketing",5
59062,teacher,M,7,teacher,0.9988,0.9329,0.0659,"classes, lessons, classroom, classes, lee",5
59996,physician,M,1,physician,0.6259,0.8751,-0.2492,"hemodialysis, medical, director, health, medical",5
73108,surgeon,M,9,surgeon,0.999,0.5941,0.4049,"medicine, abouzeid, residency, practice, dr",5
10726,dentist,M,8,dentist,0.9987,0.9924,0.0064,"dentistry, dr, maxillofacial, specialties, experience",5
75650,poet,M,13,poet,0.9911,0.0416,0.9495,"poem, famous, born, most, ode",5
15819,psychologist,M,6,psychologist,0.9957,0.6776,0.3181,"psychology, jung, jung, test, personality",5
74584,dentist,M,8,dentist,0.9979,0.9489,0.049,"dentist, practising, dental, patients, his",5
3386,poet,F,13,poet,0.9822,0.9788,0.0034,"poems, poetry, poetry, she, and",5
42897,professor,F,0,professor,0.9993,0.9983,0.001,"author, ethnographic, articles, she, authored",5
13548,physician,M,1,physician,0.9996,0.9982,0.0014,"1740223825, michigan, license, professional, mount",5
18601,psychologist,F,6,psychologist,0.7647,0.0843,0.6804,"psychology, psychology, undergraduate, studied, interventions",5
78155,psychologist,F,6,psychologist,0.9972,0.9963,0.0009,"behavioral, cognitive, therapy, therapy, trauma",5
82772,psychologist,F,6,psychologist,0.9979,0.9983,-0.0003,"psychologist, psychologist, psychologist, arunima, psychologist",5
67925,nurse,F,5,nurse,0.9958,0.3682,0.6276,"nurse, nursing, practitioner, university, cardiology",5
72052,psychologist,F,6,psychologist,0.9944,0.9864,0.008,"psychology, ph, in, experience, an",5
42108,professor,M,0,professor,0.8084,0.9619,-0.1536,"design, parametric, work, design, methods",5
89858,physician,M,1,physician,0.9998,0.5028,0.497,"medicine, practices, orthopaedic, medical, in",5
84069,surgeon,F,9,surgeon,0.9517,0.0074,0.9443,"practice, dr, 1629049846, dr, wesley",5
29828,psychologist,M,6,psychologist,0.7201,0.5074,0.2127,"algorithm, help, soulmates, sam, use",5
4162,dentist,M,8,dentist,0.9823,0.3292,0.6531,"dental, bds, denticare, andrew, laminates",5
32955,filmmaker,M,14,filmmaker,0.9377,0.8063,0.1314,"maintenance, graduate, his, films, short",5
71426,architect,M,10,architect,0.9977,0.0328,0.9649,"architectural, ellenzweig, firm, works, designers",5
25343,teacher,F,7,teacher,0.7545,0.3212,0.4333,"girls, busy, travel, young, now",5
82091,physician,F,1,physician,0.9882,0.955,0.0332,"attended, hospital, patient, school, medical",5
31495,composer,M,17,composer,0.9885,0.971,0.0175,"commissioned, choir, finland, the, performed",5
69362,attorney,M,2,attorney,0.9984,0.7458,0.2527,"political, practiced, bachelor, degree, law",5
27332,architect,M,10,architect,0.8769,0.0997,0.7772,"techno, wadi, founder, number, dean",5
2919,professor,M,0,professor,0.9986,0.9927,0.0059,"journal, ph, university, papers, alloys",5
66591,attorney,M,2,attorney,0.9997,0.9996,0.0001,"solely, defense, his, dui, practice",5
44355,photographer,F,3,photographer,0.9228,0.0547,0.8682,"photographic, photo, advertizing, foto, studio",5
70756,journalist,F,4,journalist,0.593,0.2749,0.3181,"prey, found, fallen, onassis, jacqueline",5
27466,photographer,M,3,photographer,0.4581,0.2618,0.1963,"youtube, canyons, smoking, called, cars",5
69387,dentist,M,8,dentist,0.9819,0.9422,0.0397,"patients, dr, his, honors, rated",5
91274,architect,M,10,architect,0.9842,0.2043,0.7799,"construction, meticulously, job, design, tradesman",5
8458,professor,M,0,professor,0.9997,0.9917,0.008,"research, crime, within, examines, deviance",5
86532,professor,M,0,professor,0.9997,0.9987,0.0011,"mphil, dphil, his, research, lie",5
48049,teacher,M,7,teacher,0.9482,0.0051,0.9431,"grades, learning, standards, math, student",5
31978,dentist,M,8,dentist,0.9421,0.2537,0.6884,"dental, bds, dr, dental, kalamkar",5
76206,professor,F,0,professor,0.9994,0.9908,0.0086,"phd, ucla, she, has, statistics",5
65631,photographer,M,3,photographer,0.997,0.7739,0.2231,"photographs, documents, subjects, documenting, projects",5
53017,attorney,M,2,attorney,0.9998,0.9997,0.0,"counsel, clients, injured, jury, arbitration",5
20664,physician,M,1,physician,0.9981,0.2179,0.7802,"schroeder, chiropractic, health, graduate, doctor",5
15494,model,F,12,model,0.5293,0.101,0.4283,"she, comes, grandparents, portuguese, imai",5
73373,attorney,F,2,attorney,0.999,0.9985,0.0006,"attorney, advisor, antitrust, bar, software",5
76564,psychologist,F,6,psychologist,0.9233,0.0078,0.9155,"intensity, gifted, emotional, books, include",5
6173,professor,M,0,professor,0.9994,0.9951,0.0043,"neurophysiology, received, expertise, research, mcgill",5
33450,professor,F,0,professor,0.9518,0.9541,-0.0023,"phd, postdoctoral, kreher, at, her",5
66699,teacher,M,7,teacher,0.9859,0.0152,0.9707,"school, aboriginal, of, sharing, address",5
2779,teacher,M,7,teacher,0.9978,0.9754,0.0224,"teaching, classroom, davedodgson, learning, blog",5
35504,physician,F,1,physician,0.9998,0.875,0.1248,"medicine, mcallen, practices, medicine, specializes",5
43902,architect,F,10,architect,0.9975,0.1007,0.8967,"architecture, architects, master, ucla, autodesk",5
33679,attorney,M,2,attorney,0.9995,0.9996,-0.0001,"litigation, litigation, civil, litigation, practice",5
89290,physician,M,1,physician,0.9995,0.9264,0.0731,"degree, medical, his, been, from",5
71809,software engineer,M,15,software engineer,0.9566,0.9802,-0.0235,"committer, distributed, apache, hbase, projects",5
64000,psychologist,M,6,psychologist,0.9843,0.6421,0.3422,"years, children, challenges, parenting, canada",5
59792,psychologist,F,6,psychologist,0.9991,0.9247,0.0744,"psychological, therapy, behavioral, cognitive, psychological",5
39803,physician,F,1,physician,0.9998,0.9504,0.0494,"medicine, practices, immunology, sisko, in",5
245,attorney,F,2,attorney,0.9996,0.9989,0.0007,"she, focuses, workers, litigation, defense",5
89252,attorney,M,2,attorney,0.9997,0.9997,0.0001,"bankruptcy, estate, real, mr, in",5
58322,dentist,M,8,dentist,0.8582,0.0098,0.8484,"dental, dental, jayaprakash, bds, mds",5
57740,comedian,M,19,comedian,0.997,0.4886,0.5083,"jokes, performed, telling, he, has",5
86193,physician,F,1,physician,0.9967,0.9682,0.0285,"medicine, mbbs, dr, clinic, medicine",5
34905,professor,M,0,professor,0.9998,0.9998,-0.0,"hardersen, faculty, doctoral, dissertation, ph",5
45638,journalist,M,4,journalist,0.9638,0.9955,-0.0318,"producer, cnn, reporting, correspondent, served",5
13183,surgeon,M,9,surgeon,0.9926,0.6197,0.3729,"surgery, traditional, endoscopic, laparoscopic, to",5
85929,comedian,M,19,comedian,0.997,0.9491,0.048,"comedy, stand, act, up, his",5
14184,psychologist,M,6,psychologist,0.9979,0.9923,0.0056,"psychotherapy, psychological, neuropsychological, psycho, depression",5
70458,professor,F,0,professor,0.9998,0.9996,0.0002,"ph, research, her, focuses, she",5
14328,professor,M,0,professor,0.9939,0.0924,0.9016,"research, focuses, his, epistemology, on",5
77683,psychologist,F,6,psychologist,0.927,0.0007,0.9262,"psychological, in, counselling, linguistics, national",5
48570,professor,F,0,professor,0.9998,0.9971,0.0027,"research, courses, teaches, ricker, interested",5
79141,attorney,F,2,attorney,0.9978,0.6807,0.3171,"law, degree, ucla, legal, law",5
53091,attorney,M,2,attorney,0.3105,0.0973,0.2133,"over, over, on, voice, com",5
50420,professor,F,0,professor,0.9988,0.9386,0.0602,"faculty, 2004, the, investigator, hemostasis",5
29471,psychologist,F,6,psychologist,0.9871,0.89,0.0972,"gottman, health, mental, infant, coaching",5
2845,professor,M,0,professor,0.9705,0.9676,0.0029,"sarsour, his, interactions, model, research",5
53455,dentist,M,8,dentist,0.9682,0.0004,0.9678,"dentistry, giusti, dentemax, dental, dental",5
22090,surgeon,M,9,surgeon,0.9917,0.8349,0.1568,"surgeries, surgeries, performed, he, cleft",5
74330,journalist,F,4,journalist,0.9485,0.6355,0.3131,"food, not, she, when, talking",5
54674,professor,M,0,professor,0.9986,0.9976,0.0011,"earned, ed, band, university, programs",5
54248,professor,M,0,professor,0.969,0.9884,-0.0194,"bancks, celebrated, awards, makoto, music",5
14883,professor,F,0,professor,0.9995,0.9992,0.0003,"debates, university, press, research, book",5
33443,journalist,F,4,journalist,0.9897,0.0082,0.9816,"journalism, writing, alum, the, she",5
76700,journalist,F,4,journalist,0.9992,0.9984,0.0007,"reporting, mada, guardian, reported, review",5
74232,surgeon,M,9,surgeon,0.9981,0.7227,0.2754,"surgery, experience, surgeons, facial, deformities",5
71797,physician,F,1,physician,0.9998,0.9366,0.0632,"gelfand, medicine, affiliated, gelfand, york",5
7918,accountant,M,16,accountant,0.9894,0.0007,0.9886,"accounting, in, los, and, in",5
11482,professor,F,0,professor,0.9984,0.9988,-0.0004,"research, using, she, she, conducts",5
49090,professor,F,0,professor,0.9152,0.1343,0.7809,"for, department, scientists, analytical, working",5
51074,teacher,F,7,teacher,0.9648,0.0275,0.9373,"art, nicole, ceramics, bachelors, education",5
41317,professor,F,0,professor,0.9986,0.9961,0.0025,"author, modernism, the, poetry, journals",5
14637,physician,F,1,physician,0.9997,0.5038,0.4959,"medicine, practices, shuff, ms, westerville",5
51377,photographer,F,3,photographer,0.9976,0.998,-0.0005,"photography, photography, photography, the, captures",5
43417,professor,F,0,professor,0.9997,0.1673,0.8324,"graduate, doctorate, earned, curriculum, chemistry",5
48755,teacher,F,7,teacher,0.7483,0.5397,0.2086,"sock, knitting, yarns, debbie, patterns",5
28623,attorney,M,2,attorney,0.9995,0.9976,0.0019,"tried, cases, attorneys, has, he",5
74635,professor,M,0,professor,0.9867,0.9886,-0.0018,"biology, has, ph, oxidative, dr",5
56945,architect,M,10,architect,0.9964,0.9638,0.0326,"architecture, architecture, computation, expertise, architectural",5
82660,architect,M,10,architect,0.9708,0.0011,0.9696,"architecture, of, kuleuven, assistant, media",5
64675,professor,M,0,professor,0.9683,0.7666,0.2017,"cardiology, thrombolytic, 26, experience, coronary",5
95255,professor,F,0,professor,0.5265,0.1002,0.4264,"the, cultural, non, today, archivism",5
61338,teacher,F,7,teacher,0.9928,0.9675,0.0253,"teacher, education, specialist, consultant, support",5
79873,dentist,F,8,dentist,0.9731,0.9693,0.0038,"dental, bds, dental, dr, implant",5
56027,photographer,M,3,photographer,0.9986,0.9973,0.0014,"photographic, many, portfolio, image, was",5
58659,physician,M,1,physician,0.6544,0.3906,0.2638,"medical, medical, school, radiesse, patient",5
58747,dentist,M,8,dentist,0.9987,0.1068,0.8919,"dentistry, his, specialties, general, dr",5
25335,professor,M,0,professor,0.9983,0.9975,0.0008,"interests, reconstruction, wars, constitutionalism, include",5
75419,dietitian,F,18,dietitian,0.9984,0.0032,0.9951,"dietitian, nutrition, registered, 1974, experiences",5
92386,professor,F,0,professor,0.9971,0.9529,0.0442,"research, neurotrophic, interests, neurogenesis, her",5
35832,model,F,12,model,0.9991,0.1532,0.8459,"modeling, model, club, she, outfits",5
92404,attorney,M,2,attorney,0.9997,0.0063,0.9934,"attorney, attorney, his, house, clientele",5
37007,attorney,F,2,attorney,0.98,0.9764,0.0036,"law, school, university, international, biology",5
21320,comedian,M,19,comedian,0.989,0.0065,0.9825,"comedy, since, been, crowd, the",5
76924,professor,M,0,professor,0.8396,0.5525,0.2871,"research, areas, mundy, cognitive, focused",5
45539,teacher,F,7,teacher,0.9983,0.7614,0.2369,"teaching, art, teaching, passions, art",5
42218,professor,M,0,professor,0.9993,0.9962,0.003,"stefan, is, his, published, metropolitan",5
73847,physician,F,1,physician,0.9975,0.9973,0.0002,"medicine, medicine, attended, school, she",5
2692,attorney,F,2,attorney,0.995,0.1391,0.8559,"juris, doctor, graduated, from, mawr",5
29438,professor,F,0,professor,0.9975,0.0632,0.9344,"phd, education, bs, university, 2001",5
73417,physician,M,1,physician,0.9994,0.3251,0.6742,"medicine, studied, ophthalmology, university, cataracts",5
28048,painter,F,11,painter,0.4718,0.3547,0.1171,"exhibited, journalism, arts, work, visual",5
17794,surgeon,M,9,surgeon,0.9991,0.9988,0.0003,"physicians, surgeons, orthopaedic, practice, bauman",5
34918,attorney,F,2,attorney,0.9994,0.9978,0.0017,"she, earned, her, ms, ms",5
41515,teacher,M,7,teacher,0.7643,0.2023,0.562,"supportive, the, learner, and, feels",5
58664,physician,M,1,physician,0.9971,0.9929,0.0042,"medical, magnetic, clinical, interests, attended",5
74123,surgeon,F,9,surgeon,0.9978,0.9909,0.007,"surgery, hospital, surgery, surgery, plastic",5
7458,software engineer,F,15,software engineer,0.9905,0.9758,0.0146,"code2040, her, engineering, making, engineer",5
18971,physician,F,1,physician,0.9998,0.7364,0.2634,"medicine, rheumatology, practices, blouin, hospital",5
79432,professor,M,0,professor,0.9998,0.9998,0.0,"research, ph, researcher, are, huawei",5
45354,filmmaker,F,14,filmmaker,0.9651,0.9126,0.0525,"canada, directed, documentary, science, hdnet",5
12748,dentist,M,8,dentist,0.9376,0.918,0.0196,"dental, dental, mandla, indian, dr",5
40937,photographer,F,3,photographer,0.5423,0.0019,0.5404,"photographing, excellence, latino, member, responsible",5
69143,surgeon,M,9,surgeon,0.9769,0.9783,-0.0015,"surgeries, procedures, medical, he, procedures",5
20278,nurse,F,5,nurse,0.9993,0.9707,0.0286,"nurse, nurse, nurse, manager, sue",5
69572,professor,M,0,professor,0.9841,0.6293,0.3548,"both, journalism, his, and, research",5
74054,comedian,M,19,comedian,0.6491,0.0332,0.6159,"he, smiley, tavis, 30, has",5
95389,dentist,F,8,dentist,0.9726,0.0002,0.9724,"dentistry, dental, pediatric, dental, of",5
81129,professor,M,0,professor,0.9958,0.696,0.2998,"ph, received, his, university, award",5
50087,attorney,M,2,attorney,0.9995,0.993,0.0065,"counsel, certified, plaintiffs, mr, lead",5
22240,attorney,F,2,attorney,0.9996,0.9996,-0.0001,"attorneys, immigration, appeals, supreme, court",5
45115,physician,F,1,physician,0.994,0.9757,0.0183,"medicine, sclerosis, peraza, university, subsequently",5
22504,professor,M,0,professor,0.9989,0.996,0.0028,"macroeconomics, microeconomics, is, teaching, macroeconomics",5
569,teacher,F,7,teacher,0.999,0.1964,0.8026,"teacher, teacher, students, students, student",5
64493,dietitian,F,18,dietitian,0.9979,0.4419,0.556,"dietetic, food, nutrition, nutrition, began",5
17001,professor,F,0,professor,0.9997,0.9996,0.0002,"ph, she, scholarship, publications, edited",5
56627,nurse,F,5,nurse,0.4486,0.2472,0.2014,"she, of, of, active, services",5
48514,composer,M,17,composer,0.9973,0.0207,0.9766,"he, composition, musicians, genre, audio",5
19938,attorney,M,2,attorney,0.9998,0.9997,0.0,"litigation, defense, enforcement, election, general",5
32298,surgeon,F,9,surgeon,0.9965,0.993,0.0035,"blepharoplasty, procedures, surgery, surgery, result",5
43629,journalist,M,4,journalist,0.828,0.8629,-0.0349,"palace, such, salzburg, in, historical",5
79093,journalist,M,4,journalist,0.9989,0.976,0.0229,"journalism, financial, guardian, politics, written",5
60236,attorney,F,2,attorney,0.9997,0.9993,0.0003,"litigation, pamela, estate, issues, works",5
49776,journalist,F,4,journalist,0.9987,0.7686,0.2301,"journalist, conversant, more, manogya, reports",5
85411,poet,M,13,poet,0.9832,0.8812,0.102,"translated, german, his, professor, english",5
19266,accountant,M,16,accountant,0.5382,0.4211,0.1172,"work, schedule, frustrated, hours, grew",5
16332,filmmaker,M,14,filmmaker,0.8053,0.9475,-0.1423,"is, movie, underbelly, that, the",5
2560,professor,M,0,professor,0.999,0.9576,0.0414,"dr, master, public, teaches, program",5
38473,professor,M,0,professor,0.9763,0.9635,0.0129,"language, courses, analysis, taught, university",5
41643,professor,F,0,professor,0.9993,0.9961,0.0032,"areas, her, ph, religion, expertise",5
71894,teacher,M,7,teacher,0.9743,0.0886,0.8856,"school, also, class, shaffers, newspaper",5
28778,composer,M,17,composer,0.9966,0.0128,0.9838,"composing, music, he, been, film",5
69107,photographer,F,3,photographer,0.9981,0.5279,0.4702,"photography, graduate, institute, portfolio, allentown",5
2453,physician,F,1,physician,0.9999,0.9489,0.051,"medicine, medicine, practices, lodi, ms",5
55875,professor,M,0,professor,0.9998,0.994,0.0058,"teaches, nanotechnology, currently, new, management",5
13468,architect,F,10,architect,0.9987,0.6035,0.3952,"architecture, architecture, business, through, business",5
45926,professor,F,0,professor,0.9996,0.9995,0.0002,"teaches, courses, research, journals, journal",5
79496,attorney,F,2,attorney,0.733,0.8698,-0.1369,"workers, association, migrant, workers, she",5
32638,surgeon,M,9,surgeon,0.9908,0.0104,0.9804,"orthopedic, dr, patient, extremity, the",5
86922,journalist,F,4,journalist,0.9962,0.952,0.0443,"work, her, appeared, has, publications",5
14825,photographer,M,3,photographer,0.9832,0.1908,0.7924,"photography, cinematographer, camera, but, is",5
33261,professor,M,0,professor,0.998,0.9932,0.0048,"research, interests, are, his, simulations",5
79679,journalist,M,4,journalist,0.9969,0.9962,0.0006,"editor, the, broadsheet, journalist, current",5
8650,professor,F,0,professor,0.9779,0.9738,0.0042,"medical, her, gastroenterology, hepatology, fellowship",5
47709,professor,M,0,professor,0.9987,0.9759,0.0228,"dr, dr, chairman, social, faculty",5
44371,professor,M,0,professor,0.9996,0.9989,0.0008,"research, centre, courses, dr, for",5
88810,comedian,F,19,comedian,0.765,0.0129,0.7521,"comedy, violence, festivals, that, em",5
13438,professor,M,0,professor,0.5346,0.4612,0.0734,"texas, his, tennessee, small, raised",5
51724,nurse,F,5,nurse,0.9997,0.863,0.1367,"nurse, experiences, honors, graduated, she",5
55538,photographer,M,3,photographer,0.9669,0.261,0.7059,"photographic, university, works, columbia, from",5
26115,painter,F,11,painter,0.7647,0.039,0.7256,"transplanted, art, studio, living, she",5
28272,teacher,M,7,teacher,0.9682,0.0817,0.8865,"students, classes, his, deeply, classes",5
14232,professor,M,0,professor,0.9409,0.0169,0.924,"professor, is, rub, professor, theory",5
36486,dietitian,M,18,dietitian,0.9964,0.5362,0.4602,"nutrition, in, addressing, diabetes, concerns",5
5411,photographer,M,3,photographer,0.9239,0.7667,0.1572,"andy, fishing, grew, striped, has",5
43440,attorney,F,2,attorney,0.9998,0.9997,0.0001,"legal, matters, dealing, attorney, llc",5
36515,professor,F,0,professor,0.9996,0.9991,0.0005,"focuses, research, of, faculty, projects",5
80502,physician,F,1,physician,0.9999,0.6206,0.3792,"medicine, clovis, medical, medicine, practices",5
29319,psychologist,F,6,psychologist,0.9994,0.0069,0.9926,"psychologist, psychological, experiences, in, clinical",5
50590,architect,M,10,architect,0.9981,0.9978,0.0003,"architectural, partner, firm, middelheim, his",5
16645,composer,M,17,composer,0.9976,0.993,0.0046,"composed, soundtrack, 2012, prize, composing",5
2123,physician,F,1,physician,0.9998,0.6802,0.3196,"medicine, practices, in, hospital, specializes",5
171,teacher,M,7,teacher,0.8736,0.5563,0.3173,"teaches, elementary, lessons, levels, grades",5
72933,photographer,F,3,photographer,0.9677,0.9952,-0.0275,"photography, outlet, as, working, her",5
36627,dentist,F,8,dentist,0.8618,0.7578,0.104,"dental, dental, checkup, dental, soni",5
83093,poet,M,13,poet,0.9927,0.9348,0.0579,"writing, english, creative, professor, poet",5
9833,surgeon,M,9,surgeon,0.55,0.1716,0.3784,"his, practice, he, moves, hospital",5
13202,psychologist,F,6,psychologist,0.9981,0.9946,0.0036,"psychologist, psychology, counseling, doctorate, clinical",5
85643,attorney,M,2,attorney,0.9982,0.0954,0.9028,"law, before, five, he, school",5
