id,profession,gender,pred_class_idx,pred_label,pred_prob_original,pred_prob_erased,faithfulness,tokens_erased,n_tokens_erased
12781,nurse,F,5,nurse,0.9993,0.4632,0.5361,"nursing, patients, patients, medical, patients",5
34470,photographer,M,3,photographer,0.998,0.7467,0.2512,"photography, photographic, artwork, experts, professional",5
9342,professor,M,0,professor,0.9985,0.9927,0.0058,"faculty, publications, teaching, faculty, research",5
30362,professor,M,0,professor,0.8858,0.9462,-0.0605,"Bell, Research, Agency, this, adaptive",5
90967,professor,M,0,professor,0.9996,0.9995,0.0001,"Ph, doctoral, Prior, University, conferences",5
13344,software engineer,M,15,software engineer,0.3531,0.0188,0.3343,"Scientist, speculative, passion, published, pursue",5
6239,journalist,M,4,journalist,0.9968,0.9876,0.0092,"VICE, Twitter, reported, markets, work",5
42028,dietitian,F,18,dietitian,0.5436,0.2404,0.3032,"enjoys, Louisiana, patio, reading, dishes",5
90212,architect,F,10,architect,0.997,0.9566,0.0404,"design, architectural, progressive, in, environment",5
43953,teacher,F,7,teacher,0.9933,0.0148,0.9785,"school, students, students, learning, kids",5
27966,professor,F,0,professor,0.9984,0.9374,0.061,"Ph, Japan, Dr, Biology, Research",5
41556,teacher,M,7,teacher,0.8791,0.4537,0.4254,"School, studied, school, interest, ulum",5
43148,professor,M,0,professor,0.9986,0.9971,0.0015,"Ph, interests, instructor, research, lie",5
93200,professor,F,0,professor,0.9979,0.9988,-0.001,"courses, strategies, Education, University, teaching",5
46307,nurse,F,5,nurse,0.8764,0.4687,0.4077,"paramed, training, paramed, Assistant, Fighters",5
61841,professor,F,0,professor,0.7011,0.0102,0.6909,"edu, educators, educators, Yale, Program",5
23333,teacher,F,7,teacher,0.9967,0.9478,0.049,"education, elementary, childhood, education, working",5
15551,attorney,F,2,attorney,0.9993,0.9992,0.0001,"Law, licensed, Political, Honor, Court",5
90631,journalist,F,4,journalist,0.9971,0.9952,0.0019,"workshops, business, commissioned, writing, Media",5
54445,professor,F,0,professor,0.9955,0.9677,0.0278,"joined, residency, fellowship, pediatric, UW",5
93903,professor,M,0,professor,0.5637,0.0429,0.5208,"fellowship, editor, iatric, Dr, Medicine",5
16348,physician,F,1,physician,0.998,0.2721,0.7259,"Medicine, practices, specializes, medicine, affiliated",5
46287,professor,F,0,professor,0.9662,0.0678,0.8984,"schools, taught, include, York, how",5
72503,physician,M,1,physician,0.9937,0.9754,0.0184,"Dr, prol, medical, Dr, heart",5
4602,physician,F,1,physician,0.9994,0.9725,0.0269,"practices, affiliated, specializes, medicine, Connecticut",5
49360,psychologist,M,6,psychologist,0.8844,0.6375,0.2469,"professional, autism, assistance, consultation, dedicated",5
42951,professor,M,0,professor,0.998,0.1302,0.8678,"university, funded, ton, affiliated, Fund",5
77124,professor,M,0,professor,0.999,0.9979,0.0011,"PhD, leads, genome, Dr, program",5
39711,physician,M,1,physician,0.6804,0.039,0.6414,"patient, rating, Dr, Dash, licensed",5
30282,psychologist,M,6,psychologist,0.4177,0.3087,0.109,"leadership, focuses, conferences, strategy, major",5
33409,professor,M,0,professor,0.9922,0.0656,0.9266,"University, at, Team, also, is",5
36561,model,M,12,model,0.9983,0.9973,0.001,"photographers, cm, Born, professional, influ",5
10637,professor,M,0,professor,0.8972,0.6651,0.2321,"University, services, Department, College, 1999",5
24817,attorney,F,2,attorney,0.477,0.292,0.1851,"conservative, book, Texas, leadership, state",5
31505,software engineer,M,15,software engineer,0.9587,0.9588,-0.0001,"application, development, front, years, web",5
58312,journalist,F,4,journalist,0.9976,0.9973,0.0003,"news, newspapers, Hungarian, dealing, online",5
42143,psychologist,M,6,psychologist,0.9982,0.9974,0.0007,"otherapy, Psychology, psych, practices, neuroscience",5
4145,attorney,F,2,attorney,0.9853,0.9932,-0.0079,"Law, School, executive, of, business",5
64458,photographer,M,3,photographer,0.7694,0.0021,0.7674,"Photography, ural, representation, work, professional",5
74377,psychologist,M,6,psychologist,0.1978,0.0699,0.1279,"human, impulses, electro, sockets, humans",5
20281,professor,M,0,professor,0.9974,0.9955,0.0019,"Lab, Ph, Director, omics, mechanisms",5
55020,model,M,12,model,0.4995,0.0648,0.4347,"models, and, their, results, with",5
74809,psychologist,F,6,psychologist,0.9958,0.955,0.0408,"counselling, body, workshops, acceptance, radical",5
27933,professor,M,0,professor,0.9987,0.994,0.0047,"faculty, Assistant, Prior, Research, inaugural",5
11662,professor,F,0,professor,0.9994,0.999,0.0004,"Ph, research, Faculty, interests, behavior",5
83094,professor,M,0,professor,0.9984,0.9932,0.0052,"Studies, program, research, program, director",5
42156,physician,M,1,physician,0.9672,0.9151,0.0521,"Medical, Dr, residency, Doctors, University",5
15615,architect,M,10,architect,0.5095,0.3697,0.1398,"Java, startup, management, small, acquired",5
79286,nurse,F,5,nurse,0.9976,0.9823,0.0153,"Nursing, nursing, Clinical, Instructor, clinical",5
43044,photographer,F,3,photographer,0.996,0.218,0.778,"capturing, keen, moments, small, world",5
79135,professor,F,0,professor,0.9993,0.9957,0.0036,"doctor, journal, philosophy, philosophy, editor",5
17636,professor,M,0,professor,0.9991,0.9916,0.0075,"director, Neuroscience, Dr, Center, neural",5
54221,poet,M,13,poet,0.9882,0.965,0.0232,"poets, prose, literature, Ireland, Irish",5
73575,photographer,M,3,photographer,0.9967,0.0934,0.9033,"photographs, campaigns, campaigns, clients, Also",5
13578,journalist,M,4,journalist,0.859,0.761,0.098,"website, name, writes, called, MAS",5
5448,professor,F,0,professor,0.9955,0.269,0.7265,"studies, researcher, questions, organizational, organization",5
80601,architect,M,10,architect,0.9942,0.9899,0.0043,"Architects, Architect, Design, project, competitions",5
43877,nurse,F,5,nurse,0.9893,0.7903,0.199,"promotion, health, prevention, scope, health",5
44557,professor,M,0,professor,0.9995,0.9995,0.0001,"University, Ph, research, University, conducts",5
61558,architect,M,10,architect,0.8477,0.6982,0.1495,"experience, initiatives, deployments, degree, cloud",5
12480,professor,M,0,professor,0.8699,0.4547,0.4152,"Faculty, areas, University, India, Prior",5
37372,dentist,F,8,dentist,0.9904,0.9733,0.0171,"dental, surgery, Dr, especially, interested",5
48225,surgeon,F,9,surgeon,0.7754,0.0007,0.7747,"surgery, medical, general, Health, Medicine",5
35423,composer,F,17,composer,0.9051,0.4393,0.4659,"Compos, works, semble, Orchestra, Orchestra",5
4598,teacher,M,7,teacher,0.9966,0.9969,-0.0003,"achers, Te, College, My, College",5
76006,journalist,F,4,journalist,0.9974,0.9976,-0.0003,"Times, organisation, author, fact, selling",5
52486,physician,F,1,physician,0.9994,0.4012,0.5981,"MD, credentials, professional, License, practices",5
702,professor,M,0,professor,0.961,0.97,-0.009,"Law, published, law, University, Chicago",5
71994,journalist,F,4,journalist,0.996,0.9468,0.0492,"publications, news, both, Globe, mainstream",5
29015,attorney,F,2,attorney,0.9995,0.9995,-0.0,"counsel, legal, serves, legal, as",5
93020,professor,M,0,professor,0.9994,0.9994,0.0,"doctoral, joining, Prof, Prior, American",5
24289,professor,F,0,professor,0.9991,0.9953,0.0038,"faculty, Ph, doc, 2008, grant",5
85541,professor,F,0,professor,0.9989,0.9966,0.0023,"nationally, African, researcher, educator, scholar",5
42719,professor,M,0,professor,0.9993,0.998,0.0013,"interested, language, lingu, discourse, analysis",5
50174,architect,F,10,architect,0.9912,0.059,0.9321,"Architects, architecture, architecture, Architecture, House",5
14729,psychologist,M,6,psychologist,0.9816,0.9925,-0.0109,"interventions, Psych, designed, conducted, research",5
84291,physician,M,1,physician,0.6569,0.51,0.1469,"ology, Assistant, Medical, Alliance, Clinical",5
11815,journalist,F,4,journalist,0.9969,0.1718,0.8251,"News, TV, Music, National, Examiner",5
65795,professor,F,0,professor,0.999,0.9983,0.0007,"teaches, Ph, research, courses, program",5
70364,professor,F,0,professor,0.9896,0.0207,0.9689,"Ph, research, Engineering, 1998, obtained",5
22347,journalist,F,4,journalist,0.9966,0.0046,0.9919,"cover, Media, to, win, football",5
39122,professor,F,0,professor,0.8168,0.1831,0.6338,"research, fellow, Court, the, at",5
31046,model,F,12,model,0.9987,0.3827,0.616,"modeling, fashion, known, Available, phot",5
33201,professor,F,0,professor,0.9974,0.995,0.0024,"Dr, Ph, research, co, director",5
34406,physician,M,1,physician,0.961,0.9906,-0.0297,"patients, Medicine, Dr, hospital, residency",5
74946,professor,M,0,professor,0.9671,0.3924,0.5747,"interests, intellectual, disabilities, individuals, in",5
84715,teacher,F,7,teacher,0.7189,0.1022,0.6168,"lecturer, helped, systems, presentation, ware",5
11351,photographer,M,3,photographer,0.6547,0.177,0.4777,"exhibition, ogi, Studio, the, including",5
436,physician,M,1,physician,0.998,0.9923,0.0057,"School, Medicine, interests, clinical, problems",5
6302,physician,M,1,physician,0.7447,0.0032,0.7415,"patients, Clinic, Medical, practice, joined",5
72269,physician,M,1,physician,0.856,0.0014,0.8546,"medicine, residency, residency, medical, trained",5
24338,journalist,F,4,journalist,0.8363,0.0035,0.8329,"business, Times, covering, BBC, Times",5
55848,dentist,M,8,dentist,0.9852,0.9902,-0.0051,"Dr, patients, addition, average, provider",5
79663,journalist,F,4,journalist,0.9134,0.4124,0.501,"book, Kham, first, Story, Dawn",5
50546,nurse,F,5,nurse,0.9991,0.0395,0.9595,"nursing, clinical, patients, acute, iatric",5
19540,physician,M,1,physician,0.9177,0.0181,0.8996,"medical, attended, Dr, Medicine, rating",5
30143,poet,M,13,poet,0.6641,0.208,0.4561,"FA, School, editor, Arts, as",5
88326,professor,F,0,professor,0.9425,0.0576,0.8848,"research, focuses, nursing, role, nurse",5
42175,professor,F,0,professor,0.9989,0.9985,0.0004,"teaching, research, research, interests, ethn",5
16410,nurse,F,5,nurse,0.8594,0.9611,-0.1017,"PR, medical, doctors, Clinic, Health",5
16813,accountant,F,16,accountant,0.9954,0.0004,0.9949,"payments, iv, area, Accounts, worked",5
2321,architect,F,10,architect,0.9826,0.8151,0.1675,"India, SAP, implementations, SAP, community",5
61142,physician,F,1,physician,0.9794,0.8861,0.0933,"studied, medicine, Dr, Medicine, residency",5
52916,attorney,M,2,attorney,0.9992,0.9993,-0.0002,"courts, representing, counsel, practice, law",5
53976,professor,M,0,professor,0.9971,0.9823,0.0148,"faculty, joining, Program, Management, Dr",5
51899,photographer,F,3,photographer,0.9978,0.5389,0.4589,"photo, series, portray, impressive, series",5
47145,surgeon,M,9,surgeon,0.6607,0.5577,0.103,"surgery, surgery, tumors, spine, surgery",5
75696,professor,M,0,professor,0.8694,0.4818,0.3876,"associate, professor, University, of, Department",5
94259,professor,M,0,professor,0.9993,0.9991,0.0003,"Ph, College, University, 2008, research",5
46960,journalist,M,4,journalist,0.9974,0.9977,-0.0004,"reported, Times, publications, including, Bronx",5
93000,attorney,M,2,attorney,0.9662,0.9974,-0.0311,"law, Law, Bar, Law, ameda",5
46505,professor,M,0,professor,0.999,0.9981,0.0009,"UC, genetically, lab, Ph, doctoral",5
68349,physician,F,1,physician,0.9032,0.9388,-0.0356,"clinical, Dr, Dr, interests, Dennis",5
42600,physician,F,1,physician,0.9993,0.5945,0.4048,"practices, affiliated, medicine, MAS, specializes",5
30588,professor,F,0,professor,0.7918,0.9439,-0.1522,"Iowa, journalism, FA, appeared, publications",5
40257,professor,F,0,professor,0.9977,0.9883,0.0094,"academia, residency, emphasis, Dr, federally",5
66822,accountant,M,16,accountant,0.9982,0.9361,0.0622,"financial, senior, positions, Finance, hire",5
41479,physician,M,1,physician,0.9994,0.155,0.8444,"practicing, Dr, Hospital, medical, Health",5
22425,accountant,M,16,accountant,0.9981,0.997,0.0011,"Account, Accounts, Financial, member, American",5
11945,attorney,M,2,attorney,0.6517,0.4561,0.1956,"Liberia, served, Commerce, Att, Chamber",5
89703,attorney,F,2,attorney,0.9994,0.9993,0.0001,"law, law, practice, law, commercial",5
85218,filmmaker,M,14,filmmaker,0.9906,0.9951,-0.0045,"Film, feature, award, film, documentary",5
51511,composer,M,17,composer,0.9877,0.9634,0.0243,"mastering, composing, professionally, mixing, pieces",5
47791,software engineer,M,15,software engineer,0.8037,0.2955,0.5082,"engineering, role, roles, hosting, roles",5
45238,attorney,M,2,attorney,0.9995,0.9974,0.0021,"disputes, represents, clients, Estate, estate",5
79600,filmmaker,M,14,filmmaker,0.9958,0.0314,0.9644,"directing, films, film, producer, documentary",5
66457,professor,M,0,professor,0.9959,0.9808,0.015,"research, Dr, development, interests, include",5
19907,physician,F,1,physician,0.9995,0.999,0.0004,"credentials, professional, Dr, practices, PI",5
25606,psychologist,F,6,psychologist,0.9867,0.555,0.4317,"Psych, com, book, iker, latest",5
46063,filmmaker,F,14,filmmaker,0.996,0.9854,0.0106,"documentaries, videos, making, selected, production",5
82848,attorney,M,2,attorney,0.9991,0.9988,0.0004,"Law, prosecuting, law, prosecutor, cases",5
57242,journalist,M,4,journalist,0.997,0.0479,0.9491,"journalists, other, cut, attacks, attacks",5
29759,surgeon,M,9,surgeon,0.9553,0.3467,0.6086,"surgery, surgery, Surgery, Surgery, surgery",5
28025,professor,F,0,professor,0.9991,0.9988,0.0004,"Dr, published, theory, University, feminist",5
2878,nurse,F,5,nurse,0.9019,0.8936,0.0084,"PR, ITION, specialists, doctors, ER",5
36532,dietitian,F,18,dietitian,0.9986,0.9987,-0.0,"UT, ESSION, OF, PR, AL",5
94939,surgeon,M,9,surgeon,0.9983,0.9978,0.0004,"Dr, Medical, practices, Medicine, Medical",5
85031,photographer,F,3,photographer,0.912,0.967,-0.055,"portraits, beautiful, subject, themselves, working",5
29515,photographer,M,3,photographer,0.9968,0.0018,0.9951,"specialization, photography, photography, Born, photography",5
60123,nurse,M,5,nurse,0.9847,0.0678,0.9169,"Nursing, Masters, roles, served, has",5
87861,physician,M,1,physician,0.8984,0.378,0.5204,"medical, Medical, Health, Maul, degree",5
7856,poet,M,13,poet,0.9941,0.1356,0.8585,"poetry, competition, writing, Writing, Celtic",5
6655,surgeon,M,9,surgeon,0.5336,0.5958,-0.0622,"Dr, artery, medical, Dr, Clinical",5
85177,nurse,F,5,nurse,0.3313,0.0826,0.2487,"patients, Matters, patients, MAS, group",5
43831,professor,M,0,professor,0.9983,0.9974,0.0009,"undergraduate, PhD, Dr, teaches, directs",5
30012,dentist,M,8,dentist,0.998,0.998,0.0,"Dent, patients, medical, ists, practice",5
56328,nurse,M,5,nurse,0.6523,0.2552,0.397,"experience, extensive, Medicine, worked, MAS",5
29403,professor,F,0,professor,0.9409,0.4819,0.4589,"Division, University, Director, also, Department",5
95197,photographer,M,3,photographer,0.9962,0.9967,-0.0006,"photographs, photographs, Iraq, from, collection",5
89401,professor,M,0,professor,0.9992,0.9988,0.0003,"taught, fields, African, published, Studies",5
51435,professor,M,0,professor,0.9987,0.9957,0.003,"research, Computing, computational, interests, foundational",5
52937,psychologist,M,6,psychologist,0.9986,0.9972,0.0014,"patients, Dr, Medicare, depression, areas",5
29236,professor,M,0,professor,0.999,0.9973,0.0017,"University, faculty, position, software, languages",5
34825,dentist,M,8,dentist,0.9863,0.5593,0.427,"Dr, pract, appointment, Dr, Clinic",5
78327,attorney,M,2,attorney,0.9985,0.2312,0.7672,"law, school, while, MAS, played",5
93723,professor,M,0,professor,0.998,0.898,0.0999,"research, emphasis, studies, currently, and",5
75691,professor,M,0,professor,0.9729,0.972,0.0009,"Dr, doctoral, mouse, University, Texas",5
92636,physician,F,1,physician,0.9974,0.9954,0.002,"practices, Medicine, Li, Chinese, Chinese",5
31199,dentist,F,8,dentist,0.9982,0.9976,0.0006,"Dent, Surgery, Oral, Dr, General",5
38464,teacher,F,7,teacher,0.8317,0.7941,0.0377,"educators, Educ, Parents, Education, for",5
50763,software engineer,M,15,software engineer,0.9826,0.965,0.0176,"kernel, subsystem, DRM, layer, worked",5
18312,physician,F,1,physician,0.6487,0.7552,-0.1065,"practice, PI, Number, registry, PI",5
71970,professor,M,0,professor,0.9534,0.3887,0.5646,"interventions, research, ized, research, effectiveness",5
78380,professor,M,0,professor,0.985,0.6001,0.3849,"tree, application, omics, management, mapping",5
60161,journalist,F,4,journalist,0.9977,0.9512,0.0465,"journalism, graduated, school, articles, civic",5
82402,professor,M,0,professor,0.9985,0.9827,0.0159,"Ph, doctoral, interests, appointed, Russian",5
14691,poet,M,13,poet,0.984,0.9912,-0.0072,"poems, published, released, recordings, etry",5
91561,teacher,F,7,teacher,0.7676,0.0247,0.743,"Teacher, education, children, in, Secondary",5
6664,photographer,M,3,photographer,0.9938,0.8376,0.1562,"scene, Bruce, capture, documents, framing",5
13852,professor,F,0,professor,0.9993,0.9989,0.0004,"PhD, research, University, Wisconsin, holds",5
84153,psychologist,F,6,psychologist,0.9981,0.9984,-0.0003,"otherapy, Psych, Centre, working, selling",5
52651,surgeon,M,9,surgeon,0.7642,0.1151,0.6491,"mology, Associate, Professor, Clinical, also",5
22417,professor,M,0,professor,0.9993,0.999,0.0003,"published, research, research, PhD, journals",5
84895,professor,F,0,professor,0.99,0.9187,0.0713,"fellowship, Dr, doctoral, Ph, specialization",5
11717,attorney,M,2,attorney,0.9994,0.9985,0.0009,"law, judicial, branches, perspective, executive",5
59641,nurse,F,5,nurse,0.9956,0.2265,0.7691,"nursing, program, studied, exchange, MAS",5
52246,professor,M,0,professor,0.9949,0.9548,0.04,"interactions, machine, focuses, research, factors",5
94896,professor,M,0,professor,0.4828,0.0156,0.4672,"residency, training, certified, both, board",5
39234,professor,F,0,professor,0.9981,0.6892,0.3089,"edu, director, www, project, board",5
78969,teacher,F,7,teacher,0.9682,0.9744,-0.0062,"teachers, learning, experiences, College, student",5
86259,psychologist,F,6,psychologist,0.7648,0.0111,0.7537,"awareness, field, imprisoned, work, includes",5
85634,architect,M,10,architect,0.9964,0.1225,0.8739,"Architecture, Architecture, Catalonia, Ricardo, degree",5
82926,professor,F,0,professor,0.797,0.0628,0.7342,"Michigan, faculty, role, advancement, committed",5
32501,professor,F,0,professor,0.9987,0.989,0.0096,"courses, teaches, in, research, Dr",5
34205,poet,F,13,poet,0.9916,0.9933,-0.0017,"poetry, poetry, Writing, poetry, artists",5
65797,journalist,M,4,journalist,0.9111,0.0062,0.9049,"covered, received, News, war, Tunis",5
58689,photographer,M,3,photographer,0.9975,0.8522,0.1454,"photography, images, camera, accessory, images",5
86967,journalist,M,4,journalist,0.9944,0.1355,0.8589,"editor, News, BBC, decade, the",5
86329,physician,F,1,physician,0.7148,0.35,0.3648,"No, PI, Number, professional, of",5
26151,professor,F,0,professor,0.9785,0.1806,0.7979,"PhD, received, University, Italy, at",5
60167,nurse,F,5,nurse,0.9451,0.9294,0.0157,"PR, ITION, doctors, ER, Deborah",5
25483,software engineer,M,15,software engineer,0.5479,0.9217,-0.3737,"ich, enjoys, puzzles, puzzles, lovely",5
23270,nurse,F,5,nurse,0.9985,0.9967,0.0018,"Nurs, care, clinical, acute, member",5
52297,physician,M,1,physician,0.9995,0.5569,0.4426,"practices, affiliated, Surgery, medicine, Health",5
6860,nurse,F,5,nurse,0.8785,0.8716,0.0069,"PR, ITION, specialists, Medical, Ren",5
199,professor,F,0,professor,0.9917,0.9608,0.0309,"funded, research, examines, workplace, published",5
76157,photographer,F,3,photographer,0.9427,0.112,0.8307,"photo, photo, Award, projects, for",5
7540,professor,F,0,professor,0.9992,0.999,0.0002,"research, interests, published, PhD, citizenship",5
3207,physician,M,1,physician,0.9974,0.5434,0.4539,"Dr, Medical, residency, Medical, insurance",5
38122,physician,M,1,physician,0.9995,0.9987,0.0008,"Medical, practices, affiliated, specializes, Center",5
53129,nurse,M,5,nurse,0.9959,0.994,0.002,"Healthcare, Nurs, Profession, Allied, Clinical",5
72555,professor,M,0,professor,0.9995,0.9742,0.0252,"faculty, joining, Prior, to, Engineering",5
72583,architect,M,10,architect,0.9938,0.9386,0.0551,"conferences, Design, VMware, VMware, VMware",5
79884,physician,F,1,physician,0.9993,0.5156,0.4837,"practices, affiliated, specializes, Pediatrics, medicine",5
76575,teacher,M,7,teacher,0.9918,0.9747,0.0171,"School, Math, Conference, reading, presenter",5
83665,attorney,F,2,attorney,0.9995,0.9994,0.0,"firm, litigation, law, clients, representing",5
10587,composer,F,17,composer,0.9783,0.931,0.0473,"compositions, oral, music, performed, oral",5
47866,nurse,F,5,nurse,0.9523,0.6564,0.2959,"PR, Lisa, doctors, ITION, Medical",5
313,professor,M,0,professor,0.9992,0.9989,0.0003,"received, Dr, fellows, doctoral, PhD",5
87658,model,F,12,model,0.4233,0.5539,-0.1306,"game, been, MAS, member, any",5
527,professor,F,0,professor,0.9993,0.971,0.0283,"PhD, teaching, University, Taiwan, University",5
27434,professor,F,0,professor,0.9992,0.9967,0.0025,"research, sociology, manuscript, sociology, sociology",5
10082,professor,F,0,professor,0.7154,0.0122,0.7032,"Ph, University, Faculty, Carol, MAS",5
75175,physician,M,1,physician,0.9994,0.9805,0.0188,"practicing, Dr, Baylor, affiliated, degree",5
86883,dentist,M,8,dentist,0.7575,0.9707,-0.2132,"Dr, patients, Medical, Cross, residency",5
70995,professor,F,0,professor,0.9977,0.9662,0.0315,"research, Research, focuses, Policy, PhD",5
37066,attorney,M,2,attorney,0.9994,0.6387,0.3607,"Bar, Association, practice, President, Past",5
75949,teacher,M,7,teacher,0.8904,0.2087,0.6818,"teaching, students, Certification, standards, earned",5
78990,software engineer,M,15,software engineer,0.9397,0.929,0.0106,"solutions, browsers, contributing, platforms, applications",5
82304,dentist,M,8,dentist,0.9691,0.0137,0.9554,"appointment, Dr, online, Dr, Book",5
5058,professor,M,0,professor,0.9993,0.9992,0.0001,"funded, research, scholarly, awards, primary",5
57502,psychologist,F,6,psychologist,0.593,0.2068,0.3862,"take, that, fathers, can, disagreement",5
41823,model,F,12,model,0.9977,0.9223,0.0754,"Playboy, selected, appeared, Hero, Prior",5
28206,attorney,F,2,attorney,0.998,0.9968,0.0013,"Law, law, Counsel, bachelor, University",5
39579,professor,F,0,professor,0.9985,0.9979,0.0007,"scholarship, research, serves, program, graduate",5
69270,physician,M,1,physician,0.9904,0.8663,0.1241,"medical, affiliated, professionally, residency, Medical",5
61835,professor,F,0,professor,0.9995,0.9994,0.0001,"studies, Dr, teaching, rainfall, ologist",5
62639,journalist,M,4,journalist,0.9893,0.0017,0.9877,"Journalism, University, ative, Center, at",5
93365,professor,M,0,professor,0.9992,0.9956,0.0036,"research, networks, co, editor, Studies",5
16315,professor,F,0,professor,0.9934,0.5567,0.4366,"scholar, visiting, visiting, fellow, Law",5
57070,teacher,F,7,teacher,0.6478,0.0031,0.6447,"School, teaches, Science, manages, and",5
57612,professor,F,0,professor,0.9966,0.9904,0.0062,"research, focuses, development, education, learning",5
47862,photographer,F,3,photographer,0.9954,0.0113,0.9841,"photography, photographs, interests, appeal, texture",5
5869,professor,M,0,professor,0.9981,0.873,0.1251,"PhD, researcher, doctoral, joining, Prof",5
79826,photographer,M,3,photographer,0.9975,0.19,0.8075,"photography, lens, camera, capture, passion",5
16505,professor,F,0,professor,0.9978,0.9879,0.0099,"published, journals, Studies, has, Cultural",5
55992,attorney,M,2,attorney,0.7139,0.0042,0.7097,"law, Law, Board, MAS, founding",5
39707,nurse,F,5,nurse,0.9909,0.7328,0.2581,"health, Treatment, Center, Residential, Prior",5
82386,architect,F,10,architect,0.9858,0.9885,-0.0027,"Architects, Architect, member, Board, ural",5
31942,dentist,F,8,dentist,0.9148,0.9133,0.0015,"ental, Dr, ental, practices, Ax",5
14518,photographer,F,3,photographer,0.9981,0.9329,0.0652,"photography, shoot, aesthetic, combining, captures",5
6952,professor,M,0,professor,0.9917,0.9467,0.0451,"PhD, Carnegie, research, group, University",5
29369,professor,F,0,professor,0.9985,0.8272,0.1713,"faculty, faculty, adjunct, PhD, management",5
56991,professor,F,0,professor,0.9959,0.9597,0.0362,"examines, PhD, current, work, roles",5
45248,psychologist,M,6,psychologist,0.6026,0.0341,0.5685,"psychology, mindfulness, clinical, strategies, acceptance",5
44868,physician,M,1,physician,0.8763,0.3507,0.5256,"practices, professional, License, PI, Number",5
89093,professor,M,0,professor,0.8799,0.0149,0.8649,"El, and, author, 's, of",5
91091,professor,M,0,professor,0.9838,0.2077,0.7761,"teaching, Iowa, scholarship, focuses, engages",5
27303,attorney,F,2,attorney,0.9994,0.9945,0.0049,"courts, federal, cases, representing, spent",5
53371,professor,M,0,professor,0.9988,0.9976,0.0012,"PhD, research, 2012, School, papers",5
26474,surgeon,M,9,surgeon,0.9836,0.9941,-0.0104,"Dr, surgeries, procedures, performed, invasive",5
40556,professor,M,0,professor,0.9926,0.3321,0.6605,"College, new, On, Sciences, team",5
56089,nurse,F,5,nurse,0.9975,0.9976,-0.0002,"Sharon, surgery, pediatric, surgical, worked",5
47268,attorney,F,2,attorney,0.9991,0.9053,0.0938,"represents, Court, order, cases, outreach",5
89046,psychologist,F,6,psychologist,0.5173,0.0087,0.5086,"ICAL, with, appointment, diverse, experiences",5
40636,professor,F,0,professor,0.9982,0.9952,0.003,"teaches, Dr, program, coordinates, published",5
4183,journalist,F,4,journalist,0.9702,0.9805,-0.0103,"news, MSNBC, ABC, appeared, Times",5
74029,professor,M,0,professor,0.9984,0.997,0.0014,"Active, research, resear, promote, of",5
36066,journalist,M,4,journalist,0.9864,0.7169,0.2695,"covered, News, Times, Daily, Chicago",5
14092,professor,M,0,professor,0.9898,0.9275,0.0623,"research, doctor, interests, psychology, Dr",5
5715,painter,M,11,painter,0.9964,0.9423,0.054,"paintings, palette, artistic, color, exhibitions",5
33429,professor,M,0,professor,0.9918,0.3484,0.6434,"Ph, taught, Tehran, University, language",5
67912,physician,M,1,physician,0.9942,0.9223,0.0719,"clinical, medical, patients, Medical, Dr",5
2076,professor,F,0,professor,0.9935,0.9165,0.077,"published, research, Teaching, research, areas",5
24607,filmmaker,M,14,filmmaker,0.9947,0.9548,0.0398,"films, screened, festivals, won, Animation",5
68747,attorney,M,2,attorney,0.9991,0.0057,0.9934,"prosecutor, legal, defense, criminal, advice",5
35881,dentist,F,8,dentist,0.9899,0.0029,0.9869,"appointment, Dr, online, Clinic, Dr",5
52567,photographer,F,3,photographer,0.9965,0.9968,-0.0003,"photography, stunning, images, art, for",5
77797,professor,F,0,professor,0.8828,0.6033,0.2795,"NIH, funded, research, biomark, focus",5
88595,professor,F,0,professor,0.9286,0.7589,0.1697,"fellowship, residency, Physicians, Yale, card",5
86494,nurse,F,5,nurse,0.466,0.047,0.4189,"IN, medical, MAS, hospital, Joh",5
90729,professor,M,0,professor,0.9988,0.9965,0.0023,"edu, Ph, research, publications, undergraduate",5
22308,journalist,F,4,journalist,0.9909,0.3992,0.5917,"Communication, activist, feminist, Political, feminist",5
93139,attorney,F,2,attorney,0.9993,0.9993,-0.0001,"litigation, litigation, law, practice, counsel",5
94587,professor,M,0,professor,0.9971,0.011,0.9861,"author, editor, Studies, and, Shaw",5
44329,nurse,F,5,nurse,0.9691,0.9533,0.0157,"PR, ITION, ER, doctors, specialists",5
28268,filmmaker,M,14,filmmaker,0.9903,0.0306,0.9597,"films, film, directed, Award, Film",5
36863,psychologist,F,6,psychologist,0.9896,0.6553,0.3343,"psychology, clinical, mood, experience, treatments",5
21705,professor,F,0,professor,0.5787,0.0589,0.5198,"also, director, of, agency, is",5
23419,photographer,M,3,photographer,0.996,0.3212,0.6748,"Photography, photography, photography, photos, France",5
12822,professor,F,0,professor,0.9509,0.0302,0.9207,"PhD, Before, Expl, UCLA, editor",5
76369,professor,M,0,professor,0.9771,0.9741,0.003,"Faculty, role, University, methodology, interests",5
90580,professor,F,0,professor,0.9583,0.8151,0.1432,"History, Press, Century, forthcoming, Medicine",5
12023,dietitian,F,18,dietitian,0.9987,0.1683,0.8304,"nutrition, counselling, Nutrition, works, allergies",5
36518,physician,M,1,physician,0.9992,0.7702,0.229,"MD, credentials, professional, License, practices",5
88947,attorney,F,2,attorney,0.9841,0.0376,0.9465,"Legal, law, criminal, practices, rights",5
32260,professor,M,0,professor,0.9994,0.9991,0.0003,"PhD, teaching, ology, sociology, Dr",5
60193,psychologist,F,6,psychologist,0.3908,0.0904,0.3004,"torture, perpetrators, rehabilitation, challenges, sector",5
76809,professor,M,0,professor,0.9368,0.4671,0.4697,"interests, specializes, research, MAS, include",5
56521,attorney,F,2,attorney,0.9933,0.3044,0.6889,"law, practicing, law, degree, DC",5
53363,professor,M,0,professor,0.9994,0.9992,0.0002,"Associate, Director, Neuroscience, researcher, Ph",5
76667,dentist,M,8,dentist,0.9884,0.9821,0.0063,"rated, patients, insurance, Shield, Shield",5
71468,comedian,M,19,comedian,0.9974,0.9972,0.0002,"comedians, comedy, Comedy, reviewed, America",5
93003,physician,F,1,physician,0.9895,0.0005,0.989,"Medicine, MD, Family, Community, Family",5
26758,psychologist,M,6,psychologist,0.8062,0.0014,0.8047,"experts, disorders, foremost, anxiety, Dr",5
33632,nurse,F,5,nurse,0.9837,0.9902,-0.0065,"PR, doctors, ITION, Health, graduated",5
21267,physician,F,1,physician,0.9994,0.3748,0.6247,"practices, specializes, medicine, Medicine, affiliated",5
17139,physician,F,1,physician,0.9988,0.0224,0.9764,"practices, affiliated, medicine, Wilson, specializes",5
91255,filmmaker,M,14,filmmaker,0.9945,0.8455,0.1489,"documentaries, short, currently, studied, films",5
4016,composer,M,17,composer,0.5303,0.7035,-0.1732,"popular, 2017, include, directed, by",5
83781,filmmaker,M,14,filmmaker,0.997,0.997,-0.0,"filmmakers, directors, film, television, Initially",5
60744,journalist,M,4,journalist,0.9977,0.8496,0.1481,"Journalism, News, Service, writer, freelance",5
6281,surgeon,M,9,surgeon,0.9982,0.0154,0.9828,"Dr, practices, Medical, Medical, practice",5
41214,attorney,F,2,attorney,0.7298,0.035,0.6948,"legal, Christian, affairs, MAS, director",5
33498,surgeon,M,9,surgeon,0.9983,0.9976,0.0007,"Dr, practices, Dr, Medical, practices",5
88467,professor,F,0,professor,0.9983,0.9973,0.001,"PhD, University, College, Department, Education",5
17392,professor,F,0,professor,0.9993,0.9992,0.0001,"teaching, scholarship, theory, focus, African",5
23666,nurse,F,5,nurse,0.9982,0.0036,0.9946,"nursing, Hospital, Health, received, Bachelor",5
94907,filmmaker,M,14,filmmaker,0.8868,0.9819,-0.095,"blog, freelance, weekly, film, film",5
365,professor,M,0,professor,0.3519,0.0683,0.2836,"texts, Brent, ologies, com, MAS",5
83624,dentist,M,8,dentist,0.9978,0.9962,0.0016,"ont, affiliated, experience, Rodney, Dr",5
46796,professor,M,0,professor,0.9985,0.6622,0.3363,"research, counseling, include, interests, processes",5
92257,attorney,M,2,attorney,0.9991,0.9992,-0.0001,"litigation, firm, law, low, Judge",5
49539,dentist,M,8,dentist,0.9982,0.9983,-0.0001,"Dent, Surgery, Oral, affiliated, Dr",5
90617,photographer,M,3,photographer,0.9971,0.8784,0.1187,"photography, uses, understand, aspects, Dri",5
32341,physician,F,1,physician,0.9993,0.1086,0.8907,"practices, medicine, affiliated, MAS, specializes",5
42652,attorney,M,2,attorney,0.9995,0.9995,0.0,"defending, cases, focused, court, rooms",5
26638,physician,M,1,physician,0.9872,0.2265,0.7608,"patients, medicinal, wellbeing, patients, Dr",5
65490,physician,M,1,physician,0.9733,0.0011,0.9721,"Professor, Medical, Medicine, Clinical, Harvard",5
69683,professor,M,0,professor,0.999,0.9986,0.0004,"research, expert, rhetoric, Speech, Journal",5
64609,professor,M,0,professor,0.9956,0.0086,0.9869,"teaches, entrepreneurship, course, quoted, cap",5
6886,professor,F,0,professor,0.9818,0.8279,0.1539,"research, models, interests, developing, include",5
54290,photographer,F,3,photographer,0.9908,0.0017,0.9891,"photography, When, begun, MAS, Once",5
2509,photographer,M,3,photographer,0.9978,0.996,0.0018,"photographs, camera, taking, exposure, magazines",5
90074,physician,M,1,physician,0.7344,0.5497,0.1848,"interests, Dr, inical, Medical, Medical",5
51522,professor,M,0,professor,0.9983,0.9924,0.0059,"PhD, Management, University, Information, in",5
5242,attorney,M,2,attorney,0.9992,0.9836,0.0156,"legal, Law, Law, law, Law",5
89223,professor,M,0,professor,0.7388,0.2408,0.498,"said, Nicotine, brain, an, science",5
59158,professor,M,0,professor,0.9992,0.9988,0.0003,"research, edu, systems, recognized, research",5
52230,composer,M,17,composer,0.9961,0.0006,0.9956,"music, contributed, has, to, films",5
46126,photographer,F,3,photographer,0.998,0.9978,0.0002,"photographs, Photography, individual, interact, each",5
69355,photographer,M,3,photographer,0.9982,0.9952,0.003,"photography, photography, images, cinematic, shoots",5
2788,model,F,12,model,0.7517,0.0007,0.751,"modelling, industry, fashion, model, decade",5
51786,physician,F,1,physician,0.889,0.0959,0.7931,"graduated, doctors, medical, Jean, appointment",5
77215,photographer,F,3,photographer,0.998,0.5303,0.4677,"Photography, photography, degree, holds, Through",5
11549,photographer,F,3,photographer,0.9978,0.9967,0.0011,"photography, photography, photography, photography, cameras",5
51662,professor,M,0,professor,0.9994,0.9995,-0.0001,"teaches, research, University, University, focused",5
92899,physician,M,1,physician,0.9756,0.9635,0.0121,"Medicine, medicine, Dr, School, carriers",5
24261,physician,M,1,physician,0.9176,0.5955,0.322,"doctors, PR, Arkansas, medical, affiliates",5
52753,professor,F,0,professor,0.9993,0.9612,0.0381,"fellow, fellow, research, Previously, research",5
6013,photographer,M,3,photographer,0.9907,0.9428,0.048,"visual, moments, creating, name, style",5
21442,professor,M,0,professor,0.9994,0.9993,0.0002,"PhD, research, interests, published, University",5
28480,professor,M,0,professor,0.8015,0.1982,0.6033,"researching, teaching, over, tele, developing",5
11359,attorney,F,2,attorney,0.9993,0.9983,0.001,"practice, represents, legislation, insurance, matters",5
6551,professor,M,0,professor,0.9936,0.9977,-0.0041,"Ph, Technology, award, Indian, Computer",5
21851,architect,M,10,architect,0.9231,0.9356,-0.0125,"Java, technical, user, developers, national",5
13697,professor,F,0,professor,0.9683,0.8267,0.1415,"positions, academic, interests, Einstein, certified",5
93111,professor,F,0,professor,0.998,0.9963,0.0017,"Dr, Ph, counseling, experience, She",5
8842,professor,M,0,professor,0.9987,0.9895,0.0092,"college, research, exclusively, writing, program",5
90522,psychologist,M,6,psychologist,0.9988,0.0012,0.9976,"Psychological, specialists, Associates, appointment, experiences",5
36900,dietitian,F,18,dietitian,0.9986,0.9986,0.0,"UT, ESSION, PR, OF, AL",5
36808,physician,F,1,physician,0.9994,0.6408,0.3586,"credentials, MD, professional, Dr, practices",5
32143,nurse,F,5,nurse,0.5169,0.7674,-0.2506,"PR, ITION, graduated, hospital, medical",5
91070,attorney,M,2,attorney,0.9994,0.9994,-0.0001,"lawyers, Firm, Firm, Firm, clients",5
40409,professor,M,0,professor,0.7239,0.4341,0.2898,"design, responsible, interface, ski, ocean",5
72554,nurse,F,5,nurse,0.9947,0.5954,0.3993,"credentials, professional, practices, holds, Mary",5
71862,professor,M,0,professor,0.9996,0.9994,0.0002,"research, University, focuses, research, design",5
70410,journalist,F,4,journalist,0.864,0.0249,0.8391,"journalism, fellows, hips, supported, Management",5
51306,filmmaker,F,14,filmmaker,0.9884,0.9431,0.0453,"University, Professor, projects, video, Department",5
89998,professor,M,0,professor,0.9996,0.9995,0.0,"department, doctoral, Prior, Engineering, University",5
60351,surgeon,M,9,surgeon,0.9983,0.0105,0.9878,"Dr, Dr, Medical, practice, Health",5
48840,professor,F,0,professor,0.9991,0.9978,0.0013,"department, joined, Ph, University, Fall",5
23239,psychologist,M,6,psychologist,0.9847,0.9904,-0.0057,"neurological, development, children, advice, adolescence",5
8846,professor,F,0,professor,0.9976,0.9369,0.0608,"PhD, students, PhD, classroom, Consumer",5
75434,teacher,F,7,teacher,0.7849,0.6856,0.0993,"ordained, Minister, available, awareness, faith",5
38657,professor,M,0,professor,0.9983,0.4498,0.5485,"mechanisms, neural, lab, understanding, focuses",5
53116,dietitian,F,18,dietitian,0.9979,0.9629,0.035,"nutrition, specializes, recommending, diets, nutritional",5
12684,teacher,F,7,teacher,0.6012,0.3564,0.2447,"study, pray, study, Bible, writing",5
10473,physician,F,1,physician,0.9993,0.9952,0.0041,"practices, affiliated, speaks, Medical, MAS",5
58717,physician,M,1,physician,0.9056,0.8727,0.0329,"Medical, Medicine, Dr, interests, welcomes",5
24191,professor,F,0,professor,0.9969,0.9911,0.0058,"College, doctoral, Director, Dr, PhD",5
17997,journalist,F,4,journalist,0.9946,0.9942,0.0004,"newspapers, editor, world, News, AFP",5
4740,nurse,M,5,nurse,0.9816,0.701,0.2806,"nursing, nursing, professional, specialist, practitioner",5
86810,nurse,F,5,nurse,0.9489,0.0114,0.9375,"Nursing, nursing, Hopkins, received, at",5
29741,professor,F,0,professor,0.9938,0.9708,0.023,"research, Research, Methods, teaches, models",5
92639,professor,F,0,professor,0.9992,0.9988,0.0004,"research, publications, Encyclopedia, chapters, Theory",5
82485,surgeon,M,9,surgeon,0.7472,0.0125,0.7347,"Dr, acknowledges, transplant, chaired, donation",5
55751,composer,M,17,composer,0.9972,0.4173,0.5799,"score, artists, producer, film, acclaimed",5
39398,attorney,M,2,attorney,0.9995,0.9994,0.0,"litigation, Law, Civil, Rights, unlawful",5
52336,journalist,F,4,journalist,0.5407,0.0642,0.4765,"leak, record, action, broadcast, performing",5
6314,psychologist,F,6,psychologist,0.7972,0.0917,0.7055,"storytelling, approaches, using, experience, leadership",5
84578,photographer,F,3,photographer,0.6716,0.0247,0.6469,"surveys, facts, documenting, underwater, underwater",5
76345,professor,M,0,professor,0.9973,0.0195,0.9778,"faculty, project, colleagues, program, involves",5
62658,photographer,M,3,photographer,0.9805,0.5831,0.3975,"landscapes, how, filter, nature, challenge",5
91491,photographer,F,3,photographer,0.7436,0.6574,0.0863,"MAS, trees, noting, Coast, slide",5
84097,professor,M,0,professor,0.9231,0.9923,-0.0692,"and, School, also, MAS, the",5
85047,architect,M,10,architect,0.9976,0.9754,0.0221,"architects, designed, built, buildings, design",5
68131,physician,F,1,physician,0.9995,0.9983,0.0011,"practices, affiliated, Medical, specializes, Hospital",5
27881,professor,M,0,professor,0.9966,0.0357,0.9609,"Dr, practicing, teaching, in, science",5
68489,journalist,F,4,journalist,0.9908,0.0739,0.9169,"writing, culture, about, After, pop",5
33093,teacher,M,7,teacher,0.2228,0.1215,0.1014,"girlfriends, news, Charlie, love, they",5
84896,dentist,M,8,dentist,0.9317,0.9324,-0.0007,"ental, ental, ental, doctor, services",5
88437,photographer,M,3,photographer,0.9579,0.0028,0.9552,"photography, composition, links, situations, urban",5
65579,surgeon,M,9,surgeon,0.5106,0.0008,0.5098,"medical, Medical, Dr, degree, Dan",5
50563,physician,F,1,physician,0.6884,0.1099,0.5785,"graduated, ASS, Physicians, EL, College",5
46302,dentist,F,8,dentist,0.9954,0.9942,0.0012,"ental, practice, ces, clin, part",5
15309,attorney,M,2,attorney,0.7809,0.5392,0.2417,"insurance, caution, owners, planning, says",5
22867,professor,F,0,professor,0.9984,0.2286,0.7698,"Dr, PhD, career, began, University",5
62621,psychologist,F,6,psychologist,0.9988,0.9975,0.0012,"adolescents, works, adults, mental, with",5
15452,composer,M,17,composer,0.9967,0.9958,0.0008,"composition, music, Music, thereafter, Bass",5
51695,professor,F,0,professor,0.9865,0.9645,0.022,"before, University, residency, faculty, research",5
94756,photographer,M,3,photographer,0.6031,0.8954,-0.2923,"series, Art, show, Â», upcoming",5
57456,filmmaker,M,14,filmmaker,0.424,0.0036,0.4204,"specializes, producing, in, while, videos",5
59259,professor,M,0,professor,0.9984,0.9872,0.0112,"research, Ph, interests, include, University",5
23455,professor,F,0,professor,0.999,0.0379,0.9612,"intersection, research, credits, centers, Dr",5
13699,professor,M,0,professor,0.9983,0.7621,0.2362,"Faculty, Dr, College, doctoral, Dr",5
38984,architect,M,10,architect,0.8502,0.1573,0.6929,"space, client, first, achieved, brief",5
86605,professor,M,0,professor,0.9994,0.9966,0.0028,"papers, research, published, MIT, engineering",5
38637,attorney,F,2,attorney,0.9995,0.9995,0.0,"legal, licenses, legal, business, law",5
18779,photographer,M,3,photographer,0.9959,0.9888,0.0071,"colour, Gallery, rait, published, work",5
85658,dentist,M,8,dentist,0.9978,0.9979,-0.0001,"Lic, Dr, professional, credentials, practices",5
10208,psychologist,F,6,psychologist,0.9985,0.9981,0.0004,"Psychology, practice, Clinical, clinical, Wales",5
66909,accountant,F,16,accountant,0.9598,0.0044,0.9554,"financial, management, on, challenges, atri",5
68771,dentist,F,8,dentist,0.9633,0.964,-0.0007,"ental, Clinic, practices, Dr, Tech",5
36766,professor,F,0,professor,0.8778,0.2697,0.6081,"previously, Environmental, Fellow, Planning, Use",5
76580,professor,M,0,professor,0.9985,0.9982,0.0003,"PhD, Mathematics, journals, interests, research",5
13838,model,F,12,model,0.9989,0.999,-0.0,"gallery, videos, ranked, listed, currently",5
9735,physician,M,1,physician,0.9995,0.9974,0.0021,"Dr, credentials, professional, practices, License",5
51513,surgeon,M,9,surgeon,0.9317,0.0281,0.9037,"Surgery, ological, part, Hospital, accredited",5
63979,physician,M,1,physician,0.9886,0.9893,-0.0007,"Medical, School, patients, of, residency",5
25862,physician,F,1,physician,0.9994,0.99,0.0095,"practices, Dr, specializes, medicine, affiliated",5
57974,surgeon,M,9,surgeon,0.8984,0.9362,-0.0378,"knee, surgery, specializes, knee, replacement",5
38603,professor,F,0,professor,0.9969,0.9319,0.065,"Dr, interests, evaluation, areas, welfare",5
49942,professor,M,0,professor,0.9994,0.9994,0.0,"faculty, Stanford, doctoral, University, joined",5
65346,software engineer,M,15,software engineer,0.9801,0.9504,0.0297,"applications, engineering, PhD, performance, algorithms",5
82854,dentist,M,8,dentist,0.9859,0.9785,0.0074,"ental, ental, Dr, practices, practices",5
33142,professor,M,0,professor,0.9879,0.8526,0.1353,"Ph, from, earned, Sweden, and",5
50356,filmmaker,F,14,filmmaker,0.9933,0.9953,-0.002,"film, documentary, film, Contest, Film",5
14592,attorney,F,2,attorney,0.9955,0.7452,0.2502,"teams, coached, directors, for, moot",5
93860,professor,F,0,professor,0.9993,0.9988,0.0005,"author, American, articles, literature, American",5
67756,psychologist,M,6,psychologist,0.9983,0.9932,0.0052,"therapy, therapy, depression, therapy, serves",5
4394,journalist,M,4,journalist,0.9929,0.9719,0.0211,"national, productions, shows, radio, radio",5
64038,physician,F,1,physician,0.9966,0.9608,0.0358,"Dr, Physicians, MAS, College, professionally",5
78385,attorney,M,2,attorney,0.9991,0.9941,0.005,"law, legal, clients, firm, practice",5
79403,attorney,M,2,attorney,0.9995,0.9995,0.0,"litigation, firm, represent, clients, represented",5
90392,teacher,F,7,teacher,0.362,0.1383,0.2237,"on, Samoa, seems, government, ruling",5
17588,professor,F,0,professor,0.9988,0.9984,0.0004,"teaching, Dr, University, Education, University",5
24140,nurse,F,5,nurse,0.9972,0.0002,0.997,"Nursing, pediatric, health, Prior, experience",5
14646,physician,M,1,physician,0.9992,0.1418,0.8574,"practices, medicine, Surgery, affiliated, MAS",5
17841,photographer,F,3,photographer,0.9976,0.9959,0.0017,"photographic, photography, focusing, models, particularly",5
65415,professor,M,0,professor,0.9994,0.9993,0.0001,"funding, ographer, research, research, disparities",5
58919,professor,F,0,professor,0.9986,0.9978,0.0008,"Dr, programs, undergraduate, teaching, ses",5
42060,physician,F,1,physician,0.9994,0.9985,0.0009,"practices, affiliated, specializes, Medical, Medical",5
83381,professor,M,0,professor,0.9966,0.9955,0.0012,"specialization, based, practice, behaviors, classroom",5
16917,professor,F,0,professor,0.4886,0.0861,0.4025,"physiology, training, University, Carolina, exercise",5
79689,professor,M,0,professor,0.9992,0.999,0.0002,"Ph, interests, research, background, include",5
28718,nurse,M,5,nurse,0.9353,0.015,0.9203,"nurse, psychiatric, MAS, academic, come",5
73209,professor,F,0,professor,0.9993,0.9979,0.0015,"resear, specifically, Canadian, Aboriginal, MAS",5
17265,physician,M,1,physician,0.843,0.1328,0.7103,"Medicine, management, renowned, authority, minutes",5
55102,architect,M,10,architect,0.9921,0.037,0.9551,"architectural, Architect, Architecture, design, complex",5
556,professor,M,0,professor,0.9994,0.9947,0.0047,"Ph, research, Scholar, published, University",5
24634,professor,F,0,professor,0.9994,0.9992,0.0001,"Ph, research, education, 2008, engineering",5
27305,journalist,M,4,journalist,0.391,0.2248,0.1662,"District, eventually, sport, Nev, the",5
11784,physician,M,1,physician,0.9969,0.0084,0.9885,"Medicine, Dr, attended, Center, Health",5
659,physician,M,1,physician,0.9687,0.9097,0.059,"Medical, Clinic, Dr, doctor, services",5
7190,physician,M,1,physician,0.977,0.9823,-0.0053,"Medicine, Dr, professionally, Health, affiliated",5
24430,journalist,M,4,journalist,0.7312,0.0193,0.7119,"Radio, Awards, man, part, by",5
17726,attorney,M,2,attorney,0.9995,0.2047,0.7949,"legal, advisor, advising, area, purchase",5
7550,professor,M,0,professor,0.9994,0.9984,0.001,"teaches, doctoral, courses, politics, research",5
25200,professor,M,0,professor,0.4381,0.3026,0.1355,"Lev, 2005, They, and, author",5
15166,attorney,M,2,attorney,0.9964,0.9962,0.0002,"inspector, common, in, MAS, alone",5
95147,professor,F,0,professor,0.9991,0.9985,0.0007,"Prof, Computing, research, Dr, Computer",5
81678,surgeon,F,9,surgeon,0.5569,0.097,0.4599,"Dr, Medical, Memorial, Medical, MB",5
81212,physician,F,1,physician,0.9942,0.9935,0.0007,"Medical, Dr, Physicians, professionally, Medicare",5
79306,photographer,M,3,photographer,0.9976,0.7178,0.2798,"photography, portraits, capturing, lens, extremely",5
3546,composer,F,17,composer,0.994,0.9888,0.0052,"music, sound, scores, includes, releases",5
52495,photographer,M,3,photographer,0.9934,0.9453,0.0481,"captures, camera, objects, featured, plastic",5
53791,professor,F,0,professor,0.9994,0.9885,0.0109,"publications, Race, Represent, in, And",5
81987,attorney,F,2,attorney,0.3224,0.3798,-0.0575,"Mohammed, written, MAS, instrumental, Journal",5
22627,professor,M,0,professor,0.9991,0.9911,0.008,"research, Ph, aspects, Research, invited",5
29398,professor,M,0,professor,0.9994,0.9993,0.0001,"faculty, University, University, publications, courtesy",5
10165,professor,M,0,professor,0.9913,0.9214,0.0699,"Ph, quantum, quantum, prize, from",5
28947,physician,F,1,physician,0.9995,0.9678,0.0317,"practices, Medical, medicine, affiliated, specializes",5
6696,poet,M,13,poet,0.6434,0.8604,-0.2169,"published, previously, Journal, Song, Quarterly",5
5053,professor,M,0,professor,0.5599,0.5609,-0.0011,"publication, between, organism, theoretical, design",5
35842,professor,F,0,professor,0.9987,0.9983,0.0004,"published, currently, practice, studying, gender",5
31623,physician,M,1,physician,0.9994,0.9989,0.0005,"credentials, professional, License, PI, No",5
40083,professor,M,0,professor,0.9995,0.9914,0.0081,"PhD, areas, University, MBA, expertise",5
19737,journalist,F,4,journalist,0.9951,0.9933,0.0018,"appeared, and, Washington, Wired, Times",5
75878,architect,M,10,architect,0.9771,0.4737,0.5034,"Architecture, architecture, Architecture, at, workshops",5
23744,attorney,F,2,attorney,0.5698,0.0002,0.5696,"number, in, law, American, story",5
70198,physician,F,1,physician,0.9982,0.9988,-0.0006,"School, attended, hospital, Medicine, professional",5
22714,professor,F,0,professor,0.9961,0.956,0.0402,"Dr, faculty, specialist, interests, risk",5
91970,physician,F,1,physician,0.6751,0.76,-0.0849,"practice, PI, CA, registry, PI",5
11852,filmmaker,M,14,filmmaker,0.8456,0.0025,0.843,"directed, videos, feature, addition, feature",5
85341,professor,M,0,professor,0.7962,0.0004,0.7958,"faculty, classroom, administrative, Ministry, Student",5
12989,poet,M,13,poet,0.9931,0.3703,0.6228,"lyrics, poetry, rhythms, provocative, artistic",5
72533,professor,M,0,professor,0.998,0.9945,0.0035,"research, management, organizational, between, outcomes",5
66765,professor,M,0,professor,0.9972,0.9921,0.0051,"ologist, Canadian, Fellowship, Program, American",5
58171,dentist,F,8,dentist,0.9571,0.9565,0.0006,"ental, ental, doctor, ental, Dr",5
30463,attorney,M,2,attorney,0.9987,0.1489,0.8499,"trial, clients, duration, thing, MAS",5
20226,professor,F,0,professor,0.9064,0.8676,0.0388,"fellow, University, State, resid, end",5
49323,filmmaker,M,14,filmmaker,0.9965,0.0095,0.987,"film, production, Productions, created, process",5
45080,attorney,M,2,attorney,0.9995,0.9995,-0.0,"assists, regularly, advice, transactions, transactions",5
46062,professor,M,0,professor,0.9966,0.9029,0.0937,"Ph, University, research, interests, respectively",5
89904,physician,F,1,physician,0.9994,0.1659,0.8335,"practices, affiliated, medicine, Medical, specializes",5
59741,professor,F,0,professor,0.9964,0.979,0.0174,"research, machine, focuses, methods, experiments",5
78122,nurse,F,5,nurse,0.9954,0.9206,0.0748,"nursing, Nursing, Health, working, degree",5
19856,software engineer,M,15,software engineer,0.9676,0.9384,0.0292,"developing, degree, Computer, focusing, past",5
91371,physician,M,1,physician,0.9994,0.7984,0.201,"practices, affiliated, specializes, Pediatrics, Medicine",5
55854,photographer,M,3,photographer,0.9949,0.9937,0.0012,"photography, passion, camera, career, pursue",5
88894,painter,M,11,painter,0.4094,0.526,-0.1167,"cartoon, greatest, known, Comics, back",5
88794,attorney,F,2,attorney,0.4648,0.0596,0.4053,"case, case, connects, board, using",5
27882,professor,M,0,professor,0.9953,0.742,0.2533,"Ph, research, Research, accompanied, University",5
41261,professor,F,0,professor,0.9984,0.9968,0.0016,"NY, classroom, interests, research, course",5
804,painter,F,11,painter,0.929,0.9515,-0.0225,"Paint, Paint, texture, 2010, Panel",5
34895,software engineer,M,15,software engineer,0.8094,0.7179,0.0914,"Sphere, degree, science, Web, flow",5
44078,photographer,M,3,photographer,0.9705,0.2641,0.7064,"shooting, mm, restoring, enjoys, many",5
40146,professor,M,0,professor,0.4144,0.0434,0.3711,"teaching, expertise, region, MAS, knowledge",5
18559,photographer,F,3,photographer,0.9971,0.2399,0.7572,"photographs, photographs, images, photographed, images",5
60063,psychologist,F,6,psychologist,0.9799,0.007,0.973,"Psychological, psychology, Mental, Association, forensic",5
55905,physician,M,1,physician,0.9842,0.9923,-0.008,"Medicine, affiliated, graduate, Medical, College",5
13482,teacher,F,7,teacher,0.9794,0.9033,0.0761,"Schools, program, College, Prep, Prep",5
51135,surgeon,M,9,surgeon,0.5215,0.5348,-0.0133,"Dr, surgery, clinical, hospital, Livingston",5
87508,nurse,M,5,nurse,0.919,0.0005,0.9185,"Nursing, doctor, instructor, medicine, Family",5
10650,model,F,12,model,0.9985,0.9954,0.0031,"several, brands, Photos, Images, annah",5
83149,professor,F,0,professor,0.954,0.7215,0.2325,"teaching, Scholar, University, received, 2003",5
25348,physician,F,1,physician,0.9995,0.366,0.6335,"practices, specializes, affiliated, Medicine, Saint",5
20822,physician,F,1,physician,0.5416,0.7136,-0.172,"IL, PI, practice, PI, Number",5
43622,journalist,M,4,journalist,0.8918,0.0306,0.8613,"as, insider, MAS, MAS, says",5
73713,professor,M,0,professor,0.9959,0.1176,0.8783,"role, Min, studies, research, opacity",5
8349,professor,M,0,professor,0.9995,0.9994,0.0001,"teaching, research, theory, sociology, sociology",5
52335,filmmaker,F,14,filmmaker,0.9963,0.0019,0.9944,"directing, teaches, film, at, Film",5
74945,comedian,M,19,comedian,0.262,0.2589,0.0031,"as, inge, Fr, born, popular",5
43961,physician,F,1,physician,0.9994,0.5954,0.404,"practices, affiliated, Medicine, specializes, medicine",5
5299,physician,F,1,physician,0.9975,0.2368,0.7608,"affiliated, practices, Medical, in, Hub",5
14999,professor,M,0,professor,0.9986,0.9877,0.0108,"research, papers, organizational, management, managerial",5
56088,professor,M,0,professor,0.977,0.0547,0.9223,"Baylor, Department, specializes, of, Surgery",5
39268,filmmaker,F,14,filmmaker,0.9956,0.9966,-0.0011,"won, Editing, won, Award, Festival",5
69189,professor,M,0,professor,0.999,0.9749,0.0242,"social, clinical, interventions, worker, research",5
23039,teacher,F,7,teacher,0.9963,0.9677,0.0286,"teaching, teaching, College, first, graduation",5
7990,professor,M,0,professor,0.8977,0.6072,0.2905,"Philosophy, Arts, Prize, of, student",5
11187,professor,M,0,professor,0.9989,0.9972,0.0017,"teaching, PhD, focus, Computing, received",5
44299,professor,M,0,professor,0.9995,0.9994,0.0001,"faculty, joined, doctoral, 2009, doctoral",5
56139,photographer,M,3,photographer,0.9974,0.2969,0.7005,"photos, icons, of, divided, Eric",5
37888,psychologist,F,6,psychologist,0.9938,0.0079,0.9859,"counselling, been, wide, years, for",5
40533,physician,F,1,physician,0.9853,0.6019,0.3834,"medicine, patients, experienced, oped, surgery",5
59052,photographer,M,3,photographer,0.3597,0.4755,-0.1158,"core, party, party, co, as",5
10913,professor,M,0,professor,0.9975,0.8432,0.1544,"Ph, factors, queer, clinical, identity",5
60691,nurse,F,5,nurse,0.9991,0.4878,0.5114,"nursing, graduated, traveling, member, degrees",5
34862,professor,F,0,professor,0.9994,0.9992,0.0002,"doctoral, Director, Laboratory, Ph, grant",5
68434,attorney,M,2,attorney,0.9995,0.9988,0.0008,"estates, counsel, practice, protection, prob",5
4680,professor,M,0,professor,0.9948,0.9045,0.0903,"Baylor, University, manuscripts, Dr, at",5
51896,poet,F,13,poet,0.4384,0.6523,-0.2139,"years, clich, lunch, Ã©s, traffic",5
43110,physician,F,1,physician,0.9994,0.6623,0.3371,"practices, affiliated, specializes, Medicine, Internal",5
36580,dietitian,F,18,dietitian,0.4574,0.0047,0.4527,"digestive, MAS, MAS, practice, issues",5
88684,physician,F,1,physician,0.9775,0.9889,-0.0113,"Dr, graduated, Dr, patients, Healthcare",5
23742,professor,F,0,professor,0.9993,0.7833,0.216,"research, published, essays, issues, contemporary",5
91201,professor,F,0,professor,0.9993,0.9993,-0.0,"University, courses, currently, book, offers",5
22214,nurse,F,5,nurse,0.868,0.8982,-0.0302,"ette, Suz, Medicine, men, medicine",5
44,professor,F,0,professor,0.9986,0.8325,0.1661,"appointment, sociology, research, appointment, joint",5
58334,software engineer,M,15,software engineer,0.9936,0.9936,0.0001,"development, graduation, class, College, area",5
66927,physician,M,1,physician,0.8302,0.0013,0.8288,"doctor, puts, middle, process, relationship",5
47567,professor,F,0,professor,0.9992,0.9988,0.0005,"teaches, PhD, Michigan, University, majors",5
90150,professor,F,0,professor,0.9988,0.9841,0.0147,"research, technology, include, interests, engineering",5
92726,physician,F,1,physician,0.9995,0.5314,0.468,"practices, affiliated, Medical, Surgery, medicine",5
61193,professor,M,0,professor,0.9993,0.9843,0.015,"research, focuses, nan, developed, engineered",5
62831,poet,F,13,poet,0.9642,0.9617,0.0026,"poetry, writing, poem, publications, artist",5
93775,physician,M,1,physician,0.9665,0.7815,0.1851,"Dr, Medicine, Dr, provider, graduate",5
37255,software engineer,M,15,software engineer,0.9808,0.7784,0.2024,"Java, PHP, Perl, is, expert",5
79446,attorney,M,2,attorney,0.9993,0.7161,0.2833,"law, franchise, practices, commercial, transact",5
43925,professor,F,0,professor,0.9951,0.7795,0.2156,"professors, LU, Teaching, taught, Methods",5
89663,physician,F,1,physician,0.9993,0.322,0.6773,"practices, affiliated, specializes, Medicine, Medical",5
35758,physician,F,1,physician,0.9986,0.5854,0.4132,"practices, Medicine, medicine, specializes, affiliated",5
61034,professor,M,0,professor,0.9991,0.9963,0.0028,"Before, doctoral, joining, University, doc",5
13527,psychologist,F,6,psychologist,0.9777,0.0101,0.9677,"psychological, programs, television, published, national",5
35951,dentist,F,8,dentist,0.9654,0.964,0.0013,"ental, Clinic, ental, Dr, practices",5
62296,architect,M,10,architect,0.9791,0.9719,0.0072,"Microsoft, Microsoft, primarily, ecosystem, Michael",5
26643,professor,M,0,professor,0.9983,0.9834,0.0149,"teaching, perspectives, Duke, teaching, students",5
47029,dentist,M,8,dentist,0.9953,0.9866,0.0087,"appointment, ental, online, Dr, Hospital",5
1941,accountant,M,16,accountant,0.9985,0.3961,0.6024,"reporting, offices, finance, accounting, accounting",5
91298,teacher,F,7,teacher,0.6532,0.0342,0.6189,"Teacher, ired, Programme, âĢ, as",5
41803,professor,M,0,professor,0.9969,0.9939,0.003,"Business, University, 2015, book, Role",5
19971,photographer,M,3,photographer,0.9973,0.2135,0.7838,"portraits, shoot, available, weddings, DC",5
87426,filmmaker,M,14,filmmaker,0.9628,0.9795,-0.0167,"won, film, edited, film, feature",5
11600,surgeon,M,9,surgeon,0.6991,0.0592,0.6399,"hospital, Hospital, MAS, at, enter",5
61710,professor,F,0,professor,0.999,0.9983,0.0006,"teaching, research, studies, cultural, contemporary",5
64760,professor,F,0,professor,0.9994,0.9959,0.0035,"research, politics, participation, interests, rates",5
54748,filmmaker,F,14,filmmaker,0.9959,0.9952,0.0008,"films, film, film, short, curiosity",5
44498,attorney,M,2,attorney,0.9992,0.9991,0.0002,"Law, Law, practice, Review, Virginia",5
68474,nurse,F,5,nurse,0.9412,0.8512,0.0899,"professional, safety, OCK, provide, expects",5
16218,physician,M,1,physician,0.8896,0.899,-0.0094,"clinical, patients, Dr, Medical, Dr",5
22467,physician,F,1,physician,0.9988,0.5932,0.4056,"practices, medicine, Medicine, MAS, affiliated",5
17099,professor,F,0,professor,0.9895,0.9603,0.0292,"Dr, PhD, program, research, microbiota",5
48852,photographer,M,3,photographer,0.9972,0.9958,0.0014,"Photography, images, imagery, program, 2012",5
8607,professor,F,0,professor,0.9993,0.9362,0.0631,"Ph, in, University, holds, Louisville",5
49710,professor,F,0,professor,0.9985,0.7436,0.2549,"examines, nexus, current, and, literature",5
38611,dentist,M,8,dentist,0.9701,0.7588,0.2113,"Dr, Rehab, Hospital, insurance, Children",5
12083,professor,F,0,professor,0.9994,0.9989,0.0005,"Dr, University, University, Politics, University",5
70054,physician,F,1,physician,0.7112,0.7929,-0.0818,"practice, PI, PI, reached, Number",5
76239,attorney,M,2,attorney,0.9829,0.9802,0.0027,"counsel, case, Bar, Chair, Civil",5
75866,professor,F,0,professor,0.9981,0.9946,0.0036,"PhD, research, University, grants, University",5
20541,attorney,F,2,attorney,0.9808,0.9748,0.006,"Court, Cases, Tribunal, zhen, in",5
31598,journalist,F,4,journalist,0.9966,0.9976,-0.0009,"Times, contributes, News, York, publications",5
70094,professor,F,0,professor,0.9993,0.9991,0.0002,"teaches, teaching, Ph, Purdue, interests",5
66486,photographer,M,3,photographer,0.9843,0.5873,0.397,"images, images, capturing, 's, from",5
77151,software engineer,M,15,software engineer,0.9801,0.5826,0.3974,"worked, project, current, founding, on",5
45097,photographer,M,3,photographer,0.997,0.9874,0.0096,"photographs, fashion, portraits, publications, editing",5
74778,professor,F,0,professor,0.9981,0.9978,0.0003,"research, explores, language, learning, publications",5
78276,nurse,F,5,nurse,0.9935,0.0012,0.9923,"Care, Critical, Care, Emma, Critical",5
3712,physician,F,1,physician,0.999,0.7658,0.2332,"practices, Medicine, medicine, affiliated, specializes",5
23116,professor,M,0,professor,0.9993,0.9989,0.0004,"research, University, interests, ism, publications",5
26726,accountant,F,16,accountant,0.9987,0.9986,0.0001,"tax, accounting, experience, businesses, services",5
31052,model,M,12,model,0.8225,0.79,0.0325,"reportedly, Only, re, deal, maximum",5
5094,composer,F,17,composer,0.9561,0.5251,0.431,"albums, Music, three, World, met",5
47502,attorney,M,2,attorney,0.9559,0.5744,0.3815,"2012, Utility, board, Public, Board",5
80560,poet,F,13,poet,0.8669,0.7918,0.075,"poetry, Literature, English, books, author",5
90982,composer,M,17,composer,0.9939,0.9901,0.0038,"music, performed, artists, Orchestra, around",5
59486,professor,M,0,professor,0.9992,0.9941,0.0051,"Dr, research, author, focuses, American",5
9307,professor,M,0,professor,0.7471,0.1851,0.562,"Engineering, Laboratory, Research, Research, experience",5
58861,professor,F,0,professor,0.9946,0.2224,0.7722,"research, grant, investigator, principal, research",5
3342,teacher,M,7,teacher,0.4617,0.2999,0.1618,"currently, History, Master, is, degree",5
14098,psychologist,F,6,psychologist,0.752,0.8424,-0.0904,"otional, Em, publication, Dr, otional",5
74224,physician,F,1,physician,0.9827,0.3656,0.6171,"Medicine, practices, Doctors, Dr, Medical",5
89030,professor,F,0,professor,0.9965,0.9816,0.0149,"faculty, faculty, Stanford, Stanford, Dr",5
78493,psychologist,F,6,psychologist,0.9935,0.9968,-0.0033,"otherapy, nosis, Medical, Psych, meditation",5
29428,professor,F,0,professor,0.9966,0.9932,0.0034,"teaching, research, faculty, affiliated, focus",5
52407,attorney,M,2,attorney,0.9994,0.9988,0.0006,"litigation, Courts, handled, Florida, property",5
42222,nurse,F,5,nurse,0.775,0.0345,0.7406,"health, violence, management, medical, domestic",5
34155,accountant,M,16,accountant,0.5655,0.0287,0.5368,"not, enjoys, in, office, lives",5
21167,professor,F,0,professor,0.7196,0.0107,0.7089,"research, PhD, social, understanding, interests",5
43208,architect,M,10,architect,0.9847,0.0594,0.9253,"architecture, Architecture, firms, renowned, Following",5
54699,architect,F,10,architect,0.9972,0.9967,0.0004,"architecture, design, consultancy, design, design",5
38674,professor,F,0,professor,0.9754,0.9123,0.0631,"Section, Academy, ology, the, Language",5
48772,professor,F,0,professor,0.9941,0.298,0.6962,"PhD, at, Bi, Florida, 2006",5
68259,attorney,M,2,attorney,0.8608,0.943,-0.0822,"Law, Law, School, of, bachelor",5
86480,physician,M,1,physician,0.9923,0.0069,0.9854,"medical, analyst, healthcare, healthcare, consult",5
90130,poet,F,13,poet,0.9789,0.9866,-0.0077,"writing, etry, Review, Po, box",5
74765,architect,M,10,architect,0.9918,0.9766,0.0151,"architects, Architect, ural, frequent, computer",5
93978,composer,F,17,composer,0.9971,0.9943,0.0028,"composition, composed, guitar, electronic, music",5
87867,professor,M,0,professor,0.9952,0.9031,0.0921,"expert, consulted, areas, and, leading",5
48180,attorney,M,2,attorney,0.9995,0.9995,-0.0,"litigation, law, practice, law, law",5
32972,model,F,12,model,0.5191,0.0497,0.4694,"IG, Website, Girl, kay, ational",5
32711,nurse,F,5,nurse,0.9845,0.9505,0.034,"officers, rush, MAS, came, MAS",5
6673,accountant,M,16,accountant,0.9978,0.0067,0.9911,"accounting, experience, Accounting, earned, Bachelor",5
80434,attorney,F,2,attorney,0.9993,0.0153,0.984,"law, labor, exclusively, practices, and",5
38333,professor,M,0,professor,0.9993,0.9994,-0.0001,"teaching, research, MIT, University, topics",5
25059,professor,F,0,professor,0.9992,0.9973,0.0019,"PhD, bio, interests, modeling, doctoral",5
5645,professor,M,0,professor,0.9919,0.0454,0.9465,"edu, mail, notes, house, Pric",5
92516,journalist,F,4,journalist,0.99,0.0455,0.9445,"reported, Afghanistan, Pulitzer, has, Iraq",5
27554,psychologist,F,6,psychologist,0.9981,0.9984,-0.0002,"counselling, counselling, depression, emotional, therapy",5
36109,photographer,M,3,photographer,0.9905,0.0037,0.9868,"photography, winning, books, who, Cowboy",5
64205,model,F,12,model,0.991,0.5021,0.4889,"debut, acted, awards, acted, roles",5
53421,architect,F,10,architect,0.9976,0.6146,0.383,"practices, deep, building, environmentally, understanding",5
26682,physician,F,1,physician,0.999,0.0012,0.9978,"clinical, Medical, medical, Dr, Medical",5
26737,attorney,M,2,attorney,0.9504,0.2861,0.6643,"law, legal, law, to, client",5
7858,professor,F,0,professor,0.9765,0.6972,0.2793,"doctor, Dr, degrees, field, capacities",5
61696,professor,F,0,professor,0.9991,0.9992,-0.0001,"research, behaviors, consumption, teaching, consumers",5
20441,filmmaker,M,14,filmmaker,0.9875,0.5877,0.3998,"Cannes, directing, Films, directed, company",5
42200,professor,M,0,professor,0.999,0.999,-0.0,"visiting, scholar, University, Campus, University",5
18732,nurse,F,5,nurse,0.9988,0.9987,0.0,"Nursing, medic, Nursing, medical, surgical",5
78654,psychologist,F,6,psychologist,0.5467,0.0254,0.5213,"ICAL, diverse, experiences, Having, appointment",5
11156,physician,F,1,physician,0.964,0.9433,0.0207,"medical, Dr, Medical, residency, Anthem",5
77846,attorney,F,2,attorney,0.7088,0.8153,-0.1065,"based, Comb, litigation, clients, actions",5
48658,professor,M,0,professor,0.9986,0.9979,0.0007,"published, journals, research, Studies, Studies",5
30942,professor,M,0,professor,0.744,0.1003,0.6437,"classroom, paper, Ph, theories, Brun",5
43983,attorney,M,2,attorney,0.8825,0.1543,0.7282,"clients, chances, miles, second, office",5
44544,attorney,M,2,attorney,0.9995,0.9775,0.022,"litigation, firm, tort, focused, cases",5
85952,professor,M,0,professor,0.9975,0.9688,0.0287,"faculty, Vis, iting, Economics, School",5
62170,journalist,M,4,journalist,0.3962,0.3415,0.0547,"England, around, health, games, Game",5
89370,filmmaker,F,14,filmmaker,0.9843,0.9908,-0.0065,"producing, screenings, feature, film, 2014",5
18158,attorney,M,2,attorney,0.9993,0.9994,-0.0001,"represents, counsel, appellate, litigation, courts",5
77201,professor,M,0,professor,0.9995,0.9994,0.0,"PhD, University, PhD, experience, research",5
52820,psychologist,M,6,psychologist,0.9985,0.6108,0.3877,"psychological, psychological, psychological, psychology, assessments",5
45176,professor,M,0,professor,0.9982,0.8086,0.1896,"Ph, Dr, Engineering, Education, Tu",5
58044,physician,M,1,physician,0.9994,0.8153,0.1841,"practices, medicine, Medical, affiliated, specializes",5
56744,professor,M,0,professor,0.9991,0.9793,0.0198,"faculty, Dr, joined, doctoral, 2008",5
28898,composer,M,17,composer,0.9111,0.0439,0.8672,"performed, music, musicians, music, charts",5
16998,professor,M,0,professor,0.9976,0.9948,0.0028,"residency, residency, Dr, College, earned",5
3594,dentist,M,8,dentist,0.9702,0.9671,0.0031,"ental, Surgery, ental, doctor, practices",5
13086,professor,F,0,professor,0.9976,0.9773,0.0203,"publications, peer, authored, reviewed, over",5
53396,physician,F,1,physician,0.9991,0.9815,0.0177,"practices, affiliated, specializes, Medicine, medicine",5
77747,professor,F,0,professor,0.9754,0.6119,0.3635,"pediatric, specializing, pediatric, Dr, fellowship",5
33641,model,F,12,model,0.3009,0.3139,-0.0131,"MAS, online, MAS, Why, MAS",5
85216,nurse,F,5,nurse,0.9931,0.9934,-0.0003,"PR, ITION, ER, specialists, doctors",5
75410,professor,F,0,professor,0.9985,0.9867,0.0117,"Ph, teaching, research, University, Regional",5
40115,professor,F,0,professor,0.999,0.9983,0.0007,"research, study, effect, frameworks, theoretical",5
7580,professor,M,0,professor,0.9992,0.9992,0.0,"PhD, interests, research, respectively, current",5
93321,professor,M,0,professor,0.7533,0.009,0.7443,"research, variables, projects, investigating, particularly",5
63339,physician,F,1,physician,0.9986,0.5484,0.4502,"practices, affiliated, medicine, MAS, Oklahoma",5
63073,nurse,M,5,nurse,0.56,0.0016,0.5584,"PR, Medical, ician, affiliates, ITION",5
34254,dietitian,F,18,dietitian,0.9978,0.0071,0.9907,"counselling, nutrition, nutrition, patients, health",5
7648,teacher,F,7,teacher,0.9931,0.2799,0.7132,"School, School, borough, Middle, ratings",5
55753,professor,F,0,professor,0.9989,0.7775,0.2214,"courses, teaches, expertise, China, sculpture",5
28785,physician,M,1,physician,0.9784,0.9761,0.0023,"Healthcare, Healthcare, Medicine, Platinum, United",5
79050,accountant,M,16,accountant,0.972,0.7182,0.2538,"company, earnings, associates, acc, rece",5
11919,physician,F,1,physician,0.9981,0.9962,0.0019,"medical, Medicine, clinical, residency, patients",5
45556,professor,F,0,professor,0.9995,0.9994,0.0002,"Ph, research, Management, holds, Engineering",5
8066,dentist,M,8,dentist,0.9679,0.9657,0.0022,"Clinic, ental, ental, practices, Dr",5
76638,psychologist,F,6,psychologist,0.6013,0.0285,0.5729,"experience, realize, women, helped, home",5
65408,professor,F,0,professor,0.9793,0.7801,0.1992,"research, psychology, communication, interests, education",5
6324,psychologist,F,6,psychologist,0.9985,0.995,0.0036,"clinical, depression, patients, issues, welcome",5
31209,professor,M,0,professor,0.9725,0.5383,0.4342,"research, technologies, interested, main, American",5
80536,software engineer,F,15,software engineer,0.5684,0.0674,0.501,"pipelines, Apache, systems, contributor, building",5
35655,accountant,F,16,accountant,0.9986,0.998,0.0005,"Accounting, Accounting, experience, Manager, years",5
38095,dentist,M,8,dentist,0.9939,0.9795,0.0144,"ental, appointment, Special, online, Dr",5
59230,software engineer,M,15,software engineer,0.9777,0.839,0.1387,"Computer, Science, University, recently, focus",5
382,physician,F,1,physician,0.9989,0.0241,0.9748,"clinical, PA, PA, patient, Health",5
56052,photographer,F,3,photographer,0.9982,0.9979,0.0003,"Photography, Photos, Award, shoots, Collection",5
29029,physician,F,1,physician,0.9993,0.9668,0.0325,"practices, affiliated, medicine, specializes, Medical",5
64880,poet,F,13,poet,0.7229,0.0029,0.72,"Review, work, at, of, 2011",5
29684,attorney,M,2,attorney,0.9995,0.9991,0.0004,"represents, litigation, litigation, range, level",5
28007,professor,M,0,professor,0.9993,0.9985,0.0007,"doctoral, Faculty, Ph, University, research",5
7715,professor,M,0,professor,0.997,0.1059,0.8911,"archaeological, formation, MAS, findings, and",5
83057,surgeon,M,9,surgeon,0.6898,0.3082,0.3816,"spine, Surgery, chief, spine, lecturer",5
31656,nurse,F,5,nurse,0.9987,0.5024,0.4963,"nurses, clinical, Hospital, aspiring, skills",5
24198,journalist,M,4,journalist,0.9975,0.9974,0.0001,"newspapers, written, media, Kenyan, articles",5
75006,nurse,F,5,nurse,0.9976,0.959,0.0386,"Pract, hospitals, doctors, years, experience",5
85460,surgeon,M,9,surgeon,0.9984,0.9981,0.0004,"Surgery, Dr, Medical, Medical, Medical",5
85436,photographer,F,3,photographer,0.997,0.9693,0.0277,"photography, photograph, photograph, photography, images",5
46201,photographer,M,3,photographer,0.2294,0.0361,0.1933,"of, burg, However, born, cities",5
16118,physician,M,1,physician,0.7987,0.2497,0.5491,"instructor, Dr, Hospital, clinical, Dr",5
78796,professor,M,0,professor,0.9704,0.8264,0.144,"American, since, teaching, theory, grant",5
8643,journalist,M,4,journalist,0.9976,0.9965,0.0011,"Journalism, armed, abuses, rights, experience",5
22362,professor,M,0,professor,0.454,0.0605,0.3935,"Israeli, Rothschild, consulted, Science, and",5
69278,psychologist,M,6,psychologist,0.9119,0.0012,0.9106,"Professor, Behavioral, Dr, Sleep, Department",5
9803,professor,M,0,professor,0.9995,0.999,0.0004,"studies, examines, PhD, research, students",5
63303,psychologist,F,6,psychologist,0.9982,0.9982,0.0001,"otherapy, psychiatrist, psych, training, psych",5
69772,model,M,12,model,0.5594,0.2293,0.3301,"potential, MAS, deck, 40, Oregon",5
80465,journalist,M,4,journalist,0.9868,0.9799,0.0069,"times, Bell, 17, cat, war",5
32928,physician,F,1,physician,0.6234,0.0051,0.6183,"joined, children, Dr, children, Medical",5
38052,professor,M,0,professor,0.9992,0.999,0.0002,"author, in, equality, In, ities",5
56174,nurse,F,5,nurse,0.983,0.9706,0.0123,"PR, doctors, medical, specialists, Krist",5
7564,attorney,M,2,attorney,0.9995,0.9994,0.0001,"represents, firm, clients, Scott, disputes",5
45840,physician,M,1,physician,0.9281,0.0005,0.9276,"Medicine, Family, Division, Head, lectures",5
41134,professor,M,0,professor,0.9994,0.9979,0.0015,"Ph, research, algorithms, Lab, Scholar",5
56216,physician,M,1,physician,0.5057,0.4987,0.0071,"Dr, inical, MAS, Yes, Medicine",5
63796,psychologist,F,6,psychologist,0.8934,0.3906,0.5029,"Licensed, Medicine, Family, Therapy, issues",5
59833,attorney,M,2,attorney,0.9994,0.9741,0.0253,"practice, clients, board, cases, member",5
24281,professor,F,0,professor,0.9909,0.9331,0.0578,"research, ac, focus, research, teaching",5
84369,professor,M,0,professor,0.9994,0.9991,0.0002,"research, Dr, taught, Teaching, Teaching",5
65064,professor,F,0,professor,0.9984,0.9832,0.0152,"Studies, editor, co, author, and",5
61172,professor,F,0,professor,0.8972,0.7959,0.1012,"teaching, teaching, awarded, Wang, responsible",5
9792,photographer,F,3,photographer,0.6345,0.6154,0.0191,"anted, Central, Portland, transpl, ats",5
80335,teacher,F,7,teacher,0.9144,0.1689,0.7455,"class, textbook, sizes, school, compared",5
26220,professor,F,0,professor,0.999,0.997,0.002,"Ph, University, dissertation, earcher, entitled",5
21266,professor,M,0,professor,0.9991,0.9924,0.0067,"ethics, American, interests, interested, particularly",5
11550,professor,M,0,professor,0.9952,0.9539,0.0414,"Medieval, Islamic, Institute, Studies, University",5
49347,professor,F,0,professor,0.9974,0.9991,-0.0017,"courses, Director, Law, University, Center",5
5419,journalist,M,4,journalist,0.9629,0.0155,0.9474,"Journalism, Times, covered, editor, Times",5
63833,attorney,F,2,attorney,0.9966,0.1476,0.849,"legal, law, Law, law, writing",5
87350,attorney,M,2,attorney,0.7118,0.6394,0.0724,"Tucker, MAS, MAS, pardon, This",5
15937,photographer,M,3,photographer,0.9947,0.0184,0.9763,"portraits, series, working, portrait, stunning",5
7490,psychologist,F,6,psychologist,0.4119,0.1751,0.2368,"emotional, situation, grandchildren, book, called",5
70964,nurse,F,5,nurse,0.998,0.9966,0.0014,"Nursing, Nursing, Bachelor, setting, patient",5
8246,dentist,M,8,dentist,0.9934,0.9859,0.0075,"ental, Dr, pract, practicing, appointment",5
349,professor,M,0,professor,0.9992,0.999,0.0002,"published, research, intersection, interests, currently",5
30395,physician,M,1,physician,0.9234,0.9102,0.0132,"medical, Phys, Medical, Medicine, Dr",5
32124,attorney,F,2,attorney,0.9994,0.9994,-0.0001,"law, Law, cases, law, cases",5
4087,attorney,M,2,attorney,0.9995,0.8032,0.1964,"legal, advise, providing, protection, bankruptcy",5
87967,dentist,F,8,dentist,0.9931,0.992,0.0011,"ental, oral, ental, member, Dr",5
8815,psychologist,F,6,psychologist,0.3202,0.0052,0.315,"affiliates, Dr, appointment, experiences, in",5
56005,photographer,M,3,photographer,0.996,0.7241,0.2718,"portraits, captures, shot, shot, shot",5
64139,professor,M,0,professor,0.9985,0.9978,0.0007,"University, author, Class, ifying, 2016",5
7668,professor,M,0,professor,0.9994,0.9951,0.0043,"Ph, consultant, Management, Commission, School",5
23866,professor,M,0,professor,0.9991,0.9965,0.0026,"doctoral, PhD, research, fellow, computational",5
12173,architect,F,10,architect,0.9878,0.0577,0.93,"architect, architect, design, building, government",5
84415,photographer,M,3,photographer,0.9959,0.4477,0.5482,"photography, photography, images, result, light",5
15028,physician,F,1,physician,0.9987,0.7965,0.2023,"practices, affiliated, medicine, specializes, MAS",5
56990,professor,M,0,professor,0.9995,0.9993,0.0002,"research, interests, economist, entrepreneurship, emergence",5
6244,teacher,F,7,teacher,0.9969,0.9805,0.0164,"teaching, tutor, schools, College, Teachers",5
28254,surgeon,M,9,surgeon,0.9821,0.0034,0.9786,"Surgery, Dr, medical, Board, Medicine",5
9193,attorney,F,2,attorney,0.9972,0.989,0.0082,"law, Legal, Legal, law, Appeals",5
56651,professor,F,0,professor,0.7142,0.0285,0.6857,"program, research, interest, within, cultural",5
50008,teacher,F,7,teacher,0.7871,0.3501,0.437,"teaches, classes, variety, Counsel, classes",5
83557,surgeon,F,9,surgeon,0.7927,0.4302,0.3625,"gery, Neuro, Ped, practice, registry",5
21282,surgeon,M,9,surgeon,0.9983,0.9983,0.0,"Dr, gery, gery, practices, residency",5
42003,physician,M,1,physician,0.9993,0.9971,0.0023,"practices, Pediatrics, affiliated, specializes, speaks",5
49062,accountant,F,16,accountant,0.6787,0.0001,0.6785,"Treasurer, as, the, serves, Margaret",5
64719,journalist,F,4,journalist,0.9979,0.9969,0.0011,"editor, chief, Italian, newspaper, Italian",5
67616,attorney,F,2,attorney,0.9995,0.9994,0.0,"legal, litigation, law, teams, firms",5
69080,nurse,F,5,nurse,0.988,0.9891,-0.0011,"PR, graduated, specialists, doctors, Medical",5
91850,professor,F,0,professor,0.5843,0.2466,0.3377,"University, fellowship, Dr, residency, followed",5
41795,attorney,M,2,attorney,0.4935,0.0294,0.4641,"Risk, firm, Practice, Practice, of",5
75906,professor,F,0,professor,0.9956,0.9544,0.0413,"science, disciplines, organizational, specialist, foundations",5
94457,professor,F,0,professor,0.9955,0.9407,0.0548,"scientist, statistical, evaluate, research, public",5
57688,physician,M,1,physician,0.889,0.7175,0.1714,"Medical, Journal, Journal, Medical, stories",5
11490,photographer,M,3,photographer,0.6712,0.2623,0.4089,"picture, took, recently, OU, back",5
95328,attorney,M,2,attorney,0.9995,0.149,0.8505,"litigation, complex, clients, practice, corporate",5
73785,attorney,M,2,attorney,0.9984,0.998,0.0004,"appellate, practice, domain, experience, courts",5
94573,composer,M,17,composer,0.9975,0.9943,0.0032,"music, composition, write, music, styles",5
62660,model,F,12,model,0.9722,0.1896,0.7826,"born, guru, bikini, fitness, nutrition",5
86393,psychologist,M,6,psychologist,0.9982,0.8906,0.1076,"Psychology, Australian, psychology, mindfulness, therapeutic",5
43557,psychologist,F,6,psychologist,0.9985,0.9985,0.0,"Psychology, clinical, Psychology, training, Australian",5
75997,attorney,M,2,attorney,0.9994,0.9995,-0.0001,"counsel, appellate, hearings, represented, trials",5
20208,professor,F,0,professor,0.9931,0.9475,0.0456,"researcher, Dr, research, how, fields",5
24872,psychologist,M,6,psychologist,0.9853,0.9529,0.0324,"assessments, executive, consulted, conducts, known",5
71137,physician,F,1,physician,0.9755,0.9559,0.0196,"patients, Medical, residency, affiliated, training",5
45700,physician,M,1,physician,0.903,0.8615,0.0415,"patient, Dr, Health, Medical, Medicare",5
57717,professor,F,0,professor,0.865,0.0455,0.8195,"Dr, Dr, grant, online, experience",5
62117,architect,F,10,architect,0.9685,0.0001,0.9684,"architectural, Professor, design, construction, and",5
6330,professor,F,0,professor,0.9974,0.1117,0.8857,"Dr, served, researched, Dr, Scientific",5
91861,professor,M,0,professor,0.8711,0.209,0.6621,"Engineers, students, lobby, actively, theater",5
87153,dietitian,F,18,dietitian,0.9957,0.0185,0.9772,"nutritional, spent, food, children, years",5
20681,professor,M,0,professor,0.9995,0.9993,0.0002,"teaches, published, sociology, Dr, journals",5
40725,professor,M,0,professor,0.9868,0.766,0.2207,"PhD, iologist, research, aud, iological",5
4070,professor,F,0,professor,0.9731,0.1001,0.873,"class, maintains, also, faculty, students",5
46750,professor,F,0,professor,0.991,0.8243,0.1667,"doctoral, joining, Before, PhD, computer",5
51309,dentist,M,8,dentist,0.994,0.9892,0.0048,"dental, dental, patients, Dr, Dr",5
13748,professor,M,0,professor,0.9959,0.6555,0.3405,"Dr, Dr, African, research, on",5
46471,dietitian,F,18,dietitian,0.5766,0.1687,0.4079,"clinical, emphasizing, also, areas, primary",5
45131,journalist,M,4,journalist,0.9957,0.1352,0.8605,"Journalism, degree, holds, School, lives",5
10612,journalist,M,4,journalist,0.9809,0.6914,0.2895,"articles, has, TV, written, TV",5
69809,physician,F,1,physician,0.9899,0.8759,0.114,"Dr, Dr, Medicine, School, Health",5
80915,journalist,F,4,journalist,0.929,0.175,0.754,"social, social, features, master, is",5
38659,surgeon,M,9,surgeon,0.9958,0.9701,0.0258,"Hospital, orth, practice, oped, started",5
11242,professor,M,0,professor,0.9266,0.652,0.2746,"residency, Stanford, at, Medicine, Medicine",5
18948,dentist,M,8,dentist,0.9574,0.9443,0.0131,"Dr, ental, practices, ental, ont",5
57573,teacher,M,7,teacher,0.9601,0.9961,-0.036,"learners, teachers, teachers, Academic, Learning",5
47849,dentist,M,8,dentist,0.9928,0.791,0.2017,"dental, clinic, appointment, online, experience",5
31195,attorney,M,2,attorney,0.8576,0.9103,-0.0528,"judge, federal, Santa, honorable, respected",5
55492,surgeon,M,9,surgeon,0.9983,0.9983,-0.0,"Dr, residency, practices, Dr, Medical",5
74262,architect,M,10,architect,0.9978,0.1811,0.8167,"design, architectural, building, design, teaches",5
67093,attorney,M,2,attorney,0.9774,0.2926,0.6848,"judge, law, legal, state, administrative",5
86895,psychologist,M,6,psychologist,0.9657,0.9596,0.006,"Spirit, self, Social, disorders, healing",5
69250,teacher,F,7,teacher,0.9237,0.2362,0.6876,"Schools, for, worked, City, outspoken",5
3094,psychologist,M,6,psychologist,0.6757,0.8122,-0.1365,"factors, research, identified, clusters, men",5
86240,photographer,M,3,photographer,0.992,0.0012,0.9908,"photography, professional, magazines, conventions, articles",5
64821,attorney,M,2,attorney,0.998,0.9037,0.0943,"Bar, Massachusetts, Association, Bar, Federal",5
81106,professor,M,0,professor,0.9992,0.9988,0.0003,"recent, classes, most, project, 2008",5
61438,psychologist,F,6,psychologist,0.6692,0.0017,0.6676,"psychology, seminars, meditation, med, own",5
94318,professor,F,0,professor,0.9843,0.8241,0.1602,"research, interest, competence, main, lead",5
9403,psychologist,F,6,psychologist,0.9985,0.9074,0.0911,"behavioral, therapy, Dr, depression, inical",5
4979,dentist,M,8,dentist,0.9929,0.9949,-0.0021,"dent, dental, ists, specializes, member",5
30426,architect,M,10,architect,0.7938,0.4082,0.3856,"architects, Andy, currently, Andy, representative",5
6454,dentist,M,8,dentist,0.9962,0.9952,0.001,"dent, treatments, patients, procedures, standards",5
65450,psychologist,M,6,psychologist,0.9892,0.9932,-0.0039,"PTSD, DR, DR, DR, clinical",5
23595,nurse,F,5,nurse,0.8677,0.8975,-0.0298,"PR, medical, specialists, ER, Medicine",5
39166,professor,M,0,professor,0.9626,0.9605,0.002,"Center, Dr, University, initiatives, Pittsburgh",5
80720,professor,M,0,professor,0.9985,0.9559,0.0427,"researcher, PhD, university, research, students",5
33130,professor,F,0,professor,0.9458,0.9513,-0.0055,"lab, inflammation, mouse, uses, development",5
82211,professor,F,0,professor,0.9994,0.9964,0.0029,"students, colleagues, teaches, computational, courses",5
45411,poet,M,13,poet,0.993,0.9259,0.0671,"poetry, poems, collection, is, po",5
16879,professor,M,0,professor,0.9994,0.9994,-0.0,"Ph, doctoral, University, fall, University",5
57041,surgeon,M,9,surgeon,0.8883,0.5638,0.3245,"Dr, transplant, transplant, pioneered, hand",5
32301,teacher,M,7,teacher,0.4063,0.2641,0.1422,"letter, wrote, becoming, around, it",5
77310,software engineer,M,15,software engineer,0.9932,0.9899,0.0033,"Google, team, Google, currently, product",5
78686,painter,F,11,painter,0.9902,0.9258,0.0644,"is, Painting, painting, paintings, painting",5
39046,painter,M,11,painter,0.9893,0.0025,0.9869,"paintings, works, simple, de, at",5
57330,journalist,F,4,journalist,0.9924,0.1482,0.8442,"propaganda, pro, media, and, state",5
91347,attorney,M,2,attorney,0.9993,0.9991,0.0002,"attorneys, Lawyers, cases, prosecutor, Lawyers",5
67845,professor,M,0,professor,0.9911,0.9946,-0.0034,"Ph, at, received, experience, professional",5
6653,nurse,F,5,nurse,0.5393,0.3921,0.1472,"volunteer, NIH, NIH, learned, mission",5
11831,professor,M,0,professor,0.9467,0.0915,0.8552,"PhD, University, Economics, program, tax",5
31133,teacher,F,7,teacher,0.9955,0.9921,0.0033,"lessons, teaching, students, teaches, MAS",5
56423,professor,M,0,professor,0.9982,0.2638,0.7344,"research, develop, techniques, behavior, aims",5
9141,professor,M,0,professor,0.9994,0.997,0.0023,"PhD, interests, researcher, University, promoted",5
34992,teacher,M,7,teacher,0.9815,0.0223,0.9592,"teaches, regularly, Guide, in, Technique",5
88564,journalist,F,4,journalist,0.8416,0.1054,0.7362,"Indian, magazines, rep, stories, newspapers",5
76312,attorney,M,2,attorney,0.9762,0.6136,0.3626,"Rights, Leave, Family, Act, Labor",5
11348,teacher,F,7,teacher,0.9966,0.907,0.0897,"school, principal, assistant, Educational, of",5
20332,attorney,M,2,attorney,0.9975,0.7396,0.2579,"Law, School, advocate, and, Authority",5
4715,professor,F,0,professor,0.999,0.9872,0.0118,"research, currently, between, theater, book",5
2010,professor,M,0,professor,0.999,0.9961,0.0029,"faculty, leads, Before, research, research",5
11117,photographer,M,3,photographer,0.9866,0.6858,0.3008,"photography, exhibited, art, 2011, join",5
84579,professor,F,0,professor,0.8166,0.4806,0.336,"mobile, through, background, Miller, has",5
57891,filmmaker,M,14,filmmaker,0.9972,0.0095,0.9876,"films, film, creates, short, date",5
37802,physician,M,1,physician,0.8109,0.0669,0.7439,"expertise, Medicine, School, graduate, include",5
32697,professor,M,0,professor,0.9993,0.9988,0.0005,"Prof, Committee, Korea, Shin, Berkeley",5
48213,professor,M,0,professor,0.9986,0.1131,0.8855,"studies, study, interested, research, industry",5
1387,teacher,F,7,teacher,0.9948,0.9961,-0.0012,"teaching, teaching, School, taught, instruction",5
10391,poet,F,13,poet,0.7497,0.8925,-0.1427,"Po, poems, poetry, Po, etry",5
12097,photographer,M,3,photographer,0.9888,0.9762,0.0125,"photography, photographic, started, mm, Andy",5
79091,professor,M,0,professor,0.9991,0.9991,0.0,"teaching, primarily, Studies, research, concentrated",5
37338,physician,F,1,physician,0.9993,0.9942,0.005,"practices, affiliated, specializes, Health, in",5
57964,photographer,F,3,photographer,0.9344,0.0016,0.9328,"Snapchat, MAS, athletes, most, cover",5
72950,accountant,M,16,accountant,0.8519,0.0082,0.8437,"firm, temporary, job, survivor, less",5
16247,photographer,M,3,photographer,0.9526,0.2462,0.7064,"project, currently, African, working, where",5
25115,psychologist,M,6,psychologist,0.9986,0.9946,0.004,"clients, psychological, therapy, couples, therapy",5
45909,professor,F,0,professor,0.9925,0.2606,0.7319,"articles, philosophy, dram, author, sciences",5
48644,attorney,M,2,attorney,0.9995,0.9995,-0.0,"legal, practice, law, practice, trial",5
65372,nurse,F,5,nurse,0.9986,0.9966,0.002,"nursing, nurses, Nursing, patients, clinical",5
26272,professor,F,0,professor,0.9978,0.5723,0.4255,"addresses, courses, research, teachers, graduate",5
61375,physician,F,1,physician,0.9994,0.5146,0.4848,"practices, specializes, medicine, affiliated, Durham",5
33140,attorney,M,2,attorney,0.2198,0.1544,0.0655,"Virginia, MAS, longtime, MAS, MAS",5
88253,model,F,12,model,0.9988,0.9989,-0.0,"ranked, gallery, born, currently, has",5
49653,professor,F,0,professor,0.9994,0.9993,0.0001,"research, theory, focuses, argues, project",5
65947,composer,M,17,composer,0.993,0.9938,-0.0007,"position, Orchestra, Music, semble, semble",5
2854,professor,F,0,professor,0.9876,0.9918,-0.0041,"professional, interest, identification, tools, understanding",5
82139,nurse,F,5,nurse,0.8314,0.7615,0.0699,"PR, ITION, Ag, doctors, years",5
37671,software engineer,M,15,software engineer,0.7241,0.0501,0.674,"Res, to, team, Prior, several",5
7084,photographer,M,3,photographer,0.9969,0.1692,0.8276,"photograph, world, traveled, around, to",5
71189,attorney,M,2,attorney,0.9994,0.9992,0.0003,"law, associations, bar, domestic, primarily",5
26071,journalist,F,4,journalist,0.8131,0.2548,0.5584,"journalism, VICE, landing, column, series",5
79348,model,F,12,model,0.9989,0.9989,-0.0,"gallery, currently, ranked, videos, currently",5
86781,photographer,M,3,photographer,0.9788,0.9524,0.0264,"photography, photography, photo, passion, perture",5
27634,professor,M,0,professor,0.9985,0.998,0.0004,"Ph, University, received, University, University",5
37370,surgeon,M,9,surgeon,0.9958,0.9963,-0.0005,"surgeries, geons, geon, sur, hospitals",5
1417,teacher,F,7,teacher,0.9905,0.3075,0.683,"school, pupils, founded, girls, remind",5
83374,composer,M,17,composer,0.881,0.909,-0.028,"work, films, chronic, in, City",5
82987,journalist,M,4,journalist,0.9889,0.9944,-0.0055,"journalism, News, career, Rocky, critic",5
51213,physician,F,1,physician,0.9912,0.9204,0.0708,"school, residency, Dr, University, attended",5
87481,painter,F,11,painter,0.6778,0.1598,0.5179,"graduate, illust, School, MAS, of",5
94981,professor,M,0,professor,0.483,0.0066,0.4764,"books, conferences, including, MAS, author",5
67490,professor,M,0,professor,0.6267,0.2733,0.3534,"Ph, holds, College, American, College",5
91163,journalist,F,4,journalist,0.996,0.4742,0.5218,"reporting, press, camera, crew, president",5
78130,dentist,M,8,dentist,0.9521,0.9521,0.0,"ental, Dr, ental, ental, ental",5
62471,filmmaker,F,14,filmmaker,0.9889,0.9926,-0.0037,"documentary, documentaries, films, makes, documentary",5
84529,dentist,M,8,dentist,0.9669,0.9625,0.0045,"Clinic, ental, ental, Dr, Dr",5
18793,attorney,M,2,attorney,0.7042,0.0014,0.7027,"IRS, representation, representation, dealing, Prim",5
64410,professor,M,0,professor,0.9995,0.9994,0.0001,"taught, doctor, college, faculty, since",5
50844,software engineer,F,15,software engineer,0.9572,0.0003,0.9569,"team, Language, development, joined, IBM",5
13425,professor,M,0,professor,0.9994,0.9988,0.0005,"faculty, college, Before, taught, joining",5
48553,psychologist,F,6,psychologist,0.9876,0.5947,0.3929,"practice, adolescents, Psych, experience, Clinic",5
12352,photographer,M,3,photographer,0.913,0.0043,0.9087,"assignment, magazines, world, leading, worked",5
84228,journalist,M,4,journalist,0.9917,0.1308,0.8609,"writing, or, films, When, about",5
86148,journalist,F,4,journalist,0.9973,0.9823,0.015,"covering, editor, editorial, managing, fellow",5
57774,attorney,M,2,attorney,0.6897,0.0643,0.6254,"Florida, David, negotiating, skills, transactions",5
91025,attorney,M,2,attorney,0.6363,0.0005,0.6358,"joined, Patent, Patent, burn, Chart",5
35496,professor,M,0,professor,0.9885,0.1923,0.7962,"specializes, MAS, programs, University, environmental",5
29376,professor,F,0,professor,0.996,0.1317,0.8644,"University, Press, book, an, MAS",5
11657,model,M,12,model,0.5104,0.0241,0.4863,"smiles, loves, Lakers, keeps, all",5
23327,poet,F,13,poet,0.7645,0.004,0.7605,"poems, collection, Song, powerful, prose",5
85519,architect,F,10,architect,0.9906,0.98,0.0106,"Architecture, design, structures, installation, Architecture",5
48435,professor,F,0,professor,0.9777,0.0038,0.9739,"published, Fellow, clusion, migration, closely",5
16838,professor,M,0,professor,0.9993,0.9993,0.0001,"teaches, Stanford, Teaching, courses, American",5
49754,attorney,M,2,attorney,0.9995,0.9995,0.0,"experience, wide, litigation, cases, cases",5
20309,surgeon,M,9,surgeon,0.9857,0.0324,0.9534,"surgery, medical, specializes, practice, Medical",5
43066,professor,M,0,professor,0.9385,0.7747,0.1638,"research, teaching, embodied, studied, focuses",5
65961,filmmaker,F,14,filmmaker,0.8403,0.96,-0.1197,"commissioned, classes, worked, time, teach",5
83021,professor,M,0,professor,0.6462,0.3779,0.2683,"Philadelphia, blog, often, writing, Race",5
62957,painter,M,11,painter,0.995,0.9949,0.0,"paintings, color, paintings, compositions, evoke",5
83135,attorney,F,2,attorney,0.9927,0.9828,0.0099,"Law, served, School, Law, Editor",5
51702,professor,F,0,professor,0.9994,0.9993,0.0001,"research, ogy, focus, contemporary, American",5
36195,professor,M,0,professor,0.9856,0.0341,0.9516,"research, research, audiences, pursuing, and",5
9024,teacher,F,7,teacher,0.9909,0.7527,0.2382,"students, students, school, Drive, grade",5
24391,professor,M,0,professor,0.9976,0.1156,0.8819,"PhD, University, Engineering, research, research",5
78248,poet,F,13,poet,0.9913,0.0351,0.9562,"poems, poetry, translated, Writer, Journal",5
61546,software engineer,M,15,software engineer,0.5262,0.4781,0.0481,"community, Open, contribute, features, API",5
83798,physician,M,1,physician,0.8945,0.9722,-0.0777,"medical, Dr, Medicine, carriers, insurance",5
35096,photographer,F,3,photographer,0.9966,0.3113,0.6853,"photography, specializes, flowers, details, fascinated",5
73473,professor,M,0,professor,0.9991,0.9933,0.0058,"research, Agricultural, spatial, Economist, Economics",5
36810,software engineer,M,15,software engineer,0.8191,0.8076,0.0115,"working, Activision, Since, since, apply",5
16319,professor,F,0,professor,0.9785,0.9595,0.019,"published, Business, biases, particularly, articles",5
6583,psychologist,M,6,psychologist,0.9965,0.9958,0.0007,"Psych, practice, private, Dr, Dr",5
45741,photographer,M,3,photographer,0.8948,0.4734,0.4214,"models, models, magazines, fashion, setting",5
29212,journalist,F,4,journalist,0.4515,0.1386,0.3128,"Family, and, lives, Home, and",5
38598,photographer,F,3,photographer,0.6871,0.2756,0.4115,"2012, topic, collection, bikes, of",5
63768,professor,M,0,professor,0.9516,0.6721,0.2795,"program, Minnesota, University, training, research",5
68503,painter,F,11,painter,0.917,0.3821,0.5348,"textures, colors, inspire, Vert, Visit",5
15032,physician,F,1,physician,0.9994,0.3011,0.6983,"practices, medicine, specializes, affiliated, Disease",5
90520,photographer,M,3,photographer,0.9641,0.8761,0.0881,"photography, photograph, sparked, desire, rises",5
78317,professor,M,0,professor,0.9988,0.2171,0.7817,"research, areas, include, Indigenous, current",5
89764,professor,M,0,professor,0.9988,0.9946,0.0041,"research, interests, lie, editorial, state",5
27550,professor,M,0,professor,0.999,0.9844,0.0146,"grants, Australian, recently, Council, received",5
19987,model,F,12,model,0.9986,0.9128,0.0858,"modeling, role, career, MTV, cute",5
93414,professor,M,0,professor,0.9984,0.9957,0.0028,"Ph, Research, University, earcher, Engineering",5
48079,dentist,M,8,dentist,0.9975,0.9975,-0.0001,"DS, Dr, credentials, professional, Lic",5
23447,nurse,M,5,nurse,0.999,0.9789,0.0201,"Nursing, Assistant, Medical, patient, at",5
15205,psychologist,F,6,psychologist,0.8331,0.028,0.805,"ICAL, specialists, diverse, experiences, especially",5
80166,attorney,F,2,attorney,0.9992,0.9965,0.0027,"Law, law, Law, Connecticut, MAS",5
76081,professor,M,0,professor,0.9995,0.9994,0.0001,"interests, research, edu, Journal, Wisconsin",5
70032,journalist,M,4,journalist,0.7311,0.5523,0.1788,"about, stories, writing, people, or",5
93786,model,M,12,model,0.9971,0.0071,0.99,"fashion, photographer, websites, modeling, events",5
52286,attorney,M,2,attorney,0.9992,0.9992,0.0,"litigation, firm, represents, Estate, practice",5
54051,surgeon,F,9,surgeon,0.9616,0.0122,0.9494,"Dr, practice, Dr, Daniel, PI",5
58078,professor,F,0,professor,0.9932,0.9984,-0.0052,"positions, Psychology, Ph, research, program",5
48893,physician,F,1,physician,0.9994,0.4507,0.5487,"practices, specializes, affiliated, Medicine, Varg",5
15227,architect,F,10,architect,0.9939,0.996,-0.0021,"experience, including, furniture, offices, design",5
25267,professor,M,0,professor,0.9994,0.9994,0.0001,"research, project, relationship, serves, entitled",5
37621,surgeon,M,9,surgeon,0.8892,0.0403,0.8489,"Surgery, ologic, Society, for, American",5
63007,professor,F,0,professor,0.9948,0.9856,0.0091,"UNC, Dr, examines, Dr, modeling",5
8914,physician,F,1,physician,0.9747,0.9842,-0.0095,"Dr, Medicine, patients, Medical, Faculty",5
75787,physician,F,1,physician,0.9682,0.971,-0.0027,"Medicine, Medicare, Dr, School, MAS",5
88425,professor,M,0,professor,0.999,0.9442,0.0548,"currently, book, working, mopolitan, role",5
49788,attorney,F,2,attorney,0.9992,0.9883,0.0109,"practice, practice, start, contracts, fundraising",5
58638,attorney,F,2,attorney,0.9993,0.9991,0.0001,"is, Jur, Doctor, obtained, of",5
61987,physician,F,1,physician,0.9718,0.9825,-0.0108,"Dr, Physicians, medical, patients, professionally",5
81868,journalist,F,4,journalist,0.9959,0.9764,0.0195,"Journalists, editor, served, Committee, Riot",5
38356,surgeon,M,9,surgeon,0.9433,0.1262,0.8171,"surgical, surgical, spectrum, Dr, surgery",5
66696,accountant,M,16,accountant,0.9981,0.996,0.002,"heading, Finance, Accounts, financial, roles",5
81401,professor,M,0,professor,0.9983,0.9907,0.0076,"Faculty, positions, Award, standing, department",5
93520,painter,F,11,painter,0.964,0.9863,-0.0223,"paintings, paintings, commissions, galleries, mural",5
47694,nurse,F,5,nurse,0.9973,0.0226,0.9747,"nurse, delivery, labor, injury, former",5
91173,nurse,F,5,nurse,0.999,0.9895,0.0096,"nursing, clinical, Clinical, clinical, in",5
61576,professor,M,0,professor,0.9993,0.8463,0.153,"published, research, interests, papers, sciences",5
63793,psychologist,F,6,psychologist,0.992,0.9388,0.0532,"coping, received, Ph, working, specializes",5
56743,physician,F,1,physician,0.9994,0.984,0.0154,"degree, practicing, Medical, affiliated, insurance",5
70060,professor,F,0,professor,0.9486,0.1869,0.7617,"to, teaching, earances, likes, theater",5
94502,professor,F,0,professor,0.9863,0.6171,0.3692,"molecular, Dr, molecular, pathology, areas",5
85452,model,F,12,model,0.82,0.5027,0.3172,"sexy, given, traits, interview, MTV",5
76104,professor,F,0,professor,0.9851,0.8463,0.1388,"Purdue, FA, Center, voice, professional",5
18534,journalist,F,4,journalist,0.9965,0.4946,0.5019,"Journalism, Writer, freelance, industry, communications",5
82038,dietitian,F,18,dietitian,0.9987,0.9987,-0.0,"UT, ESSION, PR, OF, AL",5
22877,professor,M,0,professor,0.9988,0.9984,0.0004,"studies, nan, cells, laboratory, plasma",5
79524,teacher,M,7,teacher,0.5047,0.9571,-0.4524,"teaching, classroom, teachers, School, practice",5
43975,professor,F,0,professor,0.8704,0.8385,0.0318,"program, NC, taught, dance, training",5
42132,journalist,F,4,journalist,0.8949,0.7673,0.1275,"70, âĢ, books, Exp, for",5
94052,attorney,M,2,attorney,0.9995,0.9994,0.0001,"law, offenses, firm, law, firm",5
36186,professor,F,0,professor,0.9969,0.9287,0.0683,"research, University, Industrial, Information, Engineering",5
15649,surgeon,M,9,surgeon,0.9983,0.998,0.0003,"practices, Dr, Dr, Dr, oped",5
24896,photographer,M,3,photographer,0.9152,0.0202,0.895,"artist, portrait, portrait, mm, first",5
58389,attorney,M,2,attorney,0.9993,0.9994,-0.0001,"Lawyers, orneys, Law, Law, Best",5
60975,attorney,F,2,attorney,0.2593,0.0738,0.1854,"wrote, Atlanta, MAS, frequently, to",5
43795,professor,F,0,professor,0.9523,0.0341,0.9183,"residency, Indiana, fellowship, cardiovascular, specialty",5
48300,photographer,M,3,photographer,0.8727,0.0208,0.8519,"photography, viewer, in, Design, College",5
5417,professor,M,0,professor,0.9971,0.9755,0.0217,"Department, Joseph, editor, of, editor",5
17379,physician,F,1,physician,0.6854,0.6411,0.0443,"Dr, Dr, patient, provider, Dr",5
57152,physician,F,1,physician,0.9994,0.4346,0.5648,"practices, medicine, affiliated, specializes, Surgery",5
74032,professor,M,0,professor,0.998,0.5067,0.4913,"research, ed, group, statistical, designs",5
73636,attorney,M,2,attorney,0.9993,0.2001,0.7992,"legal, Law, practice, work, of",5
1506,surgeon,M,9,surgeon,0.9894,0.9949,-0.0055,"medical, Surgery, Surgery, training, training",5
95080,professor,M,0,professor,0.9981,0.9964,0.0017,"PhD, teaching, University, PhD, economics",5
26395,attorney,F,2,attorney,0.9986,0.9985,0.0001,"orneys, Law, Court, BA, Law",5
49445,journalist,M,4,journalist,0.5096,0.5025,0.0071,"promoted, Chang, advocates, Malaysian, Malaysia",5
72750,model,M,12,model,0.9985,0.7986,0.1999,"modelling, modelling, photographers, year, career",5
75972,surgeon,M,9,surgeon,0.9964,0.9939,0.0025,"Surgery, Professor, Department, University, within",5
44113,nurse,F,5,nurse,0.714,0.4639,0.2502,"PR, ITION, Alexandra, ER, Medical",5
8413,dentist,M,8,dentist,0.9552,0.9508,0.0044,"ental, Clinic, doctor, Dr, ental",5
35477,professor,M,0,professor,0.9992,0.9987,0.0005,"scientist, Singapore, research, ecosystem, focuses",5
28765,professor,F,0,professor,0.9972,0.9803,0.0169,"Rutgers, Ph, teaching, methodology, Spain",5
53745,photographer,M,3,photographer,0.9975,0.9211,0.0764,"photographers, photographic, website, photo, covered",5
32835,physician,F,1,physician,0.5365,0.0341,0.5024,"Hospital, Animal, joined, veterinary, 2016",5
26051,professor,F,0,professor,0.9952,0.9933,0.0019,"board, Dr, PhD, pediatric, Ohio",5
67020,professor,F,0,professor,0.9882,0.9402,0.048,"lab, doctoral, researcher, undergraduate, University",5
90358,poet,F,13,poet,0.99,0.9926,-0.0026,"etry, Writers, Writers, Po, writing",5
44241,professor,M,0,professor,0.9994,0.9994,0.0,"teaches, courses, faculty, methodology, Department",5
42646,composer,M,17,composer,0.9941,0.9949,-0.0008,"vocal, composition, music, performed, music",5
56344,physician,M,1,physician,0.9643,0.9924,-0.0281,"Medical, Dr, Memorial, University, Center",5
3542,photographer,M,3,photographer,0.9958,0.9959,-0.0001,"photography, photography, journal, involves, photo",5
48103,professor,M,0,professor,0.9992,0.999,0.0002,"teaches, Anthropology, courses, anthropology, research",5
49986,professor,M,0,professor,0.9984,0.9913,0.0071,"joined, faculty, doctoral, teaching, University",5
92854,professor,M,0,professor,0.573,0.0067,0.5664,"teaches, Visual, languages, MAS, programming",5
31729,poet,M,13,poet,0.8878,0.2803,0.6075,"lyric, pure, raw, iron, ism",5
20249,professor,M,0,professor,0.9994,0.9884,0.011,"studying, research, management, communities, Wing",5
88575,professor,M,0,professor,0.9925,0.9773,0.0152,"Scientists, Global, teach, of, Secretary",5
1824,comedian,F,19,comedian,0.9949,0.0219,0.973,"stand, up, local, nominated, Twitter",5
86371,professor,M,0,professor,0.9985,0.9962,0.0023,"research, Ph, doctoral, interests, University",5
73968,nurse,F,5,nurse,0.7884,0.7717,0.0166,"PR, doctors, medical, ER, Call",5
11229,attorney,F,2,attorney,0.9901,0.9966,-0.0065,"Court, Law, practice, Supreme, law",5
24830,professor,M,0,professor,0.9892,0.9357,0.0534,"Stanford, faculty, residency, fellowship, completion",5
94999,physician,M,1,physician,0.879,0.142,0.737,"patients, appointment, family, thriving, new",5
86993,accountant,M,16,accountant,0.9984,0.0936,0.9048,"Operations, Financial, Director, role, formerly",5
19416,poet,F,13,poet,0.982,0.9599,0.0221,"writing, poetry, poetry, Journal, creative",5
85089,physician,M,1,physician,0.8869,0.9248,-0.0379,"Medical, Dr, affiliated, patients, Dr",5
39934,journalist,M,4,journalist,0.79,0.0007,0.7893,"Journalists, journalism, journalism, of, BA",5
26468,dentist,M,8,dentist,0.995,0.8971,0.0979,"therapy, services, teeth, canal, offers",5
6570,model,F,12,model,0.9989,0.9988,0.0001,"gallery, ranked, listed, currently, currently",5
45269,professor,M,0,professor,0.9992,0.9985,0.0007,"Ph, Prior, Fellow, to, Vis",5
29227,photographer,F,3,photographer,0.9896,0.018,0.9716,"Photo, archived, Based, Album, Lesbian",5
27005,journalist,F,4,journalist,0.9971,0.9398,0.0573,"newspapers, Montreal, local, for, writing",5
8152,painter,F,11,painter,0.5119,0.0125,0.4993,"section, gallery, listed, art, linkage",5
1431,nurse,F,5,nurse,0.9259,0.0977,0.8282,"nursing, Nursing, precept, Health, 2000",5
48761,teacher,F,7,teacher,0.995,0.988,0.007,"classroom, Schools, education, Education, elementary",5
85569,nurse,F,5,nurse,0.7597,0.8787,-0.119,"Hospital, training, Initiative, assessments, Friend",5
81414,professor,M,0,professor,0.9925,0.0028,0.9897,"Dr, to, PhD, UM, BC",5
92176,psychologist,M,6,psychologist,0.9923,0.0013,0.9909,"psychology, Professional, clinical, Psychology, specializes",5
20218,journalist,F,4,journalist,0.9214,0.0472,0.8742,"Hezbollah, Lebanon, stronghold, establishment, ridiculed",5
64102,professor,F,0,professor,0.9992,0.9981,0.0012,"PhD, research, focuses, College, University",5
25902,professor,M,0,professor,0.9976,0.9857,0.0118,"research, interests, theoretical, lingu, linguistic",5
58979,attorney,M,2,attorney,0.9995,0.9992,0.0003,"litigation, patent, litigation, patent, law",5
54552,photographer,F,3,photographer,0.9966,0.7789,0.2177,"Photography, Photography, photographic, Photo, chosen",5
56561,architect,M,10,architect,0.9714,0.1437,0.8276,"designing, Architecture, Application, book, Enterprise",5
92810,professor,M,0,professor,0.9994,0.9894,0.01,"economist, role, Research, considers, Harvard",5
72082,professor,F,0,professor,0.989,0.9253,0.0637,"studies, computational, computational, models, cognitive",5
34181,software engineer,F,15,software engineer,0.9296,0.1036,0.826,"CSS, JS, JavaScript, Node, web",5
59375,dietitian,M,18,dietitian,0.8489,0.9365,-0.0876,"diets, symptoms, diet, bowel, able",5
2439,professor,F,0,professor,0.9986,0.9975,0.0011,"research, interests, broadly, research, selection",5
16283,filmmaker,M,14,filmmaker,0.9893,0.993,-0.0038,"Film, films, producer, fifteen, audiences",5
57383,professor,F,0,professor,0.9994,0.9993,0.0,"teaching, research, interests, public, scientist",5
58249,professor,F,0,professor,0.9817,0.9239,0.0578,"research, doctor, education, University, focuses",5
20245,surgeon,M,9,surgeon,0.9983,0.0098,0.9885,"Dr, Medical, practice, Medicine, Dr",5
35822,model,F,12,model,0.9267,0.9441,-0.0174,"attractive, popular, world, by, personality",5
1667,accountant,M,16,accountant,0.9591,0.8172,0.1419,"spread, sheets, MAS, methodology, Below",5
12694,photographer,M,3,photographer,0.998,0.9905,0.0076,"photography, capture, images, cameras, amazing",5
14215,professor,M,0,professor,0.9992,0.9991,0.0001,"University, Dr, research, research, explores",5
4189,architect,M,10,architect,0.7704,0.3091,0.4613,"design, distributed, joining, development, Prior",5
63241,professor,M,0,professor,0.9995,0.9992,0.0003,"Dr, University, edu, research, examines",5
41735,attorney,F,2,attorney,0.9995,0.9992,0.0003,"firm, matters, assisting, member, licensing",5
18024,surgeon,M,9,surgeon,0.996,0.2754,0.7206,"Dr, surgery, Professor, surgery, Surgery",5
25906,professor,F,0,professor,0.9987,0.9964,0.0024,"research, Dr, interest, Liu, students",5
9016,journalist,F,4,journalist,0.9975,0.9956,0.0019,"interviews, editor, documentary, produced, scene",5
86076,physician,M,1,physician,0.9376,0.7656,0.172,"Medical, graduated, College, insurance, Jefferson",5
20721,painter,M,11,painter,0.9366,0.0203,0.9162,"painting, painting, painting, drawing, Art",5
25635,psychologist,F,6,psychologist,0.9379,0.1736,0.7644,"clients, reconnect, individuals, particularly, lives",5
37285,photographer,F,3,photographer,0.9978,0.8597,0.1381,"specializes, photography, family, editing, camera",5
69828,professor,F,0,professor,0.9983,0.9926,0.0056,"Ph, special, theory, literature, include",5
71062,professor,M,0,professor,0.9995,0.9993,0.0002,"edu, Dr, University, Doctor, University",5
86741,photographer,M,3,photographer,0.9971,0.9726,0.0245,"photographs, wildlife, images, landscape, Scott",5
57269,psychologist,F,6,psychologist,0.9674,0.095,0.8725,"adolescents, consultation, experience, adults, working",5
11509,teacher,F,7,teacher,0.9959,0.9948,0.0011,"taught, methods, trained, classes, language",5
13738,photographer,M,3,photographer,0.9981,0.9886,0.0095,"photograph, models, celebrities, studio, project",5
56172,psychologist,M,6,psychologist,0.7368,0.0775,0.6593,"detectives, bottom, get, philosopher, Brad",5
58345,professor,F,0,professor,0.9994,0.9979,0.0015,"studies, ology, Southwest, colonial, American",5
56085,professor,M,0,professor,0.9995,0.9995,0.0,"research, research, asks, econom, research",5
50387,professor,F,0,professor,0.9989,0.9978,0.0011,"Ph, Dr, teaches, courses, studies",5
52874,software engineer,M,15,software engineer,0.9223,0.0026,0.9198,"engineering, software, background, diverse, has",5
64391,professor,M,0,professor,0.982,0.1684,0.8136,"faculty, advisor, teaches, serves, University",5
88120,professor,M,0,professor,0.9954,0.896,0.0994,"University, There, edition, published, Amsterdam",5
53160,teacher,F,7,teacher,0.6973,0.544,0.1533,"sought, ministry, readers, takes, as",5
77353,photographer,M,3,photographer,0.9944,0.9575,0.0369,"Photography, photography, photography, studio, Festival",5
20376,journalist,M,4,journalist,0.9935,0.013,0.9805,"Journalism, degree, reviewer, games, age",5
36370,physician,F,1,physician,0.9963,0.9843,0.012,"medical, medical, clinical, practiced, internal",5
45290,attorney,M,2,attorney,0.9992,0.9641,0.0351,"litigation, counsel, serves, matters, business",5
61676,teacher,F,7,teacher,0.6013,0.467,0.1342,"Kar, an, expert, ler, belt",5
71901,professor,M,0,professor,0.998,0.0025,0.9955,"Dr, gave, findings, Agriculture, in",5
48593,physician,M,1,physician,0.9984,0.9963,0.0021,"clinical, residency, mology, interests, medical",5
77029,nurse,F,5,nurse,0.8697,0.0949,0.7748,"dermat, assistant, Andrea, MAS, holds",5
62420,poet,M,13,poet,0.9902,0.0013,0.989,"poetry, Writing, written, regular, Creative",5
37155,professor,M,0,professor,0.9983,0.9699,0.0284,"PhD, research, University, interest, respectively",5
23315,psychologist,M,6,psychologist,0.997,0.9947,0.0022,"clin, Therapy, Personality, Disorders, computer",5
47360,painter,F,11,painter,0.9965,0.0178,0.9787,"paintings, color, art, gallery, bold",5
49966,professor,F,0,professor,0.9383,0.8951,0.0431,"faculty, nursing, Director, Pediatrics, students",5
2931,professor,M,0,professor,0.8896,0.0575,0.8321,"Read, employment, on, work, focuses",5
81661,professor,F,0,professor,0.9916,0.7901,0.2014,"active, technology, researching, contexts, to",5
30135,filmmaker,M,14,filmmaker,0.9848,0.0009,0.9839,"film, will, The, show, Sony",5
14051,nurse,F,5,nurse,0.3574,0.3434,0.0141,"Burn, business, operates, Farmer, ley",5
39889,nurse,F,5,nurse,0.9739,0.6142,0.3597,"credentials, professional, NP, practices, the",5
72222,attorney,F,2,attorney,0.9995,0.9994,0.0001,"litigation, firm, court, law, federal",5
18097,nurse,F,5,nurse,0.9923,0.9913,0.001,"Care, LLC, Medical, medical, Call",5
26318,physician,M,1,physician,0.9606,0.2768,0.6838,"graduated, University, doctors, medical, appointment",5
44430,professor,M,0,professor,0.7613,0.1246,0.6367,"fellowship, Missouri, Baylor, University, specializes",5
12765,teacher,F,7,teacher,0.8209,0.6029,0.218,"School, autism, taught, education, Children",5
55981,professor,M,0,professor,0.8621,0.1024,0.7597,"studied, numerous, on, articles, website",5
70712,professor,F,0,professor,0.9991,0.9975,0.0016,"published, College, Journal, articles, Practice",5
32146,dentist,M,8,dentist,0.9981,0.9981,-0.0,"Lic, Dr, professional, for, has",5
46712,professor,M,0,professor,0.9931,0.0051,0.9881,"research, recommendation, systems, scholarship, areas",5
46382,physician,M,1,physician,0.9212,0.9755,-0.0542,"Medicine, Dr, Health, University, School",5
14767,physician,M,1,physician,0.9987,0.9985,0.0002,"Dr, clinical, Healthcare, Dr, Healthcare",5
73514,professor,M,0,professor,0.9993,0.9989,0.0004,"research, simulation, research, design, prediction",5
69652,professor,M,0,professor,0.9992,0.9988,0.0004,"award, editorial, research, Comput, Transactions",5
62460,nurse,F,5,nurse,0.9116,0.9016,0.01,"PR, doctors, medical, Megan, hospitals",5
36774,surgeon,M,9,surgeon,0.9982,0.9978,0.0004,"Dr, practices, practices, Medical, Hospital",5
1118,surgeon,M,9,surgeon,0.9983,0.9982,0.0001,"Surgery, Surgery, Dr, specializes, Dr",5
14153,attorney,F,2,attorney,0.9994,0.0039,0.9955,"legal, law, helping, issues, difficult",5
32929,professor,F,0,professor,0.9995,0.9995,0.0,"faculty, PhD, scholar, active, University",5
56801,professor,M,0,professor,0.9685,0.0332,0.9353,"doctoral, Teaching, Lear, University, University",5
94873,journalist,F,4,journalist,0.9979,0.9978,0.0001,"journalism, community, journalism, published, Guardian",5
85006,model,F,12,model,0.9988,0.9985,0.0002,"available, runway, fashion, assignment, known",5
45844,teacher,F,7,teacher,0.9745,0.0203,0.9542,"teach, applicants, Education, Area, to",5
89542,physician,F,1,physician,0.9993,0.7323,0.267,"practices, medicine, Medical, in, Surgery",5
9002,attorney,F,2,attorney,0.9923,0.8291,0.1632,"prosecutor, Judicial, previously, hearing, served",5
13398,professor,M,0,professor,0.9886,0.6637,0.3249,"faculty, joining, Science, Before, 1996",5
43562,architect,M,10,architect,0.6778,0.039,0.6388,"business, happy, technical, supply, complex",5
67658,software engineer,M,15,software engineer,0.6085,0.4895,0.119,"font, software, community, actively, free",5
54613,teacher,M,7,teacher,0.4747,0.095,0.3797,"teach, used, Schools, are, Movies",5
95378,nurse,F,5,nurse,0.9865,0.9908,-0.0043,"clinical, clinicians, role, patients, clinical",5
49302,surgeon,M,9,surgeon,0.9982,0.998,0.0002,"Dr, practices, Medicine, residency, Hospital",5
36911,surgeon,F,9,surgeon,0.8657,0.8483,0.0175,"surgeries, Dr, reconstruction, replacement, injuries",5
34097,architect,M,10,architect,0.9872,0.9567,0.0305,"Architecture, itect, designers, London, School",5
2782,composer,M,17,composer,0.9965,0.9942,0.0023,"composed, composition, Music, Music, Music",5
23671,professor,M,0,professor,0.9992,0.997,0.0022,"research, research, interests, areas, examines",5
34655,professor,F,0,professor,0.998,0.9883,0.0097,"scholar, globalization, field, theoretically, Australia",5
88367,professor,M,0,professor,0.9988,0.9979,0.001,"research, behaviors, focuses, schooling, contributions",5
44175,journalist,F,4,journalist,0.9895,0.0095,0.98,"Reporting, media, Investigative, international, founded",5
37239,physician,F,1,physician,0.9994,0.758,0.2414,"practices, Pediatrics, specializes, affiliated, medicine",5
92911,professor,M,0,professor,0.9595,0.916,0.0435,"Director, University, serves, at, Colorado",5
55575,physician,F,1,physician,0.5771,0.0133,0.5638,"pediatric, medical, medicine, family, Medical",5
87432,attorney,F,2,attorney,0.9985,0.9991,-0.0006,"Legal, law, Law, law, Continuing",5
53618,professor,M,0,professor,0.9991,0.9699,0.0292,"areas, research, courses, taught, experienced",5
77143,professor,M,0,professor,0.9989,0.9919,0.007,"laboratory, integrates, experimental, prediction, heter",5
46105,professor,M,0,professor,0.9991,0.9986,0.0006,"doctoral, Ph, researcher, received, Belgium",5
47692,journalist,M,4,journalist,0.9702,0.7314,0.2388,"last, Harvard, man, join, recruited",5
40338,physician,M,1,physician,0.9164,0.9482,-0.0318,"Dr, Dr, residency, Medicine, Dr",5
5476,professor,M,0,professor,0.9834,0.0238,0.9596,"Prior, to, teaching, taught, consultant",5
77851,professor,F,0,professor,0.957,0.0541,0.9029,"law, Queensland, for, Toronto, Centre",5
85834,professor,F,0,professor,0.9861,0.8139,0.1722,"teaching, technology, design, augmented, specializes",5
84466,painter,F,11,painter,0.9858,0.9846,0.0013,"paintings, Gallery, painting, exhibited, compositions",5
18723,accountant,M,16,accountant,0.9971,0.9905,0.0066,"business, Finance, Practice, impairment, member",5
70746,professor,M,0,professor,0.9988,0.9988,0.0,"Scholars, research, Teaching, interests, dissertation",5
68572,professor,M,0,professor,0.7081,0.2531,0.4549,"hospital, since, completed, idency, Hospital",5
82476,professor,M,0,professor,0.9969,0.9778,0.0191,"ography, journals, published, 1990, possibilities",5
22722,teacher,F,7,teacher,0.9968,0.9965,0.0003,"teach, teaching, teaching, students, Elementary",5
40192,accountant,M,16,accountant,0.9977,0.9969,0.0008,"Account, Business, Bachelor, graduated, ancy",5
40975,photographer,M,3,photographer,0.9979,0.5085,0.4894,"photography, photographic, photography, projects, shoot",5
56887,attorney,M,2,attorney,0.9991,0.0159,0.9832,"law, business, success, clients, of",5
33525,professor,M,0,professor,0.9993,0.9993,-0.0,"study, cule, interactions, study, aim",5
80223,teacher,F,7,teacher,0.9739,0.5636,0.4103,"classes, transformation, Yoga, Training, Yoga",5
70546,professor,M,0,professor,0.9953,0.9317,0.0636,"research, Law, interests, expert, consultant",5
38181,dentist,M,8,dentist,0.951,0.953,-0.0019,"ental, doctor, Dr, ental, ental",5
24109,journalist,F,4,journalist,0.9911,0.8596,0.1315,"as, writer, News, Raleigh, food",5
56995,model,F,12,model,0.9989,0.9989,0.0,"gallery, currently, ranked, has, currently",5
72762,professor,F,0,professor,0.9992,0.9985,0.0007,"research, Dr, undergraduate, doctoral, focused",5
7487,filmmaker,M,14,filmmaker,0.993,0.994,-0.001,"films, Film, production, festivals, feature",5
81186,poet,M,13,poet,0.9924,0.9298,0.0626,"poems, poems, subdued, reverence, yet",5
49308,professor,F,0,professor,0.9991,0.997,0.0021,"Scholar, University, author, Association, awarded",5
40864,teacher,M,7,teacher,0.9456,0.0421,0.9035,"school, in, first, MAS, Eventually",5
72314,nurse,M,5,nurse,0.9455,0.9865,-0.041,"PR, Medical, graduated, ITION, affiliates",5
92655,professor,M,0,professor,0.9895,0.9357,0.0538,"department, college, Besides, teaching, teaching",5
53989,psychologist,F,6,psychologist,0.9985,0.9984,0.0002,"therapeutic, therapies, cognitive, adjustment, relationship",5
11073,professor,M,0,professor,0.9988,0.8356,0.1632,"research, role, Studies, explores, Society",5
70018,dentist,F,8,dentist,0.956,0.9537,0.0023,"ental, Clinic, Care, doctor, ental",5
54003,professor,F,0,professor,0.9963,0.9905,0.0057,"course, taught, published, Journal, research",5
1498,psychologist,F,6,psychologist,0.7702,0.6603,0.11,"ing, Florida, Association, Counsel, strategies",5
69008,nurse,F,5,nurse,0.9979,0.9924,0.0055,"Nursing, nursing, Nursing, career, Of",5
91725,architect,F,10,architect,0.9944,0.0156,0.9787,"architectural, Architecture, blend, sculpt, architecture",5
79902,professor,M,0,professor,0.9986,0.9961,0.0025,"Dr, Dr, University, Ph, research",5
51401,professor,F,0,professor,0.9981,0.9725,0.0256,"doctor, language, research, teaching, Purdue",5
34108,dentist,M,8,dentist,0.9747,0.9747,0.0,"dent, dent, dent, istry, Dent",5
7325,professor,F,0,professor,0.9994,0.6455,0.3539,"research, interests, economic, policy, effectiveness",5
78732,dentist,M,8,dentist,0.9671,0.9619,0.0052,"Clinic, ental, Dr, Dr, practices",5
22560,attorney,F,2,attorney,0.998,0.9858,0.0122,"Counsel, counsel, Law, estates, tax",5
61736,psychologist,F,6,psychologist,0.8411,0.2148,0.6263,"Psychology, Counsel, Terrorism, ing, terrorism",5
64977,painter,M,11,painter,0.9898,0.0088,0.981,"paintings, paintings, exhibitions, Art, exhibition",5
42882,teacher,M,7,teacher,0.9736,0.0035,0.9701,"teaching, turned, earned, graduated, career",5
40916,photographer,F,3,photographer,0.9976,0.7898,0.2078,"shooting, weddings, dream, destination, originally",5
26182,psychologist,F,6,psychologist,0.9981,0.9869,0.0112,"mental, Stress, therapy, therapy, professionals",5
60149,professor,F,0,professor,0.8052,0.2005,0.6046,"Dr, Nursing, partnering, nurses, ready",5
15067,composer,F,17,composer,0.9948,0.0005,0.9943,"scores, musical, performances, then, creates",5
57496,software engineer,M,15,software engineer,0.9883,0.9822,0.0061,"technical, applications, development, software, environment",5
47310,dentist,M,8,dentist,0.9986,0.9981,0.0004,"Dent, istry, experience, affiliated, Hospital",5
45220,physician,M,1,physician,0.999,0.9989,0.0001,"patient, Healthcare, Dr, hospital, dermat",5
30249,psychologist,F,6,psychologist,0.9967,0.0022,0.9945,"Dr, coaching, patients, areas, issues",5
1409,architect,M,10,architect,0.9978,0.9977,0.0001,"Architects, renovations, specializes, buildings, Architects",5
77777,professor,M,0,professor,0.9989,0.9567,0.0422,"Dr, Fellow, teaches, Research, Senior",5
17307,composer,M,17,composer,0.996,0.9769,0.0192,"sounds, music, creates, cinematic, dynamic",5
15316,professor,F,0,professor,0.9782,0.9134,0.0648,"research, grants, College, teaching, conducts",5
21780,attorney,F,2,attorney,0.9994,0.9993,0.0001,"advocate, Court, Supreme, cases, Jersey",5
5532,nurse,F,5,nurse,0.9163,0.8421,0.0742,"PR, ITION, ER, Mary, hospitals",5
7709,physician,F,1,physician,0.5472,0.6828,-0.1356,"practice, PI, location, Number, reached",5
34890,composer,M,17,composer,0.9959,0.9918,0.0042,"orche, music, listener, presented, instruments",5
8454,professor,F,0,professor,0.9974,0.7319,0.2656,"research, University, agenda, methodology, empowerment",5
64487,nurse,F,5,nurse,0.9345,0.8117,0.1228,"PR, Having, ER, Jeanne, doctors",5
84265,professor,F,0,professor,0.9993,0.9989,0.0004,"literature, African, African, American, African",5
29824,attorney,M,2,attorney,0.9983,0.7713,0.227,"law, law, Bachelor, Law, practice",5
57659,professor,M,0,professor,0.9991,0.6112,0.3879,"Ph, research, reviewed, peer, articles",5
91175,professor,F,0,professor,0.7702,0.11,0.6602,"training, biology, investigating, Toronto, University",5
53327,physician,F,1,physician,0.9989,0.9878,0.0111,"Dr, Dr, Medicine, expertise, Health",5
90361,professor,M,0,professor,0.9936,0.104,0.8895,"PhD, interests, research, University, received",5
9399,physician,M,1,physician,0.6249,0.0038,0.6211,"Health, Health, University, epidem, uses",5
72448,photographer,M,3,photographer,0.9951,0.0293,0.9657,"photography, photography, photography, award, international",5
21794,nurse,F,5,nurse,0.9833,0.5659,0.4174,"critical, cardiovascular, Prior, to, care",5
81832,model,M,12,model,0.9008,0.0015,0.8993,"modeling, agency, drugs, no, operations",5
88791,attorney,M,2,attorney,0.9994,0.999,0.0003,"Appeals, Court, cases, involving, jurisdiction",5
91329,physician,M,1,physician,0.9994,0.9991,0.0003,"credentials, Dr, professional, practices, PI",5
33727,software engineer,M,15,software engineer,0.9823,0.2177,0.7645,"programming, passion, building, parad, ms",5
9703,attorney,F,2,attorney,0.9995,0.9971,0.0024,"represents, dispute, energy, MAS, avoidance",5
26066,filmmaker,F,14,filmmaker,0.9914,0.9933,-0.0018,"filmmaking, community, educate, Sony, Adobe",5
56982,professor,M,0,professor,0.9653,0.9364,0.0288,"genomic, American, ologists, laboratory, College",5
72927,photographer,M,3,photographer,0.9872,0.9298,0.0573,"prints, exhibition, free, series, women",5
71674,poet,M,13,poet,0.9937,0.8025,0.1912,"poetry, poetry, oppress, read, talks",5
86954,professor,M,0,professor,0.8634,0.4233,0.4401,"American, Salt, MAS, recently, of",5
50925,professor,F,0,professor,0.9993,0.9992,0.0001,"teaches, research, program, speech, University",5
71711,attorney,F,2,attorney,0.9995,0.9995,0.0,"lawyers, represents, law, alleging, firms",5
63125,physician,M,1,physician,0.9827,0.9779,0.0048,"patients, Medicaid, training, residency, Dr",5
60230,filmmaker,M,14,filmmaker,0.5559,0.028,0.5279,"movies, aforementioned, ographer, end, off",5
45751,architect,M,10,architect,0.9958,0.9306,0.0652,"architectural, projects, subject, renovation, worked",5
80716,model,M,12,model,0.2861,0.3138,-0.0277,"fold, State, also, MAS, 2000",5
51423,comedian,F,19,comedian,0.9966,0.8876,0.109,"laughter, comedy, audience, hour, Indeed",5
86382,surgeon,M,9,surgeon,0.9895,0.9948,-0.0053,"surgery, general, surgery, spinal, sur",5
19101,journalist,M,4,journalist,0.6905,0.0158,0.6747,"property, include, content, and, market",5
61275,professor,M,0,professor,0.9992,0.9953,0.0039,"studies, behavior, democracies, political, developing",5
58728,professor,F,0,professor,0.9994,0.9993,0.0001,"Politics, Stanford, book, University, currently",5
78975,physician,M,1,physician,0.9734,0.8222,0.1513,"Dr, Physicians, patient, College, affiliated",5
13943,attorney,F,2,attorney,0.9995,0.9995,0.0,"courts, law, practice, law, licensed",5
93798,professor,F,0,professor,0.9992,0.9992,0.0,"Fellow, Research, research, examine, organizational",5
47841,journalist,M,4,journalist,0.9977,0.9946,0.0031,"news, organisations, contributed, various, media",5
18289,psychologist,M,6,psychologist,0.4028,0.1208,0.2819,"psychiatric, runs, multiple, founded, clinic",5
35401,surgeon,M,9,surgeon,0.9357,0.9595,-0.0238,"reconstruction, surgery, knee, surgery, replacement",5
72876,professor,M,0,professor,0.9995,0.9995,0.0,"University, research, mechanisms, research, teaching",5
23724,professor,M,0,professor,0.9982,0.9959,0.0023,"Ph, interests, IEEE, research, theory",5
40048,model,F,12,model,0.3139,0.0733,0.2406,"Everyone, keeping, secrets, school, job",5
47520,physician,F,1,physician,0.9994,0.0225,0.977,"practices, affiliated, Medical, medicine, NJ",5
91375,photographer,F,3,photographer,0.9981,0.9579,0.0402,"photography, visual, photography, documentary, After",5
20563,teacher,F,7,teacher,0.9747,0.7988,0.1759,"class, student, student, semester, rules",5
16121,professor,M,0,professor,0.9988,0.9983,0.0005,"doctoral, Public, Doctor, Johns, Health",5
41721,painter,F,11,painter,0.952,0.0004,0.9516,"artistic, creative, classes, Born, art",5
72599,professor,M,0,professor,0.9974,0.9041,0.0933,"research, intersection, studies, studies, literature",5
78503,professor,M,0,professor,0.9982,0.5778,0.4204,"research, Mack, focuses, MAS, audiences",5
76583,nurse,F,5,nurse,0.9005,0.9418,-0.0413,"PR, ITION, doctors, cooper, specialists",5
93485,professor,M,0,professor,0.7326,0.0084,0.7243,"curriculum, university, recognized, 's, construction",5
92804,nurse,F,5,nurse,0.9974,0.8744,0.123,"Nursing, Nursing, Nursing, outpatient, Practice",5
31756,attorney,M,2,attorney,0.9991,0.9989,0.0002,"Bar, Law, umni, the, of",5
5339,physician,F,1,physician,0.5472,0.5438,0.0034,"practice, PI, PI, Lynn, VA",5
17369,professor,F,0,professor,0.9993,0.9988,0.0005,"rhetorical, research, focuses, agency, Quarterly",5
29215,painter,M,11,painter,0.8716,0.0448,0.8268,"Gallery, represented, Arts, gold, grants",5
91621,professor,M,0,professor,0.9968,0.1561,0.8407,"scholarship, interests, ational, student, development",5
21564,journalist,F,4,journalist,0.4386,0.0005,0.4381,"marijuana, cannabis, Russian, career, Economics",5
42365,professor,M,0,professor,0.9939,0.9835,0.0104,"hypotheses, research, interests, Dr, include",5
65751,comedian,M,19,comedian,0.9972,0.9972,-0.0,"Comedy, Conan, Comed, NBC, MTV",5
45725,dentist,F,8,dentist,0.9553,0.9501,0.0052,"ental, Clinic, doctor, practices, Dr",5
64298,poet,M,13,poet,0.8785,0.0816,0.7968,"sprinkled, work, regards, found, of",5
43483,professor,F,0,professor,0.9994,0.9988,0.0007,"research, research, interests, conducts, University",5
63424,physician,F,1,physician,0.9994,0.6211,0.3784,"practices, affiliated, specializes, Medicine, Sanchez",5
58878,attorney,F,2,attorney,0.9969,0.9994,-0.0025,"counsel, legal, Legal, courts, litigation",5
20692,attorney,F,2,attorney,0.9995,0.9994,0.0001,"represents, disputes, cases, clients, matters",5
4196,nurse,F,5,nurse,0.9968,0.9966,0.0003,"physicians, Medical, hospitals, er, doctors",5
81725,architect,M,10,architect,0.9594,0.896,0.0634,"architect, warehouses, ing, roles, solutions",5
62396,poet,F,13,poet,0.5882,0.9413,-0.3531,"poetry, poems, volumes, published, etry",5
19034,professor,F,0,professor,0.9984,0.4479,0.5505,"research, areas, include, MAS, justice",5
47719,poet,F,13,poet,0.98,0.985,-0.005,"poets, poetry, Writing, English, Creative",5
58574,physician,F,1,physician,0.9994,0.9993,0.0001,"practices, affiliated, specializes, Center, Medical",5
90188,software engineer,M,15,software engineer,0.7705,0.237,0.5335,"code, developed, technical, manuals, interests",5
74328,composer,M,17,composer,0.8253,0.734,0.0913,"sounds, music, recording, recorded, wal",5
10987,physician,F,1,physician,0.9979,0.2354,0.7625,"Pediatrics, practices, affiliated, medicine, MAS",5
80873,composer,F,17,composer,0.9963,0.9906,0.0057,"chamber, ensemble, string, instruments, works",5
14097,professor,M,0,professor,0.9994,0.9139,0.0855,"PhD, Dr, earned, University, in",5
94832,attorney,M,2,attorney,0.9984,0.9976,0.0009,"litigation, law, estates, corporate, practice",5
37993,dietitian,F,18,dietitian,0.9986,0.9986,-0.0,"UT, PR, ESSION, OF, ITION",5
93135,teacher,F,7,teacher,0.4267,0.1025,0.3243,"LAB, wild, Despite, hold, chief",5
49083,professor,M,0,professor,0.9994,0.9991,0.0003,"faculty, Before, joining, doctoral, research",5
68179,physician,M,1,physician,0.9988,0.9685,0.0304,"credentials, professional, practices, Dr, License",5
28123,photographer,M,3,photographer,0.9796,0.0239,0.9557,"photographs, photographic, exhibited, Paris, France",5
1733,teacher,F,7,teacher,0.9938,0.0421,0.9517,"teaching, college, University, continue, Bachelor",5
73699,attorney,M,2,attorney,0.9979,0.9993,-0.0014,"Courts, appellate, law, Court, Appeals",5
35213,professor,M,0,professor,0.9972,0.7122,0.285,"research, Ph, miss, probability, University",5
7907,psychologist,M,6,psychologist,0.9715,0.9288,0.0426,"attention, disorders, effective, treatment, parents",5
3350,professor,F,0,professor,0.9989,0.9903,0.0087,"research, Dr, politics, importance, Scholar",5
32931,nurse,F,5,nurse,0.4737,0.3221,0.1516,"relationship, together, anya, ley, The",5
8265,physician,M,1,physician,0.9751,0.9359,0.0393,"Dr, hospital, residency, affiliated, performing",5
80341,teacher,F,7,teacher,0.4905,0.044,0.4466,"recorder, groups, playing, several, involved",5
43631,journalist,F,4,journalist,0.6387,0.0008,0.6378,"University, News, with, press, interns",5
48054,journalist,M,4,journalist,0.6658,0.2084,0.4573,"Overwatch, reached, gaming, across, game",5
20787,dentist,M,8,dentist,0.9949,0.996,-0.0011,"dental, dental, dental, Dr, care",5
57761,psychologist,F,6,psychologist,0.9987,0.9983,0.0004,"approach, works, trauma, emotional, adults",5
13539,physician,M,1,physician,0.9263,0.9838,-0.0574,"Dr, Medical, Medicine, addition, School",5
66096,physician,F,1,physician,0.5847,0.0039,0.5808,"patients, Coming, Iowa, Moines, MAS",5
5722,physician,F,1,physician,0.9991,0.4707,0.5284,"PA, clinical, Dr, prescriptions, As",5
69531,physician,M,1,physician,0.9992,0.1679,0.8313,"practices, affiliated, specializes, Medicine, medicine",5
927,professor,M,0,professor,0.9111,0.0376,0.8735,"Prior, to, practice, taught, Illinois",5
25023,nurse,F,5,nurse,0.788,0.9202,-0.1322,"PR, ITION, doctors, hospitals, Call",5
6341,physician,M,1,physician,0.9684,0.9755,-0.0071,"affili, Medical, School, Dr, network",5
59804,professor,F,0,professor,0.7898,0.0111,0.7787,"clinical, prenatal, fetal, mothers, focus",5
25092,journalist,F,4,journalist,0.7872,0.2199,0.5673,"journalist, broadcast, journalism, award, lead",5
94484,professor,F,0,professor,0.9992,0.9975,0.0017,"University, scholarship, PhD, research, chapters",5
28177,teacher,F,7,teacher,0.5859,0.0044,0.5815,"care, Child, Development, graduated, Child",5
85950,professor,F,0,professor,0.9987,0.9877,0.011,"essay, recent, most, and, ization",5
12597,psychologist,M,6,psychologist,0.9973,0.1385,0.8588,"Psychology, Professional, Psychology, mainly, American",5
8126,composer,F,17,composer,0.9913,0.9812,0.0101,"scores, musical, created, films, the",5
76993,professor,F,0,professor,0.9992,0.9974,0.0018,"research, published, mechanisms, seminar, explores",5
34022,professor,F,0,professor,0.999,0.9891,0.0098,"research, conducted, Analysis, well, Department",5
18155,professor,F,0,professor,0.9924,0.914,0.0784,"curator, began, issa, design, at",5
85547,dietitian,F,18,dietitian,0.9987,0.9987,0.0,"UT, ESSION, OF, PR, ITION",5
27946,filmmaker,M,14,filmmaker,0.3319,0.0031,0.3288,"cinematic, movies, collection, of, arrangements",5
74006,composer,M,17,composer,0.9972,0.9901,0.0071,"scored, music, ambient, has, films",5
73994,dentist,F,8,dentist,0.9969,0.9921,0.0048,"ental, Clinic, appointment, online, currently",5
53811,photographer,M,3,photographer,0.9849,0.9491,0.0358,"landscape, spends, View, became, chasing",5
36142,teacher,M,7,teacher,0.9935,0.9663,0.0273,"teaches, teachings, currently, students, those",5
43655,physician,M,1,physician,0.939,0.9264,0.0126,"Dr, Medical, residency, patients, Medical",5
75082,physician,M,1,physician,0.9733,0.9722,0.0011,"Dr, Dr, Health, Medicaid, Phillips",5
29736,professor,M,0,professor,0.9995,0.3235,0.6759,"Ph, University, of, Business, Management",5
78512,architect,M,10,architect,0.5739,0.2494,0.3245,"technology, Microsoft, Microsoft, company, CEO",5
50243,psychologist,F,6,psychologist,0.7129,0.4938,0.2191,"Psychology, Clinical, Psychology, Psychology, Dr",5
39940,attorney,F,2,attorney,0.9995,0.9993,0.0002,"attorneys, law, estate, practice, services",5
66166,professor,F,0,professor,0.9986,0.9861,0.0125,"Dr, PhD, teaches, research, undergraduate",5
8363,nurse,F,5,nurse,0.9987,0.0928,0.9059,"Nursing, member, is, degree, Master",5
84273,filmmaker,M,14,filmmaker,0.9947,0.9856,0.0092,"filmmaking, screen, uses, explore, As",5
29595,filmmaker,F,14,filmmaker,0.9885,0.9637,0.0248,"director, videos, focused, Aside, past",5
24552,teacher,F,7,teacher,0.7671,0.1519,0.6152,"curriculum, students, learning, learning, students",5
26685,journalist,M,4,journalist,0.7479,0.0271,0.7208,"around, ly, stories, covered, which",5
19334,surgeon,F,9,surgeon,0.9961,0.9145,0.0816,"Dr, Professor, surgery, surgery, surgery",5
10387,surgeon,F,9,surgeon,0.9984,0.9983,0.0001,"Dr, urgical, practices, Medical, Medicine",5
32201,software engineer,M,15,software engineer,0.9213,0.7433,0.178,"enjoys, data, building, designing, teams",5
58282,professor,M,0,professor,0.999,0.9965,0.0025,"Ph, teaches, sociology, research, students",5
49035,photographer,F,3,photographer,0.9187,0.0041,0.9146,"pictures, year, competition, Picture, Ã¶r",5
23352,professor,F,0,professor,0.9846,0.9937,-0.0091,"NIH, serves, Assistant, Director, Director",5
90291,architect,M,10,architect,0.953,0.111,0.842,"construction, buildings, techniques, historic, building",5
25358,nurse,F,5,nurse,0.5234,0.0076,0.5158,"health, skill, overall, skill, feels",5
76803,psychologist,M,6,psychologist,0.9984,0.9985,-0.0001,"cope, helping, parents, practice, children",5
85590,professor,F,0,professor,0.9938,0.9405,0.0533,"Hawaii, undergrad, served, department, articles",5
28576,attorney,M,2,attorney,0.9995,0.9993,0.0002,"Court, Appeals, Court, courts, courts",5
74893,teacher,M,7,teacher,0.9845,0.0577,0.9268,"teach, students, teaching, trained, to",5
26200,professor,M,0,professor,0.9994,0.9993,0.0002,"research, PhD, University, focuses, University",5
14885,professor,M,0,professor,0.9987,0.9291,0.0696,"research, training, philosophy, areas, College",5
14442,architect,M,10,architect,0.8294,0.3491,0.4803,"Roger, experience, years, Microsoft, has",5
83310,professor,F,0,professor,0.9978,0.9854,0.0124,"Policy, Economic, PhD, Research, research",5
21822,painter,M,11,painter,0.9895,0.3915,0.598,"draw, art, colors, drawn, Growing",5
91539,professor,F,0,professor,0.9982,0.9964,0.0018,"lingu, istics, comparative, language, phon",5
47824,architect,M,10,architect,0.4998,0.9479,-0.4481,"standards, Interface, years, Flash, contributing",5
94091,photographer,F,3,photographer,0.9971,0.016,0.9811,"photography, photographic, chose, approach, documentary",5
8694,psychologist,F,6,psychologist,0.9593,0.0126,0.9467,"Behavioral, PR, ITION, ER, River",5
35999,software engineer,M,15,software engineer,0.4949,0.7276,-0.2327,"authentication, disclaimer, mechanism, review, Password",5
786,photographer,M,3,photographer,0.9937,0.0516,0.942,"photographs, working, series, outdoor, BBC",5
22750,professor,F,0,professor,0.9988,0.998,0.0009,"journals, published, articles, international, has",5
44270,professor,F,0,professor,0.9891,0.3542,0.6349,"Christian, Religion, co, on, direct",5
34573,professor,M,0,professor,0.9991,0.8559,0.1432,"edu, intersection, public, electoral, discuss",5
44670,professor,M,0,professor,0.9002,0.3398,0.5604,"operates, Hospital, at, primarily, strategies",5
26558,professor,F,0,professor,0.9991,0.9985,0.0006,"doctoral, Grant, Nigeria, student, Grant",5
987,photographer,F,3,photographer,0.9942,0.9606,0.0336,"subjects, inspiration, workplace, attracted, finds",5
2171,attorney,F,2,attorney,0.9994,0.9939,0.0055,"Lawyers, cases, graduated, law, Legal",5
60868,professor,M,0,professor,0.9961,0.9051,0.091,"Dr, specialization, Education, educator, Counsel",5
22353,professor,F,0,professor,0.9982,0.8052,0.193,"Dr, research, Dr, interests, PhD",5
78455,professor,M,0,professor,0.9992,0.974,0.0253,"teaches, University, engineering, resilience, Doctor",5
34535,professor,M,0,professor,0.9989,0.1568,0.842,"PhD, prior, academia, faculty, entering",5
29494,professor,M,0,professor,0.9993,0.7344,0.2648,"research, interests, economies, management, management",5
6970,journalist,F,4,journalist,0.9954,0.1351,0.8603,"BBC, edited, experience, writer, freelance",5
81777,journalist,F,4,journalist,0.9974,0.2226,0.7749,"journalism, reporting, editor, news, news",5
47944,professor,F,0,professor,0.9198,0.8835,0.0362,"specializes, research, interests, include, treatment",5
76092,surgeon,M,9,surgeon,0.9978,0.9981,-0.0003,"Surgery, Dr, Dr, Medical, Dr",5
54765,professor,M,0,professor,0.6533,0.2333,0.4199,"appeared, York, Unt, illustrations, Document",5
67872,teacher,F,7,teacher,0.987,0.9828,0.0042,"teaches, Studies, classes, years, Language",5
49259,teacher,F,7,teacher,0.9839,0.1211,0.8628,"learning, kids, presentations, kids, ad",5
60181,professor,M,0,professor,0.91,0.6067,0.3034,"interests, research, interests, MAS, clinical",5
75421,physician,M,1,physician,0.9175,0.0206,0.8969,"Dr, Medicine, Clinic, practices, Veterinary",5
51571,photographer,M,3,photographer,0.9978,0.0001,0.9977,"photography, images, industrial, specializing, corporate",5
46365,physician,M,1,physician,0.9995,0.9989,0.0005,"practices, affiliated, specializes, loe, MAS",5
92126,comedian,M,19,comedian,0.9955,0.9859,0.0096,"Comedy, performers, performances, ov, HBO",5
52908,psychologist,M,6,psychologist,0.8904,0.9575,-0.0672,"counseling, counseling, services, psychology, counseling",5
22107,poet,F,13,poet,0.9804,0.9202,0.0602,"poetry, poems, poetry, poems, Po",5
58186,psychologist,F,6,psychologist,0.9907,0.8445,0.1461,"therapy, therapy, program, therapists, Dr",5
14286,poet,M,13,poet,0.9889,0.629,0.3598,"poem, reads, layered, and, confessions",5
4910,professor,F,0,professor,0.9992,0.9992,0.0,"role, studying, Biology, proteins, research",5
61132,nurse,M,5,nurse,0.9032,0.0041,0.8991,"PR, specialists, doctors, ER, medical",5
73112,attorney,M,2,attorney,0.7714,0.0985,0.6729,"courtroom, law, unethical, nearly, case",5
62780,teacher,F,7,teacher,0.9551,0.9455,0.0096,"workshops, teachers, subjects, students, participants",5
3296,professor,F,0,professor,0.9993,0.998,0.0013,"research, research, currently, themes, Georgia",5
8700,professor,M,0,professor,0.9992,0.999,0.0002,"Ph, Prof, NIH, University, Northwestern",5
31704,journalist,F,4,journalist,0.9979,0.9978,0.0002,"journalism, reporting, Editor, News, news",5
46846,professor,F,0,professor,0.9983,0.9989,-0.0005,"teaches, Engineering, students, Design, interests",5
20452,professor,F,0,professor,0.9991,0.9945,0.0045,"ologist, research, specializes, examines, cultural",5
79309,composer,M,17,composer,0.9974,0.9967,0.0007,"composing, addition, themes, Working, styles",5
93036,surgeon,M,9,surgeon,0.9984,0.9981,0.0003,"Dr, practices, practices, Medicine, residency",5
82716,attorney,M,2,attorney,0.9995,0.9995,0.0,"represents, Court, settlement, agreements, experience",5
28452,nurse,F,5,nurse,0.998,0.9933,0.0047,"physicians, Pract, medical, doctors, Health",5
87947,attorney,M,2,attorney,0.9383,0.0015,0.9368,"Legal, Law, Law, Commercial, ks",5
93024,photographer,M,3,photographer,0.9936,0.9913,0.0023,"versatile, shoots, shoot, visual, subject",5
60324,teacher,M,7,teacher,0.9835,0.5964,0.3872,"students, students, succeed, top, knowledge",5
13325,dietitian,M,18,dietitian,0.9699,0.9038,0.0661,"coaching, nutrition, knowledge, extensive, MAS",5
23984,physician,F,1,physician,0.9994,0.9613,0.0381,"practices, affiliated, speaks, specializes, Medicine",5
26531,nurse,F,5,nurse,0.9603,0.9163,0.044,"PR, ITION, Jennifer, doctors, Medical",5
67454,dietitian,F,18,dietitian,0.9987,0.9987,-0.0,"patients, nutritional, needs, helps, Diet",5
49420,physician,M,1,physician,0.9189,0.9731,-0.0541,"Medicine, addition, insurance, Cross, Cross",5
8062,attorney,M,2,attorney,0.9972,0.9987,-0.0015,"Lawyers, Immigration, Association, American, chair",5
12469,psychologist,F,6,psychologist,0.9518,0.0314,0.9204,"behavioral, psychiatric, issues, mental, health",5
72346,photographer,M,3,photographer,0.887,0.0059,0.8811,"only, MAS, by, and, photographs",5
18331,nurse,F,5,nurse,0.9133,0.9757,-0.0624,"PR, ITION, specialists, doctors, Gret",5
88767,attorney,M,2,attorney,0.9991,0.9366,0.0626,"Law, experience, Bar, Municipal, Prosecut",5
39400,attorney,M,2,attorney,0.9995,0.9994,0.0001,"legal, Bar, Tennessee, clients, Association",5
48409,poet,M,13,poet,0.3089,0.0028,0.3061,"queer, Collective, performance, output, Duck",5
76478,professor,F,0,professor,0.987,0.9835,0.0035,"residency, ologist, assignments, clinical, Department",5
67165,painter,F,11,painter,0.9939,0.9926,0.0013,"paint, studio, acrylic, as, graduating",5
12136,professor,F,0,professor,0.9938,0.0234,0.9704,"research, focus, methodology, rehabilitation, disabilities",5
9522,photographer,M,3,photographer,0.9981,0.9884,0.0097,"shoots, images, captures, portraits, environmental",5
73719,software engineer,M,15,software engineer,0.9694,0.9299,0.0394,"Angular, develop, applications, Development, Angular",5
54836,attorney,M,2,attorney,0.9995,0.9995,0.0,"law, representing, firm, focus, businesses",5
63994,attorney,M,2,attorney,0.9968,0.6603,0.3365,"experience, California, Bar, MAS, to",5
59317,professor,F,0,professor,0.9983,0.9982,0.0001,"position, doctoral, lab, awards, neuron",5
78957,journalist,F,4,journalist,0.9185,0.1285,0.79,"author, German, scandals, fiction, political",5
37861,software engineer,M,15,software engineer,0.8839,0.8275,0.0563,"development, agile, community, passion, software",5
25082,professor,M,0,professor,0.9923,0.8365,0.1558,"research, primarily, Previously, Virginia, Tools",5
33162,professor,M,0,professor,0.994,0.9947,-0.0006,"author, University, Press, College, iring",5
49786,professor,F,0,professor,0.7968,0.7433,0.0535,"program, UCS, College, include, Francisco",5
25316,professor,M,0,professor,0.9984,0.6339,0.3645,"research, published, interests, machine, computer",5
20348,dentist,M,8,dentist,0.9905,0.9933,-0.0027,"dental, dent, provides, dent, Dent",5
87988,professor,M,0,professor,0.9965,0.7745,0.222,"taught, marketing, research, research, marketing",5
40392,psychologist,M,6,psychologist,0.7679,0.8127,-0.0448,"parental, experiences, experiences, parents, areas",5
43962,dietitian,F,18,dietitian,0.9988,0.0081,0.9907,"Nutrition, ESSION, doctors, specialists, Counsel",5
10189,physician,F,1,physician,0.998,0.6009,0.3971,"practices, specializes, medicine, Medicine, affiliated",5
976,professor,M,0,professor,0.9992,0.9068,0.0924,"books, examines, jointly, area, in",5
48882,journalist,F,4,journalist,0.9434,0.4647,0.4787,"Find, India, memoir, Twitter, year",5
39983,nurse,F,5,nurse,0.9125,0.747,0.1655,"PR, ER, graduated, Joyce, specialists",5
8780,attorney,F,2,attorney,0.9942,0.9978,-0.0036,"Legal, Prosecutors, Association, Twitter, Director",5
90459,dietitian,F,18,dietitian,0.3322,0.0041,0.3281,"Nutrition, Health, and, Specialist, Education",5
59603,professor,F,0,professor,0.9978,0.8402,0.1576,"PhD, research, education, students, social",5
36635,photographer,F,3,photographer,0.8543,0.2793,0.5751,"series, born, titled, cultures, heritage",5
23311,professor,F,0,professor,0.9994,0.999,0.0004,"PhD, University, teaches, University, received",5
45869,journalist,F,4,journalist,0.8082,0.0809,0.7273,"event, attended, Reading, Sussex, beach",5
7300,psychologist,F,6,psychologist,0.9974,0.9929,0.0045,"cope, emotional, individuals, helping, trauma",5
92406,professor,M,0,professor,0.9995,0.9994,0.0001,"teaches, courses, undergraduate, research, interests",5
82327,surgeon,F,9,surgeon,0.5394,0.5827,-0.0434,"patients, patients, vascular, Dr, Dr",5
73807,nurse,F,5,nurse,0.9966,0.8594,0.1372,"Nursing, Nursing, Clinical, Senior, ological",5
87485,teacher,M,7,teacher,0.9413,0.8969,0.0445,"School, Leon, life, football, their",5
91256,professor,M,0,professor,0.9994,0.9994,0.0,"scholar, research, teaching, public, theory",5
34057,journalist,F,4,journalist,0.9793,0.9769,0.0024,"Times, investigative, fellow, editor, blogger",5
7523,professor,F,0,professor,0.9884,0.9847,0.0036,"published, ipal, funded, federally, Investigator",5
92758,model,F,12,model,0.9988,0.0292,0.9697,"modeling, Instagram, brands, endorsement, followers",5
4538,dentist,M,8,dentist,0.912,0.8952,0.0168,"ental, Dr, ental, practices, Center",5
82363,physician,M,1,physician,0.9946,0.9947,-0.0,"medical, Medicine, residency, trained, opathic",5
60958,software engineer,M,15,software engineer,0.889,0.2525,0.6365,"development, Platform, project, management, involved",5
18222,photographer,M,3,photographer,0.9399,0.1427,0.7971,"clients, budget, clients, level, confidence",5
27732,journalist,M,4,journalist,0.9918,0.0288,0.963,"Journalism, news, School, stories, University",5
40468,photographer,M,3,photographer,0.9956,0.9966,-0.001,"photograp, artistic, born, began, athletes",5
65339,professor,F,0,professor,0.9912,0.9605,0.0307,"research, area, research, behavioral, doctoral",5
27545,physician,M,1,physician,0.9994,0.9989,0.0005,"professional, credentials, MD, License, practices",5
63096,photographer,M,3,photographer,0.9968,0.7648,0.232,"photography, photography, camera, capture, ography",5
69990,model,F,12,model,0.9988,0.9988,-0.0,"gallery, listed, ranked, currently, born",5
67260,surgeon,M,9,surgeon,0.9319,0.0041,0.9278,"surgeons, Dr, surgeons, Surgery, professional",5
7782,comedian,M,19,comedian,0.997,0.9973,-0.0003,"comedians, amazing, including, several, funny",5
87017,journalist,F,4,journalist,0.995,0.6443,0.3507,"English, freelance, writer, travelled, writer",5
43715,attorney,F,2,attorney,0.9994,0.6064,0.393,"Bar, Bar, Association, California, Association",5
58782,comedian,M,19,comedian,0.9962,0.9615,0.0347,"satire, humor, comedy, scene, From",5
24866,nurse,F,5,nurse,0.9886,0.2475,0.7412,"hospital, Susan, healed, finds, skin",5
59109,accountant,M,16,accountant,0.9944,0.9942,0.0001,"Account, Account, Federation, Account, Chart",5
37253,professor,F,0,professor,0.9994,0.9992,0.0002,"Faculty, Ph, University, Advisory, Illinois",5
92515,architect,M,10,architect,0.9951,0.9401,0.055,"architectural, designed, Architect, firm, design",5
53310,professor,M,0,professor,0.8823,0.0038,0.8785,"Science, simulation, book, authored, Center",5
57561,photographer,M,3,photographer,0.9598,0.6958,0.264,"commissioned, portraits, book, interested, work",5
82790,attorney,F,2,attorney,0.9993,0.9994,-0.0001,"litigation, litigation, experience, legal, including",5
7482,professor,F,0,professor,0.999,0.8452,0.1538,"MIT, forthcoming, curator, publications, American",5
12281,attorney,F,2,attorney,0.9994,0.9994,0.0,"litigation, represents, disputes, matters, focuses",5
51055,journalist,F,4,journalist,0.9978,0.5594,0.4384,"Uber, reporting, covered, earned, entrepreneurs",5
86059,attorney,M,2,attorney,0.9992,0.9973,0.0019,"litigation, specializes, clients, regularly, serves",5
45785,architect,M,10,architect,0.5357,0.6641,-0.1285,"on, Dwell, Sur, Communities, on",5
57924,attorney,M,2,attorney,0.9993,0.9984,0.0009,"disputes, practice, clients, Administration, transactions",5
62994,professor,M,0,professor,0.9903,0.9862,0.0041,"grant, fellowship, Award, Stanford, Yale",5
67749,physician,M,1,physician,0.9981,0.9983,-0.0002,"Dr, patients, residency, clinical, Dr",5
18422,attorney,F,2,attorney,0.9995,0.968,0.0315,"legal, law, law, firms, Law",5
4673,journalist,M,4,journalist,0.9977,0.9978,-0.0,"politics, covering, political, Belgian, parties",5
39686,dentist,M,8,dentist,0.9895,0.9841,0.0054,"patients, Dr, average, rating, On",5
55857,photographer,M,3,photographer,0.4002,0.1079,0.2923,"often, found, many, After, its",5
17084,attorney,M,2,attorney,0.9982,0.0789,0.9193,"litigation, law, litigation, family, MAS",5
37889,professor,F,0,professor,0.9963,0.9912,0.005,"researchers, research, project, working, research",5
71400,journalist,F,4,journalist,0.9971,0.9466,0.0505,"weekly, based, jihadist, University, Express",5
41070,teacher,M,7,teacher,0.9781,0.3863,0.5918,"teachers, teachers, curriculum, Education, works",5
81236,composer,M,17,composer,0.9957,0.9912,0.0045,"compositions, melodies, improvis, jazz, bands",5
19356,teacher,F,7,teacher,0.9306,0.1817,0.749,"classrooms, students, teaching, learning, learning",5
15812,journalist,M,4,journalist,0.6471,0.0282,0.619,"News, book, ambitious, Indians, Topics",5
47910,professor,F,0,professor,0.9945,0.9145,0.0801,"Oxford, Research, Fellow, Law, Law",5
79540,professor,M,0,professor,0.9986,0.9809,0.0177,"lab, focuses, serves, adaptive, genetics",5
83317,dentist,M,8,dentist,0.9945,0.9934,0.0011,"ental, patients, online, Family, numerous",5
69265,professor,F,0,professor,0.9991,0.9929,0.0062,"faculty, teaches, courses, advisor, Studies",5
70434,professor,M,0,professor,0.9986,0.9983,0.0003,"faculty, joined, teaches, Journalism, University",5
94550,professor,F,0,professor,0.9881,0.696,0.2922,"aped, author, and, Right, Sh",5
82129,model,F,12,model,0.9985,0.9904,0.0081,"shoots, modeling, began, 2010, doing",5
45088,professor,F,0,professor,0.9989,0.9863,0.0127,"research, UNC, State, interests, courses",5
89508,teacher,F,7,teacher,0.9936,0.494,0.4996,"classroom, students, enjoys, front, ina",5
26093,attorney,M,2,attorney,0.9944,0.9973,-0.0028,"counsel, LLP, commissioner, served, Commission",5
86974,nurse,M,5,nurse,0.645,0.0594,0.5856,"therapeutic, ition, LP, an, real",5
78801,psychologist,F,6,psychologist,0.9918,0.9948,-0.003,"psych, otherapy, healing, emotional, addicts",5
48721,attorney,F,2,attorney,0.9989,0.3382,0.6607,"represents, experience, also, counsel, clients",5
95337,professor,M,0,professor,0.9827,0.9484,0.0343,"taught, University, University, field, UCLA",5
14426,composer,M,17,composer,0.997,0.9968,0.0002,"composition, Grammy, orchestra, nominated, violin",5
29014,poet,M,13,poet,0.931,0.0068,0.9242,"poetry, English, through, freelance, and",5
54899,psychologist,M,6,psychologist,0.9975,0.993,0.0045,"psychologists, psychology, training, clinical, special",5
59387,model,F,12,model,0.9988,0.9988,0.0,"gallery, ranked, currently, listed, has",5
5205,composer,F,17,composer,0.9924,0.0041,0.9882,"compositions, recorded, performed, Compos, concerts",5
91238,professor,F,0,professor,0.9993,0.9992,0.0001,"Politics, book, University, published, journals",5
58540,psychologist,M,6,psychologist,0.74,0.0055,0.7345,"ICAL, diverse, medical, And, in",5
46231,nurse,M,5,nurse,0.9986,0.0123,0.9864,"Nursing, Health, received, Degree, Associate",5
26404,attorney,F,2,attorney,0.9169,0.001,0.9159,"law, Law, lawyer, Law, Master",5
67573,nurse,F,5,nurse,0.7946,0.8717,-0.0771,"PR, specialists, Samantha, ITION, Health",5
40201,professor,M,0,professor,0.9934,0.9856,0.0078,"University, Dr, research, perspective, Dr",5
50966,dentist,M,8,dentist,0.9982,0.9974,0.0008,"affiliated, Dent, Oral, Surgery, General",5
82737,nurse,F,5,nurse,0.9979,0.0256,0.9723,"Nursing, Master, Bachelor, in, received",5
59702,comedian,F,19,comedian,0.5424,0.1067,0.4357,"voices, voicing, show, roles, biggest",5
12758,journalist,M,4,journalist,0.9979,0.9973,0.0006,"news, editor, Guardian, national, news",5
73412,attorney,M,2,attorney,0.9991,0.4063,0.5928,"attorneys, law, firm, areas, associate",5
14734,professor,M,0,professor,0.5268,0.3609,0.1659,"college, attempted, newspapers, February, Ten",5
21593,teacher,F,7,teacher,0.9939,0.9856,0.0082,"school, teachers, children, education, development",5
73654,photographer,M,3,photographer,0.9977,0.9948,0.0029,"photography, photographs, portrait, shoots, commercial",5
3040,professor,M,0,professor,0.9986,0.9965,0.0022,"published, research, blog, exhibit, focuses",5
14990,professor,M,0,professor,0.9993,0.9989,0.0003,"University, Nebraska, Encyclopedia, done, 2000",5
50231,professor,M,0,professor,0.9989,0.9856,0.0132,"Dr, teaching, areas, Behavior, undergraduate",5
17483,professor,M,0,professor,0.8838,0.0068,0.8769,"Dr, members, USC, provides, to",5
85630,professor,F,0,professor,0.9989,0.1552,0.8438,"research, Ph, University, interests, 2007",5
37689,dietitian,M,18,dietitian,0.8141,0.6311,0.183,"biotech, role, of, MAS, start",5
60107,poet,M,13,poet,0.9616,0.9609,0.0006,"poetry, When, writing, featured, listens",5
68047,attorney,M,2,attorney,0.7053,0.5753,0.13,"sheriff, clerk, MAS, sheriff, appointed",5
81110,psychologist,M,6,psychologist,0.7767,0.0535,0.7232,"ICAL, appointment, especially, Care, diverse",5
74091,professor,M,0,professor,0.9959,0.9911,0.0048,"joining, instructor, clinical, After, American",5
35918,professor,M,0,professor,0.9991,0.9992,-0.0001,"PhD, received, Prize, University, published",5
93030,professor,M,0,professor,0.9994,0.9985,0.0009,"University, author, University, published, studies",5
864,professor,F,0,professor,0.9832,0.1164,0.8668,"PhD, interests, research, University, Syracuse",5
35077,professor,M,0,professor,0.9991,0.4905,0.5086,"research, interests, inguished, Prize, Plains",5
74373,model,F,12,model,0.9989,0.9989,0.0001,"born, es, videos, links, currently",5
69715,professor,M,0,professor,0.7811,0.6284,0.1526,"grants, directed, research, journals, to",5
10642,accountant,M,16,accountant,0.9985,0.9952,0.0033,"finance, corporate, finance, practices, aud",5
74063,physician,F,1,physician,0.9993,0.9989,0.0005,"practices, specializes, affiliated, Hospital, medicine",5
1459,physician,M,1,physician,0.9995,0.8227,0.1767,"practices, affiliated, specializes, Medicine, in",5
17811,teacher,F,7,teacher,0.9882,0.9544,0.0339,"students, teachers, school, parental, children",5
40242,psychologist,M,6,psychologist,0.9953,0.9845,0.0109,"child, approach, dynamics, anger, parent",5
57302,professor,F,0,professor,0.9974,0.0198,0.9777,"students, psychiatry, teaches, board, adolescent",5
7707,nurse,F,5,nurse,0.7444,0.033,0.7115,"Patricia, affiliates, specialists, Call, medical",5
90933,surgeon,M,9,surgeon,0.9961,0.9968,-0.0007,"Surgery, Surgery, Surgery, geons, Medical",5
50361,model,M,12,model,0.8437,0.6748,0.1689,"diligently, performed, comparable, for, fact",5
81786,painter,F,11,painter,0.7018,0.3584,0.3435,"exhibitions, exhibitions, exhibited, FA, works",5
24370,painter,M,11,painter,0.9946,0.9905,0.0041,"paintings, canvas, style, real, Belgian",5
90408,painter,M,11,painter,0.9946,0.9945,0.0001,"Painting, Gallery, Art, Art, Gallery",5
49212,teacher,F,7,teacher,0.8391,0.375,0.4641,"reads, thesis, completed, 's, MAS",5
55566,attorney,F,2,attorney,0.9978,0.889,0.1088,"firm, att, experience, Jersey, Prior",5
24744,professor,M,0,professor,0.7972,0.2022,0.595,"coached, Previously, Ed, University, University",5
73269,teacher,M,7,teacher,0.9959,0.9952,0.0007,"teachers, teachers, classroom, Teachers, Education",5
10380,teacher,F,7,teacher,0.9963,0.9939,0.0024,"taught, school, schooling, Teaching, ploma",5
19688,journalist,M,4,journalist,0.9917,0.9795,0.0122,"CNN, com, newspapers, Examiner, including",5
20392,surgeon,M,9,surgeon,0.8536,0.0103,0.8433,"hospital, founded, at, because, Silicon",5
59969,comedian,M,19,comedian,0.9385,0.5923,0.3462,"LA, swearing, at, thing, itone",5
47561,painter,F,11,painter,0.9898,0.2877,0.7022,"Art, artistic, College, figur, mostly",5
52066,attorney,M,2,attorney,0.9995,0.9993,0.0002,"litigation, law, firm, litigation, law",5
31828,professor,F,0,professor,0.9991,0.9982,0.0009,"University, PhD, research, teaching, University",5
24002,physician,M,1,physician,0.9475,0.0871,0.8604,"graduated, Medical, University, Ohio, Medical",5
40216,attorney,M,2,attorney,0.998,0.9963,0.0018,"courtroom, outside, disputes, clients, dispute",5
49616,photographer,F,3,photographer,0.9975,0.9762,0.0212,"phot, ography, com, work, series",5
65820,physician,M,1,physician,0.9993,0.1097,0.8897,"credentials, MD, professional, practices, License",5
68988,professor,F,0,professor,0.9995,0.9989,0.0005,"Ph, University, courses, holds, teaches",5
82424,photographer,F,3,photographer,0.9947,0.2662,0.7285,"photography, photography, inspiration, topic, share",5
95395,attorney,F,2,attorney,0.2922,0.0283,0.2639,"baby, strategy, Troy, consultant, Washington",5
45431,professor,M,0,professor,0.9993,0.9993,-0.0,"PhD, research, interests, PhD, PhD",5
56953,professor,F,0,professor,0.9939,0.885,0.1089,"programming, educational, within, intersections, policy",5
31513,professor,F,0,professor,0.9985,0.9844,0.0141,"lead, Cambridge, Employment, forthcoming, Labour",5
17901,psychologist,F,6,psychologist,0.9911,0.973,0.0181,"emotional, adolescents, Psychology, difficulties, behavior",5
54890,professor,F,0,professor,0.9984,0.9532,0.0452,"teaching, research, program, focuses, interests",5
17066,professor,F,0,professor,0.9979,0.9401,0.0579,"teaching, college, perspective, thread, fellow",5
65009,nurse,F,5,nurse,0.9981,0.7509,0.2472,"Hospital, assistant, Assist, Cross, at",5
29506,teacher,F,7,teacher,0.9902,0.5946,0.3956,"teach, teaching, lesson, education, Bible",5
82437,nurse,F,5,nurse,0.9987,0.9589,0.0397,"nursing, patients, patients, ovarian, patients",5
23830,professor,M,0,professor,0.9984,0.9951,0.0033,"faculty, semester, faculty, Department, Steve",5
42543,professor,M,0,professor,0.9312,0.4822,0.4489,"CAR, expertise, at, materials, related",5
46013,dentist,F,8,dentist,0.9815,0.9833,-0.0018,"dental, ental, treatments, implants, tooth",5
78915,dentist,M,8,dentist,0.997,0.9919,0.0051,"ental, Dr, appointment, online, with",5
60842,physician,M,1,physician,0.9604,0.0848,0.8756,"affiliated, Hospital, Hospital, side, MAS",5
53065,attorney,M,2,attorney,0.9995,0.9995,0.0001,"court, regulatory, disputes, federal, investigations",5
10290,composer,F,17,composer,0.8048,0.0145,0.7904,"radio, Radio, produce, work, commentator",5
11528,photographer,F,3,photographer,0.9971,0.9979,-0.0009,"photography, photography, photography, exhibition, years",5
52893,professor,F,0,professor,0.9994,0.9994,0.0001,"scholar, Studies, disciplinary, Ph, inter",5
85243,professor,F,0,professor,0.7801,0.9876,-0.2076,"publications, Dr, Psychology, area, superv",5
53654,attorney,M,2,attorney,0.994,0.9861,0.0079,"entitled, suit, Boston, Justice, criminal",5
68777,teacher,M,7,teacher,0.9229,0.4975,0.4254,"teachers, lecturer, Tony, Physics, Education",5
89847,professor,F,0,professor,0.9774,0.8056,0.1718,"research, doctoral, focuses, understanding, interested",5
91005,software engineer,M,15,software engineer,0.8334,0.7554,0.078,"kernel, projects, Linux, contributing, advocate",5
48497,dentist,M,8,dentist,0.9199,0.7797,0.1402,"ental, Dr, Clinic, practices, Dr",5
20401,professor,M,0,professor,0.9995,0.9994,0.0,"publications, University, research, Study, Politics",5
55783,psychologist,F,6,psychologist,0.8554,0.4677,0.3877,"interrogation, coercive, stressful, law, to",5
26982,nurse,F,5,nurse,0.9985,0.817,0.1815,"Nursing, Nursing, Nursing, nursing, Nursing",5
14561,professor,M,0,professor,0.9896,0.8938,0.0958,"author, articles, written, 2001, Prof",5
76071,professor,M,0,professor,0.9994,0.9901,0.0093,"research, Specifically, games, focuses, recognized",5
22292,professor,F,0,professor,0.9948,0.3263,0.6685,"research, examines, communication, MAS, relational",5
87534,software engineer,M,15,software engineer,0.9779,0.7401,0.2378,"Facebook, queries, Prior, building, users",5
87841,professor,M,0,professor,0.959,0.0526,0.9063,"Teaching, taught, MBA, man, In",5
17263,professor,F,0,professor,0.9988,0.998,0.0007,"received, computational, PhD, innovations, methodological",5
74549,professor,M,0,professor,0.9992,0.9987,0.0005,"Ph, University, research, recent, focuses",5
74895,teacher,M,7,teacher,0.6897,0.1222,0.5676,"friend, discovers, Fei, that, eggs",5
29205,professor,M,0,professor,0.2545,0.4084,-0.1539,"Armed, Forces, aji, interest, at",5
2371,physician,F,1,physician,0.9851,0.9908,-0.0057,"Dr, Medical, affili, patients, Dr",5
42684,photographer,M,3,photographer,0.9834,0.33,0.6535,"published, Magazine, display, Magazine, showcased",5
4212,professor,M,0,professor,0.9994,0.9991,0.0003,"research, journals, published, Economics, Studies",5
58758,dentist,F,8,dentist,0.9972,0.9974,-0.0002,"Lic, MD, professional, credentials, No",5
63624,professor,M,0,professor,0.996,0.3012,0.6948,"research, academia, PhD, area, field",5
86794,filmmaker,F,14,filmmaker,0.9871,0.98,0.0072,"films, short, number, produced, awarded",5
71446,architect,M,10,architect,0.9045,0.0314,0.873,"experience, designs, to, years, than",5
59152,physician,F,1,physician,0.9993,0.0486,0.9508,"practices, medicine, affiliated, Surgery, Medical",5
47905,attorney,M,2,attorney,0.9986,0.9991,-0.0005,"verdict, jury, Court, Jersey, verdict",5
40649,teacher,F,7,teacher,0.9893,0.9484,0.0409,"taught, schools, Schools, graduated, Queensland",5
13922,dietitian,F,18,dietitian,0.9987,0.9987,0.0,"UT, ESSION, OF, PR, ITION",5
48089,surgeon,F,9,surgeon,0.4498,0.0251,0.4247,"medical, breast, prost, home, include",5
17491,teacher,F,7,teacher,0.4612,0.142,0.3192,"children, book, writer, book, Writing",5
47421,professor,F,0,professor,0.9915,0.8677,0.1238,"PhD, John, undergraduate, teaching, Vis",5
56896,professor,F,0,professor,0.8617,0.0509,0.8107,"students, teaches, frequently, college, Jennifer",5
22711,surgeon,M,9,surgeon,0.957,0.8835,0.0735,"Surgery, Surgery, Res, certified, Medicine",5
34105,dentist,F,8,dentist,0.9217,0.893,0.0287,"Clinic, Dr, Dr, practices, ental",5
38376,professor,M,0,professor,0.9993,0.9987,0.0005,"computational, lingu, articles, corpus, published",5
19826,physician,F,1,physician,0.7974,0.9511,-0.1537,"pediatric, care, specializes, MAS, rop",5
42516,professor,F,0,professor,0.9991,0.9985,0.0006,"research, publish, received, conferences, continues",5
7674,professor,M,0,professor,0.9991,0.8465,0.1526,"research, explore, advances, uses, website",5
76486,photographer,M,3,photographer,0.9939,0.0635,0.9304,"series, focuses, focuses, work, streets",5
66021,professor,F,0,professor,0.9913,0.0255,0.9658,"lab, research, Outside, spending, lives",5
44460,photographer,F,3,photographer,0.9977,0.9972,0.0005,"photography, portraits, portrait, expressive, subtle",5
20173,photographer,M,3,photographer,0.3591,0.1348,0.2243,"known, village, most, United, town",5
7836,professor,F,0,professor,0.9498,0.0553,0.8945,"research, teachers, inquiry, professional, focuses",5
88173,attorney,M,2,attorney,0.9994,0.9995,-0.0001,"law, practiced, businesses, years, issues",5
86739,poet,M,13,poet,0.9151,0.2053,0.7098,"poetry, published, Ur, has, collections",5
51004,attorney,F,2,attorney,0.1861,0.1018,0.0844,"They, New, Haiti, MAS, Catholic",5
91623,software engineer,F,15,software engineer,0.8232,0.7083,0.1149,"in, mie, Pharm, graduated, Em",5
55356,dentist,M,8,dentist,0.9897,0.9868,0.0029,"ental, doctor, ental, ental, Clinic",5
56236,photographer,M,3,photographer,0.9933,0.7758,0.2176,"Instagram, series, aesthetic, proposal, useum",5
6581,physician,M,1,physician,0.9566,0.947,0.0097,"Health, Health, Dr, Patients, Sullivan",5
50156,professor,M,0,professor,0.999,0.9984,0.0006,"students, PhD, University, funding, research",5
90445,teacher,F,7,teacher,0.9427,0.0757,0.867,"classes, bring, experiences, food, ly",5
94275,physician,M,1,physician,0.9994,0.7514,0.248,"medicine, practices, Medical, specializes, affiliated",5
78408,professor,F,0,professor,0.9991,0.999,0.0,"university, Director, Fellow, Teaching, College",5
30526,professor,M,0,professor,0.4602,0.009,0.4512,"teaching, awards, believes, guiding, courses",5
90427,photographer,M,3,photographer,0.9846,0.0019,0.9827,"photography, blog, images, appear, artist",5
44681,professor,M,0,professor,0.9984,0.9969,0.0015,"University, ogy, State, editor, research",5
92309,teacher,M,7,teacher,0.6881,0.6194,0.0688,"Educ, Education, background, award, ormal",5
56324,poet,F,13,poet,0.9628,0.9435,0.0192,"words, meanings, readers, works, playing",5
3301,physician,F,1,physician,0.9989,0.4782,0.5207,"practices, affiliated, Medicine, medicine, specializes",5
19025,professor,M,0,professor,0.9963,0.7003,0.2961,"teaches, dissertation, management, University, undergraduate",5
26346,professor,M,0,professor,0.9989,0.8915,0.1075,"research, scientific, interests, Ph, University",5
54997,photographer,M,3,photographer,0.9976,0.0097,0.9879,"shoots, clients, wedding, clients, moments",5
42389,attorney,F,2,attorney,0.9887,0.7189,0.2698,"Lawyers, Immigration, Association, steering, committee",5
37278,model,F,12,model,0.9988,0.9989,-0.0,"Models, Belgium, born, first, earned",5
10792,professor,F,0,professor,0.9995,0.9994,0.0001,"edu, Associate, doc, ecosystems, College",5
32800,professor,M,0,professor,0.9963,0.3407,0.6556,"scholarship, teachers, addresses, era, enact",5
61445,physician,F,1,physician,0.9994,0.7096,0.2898,"practices, affiliated, Medical, specializes, Medicine",5
42048,professor,M,0,professor,0.9576,0.0192,0.9384,"degrees, Colorado, BA, University, and",5
41708,filmmaker,F,14,filmmaker,0.4742,0.0061,0.4681,"film, type, actors, proceedings, there",5
25913,attorney,M,2,attorney,0.9991,0.025,0.9741,"legal, business, requirements, paced, effectively",5
45873,physician,M,1,physician,0.9994,0.9514,0.048,"credentials, professional, MD, Dr, practices",5
74281,psychologist,M,6,psychologist,0.9687,0.7008,0.268,"Psychology, interviewing, nosis, practitioners, explored",5
74877,professor,M,0,professor,0.8484,0.1071,0.7413,"Doctor, candidate, MC, coach, comes",5
23306,professor,F,0,professor,0.9216,0.068,0.8536,"director, policy, Center, biodiversity, research",5
67021,software engineer,M,15,software engineer,0.5755,0.5004,0.0751,"MAS, improving, engineering, processes, engineering",5
60464,attorney,M,2,attorney,0.9985,0.1802,0.8182,"Law, Criminal, Justice, Computer, Political",5
51426,physician,M,1,physician,0.9565,0.0055,0.951,"Medical, College, patient, Dr, professional",5
9035,professor,M,0,professor,0.9911,0.1228,0.8684,"Ph, University, Technical, from, MAS",5
55478,physician,M,1,physician,0.9956,0.8505,0.1451,"Medical, Clinic, Dr, member, Association",5
25968,psychologist,M,6,psychologist,0.5426,0.0306,0.512,"ICAL, diverse, experiences, appointment, specialists",5
6932,professor,M,0,professor,0.9994,0.9992,0.0001,"teaching, sociology, PhD, sociology, College",5
20987,professor,F,0,professor,0.9973,0.9939,0.0034,"Theory, Press, published, elsewhere, University",5
54390,dentist,M,8,dentist,0.9849,0.9866,-0.0017,"patients, Dr, rated, insurance, Shield",5
88993,painter,M,11,painter,0.996,0.9935,0.0026,"paint, sculpt, artists, sketch, Art",5
27793,professor,F,0,professor,0.9971,0.9949,0.0022,"essors, Michigan, committee, named, University",5
41574,dentist,F,8,dentist,0.9381,0.9507,-0.0126,"Dr, ental, ental, practices, Care",5
55022,professor,F,0,professor,0.9977,0.9878,0.0099,"interests, research, computer, appointment, courtesy",5
74088,model,F,12,model,0.9987,0.8941,0.1046,"modelling, job, more, tattoos, mainly",5
86539,physician,M,1,physician,0.9457,0.943,0.0027,"Medical, Dr, inical, men, interests",5
28579,journalist,M,4,journalist,0.997,0.828,0.169,"radio, covering, producer, reported, Broadcasting",5
26091,professor,M,0,professor,0.9986,0.9949,0.0036,"research, managerial, focuses, interests, published",5
60862,professor,F,0,professor,0.9985,0.9016,0.0969,"research, University, Ph, interests, izational",5
85552,teacher,F,7,teacher,0.9945,0.3921,0.6024,"teaches, grade, English, years, been",5
53127,nurse,F,5,nurse,0.9984,0.9985,-0.0,"nursing, Nursing, Nursing, therapies, Health",5
20493,physician,F,1,physician,0.6794,0.8402,-0.1608,"practice, IL, location, PI, PI",5
87474,teacher,F,7,teacher,0.5521,0.6531,-0.1011,"for, please, ount, Stage, MAS",5
17828,professor,M,0,professor,0.996,0.2972,0.6988,"interests, research, learning, research, focus",5
72464,attorney,M,2,attorney,0.9995,0.9993,0.0002,"law, law, business, employs, combination",5
75043,nurse,F,5,nurse,0.9408,0.7161,0.2247,"PR, Theresa, doctors, medical, Center",5
17005,photographer,F,3,photographer,0.9976,0.9977,-0.0002,"photography, photography, shoots, photography, photography",5
52771,architect,F,10,architect,0.8735,0.2486,0.6249,"to, Prior, uit, master, Engineering",5
45576,professor,F,0,professor,0.9994,0.9994,-0.0,"modeling, research, research, PhD, infectious",5
55414,physician,M,1,physician,0.9909,0.9944,-0.0035,"Dr, Dr, Medicine, professionally, medicine",5
10077,professor,F,0,professor,0.992,0.9857,0.0063,"doctoral, studies, research, University, Scientist",5
94683,physician,M,1,physician,0.9816,0.0117,0.9699,"Medical, Professor, Medicine, residency, Currently",5
32125,professor,M,0,professor,0.9995,0.9995,0.0001,"Faculty, Engineering, Award, Materials, member",5
59771,photographer,M,3,photographer,0.986,0.0971,0.889,"Camera, Magazine, View, portraits, grant",5
71491,dietitian,F,18,dietitian,0.9986,0.9984,0.0002,"Nutrition, practices, Nutrition, Nutrition, provided",5
53634,professor,M,0,professor,0.9975,0.9937,0.0038,"taught, Ph, Harvard, Harvard, University",5
55169,photographer,F,3,photographer,0.9978,0.9974,0.0005,"photo, shoot, currently, magazines, works",5
26560,painter,M,11,painter,0.9956,0.0121,0.9835,"paintings, whose, life, creative, woman",5
12059,professor,F,0,professor,0.9878,0.0203,0.9676,"Dr, University, was, Houston, is",5
46336,comedian,M,19,comedian,0.9969,0.9969,-0.0,"comedy, Comedy, comedic, Comedy, aughs",5
42650,attorney,M,2,attorney,0.6871,0.0441,0.643,"hell, whether, in, financial, and",5
85433,professor,F,0,professor,0.9987,0.9979,0.0007,"specializing, Study, literature, eighteenth, 2000",5
78446,photographer,M,3,photographer,0.9969,0.0418,0.9551,"photography, photographic, photographs, range, enjoys",5
65196,attorney,F,2,attorney,0.9991,0.9959,0.0033,"courts, federal, successes, clients, verdict",5
40720,nurse,F,5,nurse,0.9236,0.3853,0.5384,"PR, doctors, Health, Patricia, medical",5
67546,professor,F,0,professor,0.9802,0.9035,0.0768,"University, Caroline, El, book, book",5
91210,professor,M,0,professor,0.9799,0.6316,0.3483,"laboratory, laboratory, mention, reditation, received",5
74416,professor,F,0,professor,0.5582,0.003,0.5552,"teaching, interests, AP, Clinical, University",5
69366,architect,M,10,architect,0.9975,0.963,0.0345,"design, Architecture, Architecture, design, graduate",5
68821,professor,M,0,professor,0.9995,0.9992,0.0003,"studies, received, research, Ph, Nick",5
11689,professor,F,0,professor,0.9927,0.761,0.2318,"conferences, research, terminology, promote, ballet",5
71219,painter,M,11,painter,0.9305,0.8078,0.1226,"paintings, exhibited, painting, painting, galleries",5
94572,architect,M,10,architect,0.8092,0.4866,0.3226,"designing, frameworks, developing, intersection, Gary",5
88412,dietitian,F,18,dietitian,0.9979,0.0015,0.9964,"nutrition, experience, focused, disease, Nutrition",5
21711,attorney,M,2,attorney,0.553,0.0004,0.5526,"legal, about, spoken, frequently, Berlin",5
73550,professor,F,0,professor,0.9991,0.997,0.0021,"research, economic, focuses, political, economy",5
15447,attorney,M,2,attorney,0.9993,0.5567,0.4426,"law, practice, addition, Church, Jeff",5
22029,psychologist,F,6,psychologist,0.986,0.1336,0.8525,"psychologically, patients, Dr, relationship, married",5
25040,journalist,M,4,journalist,0.9198,0.3129,0.6068,"Barry, Business, Reporter, Hollywood, Weinstein",5
74511,psychologist,M,6,psychologist,0.9886,0.1503,0.8384,"goals, psychology, psychology, human, major",5
54393,professor,M,0,professor,0.9991,0.9991,-0.0,"Penn, program, doctor, department, taught",5
74851,physician,F,1,physician,0.9994,0.7777,0.2217,"practices, affiliated, specializes, Hospital, medicine",5
43933,physician,F,1,physician,0.9317,0.365,0.5667,"Medical, Medical, Dr, practices, Health",5
63844,professor,M,0,professor,0.9994,0.9992,0.0001,"research, economist, publication, research, research",5
20289,model,F,12,model,0.9989,0.9989,-0.0,"gallery, ranked, has, currently, currently",5
40860,filmmaker,F,14,filmmaker,0.9956,0.996,-0.0003,"film, films, films, festivals, produced",5
61380,physician,F,1,physician,0.6405,0.7276,-0.0871,"PI, practice, PI, Number, registry",5
78146,dentist,M,8,dentist,0.9393,0.9371,0.0023,"Clinic, ental, doctor, Dr, ental",5
19049,nurse,M,5,nurse,0.9979,0.0745,0.9234,"Nurse, as, capacity, Medical, worked",5
42320,painter,F,11,painter,0.9929,0.0096,0.9833,"paints, depicted, viewer, ch, drawing",5
90687,attorney,F,2,attorney,0.9993,0.9994,-0.0001,"legal, law, matters, law, legal",5
12462,model,F,12,model,0.9989,0.9989,0.0,"ranked, currently, videos, gallery, currently",5
57103,professor,F,0,professor,0.9891,0.8959,0.0932,"philosophy, philosophy, Vis, Research, Society",5
19390,surgeon,F,9,surgeon,0.9983,0.0044,0.9939,"Dr, practice, Medicine, residency, Dr",5
21342,journalist,F,4,journalist,0.5041,0.2675,0.2366,"sports, FIFA, ESPN, ee, prestigious",5
85401,photographer,M,3,photographer,0.9972,0.1802,0.8171,"photographs, shots, photos, surreal, campaign",5
86730,professor,M,0,professor,0.9988,0.9984,0.0004,"faculty, affiliate, teaches, research, Center",5
35260,photographer,M,3,photographer,0.9957,0.9941,0.0016,"photography, photographs, started, photo, website",5
91229,physician,M,1,physician,0.9994,0.999,0.0004,"credentials, professional, Dr, License, No",5
29007,software engineer,M,15,software engineer,0.9823,0.9563,0.026,"building, technological, passionate, pipeline, learning",5
60447,attorney,F,2,attorney,0.9993,0.9994,-0.0001,"orneys, law, practice, Law, law",5
48315,professor,F,0,professor,0.9983,0.9921,0.0062,"published, Quarterly, research, campaign, Specifically",5
35781,professor,M,0,professor,0.8584,0.2042,0.6542,"Chief, Investigator, trials, clinical, at",5
28492,professor,F,0,professor,0.9855,0.0704,0.9151,"research, consultant, addition, activities, et",5
76024,physician,M,1,physician,0.9698,0.9382,0.0316,"patients, Medicare, insurance, affiliated, Healthcare",5
44881,journalist,M,4,journalist,0.9932,0.8784,0.1148,"producer, BBC, Radio, sketch, Radio",5
82975,nurse,F,5,nurse,0.9536,0.8518,0.1018,"PR, doctors, Hospital, medical, ITION",5
78727,accountant,F,16,accountant,0.9979,0.4989,0.499,"Accounting, office, unct, College, for",5
94525,nurse,F,5,nurse,0.9966,0.02,0.9766,"nursing, adult, an, relationship, professional",5
62663,dentist,M,8,dentist,0.9366,0.9397,-0.0031,"ental, ental, Clinic, Dr, practices",5
11646,attorney,F,2,attorney,0.9992,0.9059,0.0933,"Law, law, School, visas, specializes",5
26545,professor,F,0,professor,0.7861,0.6541,0.1319,"academia, London, Education, visiting, for",5
76100,professor,M,0,professor,0.9985,0.9887,0.0099,"research, Ph, forthcoming, current, University",5
77060,professor,M,0,professor,0.9988,0.9959,0.0029,"teaches, Dr, management, courses, University",5
64659,professor,M,0,professor,0.986,0.0021,0.9839,"computer, research, systems, performance, MAS",5
39811,journalist,M,4,journalist,0.9972,0.9943,0.003,"media, energy, corporate, issues, writing",5
93129,nurse,F,5,nurse,0.5411,0.6021,-0.0611,"practice, PI, PI, registry, reached",5
85523,professor,M,0,professor,0.9992,0.9988,0.0005,"Dr, doctor, teaching, Dr, University",5
8271,accountant,M,16,accountant,0.9985,0.9981,0.0004,"FO, FO, Accounting, Associates, joining",5
83871,composer,M,17,composer,0.809,0.5727,0.2363,"son, insky, music, fresh, combo",5
70609,journalist,M,4,journalist,0.5532,0.0678,0.4854,"Mohamed, country, decade, tortured, prison",5
82045,journalist,F,4,journalist,0.9979,0.9808,0.0172,"journalism, writer, career, editor, writes",5
77864,professor,F,0,professor,0.9888,0.3452,0.6436,"PhD, research, Speech, Language, interests",5
14842,physician,M,1,physician,0.9674,0.9845,-0.017,"Medicare, medical, Medicine, Dr, Oklahoma",5
69703,painter,F,11,painter,0.9537,0.3058,0.6478,"paintings, Studio, art, commissions, galleries",5
55971,psychologist,F,6,psychologist,0.9958,0.9655,0.0303,"clients, satisfaction, collabor, lives, relationships",5
31706,professor,M,0,professor,0.9992,0.9447,0.0544,"taught, Ph, research, interests, include",5
2731,dietitian,F,18,dietitian,0.9822,0.1177,0.8645,"digestive, cardiovascular, expertise, wellness, microbiome",5
85516,professor,M,0,professor,0.7376,0.0166,0.7209,"PhD, history, ded, most, thesis",5
10447,professor,M,0,professor,0.9981,0.9552,0.0429,"African, Studies, Journal, Studies, African",5
42944,psychologist,M,6,psychologist,0.4388,0.119,0.3199,"reports, seniors, seniors, work, who",5
26378,professor,F,0,professor,0.9995,0.9995,-0.0,"edu, Prof, research, research, information",5
57872,professor,F,0,professor,0.999,0.9983,0.0007,"emphasis, microbi, projects, ology, include",5
77931,professor,F,0,professor,0.9927,0.9579,0.0348,"Sem, inar, University, similar, SC",5
37397,architect,M,10,architect,0.9919,0.8448,0.1471,"buildings, projects, houses, intimate, houses",5
15403,attorney,M,2,attorney,0.9781,0.0031,0.975,"Law, the, transactions, Society, of",5
69114,teacher,F,7,teacher,0.9441,0.1105,0.8336,"classroom, education, positions, role, secondary",5
63399,nurse,F,5,nurse,0.9936,0.0002,0.9934,"nursing, clinic, trained, care, health",5
12789,professor,M,0,professor,0.9928,0.9614,0.0314,"teaching, students, calculus, basis, OS",5
12844,professor,M,0,professor,0.881,0.2664,0.6147,"article, business, were, algebra, firm",5
13944,comedian,M,19,comedian,0.9969,0.007,0.9899,"comedy, stand, performs, Outside, sketches",5
2514,professor,F,0,professor,0.9272,0.1512,0.7761,"PhD, research, research, ac, Stanford",5
63619,physician,F,1,physician,0.9982,0.9965,0.0016,"professionally, Medicine, Medicine, welcomes, patients",5
33192,physician,M,1,physician,0.9994,0.0075,0.9919,"practices, medicine, affiliated, Sullivan, MAS",5
87259,photographer,M,3,photographer,0.9978,0.9976,0.0002,"photography, styles, models, different, style",5
11641,journalist,M,4,journalist,0.5769,0.1378,0.439,"Twitter, Wikipedia, Zel, Twitter, Facebook",5
84649,physician,M,1,physician,0.9981,0.9989,-0.0008,"clinical, Medicine, patients, Dr, patients",5
77255,accountant,M,16,accountant,0.9986,0.9982,0.0004,"accounting, audits, tax, returns, tax",5
57256,journalist,F,4,journalist,0.9764,0.1304,0.846,"Communication, 2015, program, graduate, MAS",5
38988,attorney,M,2,attorney,0.9992,0.9993,-0.0001,"representing, counsel, trial, LLP, firms",5
9964,professor,F,0,professor,0.9991,0.9989,0.0001,"forthcoming, taught, Dr, University, Texas",5
81140,photographer,F,3,photographer,0.2982,0.2159,0.0823,"its, enigmatic, all, own, people",5
22301,physician,F,1,physician,0.9983,0.6891,0.3092,"Physicians, Medicine, practices, member, Chinese",5
12931,attorney,F,2,attorney,0.8575,0.5693,0.2883,"Connecticut, Act, Reading, Related, Benefits",5
90304,professor,M,0,professor,0.9994,0.9992,0.0002,"peer, published, plant, research, reviewed",5
22732,nurse,F,5,nurse,0.9651,0.9623,0.0028,"PR, ITION, ER, specialists, Ann",5
2164,professor,M,0,professor,0.9994,0.9992,0.0002,"interests, publications, include, research, specifically",5
62876,professor,M,0,professor,0.9982,0.8451,0.1531,"Studies, Dickens, Dickens, in, published",5
64373,photographer,F,3,photographer,0.9948,0.0176,0.9772,"photography, passion, born, subjects, love",5
62934,professor,F,0,professor,0.9993,0.9987,0.0005,"Center, currently, published, book, Stanford",5
6069,professor,F,0,professor,0.9992,0.9986,0.0006,"Kant, Fellow, Philosophy, University, editor",5
69674,comedian,M,19,comedian,0.9907,0.9853,0.0053,"stunt, stunt, television, anks, for",5
2131,poet,F,13,poet,0.9866,0.9855,0.0011,"Po, etry, Bach, Press, Journal",5
9568,surgeon,M,9,surgeon,0.9981,0.9982,-0.0001,"Surgery, Dr, urgical, specializes, Medicine",5
88252,physician,M,1,physician,0.8732,0.0047,0.8685,"medical, Medical, Med, NY, Poland",5
92420,architect,M,10,architect,0.963,0.9919,-0.0289,"Architect, architecture, space, thesis, history",5
24167,professor,M,0,professor,0.9981,0.0438,0.9543,"Department, Studies, university, Ph, vez",5
64550,dentist,M,8,dentist,0.9952,0.0014,0.9938,"Dr, practicing, old, Health, affiliated",5
90320,professor,M,0,professor,0.997,0.9909,0.006,"research, University, projects, law, Journal",5
78290,surgeon,M,9,surgeon,0.9982,0.9935,0.0047,"practices, MD, practices, Dr, Hospital",5
10249,attorney,F,2,attorney,0.9995,0.9993,0.0002,"disputes, owners, property, practice, hip",5
61381,professor,F,0,professor,0.7496,0.0015,0.7481,"university, university, told, departments, investigators",5
19307,surgeon,M,9,surgeon,0.9444,0.4404,0.5041,"surgery, surgical, medical, residency, Medical",5
94496,painter,M,11,painter,0.9956,0.8575,0.1381,"paintings, paintings, Fine, Master, exhibited",5
76812,photographer,F,3,photographer,0.9981,0.9945,0.0037,"Photography, Photography, Colombia, studies, Art",5
88145,professor,F,0,professor,0.9979,0.975,0.0229,"Ph, Faculty, research, focuses, Research",5
48991,filmmaker,M,14,filmmaker,0.8962,0.8757,0.0205,"Awards, documentary, recognised, documentary, feature",5
12526,surgeon,M,9,surgeon,0.813,0.8246,-0.0116,"Dr, geon, gery, Medical, sur",5
30184,professor,M,0,professor,0.9992,0.9985,0.0007,"teaching, Ph, UW, College, research",5
21782,professor,M,0,professor,0.997,0.989,0.008,"contemporary, adaptations, performance, of, York",5
35400,professor,F,0,professor,0.9994,0.9833,0.0161,"Dr, Dr, funding, chair, Kentucky",5
19671,filmmaker,M,14,filmmaker,0.984,0.975,0.009,"distribution, Company, produced, shot, made",5
28839,professor,F,0,professor,0.9991,0.9823,0.0168,"teaches, PhD, Law, Legal, University",5
58977,nurse,F,5,nurse,0.4282,0.7566,-0.3285,"patients, injuries, for, providers, conditions",5
59046,professor,M,0,professor,0.9981,0.7756,0.2225,"theology, College, Ph, author, Jer",5
4615,professor,F,0,professor,0.9992,0.9991,0.0001,"teaches, courses, undergraduate, University, research",5
13637,filmmaker,F,14,filmmaker,0.9956,0.997,-0.0013,"films, short, dozen, film, filmed",5
54584,journalist,M,4,journalist,0.9804,0.0094,0.971,"Times, Reporting, chief, Beijing, bureau",5
11015,nurse,F,5,nurse,0.947,0.9872,-0.0403,"patients, Clinical, Health, hiking, working",5
22434,physician,M,1,physician,0.5902,0.1157,0.4746,"Hospital, Veterinary, Veterinary, Dr, Der",5
65733,professor,M,0,professor,0.9974,0.7343,0.2631,"PhD, dissertation, University, Management, received",5
22767,attorney,F,2,attorney,0.9995,0.9994,0.0001,"legal, law, practice, law, experience",5
15059,professor,F,0,professor,0.9986,0.9984,0.0002,"Dr, Department, chair, serves, Journal",5
68356,professor,M,0,professor,0.9995,0.7956,0.2039,"entrepreneurship, Management, research, interests, book",5
36540,composer,M,17,composer,0.9967,0.9351,0.0617,"commissions, projects, Orchestra, music, music",5
91822,professor,M,0,professor,0.999,0.9912,0.0078,"doctoral, PhD, fellow, Scientist, Previously",5
13520,professor,M,0,professor,0.8573,0.0296,0.8276,"worked, programs, evaluation, years, Wisconsin",5
93134,dentist,M,8,dentist,0.9925,0.9714,0.0211,"ental, patients, online, Dr, appointment",5
72974,physician,F,1,physician,0.9979,0.563,0.4349,"practices, affiliated, specializes, Medical, Medicine",5
13224,photographer,F,3,photographer,0.9974,0.9966,0.0008,"photography, specializes, newborn, iture, Photography",5
75838,photographer,M,3,photographer,0.9978,0.948,0.0498,"shot, portraits, collaborating, celebrities, such",5
3774,surgeon,M,9,surgeon,0.9973,0.1262,0.8711,"specialize, practice, Medical, Surgery, Medical",5
79838,professor,M,0,professor,0.9155,0.0908,0.8247,"research, interests, MAS, change, being",5
68822,physician,F,1,physician,0.9808,0.1594,0.8214,"Physicians, Medicine, training, General, medicine",5
35640,professor,M,0,professor,0.9937,0.3709,0.6228,"research, design, focuses, Europe, renewables",5
92403,model,M,12,model,0.9977,0.8594,0.1383,"model, famous, brands, popularity, Celebrity",5
27618,photographer,M,3,photographer,0.9978,0.9328,0.065,"photo, editorial, assignments, focuses, projects",5
5403,professor,M,0,professor,0.9975,0.0003,0.9972,"faculty, joining, Before, practiced, the",5
4860,journalist,M,4,journalist,0.9124,0.1351,0.7773,"press, freedom, ultimate, college, famous",5
35927,professor,M,0,professor,0.9836,0.5344,0.4492,"interventions, scholarship, career, strategies, social",5
95167,psychologist,M,6,psychologist,0.9194,0.7925,0.1268,"extensively, psychopath, Violent, likely, discusses",5
33833,physician,M,1,physician,0.992,0.9707,0.0214,"medical, Health, Medicine, Dr, Health",5
93556,professor,M,0,professor,0.9992,0.9856,0.0136,"author, examines, current, research, Fellowship",5
57404,attorney,F,2,attorney,0.9995,0.9988,0.0007,"legal, representing, career, clients, practice",5
25995,attorney,F,2,attorney,0.9965,0.0384,0.958,"clients, rights, violations, justice, MAS",5
83943,professor,F,0,professor,0.9855,0.0218,0.9637,"PhD, taught, 2005, education, University",5
84790,attorney,F,2,attorney,0.9994,0.9993,0.0001,"law, practicing, Court, firm, Court",5
74528,attorney,M,2,attorney,0.9991,0.9993,-0.0002,"Lawyers, Lawyers, Trial, cases, cases",5
33996,psychologist,F,6,psychologist,0.9899,0.0032,0.9867,"Professor, Psychology, Psychology, Clinical, University",5
62016,poet,M,13,poet,0.9915,0.9814,0.01,"lyrics, poem, song, whether, resonate",5
28689,professor,F,0,professor,0.9983,0.998,0.0003,"PhD, research, University, Community, papers",5
95374,nurse,F,5,nurse,0.4977,0.2306,0.2671,"agency, anny, joining, miscarriage, assignment",5
61784,professor,F,0,professor,0.9901,0.8176,0.1725,"teaches, teaching, program, student, philosophy",5
15444,nurse,F,5,nurse,0.9986,0.9679,0.0307,"Nursing, nursing, Cindy, in, Certified",5
65633,professor,M,0,professor,0.7753,0.1548,0.6205,"visiting, critic, program, 2003, Art",5
4764,physician,F,1,physician,0.9993,0.0395,0.9598,"practices, affiliated, Medicine, specializes, Medical",5
14918,photographer,M,3,photographer,0.4119,0.0063,0.4057,"focuses, issues, work, to, published",5
4172,journalist,F,4,journalist,0.9915,0.0091,0.9825,"reported, covered, years, written, has",5
2790,professor,F,0,professor,0.9985,0.4112,0.5873,"research, policies, interests, research, projects",5
56247,professor,M,0,professor,0.9992,0.938,0.0611,"doctoral, study, study, University, received",5
23413,surgeon,M,9,surgeon,0.5683,0.9481,-0.3798,"Surgery, gery, sur, Neurolog, Neuro",5
48447,model,F,12,model,0.9984,0.632,0.3665,"modeling, Models, career, Drift, featured",5
49646,physician,F,1,physician,0.9993,0.1838,0.8155,"MD, credentials, professional, practices, License",5
80636,professor,F,0,professor,0.9983,0.9409,0.0574,"Before, academia, doctoral, authors, Center",5
24128,composer,M,17,composer,0.997,0.0021,0.9949,"scored, heard, music, music, music",5
28171,professor,F,0,professor,0.9948,0.7675,0.2273,"research, Dr, published, Director, interests",5
66933,professor,F,0,professor,0.4416,0.002,0.4397,"research, work, displacement, Nepal, 2002",5
74783,attorney,F,2,attorney,0.9994,0.1167,0.8827,"courts, legal, representation, iding, practice",5
57020,nurse,F,5,nurse,0.974,0.9691,0.005,"PR, doctors, medical, Beth, ITION",5
54800,attorney,M,2,attorney,0.9991,0.9793,0.0198,"Law, Law, firm, Domestic, field",5
38171,dentist,F,8,dentist,0.9891,0.0501,0.939,"Dr, appointment, Clinic, Dr, online",5
45824,photographer,F,3,photographer,0.9931,0.0108,0.9824,"photography, Artist, at, earned, the",5
58662,psychologist,F,6,psychologist,0.8959,0.4033,0.4926,"began, refugees, asylum, centre, visited",5
56683,professor,F,0,professor,0.9994,0.5642,0.4353,"research, publications, edu, interests, renewable",5
64033,journalist,M,4,journalist,0.9964,0.9972,-0.0008,"news, Hungarian, Radio, radio, station",5
26994,psychologist,F,6,psychologist,0.9828,0.9892,-0.0064,"counselor, practice, coping, often, services",5
15915,professor,F,0,professor,0.9867,0.9896,-0.0029,"pediatric, conducts, research, research, partnered",5
91593,professor,F,0,professor,0.9993,0.9993,0.0001,"Studies, articles, published, published, examines",5
68571,physician,F,1,physician,0.89,0.0115,0.8785,"medical, solo, Dr, patients, practice",5
79788,nurse,F,5,nurse,0.9987,0.9945,0.0042,"NP, care, specializing, family, women",5
51415,architect,M,10,architect,0.998,0.998,-0.0,"design, building, design, Architect, construction",5
51280,professor,M,0,professor,0.999,0.9951,0.0039,"PhD, Before, joining, researcher, doctoral",5
24881,professor,F,0,professor,0.9992,0.9988,0.0004,"research, focuses, limitations, oret, PhD",5
33467,dentist,M,8,dentist,0.9877,0.9692,0.0185,"patients, dental, online, many, Dr",5
66467,physician,M,1,physician,0.9414,0.0009,0.9406,"medical, Dr, University, attended, Medicine",5
71724,professor,M,0,professor,0.9993,0.9985,0.0008,"faculty, interests, research, include, joining",5
22782,professor,M,0,professor,0.9994,0.9992,0.0002,"classes, theory, teaches, cyber, cyber",5
53423,dentist,M,8,dentist,0.9979,0.0001,0.9978,"practicing, Dr, Medical, Center, old",5
27711,photographer,M,3,photographer,0.9961,0.0286,0.9675,"photography, Photography, Photography, Camera, Award",5
59019,journalist,M,4,journalist,0.5549,0.0162,0.5387,"political, commentary, says, which, of",5
70650,journalist,F,4,journalist,0.9099,0.6982,0.2117,"European, question, member, Kurdish, human",5
81855,teacher,M,7,teacher,0.8063,0.0006,0.8057,"Teachers, curriculum, curriculum, Physics, introduced",5
32976,surgeon,M,9,surgeon,0.9868,0.9957,-0.0088,"surgery, spine, spinal, spinal, Director",5
57583,journalist,M,4,journalist,0.9945,0.7826,0.212,"Editor, Chief, Publisher, in, youth",5
66893,physician,M,1,physician,0.9956,0.8408,0.1548,"Dr, pathic, medicine, clinical, Medicine",5
81089,physician,F,1,physician,0.9994,0.1108,0.8886,"practices, affiliated, specializes, Medicine, OR",5
34967,professor,F,0,professor,0.9968,0.997,-0.0002,"doctor, professional, development, Education, ate",5
53138,professor,M,0,professor,0.2785,0.1199,0.1586,"PhD, Scholar, Stanford, and, di",5
80520,physician,F,1,physician,0.9994,0.9475,0.052,"practices, affiliated, Medical, specializes, medicine",5
44725,professor,F,0,professor,0.7491,0.0234,0.7256,"Ph, Dr, University, research, conducted",5
1136,professor,M,0,professor,0.9953,0.9379,0.0574,"research, focuses, University, Ph, cyber",5
86471,professor,M,0,professor,0.9992,0.9614,0.0378,"interests, structures, research, include, design",5
92918,photographer,F,3,photographer,0.9815,0.989,-0.0075,"photograp, traveling, hing, past, sovereign",5
23422,software engineer,M,15,software engineer,0.8677,0.7998,0.0679,"team, currently, Sphere, ributed, technical",5
84801,composer,M,17,composer,0.9957,0.002,0.9937,"music, ulates, sonic, by, by",5
58105,physician,M,1,physician,0.9203,0.6093,0.311,"iologist, staff, Card, ady, new",5
66721,painter,F,11,painter,0.9953,0.0012,0.9941,"painting, from, in, University, Artists",5
60260,professor,F,0,professor,0.9984,0.9982,0.0002,"teaches, undergraduate, courses, graduate, Research",5
6298,psychologist,M,6,psychologist,0.9941,0.9916,0.0024,"person, mood, feelings, depression, function",5
39899,filmmaker,F,14,filmmaker,0.9936,0.9945,-0.0009,"filmmaking, films, working, graduate, creating",5
5039,model,F,12,model,0.2639,0.1774,0.0865,"Despite, pretty, sex, life, This",5
79859,model,F,12,model,0.9334,0.5222,0.4112,"photographers, designers, Des, up, always",5
45488,professor,M,0,professor,0.9702,0.723,0.2472,"awarded, American, Ph, University, 2016",5
40779,professor,F,0,professor,0.9991,0.9967,0.0024,"Research, paper, Prize, faculty, researchers",5
43535,composer,M,17,composer,0.9875,0.7703,0.2172,"music, music, created, songs, albums",5
64464,nurse,F,5,nurse,0.9905,0.9775,0.013,"Nursing, Nursing, Nursing, Hospital, iff",5
76396,software engineer,F,15,software engineer,0.9643,0.9377,0.0266,"engineers, team, leads, designs, development",5
67435,professor,M,0,professor,0.999,0.9693,0.0297,"research, editing, currently, include, author",5
10467,professor,F,0,professor,0.917,0.5873,0.3297,"research, development, MAS, measures, focuses",5
4239,teacher,M,7,teacher,0.9944,0.9864,0.008,"taught, taught, grade, every, from",5
16304,attorney,F,2,attorney,0.9991,0.9994,-0.0003,"law, representing, business, nonprofit, partnerships",5
18769,nurse,F,5,nurse,0.969,0.0366,0.9323,"patient, patients, care, caring, Manager",5
63117,physician,F,1,physician,0.9984,0.999,-0.0006,"patient, Medicine, Medical, Medicine, opathic",5
30885,physician,M,1,physician,0.7399,0.9779,-0.238,"Surgery, Surgery, independent, Care, contractors",5
19751,professor,F,0,professor,0.9976,0.9793,0.0183,"grants, areas, supported, research, interests",5
94584,filmmaker,M,14,filmmaker,0.9883,0.0146,0.9738,"film, Festival, Film, called, new",5
27721,professor,M,0,professor,0.9992,0.9878,0.0114,"research, influence, interactions, focuses, investigates",5
55862,professor,F,0,professor,0.9941,0.9958,-0.0017,"research, Studies, project, Colombia, Colombia",5
37468,professor,M,0,professor,0.9992,0.9957,0.0035,"research, research, University, concerns, modeling",5
82798,professor,F,0,professor,0.9993,0.9984,0.0009,"University, doctoral, book, research, Ph",5
3623,attorney,M,2,attorney,0.9956,0.0009,0.9948,"law, law, firm, plaintiffs, Law",5
89814,professor,F,0,professor,0.9991,0.4611,0.5379,"Research, research, interests, Organization, fields",5
13824,teacher,F,7,teacher,0.9899,0.875,0.1149,"students, ework, sons, has, include",5
9391,journalist,F,4,journalist,0.9852,0.0034,0.9818,"writes, on, in, anything, can",5
16087,professor,M,0,professor,0.9901,0.7956,0.1945,"lab, study, Aug, recently, journals",5
79514,professor,F,0,professor,0.9991,0.9987,0.0004,"research, conducting, currently, women, sentencing",5
3831,physician,M,1,physician,0.9967,0.9943,0.0024,"medical, Dr, residency, training, acts",5
51714,physician,F,1,physician,0.2723,0.1908,0.0815,"medical, to, perform, heal, is",5
60965,professor,M,0,professor,0.9627,0.8757,0.087,"fellowship, completed, Wisconsin, residency, University",5
46029,photographer,F,3,photographer,0.9979,0.3189,0.679,"Photography, recently, through, completed, University",5
32338,software engineer,M,15,software engineer,0.9314,0.7583,0.1731,"code, Ops, Dev, passion, spent",5
47170,nurse,F,5,nurse,0.9384,0.9292,0.0093,"PR, ITION, affiliates, medical, doctors",5
70021,professor,M,0,professor,0.9952,0.5185,0.4768,"research, interests, establishment, analysis, Australian",5
75330,professor,M,0,professor,0.999,0.9962,0.0028,"research, adviser, Teaching, Faculty, technical",5
5581,painter,M,11,painter,0.9855,0.0005,0.985,"painting, Painting, collections, Art, 1993",5
62528,professor,F,0,professor,0.9679,0.9725,-0.0046,"fellowship, undergraduate, science, always, neuro",5
3380,professor,M,0,professor,0.6867,0.429,0.2576,"research, data, isation, MAS, include",5
57264,attorney,M,2,attorney,0.9994,0.1822,0.8173,"experience, representing, EB, agencies, process",5
38775,attorney,F,2,attorney,0.9994,0.9993,0.0001,"attorneys, firm, defense, handles, criminal",5
79048,professor,F,0,professor,0.9989,0.9877,0.0111,"research, interests, franc, literature, forthcoming",5
20028,journalist,F,4,journalist,0.9386,0.0582,0.8804,"Based, Fre, za, publications, of",5
11985,physician,F,1,physician,0.5198,0.6288,-0.109,"practice, PI, Number, PI, registry",5
48283,poet,F,13,poet,0.9924,0.0206,0.9718,"poetry, poetry, publication, slam, scene",5
95315,professor,F,0,professor,0.9994,0.9992,0.0001,"teaches, PhD, teaching, program, investigates",5
68934,software engineer,M,15,software engineer,0.9343,0.9172,0.017,"Owen, project, development, builds, Management",5
67649,professor,M,0,professor,0.9992,0.9987,0.0005,"PhD, Teaching, Teaching, University, Theory",5
62575,attorney,M,2,attorney,0.9985,0.0121,0.9863,"law, articles, employment, MAS, Rising",5
71744,professor,F,0,professor,0.9919,0.9287,0.0632,"special, ologist, on, Anthrop, Anthropology",5
26922,physician,F,1,physician,0.9961,0.9915,0.0046,"Medical, Dr, Medical, leukemia, Call",5
67032,composer,M,17,composer,0.992,0.0217,0.9703,"music, music, providing, music, by",5
81542,professor,M,0,professor,0.9994,0.9981,0.0013,"taught, Teaching, Prior, FA, in",5
87321,photographer,F,3,photographer,0.9978,0.9978,-0.0,"Photography, Photography, imagery, currently, Photography",5
82736,physician,M,1,physician,0.7255,0.8258,-0.1004,"PI, PI, practice, MN, registry",5
41193,professor,F,0,professor,0.9894,0.1866,0.8028,"thinking, creativity, and, position, Chair",5
30361,architect,M,10,architect,0.9979,0.9212,0.0767,"architecture, firms, practice, director, admired",5
48659,photographer,M,3,photographer,0.9979,0.9796,0.0183,"capture, goal, shoots, moments, style",5
68589,photographer,M,3,photographer,0.9958,0.996,-0.0002,"photography, photographs, photography, photograp, Photography",5
74271,professor,M,0,professor,0.999,0.0085,0.9904,"research, design, interests, consumers, companies",5
18241,dietitian,F,18,dietitian,0.9907,0.0122,0.9784,"nutritional, in, science, nutrition, goals",5
40210,professor,F,0,professor,0.9952,0.9913,0.0039,"research, campus, faculty, particularly, Dr",5
57244,painter,F,11,painter,0.6269,0.3844,0.2424,"figures, portraits, cosmetic, friends, portraits",5
92019,teacher,M,7,teacher,0.9873,0.6663,0.321,"coaching, teaching, High, Design, School",5
25340,software engineer,M,15,software engineer,0.9933,0.9822,0.0111,"PHP, JavaScript, development, Android, developing",5
6379,photographer,F,3,photographer,0.9742,0.0061,0.9681,"Photography, Photography, Photography, Photography, respectively",5
66181,psychologist,F,6,psychologist,0.9967,0.9063,0.0904,"intimacy, couples, relationships, families, individuals",5
81388,nurse,M,5,nurse,0.4907,0.7468,-0.2561,"health, plain, healthcare, MAS, language",5
89321,psychologist,F,6,psychologist,0.997,0.738,0.2589,"Psychology, Psychiatry, Lect, at, disabilities",5
88197,architect,M,10,architect,0.9951,0.1058,0.8893,"architecture, Architecture, design, urban, planning",5
46791,dentist,M,8,dentist,0.9964,0.9873,0.0091,"ental, Dr, Hospital, appointment, online",5
14423,professor,M,0,professor,0.8375,0.0001,0.8375,"doctoral, University, researching, University, innovation",5
75570,accountant,M,16,accountant,0.8801,0.419,0.4612,"business, business, joined, Rec, experience",5
91312,professor,F,0,professor,0.9986,0.929,0.0696,"addition, Dr, College, capacity, Cleveland",5
67570,dentist,F,8,dentist,0.9903,0.9669,0.0234,"insurance, Dr, Shield, ient, Cross",5
61351,professor,F,0,professor,0.4525,0.2223,0.2301,"scientist, hopes, mentor, Nobel, very",5
38051,physician,F,1,physician,0.5859,0.6087,-0.0228,"PI, practice, PI, CA, reached",5
53207,painter,M,11,painter,0.9951,0.0049,0.9903,"paintings, top, original, group, work",5
43190,journalist,M,4,journalist,0.9872,0.005,0.9822,"Journalists, Journalism, interest, station, became",5
55934,model,F,12,model,0.9981,0.9977,0.0004,"linger, pose, linger, ashion, CW",5
62577,attorney,M,2,attorney,0.9741,0.9813,-0.0072,"presence, MAS, Capitol, representation, prominent",5
40194,nurse,F,5,nurse,0.5323,0.3682,0.164,"practice, Elizabeth, PI, PI, Elizabeth",5
66406,nurse,F,5,nurse,0.8694,0.1418,0.7276,"PR, doctors, years, affiliates, Medical",5
40125,professor,F,0,professor,0.9991,0.9992,-0.0001,"teaches, undergraduate, courses, program, graduate",5
27486,painter,M,11,painter,0.9955,0.9907,0.0048,"painting, acrylic, acrylic, collectors, commission",5
10119,professor,M,0,professor,0.9989,0.9978,0.0011,"published, paper, in, ances, referees",5
12161,photographer,F,3,photographer,0.9973,0.3938,0.6036,"portraits, showcase, subjects, experience, connections",5
36319,professor,M,0,professor,0.498,0.0049,0.4931,"scholar, University, professional, in, as",5
32860,photographer,M,3,photographer,0.9979,0.9975,0.0005,"photograp, shoots, weddings, outdoor, is",5
5530,attorney,F,2,attorney,0.9992,0.999,0.0002,"law, cases, Court, family, specialized",5
47371,journalist,F,4,journalist,0.9979,0.1954,0.8025,"Journalists, media, President, previously, Director",5
95004,accountant,F,16,accountant,0.9734,0.6537,0.3196,"business, consulting, planning, expertise, practicing",5
69035,attorney,F,2,attorney,0.9971,0.9986,-0.0015,"attorney, staff, legal, Amendment, Frontier",5
57334,surgeon,M,9,surgeon,0.9312,0.8858,0.0454,"Surgery, Director, Healthcare, served, iac",5
49219,professor,F,0,professor,0.9992,0.9916,0.0075,"teaches, lending, Management, research, undergraduate",5
74339,model,F,12,model,0.9988,0.9989,-0.0,"ranked, gallery, currently, listed, links",5
57648,professor,M,0,professor,0.716,0.1346,0.5814,"disciplinary, fiction, book, Iowa, nominated",5
60417,professor,F,0,professor,0.9989,0.9984,0.0005,"research, published, journals, peer, Politics",5
66922,professor,F,0,professor,0.9976,0.2777,0.7199,"PhD, theoretical, specializes, education, bilingual",5
81825,surgeon,M,9,surgeon,0.9984,0.9975,0.0009,"Dr, Surgery, Medical, residency, practices",5
69717,physician,M,1,physician,0.9962,0.9705,0.0257,"Medicine, Medicine, member, Medicine, medical",5
78780,software engineer,M,15,software engineer,0.9672,0.496,0.4712,"based, Adobe, affiliation, job, currently",5
7542,photographer,M,3,photographer,0.9957,0.0003,0.9954,"photograph, images, Photo, published, first",5
87975,physician,M,1,physician,0.8762,0.0032,0.873,"Clinic, Veterinary, practices, Dr, in",5
62624,software engineer,M,15,software engineer,0.9661,0.9574,0.0087,"currently, developers, feature, easily, Ms",5
82597,physician,F,1,physician,0.6104,0.5877,0.0227,"Hospital, PI, practice, PI, Emergency",5
17292,physician,F,1,physician,0.5705,0.5877,-0.0173,"Medical, Medical, clinical, Medicare, Dr",5
49736,physician,F,1,physician,0.3589,0.0068,0.352,"doctors, medical, other, affiliates, Dr",5
59842,psychologist,F,6,psychologist,0.9984,0.9977,0.0007,"clinical, DR, therapists, attachment, includes",5
67818,attorney,M,2,attorney,0.9994,0.9995,-0.0,"experience, litigation, experience, litigation, experience",5
25803,professor,M,0,professor,0.9987,0.9627,0.036,"publications, journals, Fellow, Journal, appeared",5
31326,software engineer,M,15,software engineer,0.5753,0.7002,-0.1249,"architecture, primary, focus, oriented, deployment",5
63957,professor,M,0,professor,0.9791,0.021,0.9581,"publications, innovations, class, space, models",5
28185,attorney,F,2,attorney,0.9995,0.9994,0.0001,"represents, practicing, estate, estate, trust",5
33509,professor,M,0,professor,0.9469,0.5855,0.3614,"education, Va, interests, residency, Dr",5
56678,professor,M,0,professor,0.9963,0.0352,0.9611,"PhD, research, decentralized, Tele, research",5
14886,nurse,M,5,nurse,0.4368,0.5069,-0.0701,"maternal, program, Health, serving, missionary",5
23390,attorney,F,2,attorney,0.9994,0.7951,0.2043,"practice, represents, entities, transactions, matters",5
54914,psychologist,F,6,psychologist,0.5031,0.0096,0.4934,"affiliates, Dr, appointment, Shar, specialists",5
16794,professor,M,0,professor,0.9989,0.9987,0.0002,"senior, doctoral, scientist, Lab, scholarship",5
92564,nurse,M,5,nurse,0.9289,0.9503,-0.0214,"PR, Clinic, ITION, specialists, affiliates",5
23442,filmmaker,M,14,filmmaker,0.8664,0.2623,0.6042,"cinema, festivals, media, Film, media",5
56747,photographer,M,3,photographer,0.998,0.9585,0.0395,"photography, subject, frame, portrait, viewer",5
3813,teacher,M,7,teacher,0.9824,0.4617,0.5207,"schools, improving, those, said, to",5
56920,model,F,12,model,0.9913,0.903,0.0883,"known, best, Play, was, Month",5
39768,attorney,M,2,attorney,0.9995,0.9988,0.0007,"handles, law, handles, suits, wills",5
53126,attorney,M,2,attorney,0.9975,0.9994,-0.0019,"law, practiced, transactions, practice, experience",5
19720,psychologist,F,6,psychologist,0.9349,0.0704,0.8644,"psychology, doctor, assessment, part, behavioral",5
62153,attorney,F,2,attorney,0.3995,0.3156,0.0839,"Sports, MAS, AL, Academy, of",5
2288,physician,M,1,physician,0.9994,0.999,0.0004,"practices, affiliated, Medical, specializes, Idaho",5
55771,filmmaker,M,14,filmmaker,0.9835,0.1099,0.8736,"festivals, film, Images, transgender, international",5
44516,professor,F,0,professor,0.9992,0.9945,0.0048,"conducts, PhD, computational, research, machine",5
47786,painter,M,11,painter,0.9941,0.9016,0.0924,"Painting, Art, School, in, Wim",5
89197,professor,F,0,professor,0.9987,0.9979,0.0008,"of, School, PhD, doctoral, conferences",5
85648,filmmaker,M,14,filmmaker,0.9686,0.845,0.1236,"screen, Films, production, Cinema, founded",5
81248,attorney,F,2,attorney,0.9966,0.2151,0.7815,"advocate, rights, nonprofit, Parents, disabilities",5
13523,physician,F,1,physician,0.9994,0.9991,0.0004,"Dr, credentials, professional, License, MAS",5
21322,dietitian,F,18,dietitian,0.9981,0.9475,0.0506,"nutrition, Nutrition, programs, healthier, passionate",5
22834,accountant,F,16,accountant,0.9692,0.1883,0.7809,"business, businesses, ATION, years, been",5
42590,attorney,F,2,attorney,0.9993,0.0722,0.927,"counsel, dealing, served, house, experience",5
92863,photographer,M,3,photographer,0.9967,0.9942,0.0025,"photograph, aesthetic, website, highlight, feature",5
54919,model,F,12,model,0.9509,0.9703,-0.0194,"perfection, passion, discovered, ist, manifested",5
28163,attorney,M,2,attorney,0.9987,0.9987,0.0,"litigation, law, law, areas, MAS",5
1991,professor,F,0,professor,0.4743,0.1561,0.3182,"Policy, director, Dr, past, Center",5
95384,dietitian,F,18,dietitian,0.9962,0.9103,0.0859,"Diet, diseases, treatment, abolic, specializes",5
48500,professor,F,0,professor,0.9987,0.9954,0.0033,"Ph, Practice, Liter, in, Mellon",5
21188,professor,F,0,professor,0.9994,0.9915,0.0079,"published, research, focuses, literary, articles",5
81882,professor,M,0,professor,0.9971,0.0906,0.9065,"PhD, earned, University, hometown, University",5
85609,physician,F,1,physician,0.9761,0.7877,0.1884,"Dr, Medical, professionally, Health, Medical",5
70044,physician,M,1,physician,0.9963,0.995,0.0013,"patients, residency, Health, Dr, clinical",5
47220,psychologist,M,6,psychologist,0.9979,0.985,0.0129,"Group, Counsel, affiliated, ing, psychology",5
11064,model,F,12,model,0.9988,0.9968,0.002,"modeling, career, former, wives, member",5
28093,teacher,F,7,teacher,0.9925,0.9054,0.0871,"teach, school, students, school, students",5
94619,physician,M,1,physician,0.4025,0.1115,0.291,"Medical, emergency, joining, MAS, Hospital",5
49414,professor,M,0,professor,0.9859,0.7772,0.2086,"residency, Hopkins, before, residency, neurolog",5
81729,software engineer,M,15,software engineer,0.9503,0.6823,0.268,"Computer, Engineering, Engineering, degrees, Masters",5
22196,composer,F,17,composer,0.987,0.9604,0.0266,"textures, sounds, pieces, vocal, create",5
88330,professor,F,0,professor,0.9985,0.9961,0.0024,"teaching, University, Doctor, focus, Therapy",5
24925,nurse,M,5,nurse,0.8797,0.0001,0.8796,"Nursing, Department, arily, State, are",5
7891,model,F,12,model,0.9924,0.8919,0.1005,"born, was, as, age, namely",5
95305,professor,M,0,professor,0.9992,0.9985,0.0007,"Dr, research, University, taught, aims",5
1259,physician,F,1,physician,0.9994,0.4393,0.5601,"practices, specializes, affiliated, VA, Medicine",5
94280,nurse,F,5,nurse,0.996,0.917,0.079,"hospital, surgery, surgery, cared, undergone",5
48548,teacher,F,7,teacher,0.8926,0.9384,-0.0459,"grade, taught, taught, teaching, grade",5
34256,professor,M,0,professor,0.7705,0.2512,0.5193,"examines, intersections, interested, social, evaluations",5
38595,physician,M,1,physician,0.9536,0.8554,0.0981,"patients, General, position, departments, iatrics",5
58496,journalist,F,4,journalist,0.8718,0.0146,0.8572,"interviewed, writer, feature, film, whose",5
72718,photographer,F,3,photographer,0.9968,0.9752,0.0216,"emphasis, photo, styles, image, Often",5
74832,filmmaker,F,14,filmmaker,0.9891,0.871,0.1181,"has, films, directed, written, and",5
84387,physician,M,1,physician,0.7513,0.0439,0.7073,"PR, College, Medical, Albany, affiliates",5
26171,accountant,M,16,accountant,0.9979,0.9969,0.001,"accounting, firms, international, finance, acquisitions",5
22517,professor,M,0,professor,0.9991,0.9759,0.0232,"university, courses, colonialism, since, teaches",5
42732,accountant,M,16,accountant,0.9985,0.9962,0.0024,"business, Financial, Reporting, business, reporting",5
54506,nurse,F,5,nurse,0.9901,0.9925,-0.0024,"credentials, professional, NP, practices, Alabama",5
13402,attorney,M,2,attorney,0.999,0.9987,0.0003,"litigation, defense, defense, practice, criminal",5
34277,professor,M,0,professor,0.9991,0.9977,0.0014,"doctor, justice, University, MAS, criminal",5
31629,professor,F,0,professor,0.9985,0.0078,0.9907,"teaching, research, interests, capacity, and",5
85805,dentist,M,8,dentist,0.9301,0.9288,0.0012,"doctor, ental, services, Care, Dr",5
18759,model,F,12,model,0.9989,0.9989,-0.0,"gallery, ranked, has, currently, currently",5
86661,dentist,M,8,dentist,0.8995,0.9173,-0.0179,"ental, Dr, Clinic, practices, ental",5
85575,professor,M,0,professor,0.9983,0.0585,0.9397,"Yale, author, ocene, articles, Anthrop",5
18154,software engineer,M,15,software engineer,0.744,0.0679,0.6761,"software, development, architecture, development, solutions",5
21831,physician,M,1,physician,0.975,0.9744,0.0006,"Dr, Dr, Dr, residency, Clinic",5
80642,comedian,M,19,comedian,0.9897,0.6905,0.2991,"laugh, comedy, entertain, contemporary, comedy",5
95364,professor,M,0,professor,0.9025,0.8043,0.0982,"training, residency, fellowship, Ped, Harvard",5
16552,professor,M,0,professor,0.9949,0.977,0.018,"detecting, statistical, gene, research, approaches",5
65562,professor,M,0,professor,0.9981,0.9977,0.0004,"research, resolution, microsc, technologies, development",5
10011,professor,M,0,professor,0.9978,0.1152,0.8826,"research, PhD, computational, interests, problem",5
12460,professor,F,0,professor,0.9994,0.9994,0.0,"research, focuses, articles, Scholar, published",5
29989,professor,F,0,professor,0.9986,0.8094,0.1892,"Ph, University, Management, supervisor, Studies",5
31044,attorney,M,2,attorney,0.9986,0.9941,0.0045,"Practice, Rights, Law, Lit, Civil",5
57,professor,M,0,professor,0.9992,0.9989,0.0002,"Ph, University, earned, University, published",5
22647,photographer,F,3,photographer,0.9624,0.7683,0.1941,"lived, career, moving, Since, 2007",5
72227,journalist,M,4,journalist,0.8305,0.6688,0.1617,"write, martial, Follow, mixed, arts",5
3875,photographer,F,3,photographer,0.9968,0.4239,0.5729,"images, project, subject, collection, series",5
85687,professor,M,0,professor,0.9411,0.1539,0.7872,"studies, commission, publication, committee, committee",5
38032,software engineer,M,15,software engineer,0.9836,0.9771,0.0065,"development, career, developed, enjoys, chaos",5
6275,professor,M,0,professor,0.998,0.9866,0.0114,"interests, esian, hierarchical, research, models",5
45977,poet,F,13,poet,0.938,0.9474,-0.0093,"poetry, collection, full, author, length",5
52150,professor,F,0,professor,0.5428,0.063,0.4797,"and, many, venues, Federal, Reserve",5
15721,attorney,M,2,attorney,0.9992,0.3286,0.6706,"litigation, matters, Jeff, variety, Act",5
70849,professor,M,0,professor,0.958,0.8827,0.0754,"research, improving, Award, WM, Latino",5
57060,physician,M,1,physician,0.9734,0.9428,0.0307,"clinical, Medicine, Dr, Healthcare, Dr",5
21776,model,F,12,model,0.2657,0.3238,-0.0581,"only, person, robbing, help, assistant",5
77013,professor,F,0,professor,0.9983,0.2806,0.7177,"Dr, environments, engineered, Dartmouth, investigates",5
41393,surgeon,M,9,surgeon,0.9983,0.0441,0.9541,"Dr, Dr, practices, residency, practice",5
21337,teacher,M,7,teacher,0.7165,0.0678,0.6487,"University, degree, lives, in, beautiful",5
49352,poet,M,13,poet,0.8199,0.7262,0.0937,"poems, poems, poem, released, published",5
82517,attorney,F,2,attorney,0.9993,0.9305,0.0689,"Law, Legal, law, Compliance, Law",5
56691,professor,M,0,professor,0.9992,0.9988,0.0004,"PhD, career, position, University, doc",5
41260,attorney,M,2,attorney,0.9994,0.9993,0.0,"practice, law, clients, law, acquisitions",5
12456,professor,F,0,professor,0.9791,0.906,0.0731,"Pediatrics, research, committee, Dr, fellows",5
13991,dentist,F,8,dentist,0.9957,0.9856,0.0101,"online, appointment, ental, Clinic, Dr",5
85198,poet,F,13,poet,0.954,0.4367,0.5172,"poetry, poetry, Italian, ha, collection",5
8310,photographer,F,3,photographer,0.9981,0.592,0.4061,"photography, photography, platforms, Instagram, Snapchat",5
84202,photographer,M,3,photographer,0.998,0.998,-0.0,"capture, Photo, Photo, style, perfect",5
74964,filmmaker,F,14,filmmaker,0.9905,0.9811,0.0094,"filmmaking, storytelling, films, tropes, Film",5
7156,attorney,M,2,attorney,0.9991,0.9923,0.0068,"legal, practice, issues, advised, compliance",5
82487,nurse,F,5,nurse,0.5075,0.1182,0.3893,"pharmaceutical, cures, healing, healing, the",5
32959,physician,M,1,physician,0.6336,0.0057,0.6278,"experience, concentration, management, surgical, with",5
73404,physician,M,1,physician,0.4987,0.2476,0.2511,"cases, doctors, dealt, with, critical",5
52160,professor,F,0,professor,0.9432,0.4143,0.5289,"capacity, Nurse, Director, development, practicing",5
17632,physician,M,1,physician,0.8948,0.0075,0.8873,"Medical, Advisory, serves, Board, Member",5
27723,attorney,M,2,attorney,0.9979,0.0625,0.9353,"advice, financial, legal, enterprises, give",5
36313,accountant,M,16,accountant,0.8881,0.0378,0.8503,"Previously, MBA, Officer, Business, men",5
13028,professor,M,0,professor,0.986,0.9674,0.0185,"journals, publications, international, programs, study",5
90630,surgeon,F,9,surgeon,0.9946,0.7782,0.2164,"surgeries, surgeries, patients, transplant, Dr",5
83219,model,F,12,model,0.9978,0.9856,0.0122,"pose, Sex, boobs, looks, nicely",5
79718,psychologist,F,6,psychologist,0.7995,0.1979,0.6016,"Dr, family, marriage, development, relations",5
46704,professor,M,0,professor,0.8927,0.6956,0.1971,"research, particularly, focused, sin, understanding",5
36275,physician,M,1,physician,0.8482,0.7031,0.145,"Clinic, Dr, practices, ploma, Medical",5
61518,photographer,M,3,photographer,0.9963,0.0028,0.9936,"photography, artwork, departure, nature, Insp",5
82255,physician,M,1,physician,0.9755,0.9553,0.0202,"Dr, professionally, Medicine, residency, Medicare",5
22004,dentist,F,8,dentist,0.9796,0.0025,0.9771,"dental, practice, busy, massage, very",5
80,attorney,M,2,attorney,0.9964,0.9981,-0.0016,"lit, cases, rights, and, ig",5
83880,nurse,F,5,nurse,0.9663,0.9713,-0.005,"PR, ER, doctors, Medical, ITION",5
35544,professor,M,0,professor,0.9774,0.3339,0.6435,"funded, projects, students, studies, research",5
59926,painter,F,11,painter,0.9878,0.9194,0.0683,"painting, color, student, Fine, Arts",5
70146,dentist,M,8,dentist,0.9966,0.0112,0.9854,"practicing, Dr, old, years, years",5
90382,filmmaker,M,14,filmmaker,0.9938,0.0007,0.9931,"directed, camera, documentary, video, financed",5
87825,surgeon,M,9,surgeon,0.9826,0.1274,0.8552,"repair, clinically, techniques, breast, breast",5
53422,professor,M,0,professor,0.9992,0.9989,0.0003,"Dr, Dr, Dr, teaching, University",5
46773,physician,M,1,physician,0.9994,0.2965,0.703,"practices, affiliated, Medicine, specializes, medicine",5
26415,surgeon,M,9,surgeon,0.9984,0.9983,0.0002,"Medical, Dr, urgical, Medical, Medicine",5
66964,model,M,12,model,0.9988,0.9978,0.0009,"modelling, fashion, runway, personality, commercial",5
82512,professor,M,0,professor,0.9976,0.6532,0.3445,"faculty, Prior, academia, to, joining",5
26369,nurse,F,5,nurse,0.9987,0.2318,0.7668,"nursing, HIV, health, HIV, care",5
36120,physician,F,1,physician,0.9994,0.1853,0.8141,"Dr, practicing, Hospital, medical, affiliated",5
63662,dietitian,F,18,dietitian,0.9987,0.0009,0.9978,"Nutrition, ing, Medicine, doctors, ESSION",5
49814,teacher,F,7,teacher,0.9961,0.6144,0.3817,"taught, schools, training, Studies, language",5
13724,professor,M,0,professor,0.8841,0.1167,0.7674,"field, research, begun, proper, locating",5
6748,professor,M,0,professor,0.9984,0.9866,0.0117,"Robotics, focuses, specifically, robotics, leads",5
55449,attorney,F,2,attorney,0.998,0.9889,0.0091,"law, Legal, law, served, clerk",5
77069,professor,F,0,professor,0.9992,0.7477,0.2516,"published, Journal, Computing, Journal, Research",5
28170,attorney,M,2,attorney,0.9995,0.9995,0.0,"Court, counsel, Appeals, representing, Court",5
26595,surgeon,F,9,surgeon,0.8433,0.0013,0.842,"medical, research, professional, journals, published",5
44554,professor,F,0,professor,0.9995,0.9995,0.0,"Faculty, serves, Florida, Assembly, as",5
56806,attorney,M,2,attorney,0.9991,0.999,0.0001,"law, Law, clients, practices, currently",5
28500,architect,M,10,architect,0.9974,0.3033,0.6941,"architectural, building, design, taught, residential",5
43560,professor,M,0,professor,0.6565,0.0032,0.6533,"Colorado, calculus, program, taught, theory",5
13843,journalist,M,4,journalist,0.9946,0.9544,0.0403,"Italy, migration, published, features, on",5
73255,dentist,M,8,dentist,0.9952,0.9955,-0.0003,"dental, dental, dent, services, teeth",5
35919,physician,F,1,physician,0.9966,0.9825,0.0141,"medicine, practices, emphasis, Dr, Dr",5
77756,professor,M,0,professor,0.8431,0.2302,0.6129,"Center, for, posium, Newsweek, Diplom",5
27849,professor,M,0,professor,0.9993,0.9989,0.0004,"studies, research, research, technologies, focused",5
40757,painter,M,11,painter,0.9894,0.5264,0.463,"painting, paintings, studio, drawing, iture",5
6157,professor,F,0,professor,0.9993,0.999,0.0002,"research, feminist, theories, Currently, published",5
90642,professor,M,0,professor,0.9971,0.0008,0.9963,"PhD, Dr, positions, Business, University",5
44473,psychologist,M,6,psychologist,0.4969,0.0536,0.4433,"insight, uses, or, solve, prevent",5
20250,painter,F,11,painter,0.7923,0.9067,-0.1144,"art, artist, image, Art, MAS",5
95322,physician,M,1,physician,0.8911,0.9652,-0.0741,"Dr, patients, medical, has, Massachusetts",5
71658,professor,F,0,professor,0.9958,0.0907,0.9051,"research, publications, awards, focuses, designer",5
23325,professor,M,0,professor,0.9995,0.9995,0.0,"teaching, research, University, Ph, agenda",5
10176,physician,M,1,physician,0.9984,0.9908,0.0076,"Dr, medical, care, practice, Dr",5
44619,photographer,M,3,photographer,0.9977,0.979,0.0187,"Phot, exhibition, exhibition, ographic, Finnish",5
31752,professor,F,0,professor,0.9983,0.9964,0.0019,"research, focuses, doctor, University, Dr",5
62242,professor,F,0,professor,0.8986,0.5768,0.3218,"residency, iatrics, Dr, University, studying",5
55410,poet,M,13,poet,0.94,0.7386,0.2014,"poetry, Writing, English, writing, published",5
35723,professor,M,0,professor,0.9839,0.1559,0.828,"faculty, Doctor, the, its, clin",5
28165,photographer,M,3,photographer,0.7394,0.0013,0.7381,"Images, art, artist, captures, Artists",5
95258,professor,M,0,professor,0.9994,0.999,0.0004,"Dr, School, University, programs, Entreprene",5
94661,physician,M,1,physician,0.9991,0.993,0.0061,"patients, Dr, Medicine, Medicare, Health",5
42943,professor,M,0,professor,0.9977,0.9727,0.025,"research, published, primarily, decision, consumer",5
72940,composer,F,17,composer,0.4782,0.0018,0.4764,"Music, series, studied, at, Art",5
41816,physician,F,1,physician,0.9992,0.0079,0.9912,"practices, affiliated, medicine, MAS, Neurolog",5
50274,journalist,M,4,journalist,0.7422,0.1648,0.5774,"state, Left, of, thinks, settled",5
42660,professor,F,0,professor,0.9982,0.8025,0.1956,"Politics, studies, manuscript, titled, examines",5
69340,journalist,M,4,journalist,0.9515,0.9203,0.0313,"card, the, abilia, pak, took",5
89890,professor,M,0,professor,0.9994,0.9993,0.0001,"research, cooperation, currently, focuses, relations",5
50484,physician,F,1,physician,0.9994,0.9951,0.0043,"practices, affiliated, specializes, Hospital, MD",5
18373,composer,M,17,composer,0.9948,0.9908,0.004,"composition, composition, Compos, orche, working",5
66567,professor,M,0,professor,0.9991,0.999,0.0001,"teaches, advises, research, courses, Economics",5
25632,nurse,F,5,nurse,0.8126,0.2668,0.5457,"IN, medical, specialists, hospital, Th",5
13729,professor,F,0,professor,0.9986,0.9978,0.0008,"joining, Institute, project, Dr, research",5
12883,photographer,M,3,photographer,0.9948,0.5186,0.4762,"photographic, camera, images, resulting, front",5
16551,professor,M,0,professor,0.9944,0.9918,0.0026,"PhD, University, PhD, University, doc",5
34061,painter,M,11,painter,0.9903,0.9808,0.0095,"painting, painting, paintings, paintings, paintings",5
47475,professor,F,0,professor,0.9965,0.9948,0.0017,"Colorado, Higher, Teaching, Education, Texas",5
23393,painter,M,11,painter,0.996,0.9951,0.001,"paint, painted, photographs, photographs, influences",5
78137,photographer,F,3,photographer,0.9973,0.6679,0.3294,"Photography, degree, BA, lived, London",5
67230,teacher,F,7,teacher,0.9967,0.9963,0.0004,"Education, academic, coach, students, grade",5
7467,professor,F,0,professor,0.95,0.3054,0.6446,"field, teaches, courses, gr, students",5
19443,dentist,M,8,dentist,0.9956,0.9845,0.011,"Clinic, ental, Dr, appointment, online",5
69582,professor,F,0,professor,0.9994,0.9939,0.0056,"PhD, Management, doctor, Before, received",5
54653,psychologist,F,6,psychologist,0.7915,0.084,0.7074,"ICAL, experiences, diverse, Having, advises",5
46048,professor,M,0,professor,0.9972,0.9938,0.0034,"teaches, College, Clinical, also, Prof",5
29071,professor,M,0,professor,0.9994,0.9992,0.0003,"research, networks, focused, Ph, Yale",5
69868,professor,M,0,professor,0.9995,0.9995,0.0,"faculty, research, econom, research, topics",5
42356,professor,F,0,professor,0.9989,0.9966,0.0023,"Performance, PhD, articles, editor, Performance",5
29006,photographer,F,3,photographer,0.9953,0.8557,0.1395,"pictures, taking, regular, of, including",5
6984,journalist,M,4,journalist,0.4076,0.0034,0.4041,"ulations, novelist, and, composing, English",5
42592,attorney,F,2,attorney,0.9994,0.9991,0.0003,"assists, Law, businesses, practice, advises",5
18919,physician,F,1,physician,0.9828,0.9786,0.0042,"Before, College, Medicine, Pediatrics, more",5
92234,professor,M,0,professor,0.9993,0.9981,0.0012,"research, policy, Dr, research, evaluation",5
34481,professor,M,0,professor,0.9991,0.9835,0.0155,"research, PhD, University, projects, current",5
4821,physician,F,1,physician,0.9993,0.6399,0.3594,"affiliated, practices, specializes, MAS, Medicine",5
91297,professor,M,0,professor,0.9983,0.6657,0.3326,"courses, teaches, Decision, research, Analysis",5
79721,software engineer,M,15,software engineer,0.9287,0.7394,0.1893,"development, development, PHP, development, Dev",5
70538,physician,F,1,physician,0.9994,0.8987,0.1007,"practices, specializes, affiliated, medicine, Sacramento",5
53000,surgeon,M,9,surgeon,0.9948,0.997,-0.0022,"Surgery, Surgery, Dr, Medical, Medical",5
57530,attorney,F,2,attorney,0.9937,0.3316,0.6621,"Law, Law, graduate, MAS, Articles",5
164,professor,M,0,professor,0.9995,0.9994,0.0001,"doctoral, University, Ph, received, focuses",5
63980,poet,M,13,poet,0.9849,0.9796,0.0053,"poetry, Writing, Creative, published, competition",5
45422,professor,M,0,professor,0.9993,0.9992,0.0001,"doctoral, positions, PhD, research, particle",5
24481,professor,F,0,professor,0.9926,0.4338,0.5589,"interventions, interests, research, include, behavior",5
74779,photographer,M,3,photographer,0.987,0.9349,0.0521,"photography, landscape, primarily, centres, interest",5
2585,professor,F,0,professor,0.9977,0.9985,-0.0008,"College, papers, published, College, thesis",5
5609,photographer,M,3,photographer,0.9979,0.2833,0.7146,"Photography, Creative, Leica, 2012, from",5
37614,professor,F,0,professor,0.4601,0.1877,0.2724,"professor, Research, associate, Work, director",5
26875,professor,M,0,professor,0.9994,0.9979,0.0015,"include, interests, research, Maya, anthropology",5
89608,professor,F,0,professor,0.9993,0.9978,0.0015,"on, currently, Law, legal, Childhood",5
37642,surgeon,M,9,surgeon,0.9965,0.9762,0.0203,"surgery, professor, surgery, clinical, Dr",5
15017,photographer,F,3,photographer,0.9983,0.9552,0.043,"shooting, professionally, clients, Phot, clients",5
53095,professor,M,0,professor,0.9988,0.0188,0.98,"research, interests, theory, area, communications",5
12380,professor,F,0,professor,0.9937,0.4614,0.5323,"research, interests, Education, Status, University",5
83515,physician,M,1,physician,0.9735,0.9298,0.0438,"Dr, Health, medicine, provider, Health",5
23074,physician,F,1,physician,0.9987,0.9982,0.0005,"patients, Dr, Dr, migraine, Clinical",5
56672,psychologist,M,6,psychologist,0.9988,0.9986,0.0002,"Psych, member, psychology, Clinical, Psychological",5
3781,professor,M,0,professor,0.9888,0.5669,0.4219,"Ph, Beijing, Literature, University, University",5
19794,dentist,F,8,dentist,0.9429,0.9423,0.0006,"ental, ental, doctor, Dr, ental",5
88720,physician,M,1,physician,0.9995,0.9926,0.0069,"practices, affiliated, medicine, Medical, specializes",5
66631,attorney,M,2,attorney,0.6255,0.4219,0.2036,"to, Council, MAS, executive, an",5
46622,attorney,F,2,attorney,0.9994,0.9994,0.0,"Courts, firm, Courts, Supreme, verdict",5
68666,nurse,M,5,nurse,0.9873,0.0903,0.897,"nursing, career, health, assistant, instructor",5
31094,poet,F,13,poet,0.892,0.9148,-0.0228,"poetry, Writer, published, Po, Po",5
46957,model,F,12,model,0.5029,0.4305,0.0724,"et, moves, qu, strictly, du",5
94188,painter,F,11,painter,0.9843,0.9887,-0.0044,"Painting, Painting, 1984, group, FA",5
69997,professor,M,0,professor,0.9995,0.9995,0.0001,"published, research, interests, include, leadership",5
89783,physician,M,1,physician,0.9165,0.0823,0.8341,"disorders, conditions, treats, cancer, serve",5
93670,teacher,F,7,teacher,0.9893,0.0045,0.9848,"teachers, learn, children, how, explaining",5
60505,nurse,M,5,nurse,0.9015,0.9578,-0.0563,"PR, specialists, ITION, doctors, ER",5
58910,physician,F,1,physician,0.9995,0.0163,0.9831,"practices, specializes, affiliated, Medicine, Hospital",5
74352,photographer,M,3,photographer,0.9957,0.1786,0.8171,"capture, portraits, to, travelled, 2014",5
94925,model,F,12,model,0.9989,0.9941,0.0048,"models, top, runway, personality, considered",5
71383,professor,M,0,professor,0.9917,0.984,0.0077,"research, led, Protocol, programs, Chair",5
80993,attorney,M,2,attorney,0.9995,0.9995,0.0,"Supreme, Court, clients, disputes, appellate",5
89679,psychologist,M,6,psychologist,0.8007,0.3422,0.4585,"psychological, cultivating, physical, through, individuals",5
29769,photographer,F,3,photographer,0.9935,0.0579,0.9356,"photography, online, holds, exhibitions, MA",5
35120,physician,F,1,physician,0.9667,0.9474,0.0193,"Medicine, graduated, of, School, from",5
60096,attorney,M,2,attorney,0.3814,0.2742,0.1073,"unlawfully, MAS, While, pretty, TV",5
2914,teacher,F,7,teacher,0.9962,0.131,0.8652,"student, class, until, everything, All",5
7696,physician,M,1,physician,0.9268,0.0128,0.914,"Health, Medicine, graduated, Texas, network",5
51919,nurse,M,5,nurse,0.7396,0.0053,0.7343,"Out, Health, Parish, MAS, reach",5
60927,professor,M,0,professor,0.999,0.9919,0.0072,"doctoral, University, management, degree, Fellow",5
37455,photographer,M,3,photographer,0.9959,0.9963,-0.0005,"photographic, opportunities, taking, albums, both",5
81165,physician,M,1,physician,0.9994,0.6416,0.3578,"practices, affiliated, specializes, Medicine, medicine",5
77874,photographer,M,3,photographer,0.996,0.4007,0.5953,"photographs, photography, locations, Lens, James",5
36396,accountant,M,16,accountant,0.9982,0.9985,-0.0003,"Account, Accounting, Degree, MAS, Masters",5
77709,professor,M,0,professor,0.9698,0.0067,0.963,"PhD, University, received, research, focused",5
71458,photographer,F,3,photographer,0.947,0.0881,0.8589,"images, ing, fashion, breath, industry",5
83209,physician,F,1,physician,0.9994,0.5066,0.4928,"practices, affiliated, specializes, Hospital, medicine",5
95325,journalist,M,4,journalist,0.9955,0.9942,0.0013,"Assistant, development, Press, Zamb, local",5
42326,attorney,M,2,attorney,0.9994,0.9995,-0.0,"litigation, firm, law, practice, counsel",5
36977,professor,M,0,professor,0.9992,0.9987,0.0005,"PhD, expertise, lies, University, Engineering",5
43157,painter,M,11,painter,0.6355,0.359,0.2764,"When, looking, While, blurred, modern",5
32590,professor,M,0,professor,0.9992,0.9988,0.0004,"residency, practice, University, coordinate, community",5
67243,professor,M,0,professor,0.9464,0.1535,0.7929,"PhD, teaching, Canada, History, background",5
95066,attorney,F,2,attorney,0.9991,0.9991,0.0,"Law, Law, Law, Injury, Law",5
9225,photographer,F,3,photographer,0.916,0.637,0.279,"exhibited, rait, exhibited, National, venues",5
41884,physician,M,1,physician,0.9987,0.9975,0.0012,"medical, interests, Clinical, Medical, residency",5
11099,professor,F,0,professor,0.9972,0.9984,-0.0011,"taught, articles, theory, researched, Princeton",5
24149,painter,M,11,painter,0.9966,0.9562,0.0405,"painting, Paris, 1951, 1940, Between",5
37303,teacher,M,7,teacher,0.5805,0.5791,0.0014,"aic, international, Aram, Circle, publications",5
64984,accountant,M,16,accountant,0.9976,0.9974,0.0002,"FO, lenders, business, clients, relationships",5
40979,attorney,F,2,attorney,0.9977,0.9972,0.0004,"Law, experience, transactions, School, Estate",5
76479,attorney,F,2,attorney,0.9793,0.017,0.9623,"law, practiced, 1996, cancer, wards",5
93412,attorney,M,2,attorney,0.9994,0.9974,0.002,"law, matters, 1986, courts, devoted",5
21390,surgeon,M,9,surgeon,0.5575,0.0126,0.5449,"surgical, operations, performed, Hospital, first",5
37381,professor,F,0,professor,0.6988,0.0367,0.6621,"ity, whose, of, in, professional",5
63763,attorney,M,2,attorney,0.9987,0.9941,0.0046,"Legal, protections, includes, MAS, Lamb",5
34156,teacher,F,7,teacher,0.9926,0.1542,0.8384,"teaching, educators, educators, role, worked",5
65604,dentist,M,8,dentist,0.9945,0.0227,0.9717,"dental, clinic, Dr, appointment, Dr",5
77368,professor,M,0,professor,0.999,0.9903,0.0087,"research, impacts, including, Ph, leasing",5
64905,model,F,12,model,0.9988,0.9957,0.003,"modeling, role, won, title, debut",5
81521,professor,M,0,professor,0.9992,0.9842,0.015,"research, research, affiliate, regulation, economics",5
73816,physician,M,1,physician,0.5202,0.5888,-0.0686,"Medical, Surgery, Medical, Dr, trained",5
73620,professor,M,0,professor,0.9982,0.9929,0.0053,"Management, research, Previously, published, interests",5
65883,painter,F,11,painter,0.7181,0.0007,0.7174,"mural, ended, workshops, photography, port",5
5187,physician,F,1,physician,0.8885,0.0596,0.8289,"Medical, Director, Medical, Director, community",5
79683,professor,M,0,professor,0.969,0.6773,0.2917,"residency, fellowship, interests, University, primary",5
8480,poet,M,13,poet,0.9745,0.8694,0.1052,"beautifully, voice, write, Frank, Astral",5
49065,physician,F,1,physician,0.5042,0.001,0.5032,"medical, Rural, Doctors, health, visits",5
28068,journalist,F,4,journalist,0.7285,0.1086,0.62,"major, crisis, junior, International, Relations",5
58117,professor,F,0,professor,0.9974,0.9811,0.0163,"affiliated, researcher, researcher, research, focuses",5
95153,physician,M,1,physician,0.9994,0.9989,0.0006,"credentials, Dr, professional, practices, PI",5
49846,accountant,M,16,accountant,0.9982,0.9982,0.0,"tax, Tax, Tax, office, Accounting",5
54789,model,F,12,model,0.9978,0.9858,0.012,"born, graduate, fashion, acting, Being",5
7173,professor,F,0,professor,0.9984,0.9975,0.0009,"teaches, courses, Cultural, students, Virginia",5
7984,attorney,M,2,attorney,0.9994,0.9992,0.0002,"litigation, courts, clients, disputes, Steve",5
52999,dietitian,F,18,dietitian,0.9839,0.4209,0.5629,"patients, nutrition, heart, diabetes, disease",5
71249,professor,M,0,professor,0.9977,0.9986,-0.0009,"doctor, taught, University, University, University",5
53249,photographer,F,3,photographer,0.9831,0.0226,0.9605,"photographs, freelance, worked, magazine, work",5
14858,surgeon,M,9,surgeon,0.9965,0.9976,-0.0011,"Surgery, Surgery, Surgery, Surgery, Medical",5
50260,dentist,M,8,dentist,0.9188,0.9226,-0.0038,"Dr, Clinic, ental, practices, ental",5
42634,photographer,M,3,photographer,0.9914,0.9929,-0.0015,"photography, camera, lens, colorful, displayed",5
66259,professor,M,0,professor,0.9994,0.9988,0.0005,"doctoral, Ph, fellowship, received, edu",5
59391,surgeon,M,9,surgeon,0.997,0.998,-0.001,"Surgery, Dr, Dr, Dr, Medical",5
45155,physician,M,1,physician,0.9581,0.5514,0.4068,"medicine, Dr, mission, community, health",5
53990,painter,F,11,painter,0.9968,0.6846,0.3122,"paintings, style, works, applying, sketch",5
80526,software engineer,M,15,software engineer,0.9827,0.9713,0.0114,"projects, Software, Engineering, developing, joining",5
64571,journalist,F,4,journalist,0.6177,0.0719,0.5458,"News, Media, radio, TV, Award",5
89357,journalist,F,4,journalist,0.9975,0.1739,0.8236,"News, starting, Australia, bureau, first",5
36910,professor,F,0,professor,0.9988,0.9805,0.0183,"doctor, Education, in, Certified, MBA",5
78230,journalist,F,4,journalist,0.9741,0.9448,0.0293,"journalism, Petersburg, experience, written, years",5
4487,dentist,M,8,dentist,0.994,0.9902,0.0038,"ental, Dr, Clinic, appointment, online",5
74474,psychologist,F,6,psychologist,0.9982,0.9531,0.0451,"psychology, programme, experience, prison, forensic",5
17846,dentist,M,8,dentist,0.9258,0.9246,0.0012,"ental, ental, Clinic, ental, Dr",5
10556,photographer,M,3,photographer,0.9953,0.2456,0.7497,"photography, photography, pictures, snapping, captured",5
79155,professor,M,0,professor,0.9974,0.9927,0.0046,"Scholar, Editorial, credits, Research, international",5
77488,attorney,M,2,attorney,0.9995,0.9982,0.0013,"law, litigation, practice, licensed, construction",5
84467,teacher,M,7,teacher,0.7874,0.5803,0.2072,"rounded, Ran, mastered, is, subjects",5
79232,professor,M,0,professor,0.9975,0.9921,0.0055,"Dr, experience, consulting, journal, areas",5
3744,surgeon,M,9,surgeon,0.5435,0.2146,0.3289,"surgery, for, proponent, Ar, fellowship",5
22449,professor,M,0,professor,0.9993,0.9988,0.0005,"Ph, taught, research, interests, University",5
6120,attorney,F,2,attorney,0.9995,0.9987,0.0008,"compliance, cases, defends, employers, employers",5
40124,professor,F,0,professor,0.994,0.6971,0.2969,"research, evolution, focuses, MAS, mammals",5
87081,professor,M,0,professor,0.9995,0.9994,0.0001,"research, University, ecosystems, responds, how",5
45879,dentist,M,8,dentist,0.9977,0.9977,-0.0,"Dent, Dr, patients, istry, rating",5
22685,painter,M,11,painter,0.9282,0.0072,0.921,"Gallery, Gallery, represented, Orlando, by",5
70188,professor,F,0,professor,0.9991,0.9989,0.0002,"students, research, PhD, engage, visualization",5
46951,dentist,F,8,dentist,0.9658,0.9608,0.005,"Dr, Hospital, Dent, ental, doctor",5
57666,model,F,12,model,0.2357,0.8815,-0.6458,"once, However, now, child, without",5
83645,photographer,M,3,photographer,0.9972,0.044,0.9532,"photography, artists, freelance, studied, workshops",5
12952,psychologist,F,6,psychologist,0.9518,0.031,0.9208,"adolescents, parenting, works, children, ADHD",5
6712,nurse,F,5,nurse,0.8376,0.8671,-0.0295,"PR, ITION, hospitals, specialists, Hospital",5
28399,psychologist,F,6,psychologist,0.9825,0.522,0.4606,"psych, Carolina, phone, experiences, appointment",5
4761,filmmaker,M,14,filmmaker,0.9316,0.7422,0.1894,"films, production, cinema, film, camera",5
64529,dentist,M,8,dentist,0.9966,0.9936,0.0031,"patients, AL, ENT, com, appointment",5
83008,composer,M,17,composer,0.8734,0.0029,0.8704,"musical, compositions, like, by, intact",5
78626,professor,M,0,professor,0.9994,0.9989,0.0005,"research, Specifically, interests, interested, networks",5
93657,professor,M,0,professor,0.9988,0.9969,0.0019,"teaching, Faculty, Center, Stanford, Scholar",5
48718,psychologist,F,6,psychologist,0.9966,0.9733,0.0233,"childhood, therapists, adult, sexual, abuse",5
80265,professor,M,0,professor,0.8084,0.9362,-0.1278,"law, Tr, law, scholarship, University",5
76232,physician,F,1,physician,0.9715,0.9501,0.0214,"Medical, Medicine, patient, provider, Medicare",5
75806,architect,M,10,architect,0.5614,0.7429,-0.1815,"Java, Development, Performance, Software, author",5
39269,photographer,M,3,photographer,0.9975,0.9822,0.0153,"photographers, designers, editor, fashion, models",5
76216,painter,F,11,painter,0.9901,0.1041,0.886,"paint, paint, Fine, ÂŃ, Arts",5
23263,teacher,M,7,teacher,0.8313,0.0062,0.8251,"teachers, Teachers, school, currently, Concord",5
19118,professor,M,0,professor,0.9987,0.3712,0.6275,"research, PhD, modeling, interests, cognitive",5
89848,attorney,F,2,attorney,0.9995,0.997,0.0026,"legal, law, expertise, office, Law",5
52698,psychologist,F,6,psychologist,0.9972,0.971,0.0262,"psychology, clinic, adolescent, author, director",5
20421,professor,F,0,professor,0.998,0.998,0.0,"doctoral, research, position, interests, language",5
82680,software engineer,M,15,software engineer,0.9127,0.8598,0.0529,"computer, programming, intersection, projects, between",5
71272,professor,M,0,professor,0.9979,0.5191,0.4788,"Communication, Studies, published, Course, articles",5
37931,teacher,F,7,teacher,0.4781,0.0322,0.4459,"experience, children, specialist, MAS, for",5
14258,teacher,F,7,teacher,0.991,0.0435,0.9475,"students, into, to, young, MAS",5
27075,painter,M,11,painter,0.9899,0.0117,0.9782,"paintings, touches, worth, adds, then",5
17055,photographer,M,3,photographer,0.9976,0.9912,0.0064,"photography, passion, Studio, Jakarta, for",5
33809,physician,F,1,physician,0.9981,0.9977,0.0004,"Dr, Medical, expertise, School, Cross",5
90235,journalist,F,4,journalist,0.9939,0.9213,0.0726,"wordpress, performance, blogs, com, started",5
16487,professor,M,0,professor,0.9991,0.438,0.561,"Dr, researcher, Dr, interest, Before",5
76633,nurse,F,5,nurse,0.8921,0.9306,-0.0385,"health, professionals, training, education, role",5
19692,journalist,M,4,journalist,0.7541,0.2375,0.5167,"writing, FPS, gaming, When, busy",5
91150,teacher,F,7,teacher,0.981,0.0021,0.9789,"taught, learnt, studied, Yoga, Training",5
84983,teacher,F,7,teacher,0.9838,0.141,0.8428,"teaching, school, Masters, During, particular",5
50241,physician,F,1,physician,0.9995,0.539,0.4604,"practices, specializes, Medicine, affiliated, medicine",5
75946,professor,M,0,professor,0.9983,0.9952,0.0032,"expertise, interested, interface, lingu, specifically",5
783,professor,M,0,professor,0.9992,0.9986,0.0006,"PhD, University, interests, research, modeling",5
62927,attorney,M,2,attorney,0.9995,0.9992,0.0003,"Law, practice, of, School, area",5
90892,comedian,M,19,comedian,0.9965,0.005,0.9915,"comedy, Comedy, awards, possible, win",5
58601,professor,M,0,professor,0.9986,0.9985,0.0001,"Dr, statistical, University, Harvard, methods",5
3790,attorney,M,2,attorney,0.9987,0.6618,0.3369,"specializes, law, history, International, knowledge",5
4233,professor,F,0,professor,0.9976,0.1813,0.8163,"published, aku, reviewed, journals, peer",5
29434,professor,F,0,professor,0.954,0.2718,0.6821,"interventions, conducts, research, widely, published",5
42298,attorney,F,2,attorney,0.9988,0.9878,0.011,"litigation, law, Law, practice, Bachelor",5
49119,professor,F,0,professor,0.9625,0.1105,0.852,"research, interests, MAS, cognition, motivations",5
85310,nurse,F,5,nurse,0.9599,0.9758,-0.016,"PR, ITION, doctors, ER, Hospital",5
34688,physician,F,1,physician,0.9994,0.3957,0.6037,"practices, affiliated, Medical, specializes, medicine",5
40299,physician,F,1,physician,0.9793,0.5231,0.4562,"Medicine, Medical, Dr, Dr, professionally",5
25837,professor,F,0,professor,0.9685,0.8673,0.1012,"publications, fellowship, Neurolog, positions, interests",5
44703,architect,M,10,architect,0.756,0.1506,0.6054,"design, space, subjects, ranging, welcoming",5
56534,physician,M,1,physician,0.9218,0.9756,-0.0538,"Medicine, School, Doctors, Dr, distinction",5
89896,physician,F,1,physician,0.9995,0.9605,0.039,"practices, affiliated, specializes, medicine, speaks",5
43777,attorney,M,2,attorney,0.9994,0.9989,0.0005,"law, law, businesses, corporate, com",5
44566,teacher,M,7,teacher,0.9783,0.0252,0.9531,"teaches, immense, clarity, rated, experience",5
61556,professor,M,0,professor,0.9794,0.5396,0.4398,"studying, reviewed, articles, peer, director",5
41558,accountant,F,16,accountant,0.9986,0.9751,0.0235,"accounting, roles, corporate, management, years",5
92577,nurse,F,5,nurse,0.7048,0.0002,0.7045,"hospitals, Julie, health, knowing, Apps",5
41013,photographer,M,3,photographer,0.9972,0.1056,0.8916,"photography, images, towards, started, moved",5
67299,professor,M,0,professor,0.9366,0.0759,0.8608,"international, MAS, Design, competitions, design",5
53168,attorney,M,2,attorney,0.936,0.9482,-0.0122,"verdict, verdict, addition, securing, mal",5
87511,physician,F,1,physician,0.9879,0.7613,0.2266,"Medicine, patients, Health, addition, graduated",5
44911,professor,F,0,professor,0.9986,0.9988,-0.0003,"theory, research, izations, classroom, intersections",5
31571,nurse,F,5,nurse,0.8534,0.8841,-0.0307,"PR, Denise, Denise, cooper, specialists",5
7453,comedian,M,19,comedian,0.9413,0.0466,0.8947,"best, perhaps, NY, joke, quotes",5
29251,journalist,F,4,journalist,0.9967,0.9856,0.0111,"reporting, reporting, news, journalism, team",5
27958,professor,F,0,professor,0.986,0.9941,-0.0081,"Medicine, holds, Ph, spatial, Epidem",5
6198,attorney,F,2,attorney,0.9994,0.9994,0.0,"legal, representing, wrongful, cases, process",5
22015,professor,M,0,professor,0.9685,0.9555,0.013,"fellowship, University, Arkansas, University, undergraduate",5
71617,professor,M,0,professor,0.9991,0.9988,0.0003,"lab, Dr, doctoral, studies, focuses",5
3136,photographer,F,3,photographer,0.6085,0.0089,0.5996,"photography, photography, exhibited, earned, project",5
23468,physician,M,1,physician,0.9745,0.1873,0.7872,"Dr, patient, Dr, Medical, insurance",5
14326,photographer,M,3,photographer,0.9957,0.9908,0.0049,"photographers, photo, Photo, currently, top",5
65840,nurse,M,5,nurse,0.9991,0.9849,0.0142,"nursing, Medical, patients, patients, outcomes",5
28615,photographer,F,3,photographer,0.9748,0.9564,0.0184,"photography, photo, Phot, numerous, photo",5
29309,professor,F,0,professor,0.9994,0.9993,0.0001,"teaches, anthropology, research, undergraduate, grant",5
72211,professor,F,0,professor,0.9943,0.9504,0.0439,"Faculty, Scholar, Neurolog, Dr, pediatric",5
55093,nurse,F,5,nurse,0.8664,0.6994,0.167,"PR, ER, ITION, Medical, Hospital",5
78862,photographer,M,3,photographer,0.9961,0.9839,0.0122,"photographs, exhibitions, collections, published, works",5
11504,professor,F,0,professor,0.8794,0.4657,0.4137,"doctor, ate, Engineering, Engineering, colleges",5
15761,professor,M,0,professor,0.9989,0.9979,0.001,"published, journals, journals, Economic, International",5
78708,physician,M,1,physician,0.641,0.5642,0.0769,"Medicine, residency, training, hospital, affiliated",5
23431,composer,M,17,composer,0.9959,0.9877,0.0082,"oustic, sound, music, composition, microphones",5
41414,psychologist,M,6,psychologist,0.3593,0.1119,0.2473,"continuing, MAS, mind, experience, liberating",5
6856,journalist,F,4,journalist,0.6332,0.6196,0.0136,"Chronicle, Francisco, the, San, including",5
29136,dentist,F,8,dentist,0.998,0.9979,0.0,"Dent, Surgery, Oral, acial, include",5
26818,professor,F,0,professor,0.8893,0.033,0.8563,"Previously, Legal, Missouri, ST, teaches",5
72465,professor,F,0,professor,0.9964,0.9939,0.0026,"fellowship, director, program, Hopkins, pediatric",5
87037,dentist,M,8,dentist,0.9558,0.0009,0.9549,"dental, Dr, degree, attended, University",5
84344,professor,F,0,professor,0.9964,0.9897,0.0066,"research, serves, methodology, discourse, seminar",5
89515,teacher,M,7,teacher,0.9071,0.8018,0.1053,"classes, classes, School, hosting, these",5
41751,architect,F,10,architect,0.9079,0.0021,0.9057,"Architecture, architecture, user, Slam, Prior",5
53572,attorney,F,2,attorney,0.9688,0.9959,-0.0271,"campus, services, of, community, University",5
54462,physician,F,1,physician,0.546,0.6214,-0.0755,"practice, PI, VA, Number, registry",5
19963,architect,F,10,architect,0.7347,0.6128,0.1219,"helm, worked, company, now, company",5
67083,professor,M,0,professor,0.9947,0.9905,0.0042,"taught, teaches, taught, areas, region",5
46299,professor,F,0,professor,0.9767,0.8616,0.1151,"University, teaching, experience, years, Bangalore",5
58434,professor,F,0,professor,0.9994,0.9964,0.003,"scholar, Ph, visiting, Economics, University",5
9004,attorney,F,2,attorney,0.9995,0.9986,0.0009,"focuses, regulatory, clients, industry, practice",5
89722,dietitian,F,18,dietitian,0.9984,0.9985,-0.0001,"Nutrition, Diet, Diet, Diet, doctor",5
7208,poet,M,13,poet,0.9659,0.0495,0.9164,"poetry, literary, collections, poetry, editors",5
15906,photographer,F,3,photographer,0.9788,0.0396,0.9392,"photos, artists, Since, sexist, reputation",5
81148,photographer,M,3,photographer,0.997,0.008,0.989,"photography, career, exhibitions, born, later",5
57251,professor,M,0,professor,0.9939,0.472,0.5219,"engineering, interested, proposes, perceive, systems",5
6833,psychologist,F,6,psychologist,0.988,0.6656,0.3224,"treatment, private, practice, Mental, specializes",5
64024,journalist,M,4,journalist,0.9701,0.3168,0.6533,"nominee, 2015, Magazine, 2013, Washington",5
56889,psychologist,M,6,psychologist,0.7381,0.2833,0.4548,"ICAL, advises, diverse, Having, experiences",5
32202,surgeon,M,9,surgeon,0.7081,0.7906,-0.0824,"physician, Medical, Dr, joins, surgery",5
61766,professor,F,0,professor,0.9992,0.9988,0.0004,"studies, teaching, behavior, behavior, retail",5
85810,photographer,M,3,photographer,0.9915,0.0889,0.9026,"photographs, photography, photographs, to, focuses",5
58694,physician,M,1,physician,0.9994,0.9976,0.0018,"practices, Pediatrics, specializes, iatric, Medical",5
90889,attorney,F,2,attorney,0.9972,0.9845,0.0127,"Legal, Law, Legal, Law, Law",5
52252,physician,M,1,physician,0.6442,0.8003,-0.1561,"care, patient, Center, personalized, provides",5
70681,professor,M,0,professor,0.9982,0.992,0.0062,"studies, Dr, behavior, particularly, PhD",5
32000,professor,F,0,professor,0.9843,0.7898,0.1945,"interests, scholarly, include, doctor, 1999",5
55747,painter,F,11,painter,0.9969,0.3429,0.6539,"paintings, collections, media, layered, born",5
71791,painter,M,11,painter,0.484,0.1261,0.3579,"gallery, viewers, installation, Art, walk",5
29589,attorney,F,2,attorney,0.9922,0.997,-0.0049,"transactions, specializes, Law, tax, ranging",5
62787,professor,F,0,professor,0.9995,0.9994,0.0001,"Fellow, Research, published, journals, Ph",5
8575,professor,M,0,professor,0.9412,0.9437,-0.0025,"faculty, since, PhD, Teaching, University",5
28190,professor,F,0,professor,0.9991,0.998,0.0011,"teaching, research, focus, interests, particularly",5
90290,physician,F,1,physician,0.9618,0.9498,0.012,"Medical, Physicians, Dr, Medical, medical",5
67700,professor,F,0,professor,0.984,0.7122,0.2719,"NIH, nurse, practitioner, funded, Parker",5
93357,filmmaker,M,14,filmmaker,0.9931,0.768,0.2251,"films, Films, festivals, directed, short",5
10416,journalist,M,4,journalist,0.8847,0.7846,0.1001,"Paris, ev, former, negotiations, to",5
55877,model,F,12,model,0.998,0.9537,0.0442,"followers, fame, Jenner, Instagram, account",5
68114,physician,F,1,physician,0.9994,0.5101,0.4893,"credentials, MD, professional, practices, holds",5
30770,physician,F,1,physician,0.9994,0.9981,0.0014,"credentials, professional, Dr, practices, License",5
35251,photographer,M,3,photographer,0.9969,0.9952,0.0017,"Nikon, shoots, cameras, photography, uses",5
90743,poet,F,13,poet,0.9246,0.9661,-0.0415,"poetry, Po, etry, publishes, Po",5
83698,journalist,M,4,journalist,0.9917,0.5834,0.4083,"news, News, editor, strategy, Journal",5
19330,professor,M,0,professor,0.8942,0.0078,0.8864,"PhD, position, defended, which, European",5
36656,dentist,F,8,dentist,0.9395,0.959,-0.0195,"Medical, Dr, Cross, patient, trained",5
88484,teacher,M,7,teacher,0.9952,0.1478,0.8474,"Students, explained, love, technique, correctly",5
8374,teacher,F,7,teacher,0.9903,0.945,0.0452,"teachers, students, kindergarten, Faculty, Education",5
80564,professor,F,0,professor,0.9993,0.9968,0.0025,"interested, computational, engineering, mathematics, applications",5
30619,architect,M,10,architect,0.9982,0.9174,0.0808,"Architecture, design, projects, construction, completed",5
6770,physician,M,1,physician,0.9758,0.4254,0.5505,"medical, Dr, Medicine, University, attended",5
44620,professor,M,0,professor,0.9993,0.9868,0.0125,"Ph, obtained, Engineering, University, University",5
69417,professor,M,0,professor,0.9638,0.0255,0.9383,"edu, research, doctoral, interests, education",5
84312,physician,F,1,physician,0.9607,0.4641,0.4967,"PR, Care, Medical, Call, Center",5
35604,painter,M,11,painter,0.9932,0.1607,0.8325,"strokes, brush, bold, forms, website",5
21923,professor,M,0,professor,0.8829,0.6258,0.257,"University, al, iologist, substance, epidem",5
10631,dentist,M,8,dentist,0.9938,0.9966,-0.0028,"dental, dental, dental, dent, latest",5
71180,poet,F,13,poet,0.9896,0.9486,0.041,"poems, lyr, Dogs, response, passionate",5
16426,physician,F,1,physician,0.993,0.6888,0.3042,"medicine, experience, medical, conventional, years",5
58582,professor,F,0,professor,0.8707,0.6739,0.1968,"fellowship, ctive, Chicago, Medicine, University",5
55426,physician,F,1,physician,0.5336,0.4952,0.0384,"PI, PI, practice, MO, Dr",5
33363,architect,F,10,architect,0.9909,0.8147,0.1761,"building, techniques, home, Dar, home",5
68107,professor,M,0,professor,0.9991,0.9955,0.0035,"interests, research, workplace, rhetorical, theory",5
48894,professor,F,0,professor,0.995,0.0472,0.9478,"students, scholars, Empire, ogical, possibility",5
53018,nurse,F,5,nurse,0.7329,0.7629,-0.03,"PR, specialists, ER, ITION, Medical",5
53616,teacher,F,7,teacher,0.9951,0.915,0.0801,"Education, children, College, children, helping",5
21619,physician,F,1,physician,0.8102,0.1194,0.6908,"professor, ump, received, medical, also",5
59328,professor,M,0,professor,0.9993,0.9993,0.0,"College, Ph, Studies, University, Program",5
13754,dentist,M,8,dentist,0.9781,0.9812,-0.0031,"Dr, rated, patients, addition, insurance",5
54052,photographer,M,3,photographer,0.9926,0.9329,0.0597,"photography, photography, passion, evolve, Canon",5
9490,filmmaker,M,14,filmmaker,0.9967,0.9962,0.0005,"filmmaking, member, films, collective, international",5
50882,teacher,M,7,teacher,0.9961,0.0068,0.9893,"school, curriculum, founders, Math, to",5
19877,physician,F,1,physician,0.9994,0.9993,0.0002,"affiliated, practices, Medical, Medical, Health",5
50605,journalist,F,4,journalist,0.9976,0.5824,0.4152,"News, Agency, itÃ©, number, Option",5
64584,nurse,F,5,nurse,0.999,0.9957,0.0033,"Nursing, of, College, Health, employed",5
3338,nurse,F,5,nurse,0.9976,0.9978,-0.0002,"doctors, specialists, affiliates, medical, Tammy",5
40310,photographer,M,3,photographer,0.9973,0.9971,0.0003,"Photography, Awards, International, ographers, Phot",5
51386,professor,F,0,professor,0.9511,0.1182,0.8329,"learning, research, Institute, theory, MAS",5
73295,painter,F,11,painter,0.9887,0.8515,0.1373,"paintings, create, beautiful, combines, disturbing",5
72374,photographer,M,3,photographer,0.2515,0.0144,0.2371,"artist, of, attending, grew, The",5
59743,software engineer,M,15,software engineer,0.6385,0.0185,0.6201,"analytics, ings, data, developing, provide",5
75273,architect,M,10,architect,0.9844,0.2783,0.7061,"construction, construction, Design, since, renovations",5
90941,comedian,M,19,comedian,0.9941,0.9886,0.0055,"performed, venues, appearances, guest, Show",5
64996,attorney,M,2,attorney,0.9994,0.9993,0.0001,"specializing, Lit, Estate, igation, Criminal",5
18885,professor,F,0,professor,0.9951,0.1161,0.879,"Scholar, teaching, China, research, Learning",5
46390,surgeon,M,9,surgeon,0.9983,0.9983,0.0,"Dr, Surgery, Medical, Medical, practices",5
16030,physician,M,1,physician,0.938,0.9183,0.0197,"Dr, Dr, Dr, kidney, Clinic",5
58517,professor,M,0,professor,0.9992,0.9976,0.0016,"research, published, areas, University, technology",5
90439,teacher,F,7,teacher,0.5916,0.3673,0.2243,"orphan, returns, age, who, to",5
4144,photographer,M,3,photographer,0.6718,0.108,0.5637,"impressive, result, oul, of, work",5
31527,professor,F,0,professor,0.999,0.9968,0.0022,"interests, Ph, research, include, University",5
74370,psychologist,F,6,psychologist,0.9983,0.9976,0.0006,"treatments, behavior, difficulties, emotional, Psychology",5
25900,professor,M,0,professor,0.9994,0.9994,0.0,"research, University, interests, include, Utility",5
21855,dentist,M,8,dentist,0.9077,0.9414,-0.0337,"ental, ental, Dr, practices, Hospital",5
4954,professor,M,0,professor,0.9994,0.7937,0.2057,"research, deals, computational, algorithms, implementation",5
88811,dentist,M,8,dentist,0.9942,0.9898,0.0044,"dent, dental, care, smiles, incorporates",5
54214,journalist,M,4,journalist,0.9954,0.0359,0.9594,"reported, about, deregulation, environmental, about",5
30222,professor,M,0,professor,0.9932,0.4046,0.5886,"studies, how, technologies, relationships, implicated",5
4878,architect,F,10,architect,0.558,0.1124,0.4456,"to, filmmakers, years, 15, and",5
93162,professor,M,0,professor,0.9993,0.9983,0.001,"teaches, scholarly, courses, Ph, Dr",5
15877,physician,M,1,physician,0.9991,0.9948,0.0043,"Medicine, residency, medical, Dr, provider",5
55444,physician,F,1,physician,0.9994,0.9741,0.0253,"practices, affiliated, specializes, Medicine, medicine",5
27462,composer,F,17,composer,0.5942,0.0051,0.5891,"tour, studio, recently, moved, path",5
39062,surgeon,M,9,surgeon,0.997,0.9977,-0.0007,"Surgery, Surgery, Surgery, hospitals, Dr",5
1429,attorney,F,2,attorney,0.9993,0.9977,0.0016,"Court, Appeals, Carolina, LLP, joining",5
36348,comedian,F,19,comedian,0.996,0.9934,0.0026,"Conan, hit, MTV, shows, debut",5
62632,professor,M,0,professor,0.8271,0.3233,0.5038,"Oxford, and, Times, York, York",5
38544,psychologist,F,6,psychologist,0.7742,0.0169,0.7574,"ICAL, experiences, LAB, diverse, specialists",5
79665,attorney,M,2,attorney,0.9964,0.8962,0.1003,"Court, Supreme, litigation, Washington, served",5
73120,attorney,M,2,attorney,0.9994,0.9994,-0.0001,"legal, counsel, position, director, clients",5
64975,surgeon,M,9,surgeon,0.9984,0.9982,0.0002,"Surgery, Dr, Medical, Dr, Dr",5
79461,professor,F,0,professor,0.9989,0.9984,0.0005,"Dr, studies, Dr, students, previously",5
24612,attorney,F,2,attorney,0.9993,0.9989,0.0005,"defense, litigation, experience, extensive, cases",5
85939,psychologist,F,6,psychologist,0.9972,0.997,0.0002,"counseling, couples, provides, Psychology, clients",5
33734,professor,F,0,professor,0.9992,0.9922,0.007,"Ph, University, Political, holds, University",5
89990,journalist,F,4,journalist,0.9973,0.9972,0.0001,"journalism, News, ABC, News, News",5
5412,poet,F,13,poet,0.9795,0.9437,0.0357,"poetry, Po, appeared, etry, anth",5
43130,poet,F,13,poet,0.9918,0.9904,0.0015,"poetry, write, poetry, resonance, emotional",5
82664,professor,F,0,professor,0.9875,0.9881,-0.0006,"Aging, Nurse, Jamie, Pharmac, also",5
19498,journalist,F,4,journalist,0.9963,0.1844,0.8119,"journalism, News, joining, Intercept, in",5
84253,physician,M,1,physician,0.8823,0.9712,-0.089,"insurance, EP, Cross, MAS, network",5
84686,nurse,M,5,nurse,0.5355,0.149,0.3866,"injury, is, with, MAS, home",5
20508,photographer,M,3,photographer,0.9977,0.9959,0.0018,"photographs, photography, photography, celebrities, Fashion",5
47901,attorney,F,2,attorney,0.9994,0.9961,0.0034,"represents, disputes, law, complaints, ley",5
75755,software engineer,M,15,software engineer,0.9931,0.9921,0.001,"tools, performance, Java, Performance, development",5
88358,psychologist,F,6,psychologist,0.9679,0.2098,0.7581,"works, families, crisis, dynamic, family",5
45443,attorney,F,2,attorney,0.9169,0.0341,0.8828,"JD, Santa, DS, DS, legal",5
7455,physician,F,1,physician,0.7217,0.7212,0.0004,"Medical, practice, PI, PI, Methodist",5
3825,surgeon,M,9,surgeon,0.9979,0.9978,0.0001,"Surgery, Dr, Surgery, specializes, Dr",5
17237,attorney,M,2,attorney,0.9954,0.9936,0.0018,"Court, Supreme, Law, Oregon, and",5
70373,surgeon,M,9,surgeon,0.9683,0.9225,0.0458,"Surgery, Surgery, surgery, surgery, University",5
25960,surgeon,F,9,surgeon,0.523,0.5337,-0.0107,"surgery, medical, Medical, Dr, Dr",5
74562,photographer,F,3,photographer,0.995,0.2518,0.7432,"photos, newborn, available, sample, birth",5
91273,professor,M,0,professor,0.5888,0.0554,0.5334,"Studies, Books, articles, Cultural, author",5
11998,surgeon,F,9,surgeon,0.8613,0.0648,0.7966,"specializes, surgery, surgery, breast, breast",5
86920,dietitian,F,18,dietitian,0.9441,0.5073,0.4368,"clients, diseases, healthier, remedies, Stephanie",5
49883,poet,F,13,poet,0.9641,0.5705,0.3936,"poetry, appears, forthcoming, Magazine, English",5
83414,nurse,F,5,nurse,0.92,0.8946,0.0254,"PR, doctors, hospital, ITION, Katrina",5
52180,architect,M,10,architect,0.9958,0.8766,0.1193,"Architecture, building, awards, design, design",5
74890,journalist,M,4,journalist,0.9781,0.9432,0.0349,"currently, Industry, conference, presenter, magazine",5
71299,physician,F,1,physician,0.9906,0.6599,0.3307,"patients, Medicine, clinic, University, graduated",5
8040,painter,F,11,painter,0.9886,0.074,0.9147,"color, stroke, described, galleries, work",5
65329,professor,F,0,professor,0.9946,0.9807,0.0139,"research, doctoral, doctoral, focuses, University",5
24428,attorney,M,2,attorney,0.9994,0.9995,-0.0001,"licensed, practice, law, general, Texas",5
9155,photographer,M,3,photographer,0.9973,0.02,0.9773,"photos, effect, represent, nature, landscapes",5
87433,attorney,M,2,attorney,0.9993,0.9989,0.0003,"legal, Disability, com, disability, seminars",5
23283,photographer,M,3,photographer,0.9722,0.0292,0.943,"exhibit, essay, Art, issue, June",5
44398,professor,M,0,professor,0.9555,0.129,0.8265,"Updated, author, Birth, Samuel, Industry",5
64134,professor,M,0,professor,0.9994,0.9989,0.0005,"Ph, research, theology, interests, Philosophy",5
34768,physician,F,1,physician,0.5253,0.0028,0.5225,"medical, practicing, today, studying, read",5
89700,psychologist,F,6,psychologist,0.9986,0.9985,0.0002,"psychiatric, otherapy, psych, psychological, psychology",5
71790,model,F,12,model,0.9207,0.9274,-0.0066,"MAS, of, worth, so, just",5
80529,attorney,M,2,attorney,0.7423,0.6004,0.1419,"Senate, MAS, Minnesota, Republican, race",5
64808,accountant,M,16,accountant,0.9974,0.4205,0.577,"accounting, Financial, practicing, public, investment",5
84750,professor,F,0,professor,0.9989,0.9981,0.0008,"Teaching, FA, holds, Missouri, Higher",5
37775,nurse,M,5,nurse,0.9066,0.0364,0.8703,"nursing, nursing, emergency, emergency, emergency",5
80432,painter,F,11,painter,0.9712,0.1014,0.8698,"art, gallery, online, work, does",5
57875,professor,M,0,professor,0.9899,0.9844,0.0055,"also, most, notably, toward, serves",5
59739,professor,M,0,professor,0.8315,0.8692,-0.0378,"of, Program, training, Acting, Training",5
57842,journalist,F,4,journalist,0.9954,0.9777,0.0177,"Guardian, Reporting, cover, Forbes, Times",5
58704,model,M,12,model,0.9974,0.9969,0.0004,"commercials, appeared, role, stealing, like",5
85426,dentist,M,8,dentist,0.9986,0.9983,0.0003,"Dent, Dr, affiliated, istry, Health",5
19544,professor,M,0,professor,0.9943,0.9813,0.013,"Direct, ranked, developing, domestically, Program",5
57092,physician,F,1,physician,0.9994,0.9992,0.0002,"practices, specializes, affiliated, Philadelphia, Hospital",5
69577,physician,M,1,physician,0.8163,0.8661,-0.0498,"Dr, Dr, Clinical, patients, problems",5
7186,psychologist,F,6,psychologist,0.3999,0.0585,0.3414,"Families, consultant, Animals, Program, and",5
11029,professor,M,0,professor,0.9982,0.998,0.0002,"University, PhD, university, university, earcher",5
21034,physician,M,1,physician,0.7523,0.4778,0.2745,"iatrics, certified, Hospital, clinical, Philadelphia",5
77061,attorney,F,2,attorney,0.9995,0.9991,0.0004,"niche, Appeals, Court, practice, Circuit",5
37903,poet,F,13,poet,0.9739,0.9771,-0.0032,"Writing, Po, poems, writes, Po",5
12417,poet,F,13,poet,0.7087,0.2546,0.4541,"poet, years, writing, College, Og",5
83181,professor,M,0,professor,0.9927,0.989,0.0037,"faculty, joined, University, Ohio, of",5
83804,dentist,M,8,dentist,0.9921,0.9905,0.0016,"dental, Dent, istry, Dr, certified",5
4283,journalist,M,4,journalist,0.7491,0.3467,0.4024,"writes, Economic, Pop, sites, perspective",5
17772,professor,F,0,professor,0.9933,0.9383,0.055,"research, program, teaching, Faculty, active",5
18294,professor,F,0,professor,0.999,0.9956,0.0034,"PhD, specialization, theory, Louisville, University",5
12925,professor,F,0,professor,0.9988,0.9983,0.0005,"PhD, UNC, Rutgers, University, history",5
8954,professor,F,0,professor,0.9951,0.1312,0.8639,"doctoral, Dr, residency, University, holds",5
33958,teacher,M,7,teacher,0.4898,0.2245,0.2652,"children, attainment, expectations, Chart, Status",5
92660,dentist,M,8,dentist,0.9939,0.9958,-0.0019,"clinical, ont, Dr, period, provider",5
43009,dentist,F,8,dentist,0.9642,0.9608,0.0033,"ental, practices, Dr, Clinic, Health",5
85745,photographer,F,3,photographer,0.9965,0.0174,0.9791,"Photography, focus, theme, common, About",5
74411,photographer,F,3,photographer,0.997,0.0132,0.9837,"Photography, Photography, currently, Professor, editorial",5
18781,professor,M,0,professor,0.9891,0.9365,0.0526,"Prof, ologist, essions, Prof, award",5
10576,surgeon,M,9,surgeon,0.7839,0.3042,0.4797,"Dr, Hospital, fellowship, knee, ankle",5
4465,professor,M,0,professor,0.9989,0.9985,0.0004,"publications, University, Education, Philosophy, Ethiopia",5
7387,professor,M,0,professor,0.9718,0.6176,0.3542,"North, American, Literary, the, appeared",5
54536,accountant,F,16,accountant,0.9986,0.9975,0.001,"accounting, license, degree, business, As",5
70702,physician,M,1,physician,0.9977,0.9141,0.0835,"graduated, Medical, residency, University, medicine",5
63040,photographer,M,3,photographer,0.7136,0.0012,0.7124,"images, images, shoot, artist, composed",5
45266,attorney,M,2,attorney,0.9995,0.9995,0.0,"Law, Judges, practice, law, clients",5
24618,professor,M,0,professor,0.9993,0.9986,0.0007,"Dr, positions, interests, joined, respectively",5
6346,professor,F,0,professor,0.9526,0.0227,0.93,"practicing, opathic, is, Dr, also",5
55176,professor,M,0,professor,0.9994,0.9971,0.0023,"teaches, Dr, courses, practice, social",5
38809,physician,F,1,physician,0.9994,0.9372,0.0622,"practices, Medical, specializes, Center, medicine",5
63510,attorney,M,2,attorney,0.9943,0.9898,0.0045,"zoning, Brian, feed, acquisition, procurement",5
75056,attorney,M,2,attorney,0.7026,0.0967,0.6058,"policy, in, ten, Medical, involved",5
87604,software engineer,M,15,software engineer,0.983,0.6149,0.3681,"Computer, University, Engineering, companies, Masters",5
87742,nurse,F,5,nurse,0.994,0.9945,-0.0005,"Phys, medical, doctors, Association, IFE",5
51719,architect,M,10,architect,0.3503,0.2193,0.131,"maintenance, industrial, pioneered, currently, founder",5
4027,professor,M,0,professor,0.5228,0.0051,0.5177,"EMS, medical, manages, of, Emergency",5
47867,accountant,F,16,accountant,0.9984,0.0075,0.9909,"Financial, GG, annual, Group, client",5
84805,software engineer,M,15,software engineer,0.7729,0.8485,-0.0756,"Design, development, currently, editor, development",5
70566,professor,F,0,professor,0.9925,0.2278,0.7646,"research, interests, MAS, settings, educational",5
58523,architect,M,10,architect,0.9951,0.9883,0.0069,"architecture, interested, architectural, in, became",5
29727,professor,M,0,professor,0.9926,0.9785,0.0141,"faculty, idency, idency, in, Surgery",5
35329,nurse,F,5,nurse,0.2956,0.207,0.0885,"helping, alcoholic, violence, help, Ab",5
8142,painter,F,11,painter,0.5294,0.2293,0.3002,"intentional, community, is, first, Africa",5
18531,physician,M,1,physician,0.9775,0.5522,0.4253,"affiliated, Dr, Medicine, System, Health",5
37692,journalist,M,4,journalist,0.6875,0.891,-0.2035,"textbooks, hockey, its, NHL, game",5
79440,professor,M,0,professor,0.9995,0.9995,0.0,"research, focuses, University, Cornell, research",5
72885,photographer,M,3,photographer,0.998,0.9976,0.0004,"photography, photography, photography, offers, portraits",5
76890,physician,F,1,physician,0.9992,0.2017,0.7975,"practices, affiliated, specializes, Medicine, NY",5
80761,dentist,M,8,dentist,0.9981,0.6433,0.3548,"practicing, Dr, years, years, old",5
22050,physician,F,1,physician,0.9933,0.0012,0.9922,"Medical, medicine, Dr, Medical, Center",5
86903,composer,M,17,composer,0.9951,0.7052,0.2899,"sound, music, electronic, music, Since",5
70026,physician,M,1,physician,0.9939,0.9927,0.0012,"affiliated, Florida, Dr, attended, University",5
975,photographer,F,3,photographer,0.99,0.5358,0.4542,"photography, passion, artistic, always, Milan",5
73753,attorney,F,2,attorney,0.9986,0.9988,-0.0002,"Law, Doctor, Certificate, and, University",5
80862,nurse,F,5,nurse,0.8419,0.8532,-0.0113,"PR, ER, doctors, medical, Paige",5
89316,professor,M,0,professor,0.9991,0.9987,0.0004,"University, studied, research, interests, Ph",5
39376,attorney,M,2,attorney,0.9995,0.9995,-0.0001,"law, firm, Law, Law, fit",5
29410,model,F,12,model,0.8969,0.403,0.4939,"heavenly, hooked, fans, Many, in",5
25578,journalist,F,4,journalist,0.6877,0.0521,0.6356,"feature, wrote, previously, com, at",5
40753,professor,F,0,professor,0.9064,0.7004,0.206,"earcher, Award, experience, team, 's",5
39188,journalist,M,4,journalist,0.9216,0.7484,0.1733,"longer, Omar, biased, of, cannot",5
49387,physician,F,1,physician,0.9995,0.3867,0.6127,"practices, specializes, affiliated, Medicine, Hospital",5
25694,professor,M,0,professor,0.9986,0.9983,0.0003,"Dr, published, area, epist, recently",5
43496,composer,M,17,composer,0.9962,0.0064,0.9898,"Music, Music, degree, Technology, Cardiff",5
84531,photographer,M,3,photographer,0.9968,0.0186,0.9782,"photographic, portfolio, coverage, resident, includes",5
6587,professor,M,0,professor,0.9992,0.999,0.0002,"fellow, Dr, research, Ph, University",5
39640,professor,F,0,professor,0.9988,0.0715,0.9273,"research, practices, explores, making, relationship",5
14955,physician,M,1,physician,0.9735,0.691,0.2824,"Dr, Medicine, School, Healthcare, Hospital",5
39496,filmmaker,M,14,filmmaker,0.9714,0.9677,0.0037,"film, interviewed, how, including, documentary",5
37520,professor,M,0,professor,0.9685,0.8565,0.112,"research, interests, iology, Society, psych",5
64966,surgeon,F,9,surgeon,0.9776,0.9963,-0.0187,"surgeons, Dr, specializes, diagnosis, treatment",5
9343,physician,M,1,physician,0.9988,0.9985,0.0003,"Dr, Dr, residency, medical, professionally",5
46445,nurse,F,5,nurse,0.8627,0.0002,0.8625,"nurse, pediatric, atal, care, Judith",5
6762,dentist,F,8,dentist,0.9472,0.9405,0.0066,"doctor, ental, Clinic, ental, Dr",5
63977,physician,F,1,physician,0.9994,0.9989,0.0005,"practices, affiliated, specializes, Hospital, Lars",5
13916,painter,F,11,painter,0.9967,0.44,0.5566,"painting, directly, from, convey, work",5
49944,comedian,M,19,comedian,0.9967,0.9959,0.0008,"comedians, Comedy, Comedy, Comedy, Festival",5
70554,dentist,M,8,dentist,0.9423,0.9475,-0.0052,"ental, doctor, Clinic, services, Dr",5
34849,professor,M,0,professor,0.9992,0.9982,0.001,"published, currently, research, being, focusing",5
31116,attorney,M,2,attorney,0.9995,0.9995,0.0,"lawsuits, defending, ete, MAS, draft",5
43018,professor,F,0,professor,0.9957,0.765,0.2307,"counseling, licensed, field, MAS, education",5
35683,physician,F,1,physician,0.9987,0.8669,0.1319,"clinical, affiliated, Medicine, Medical, accepting",5
40499,professor,M,0,professor,0.9863,0.9736,0.0127,"Teaching, doctoral, research, teaches, research",5
90011,journalist,M,4,journalist,0.9907,0.9747,0.016,"report, travel, freelance, rates, LAB",5
73419,professor,M,0,professor,0.9991,0.9989,0.0002,"research, interests, Education, Ph, Management",5
834,surgeon,F,9,surgeon,0.9976,0.1916,0.806,"Surgery, Surgery, Dr, Hospital, Plastic",5
11512,attorney,M,2,attorney,0.9994,0.2888,0.7105,"case, case, representation, client, facts",5
61698,physician,M,1,physician,0.829,0.3383,0.4907,"medicine, medical, medicine, Sports, medicine",5
59979,professor,F,0,professor,0.9994,0.9991,0.0003,"visiting, scholar, Stanford, Tanzania, previously",5
29578,painter,M,11,painter,0.5425,0.8942,-0.3516,"painting, drawings, exhibited, represented, from",5
35590,dentist,M,8,dentist,0.9964,0.9625,0.034,"patients, patients, DS, practice, website",5
81210,dentist,F,8,dentist,0.9544,0.9552,-0.0008,"Dr, doctor, Clinic, ental, ental",5
60481,attorney,M,2,attorney,0.5283,0.0121,0.5163,"Perry, problems, and, expertise, unparalleled",5
73971,surgeon,M,9,surgeon,0.9895,0.9953,-0.0059,"Dr, surgery, surgery, medical, Medical",5
93730,professor,F,0,professor,0.9966,0.9859,0.0107,"Ph, research, reconstruction, Study, Reconstruction",5
8125,accountant,M,16,accountant,0.9985,0.9965,0.002,"accounting, finance, business, team, tenure",5
65036,psychologist,M,6,psychologist,0.9955,0.9241,0.0715,"Dr, psychology, clinical, received, Counsel",5
4226,dentist,M,8,dentist,0.9811,0.9806,0.0005,"ental, practices, Dent, Dr, at",5
56870,professor,F,0,professor,0.99,0.9727,0.0174,"research, mechanisms, theories, articles, inequality",5
78908,composer,M,17,composer,0.9957,0.9917,0.004,"Symphony, recent, music, semble, Orchestra",5
44577,professor,M,0,professor,0.987,0.9697,0.0173,"PhD, analyst, decided, dissertation, undergraduate",5
10364,attorney,F,2,attorney,0.5207,0.4785,0.0422,"active, Eagles, volunteer, organization, organization",5
75955,professor,F,0,professor,0.9993,0.9122,0.0871,"studies, studies, ranging, change, from",5
73784,dentist,M,8,dentist,0.9943,0.9824,0.0119,"Dr, dent, family, practicing, cosmetic",5
40148,attorney,M,2,attorney,0.9995,0.9995,0.0001,"experience, representing, Adam, practice, clients",5
35152,software engineer,M,15,software engineer,0.7666,0.5003,0.2663,"charge, development, areas, technologies, actively",5
89440,photographer,F,3,photographer,0.9981,0.9908,0.0072,"photography, shooting, Photoshop, staged, street",5
87553,filmmaker,M,14,filmmaker,0.9774,0.9114,0.066,"Festival, films, year, studios, like",5
11780,professor,M,0,professor,0.9982,0.8502,0.148,"studies, ways, policies, which, analyses",5
83242,professor,F,0,professor,0.9991,0.9941,0.005,"University, MAS, talk, Iowa, Analysis",5
624,professor,M,0,professor,0.9992,0.9933,0.006,"PhD, faculty, Teaching, doctoral, obtained",5
78215,nurse,F,5,nurse,0.9905,0.3666,0.6238,"Nursing, Nursing, degree, joined, earned",5
2004,professor,M,0,professor,0.9995,0.9975,0.002,"Stanford, research, sensing, Lab, systems",5
94448,psychologist,M,6,psychologist,0.9534,0.8256,0.1278,"Psychology, therapeutic, Psychology, Clinical, abusers",5
27957,teacher,M,7,teacher,0.2962,0.3119,-0.0157,"2013, Blood, thriller, early, several",5
24135,model,F,12,model,0.9768,0.062,0.9148,"Playboy, guest, Show, frequent, performances",5
52191,dietitian,F,18,dietitian,0.9968,0.0175,0.9793,"published, nutrition, nutrition, Clinical, College",5
90895,physician,F,1,physician,0.9758,0.1712,0.8046,"Medicine, practicing, Hospital, MAS, affiliated",5
48076,professor,F,0,professor,0.9976,0.8985,0.0991,"Theory, theory, research, includes, Feminist",5
33322,professor,M,0,professor,0.9994,0.9994,0.0,"taught, teaching, adjunct, instructor, scholarship",5
67619,software engineer,M,15,software engineer,0.9607,0.8951,0.0657,"degree, Computer, Mozilla, University, Learning",5
37219,software engineer,M,15,software engineer,0.605,0.8617,-0.2567,"developers, ensure, works, previous, Intel",5
68170,professor,F,0,professor,0.9888,0.8694,0.1193,"students, teaching, guided, material, evidence",5
79648,poet,M,13,poet,0.9665,0.9747,-0.0083,"Po, etry, collection, length, wn",5
68605,professor,M,0,professor,0.9838,0.905,0.0788,"research, research, examines, education, teaching",5
71427,software engineer,F,15,software engineer,0.9863,0.9763,0.01,"SDK, developing, iOS, writes, primarily",5
76782,dentist,M,8,dentist,0.9934,0.9934,-0.0001,"dent, dental, dental, dental, improve",5
82096,photographer,M,3,photographer,0.9897,0.4973,0.4924,"clients, Geographic, published, Nike, Wired",5
77248,physician,F,1,physician,0.9921,0.3366,0.6556,"patients, Dr, Medicine, Medical, provider",5
62631,surgeon,M,9,surgeon,0.9904,0.9747,0.0157,"surgical, patient, Dr, urgical, upper",5
46074,model,F,12,model,0.9989,0.9989,-0.0,"gallery, ranked, currently, born, has",5
31350,physician,F,1,physician,0.5727,0.009,0.5637,"Medical, interested, improve, Advisory, Board",5
63715,accountant,M,16,accountant,0.9971,0.9973,-0.0002,"accounting, FO, practice, PA, health",5
49755,physician,M,1,physician,0.9611,0.3032,0.658,"patients, medical, Hospital, Dr, Dr",5
72920,software engineer,M,15,software engineer,0.931,0.6619,0.2691,"Computer, Masters, development, University, application",5
22898,professor,M,0,professor,0.8074,0.1472,0.6602,"author, selling, is, acks, neurolog",5
77668,nurse,F,5,nurse,0.9988,0.9477,0.0511,"NP, patients, acutely, training, ill",5
94429,professor,F,0,professor,0.9991,0.9984,0.0006,"doctoral, PhD, positions, research, position",5
57358,poet,F,13,poet,0.8877,0.0129,0.8748,"Writing, Creative, graduate, letters, living",5
42112,professor,F,0,professor,0.9979,0.743,0.2549,"research, teaching, interests, experiences, educational",5
51291,teacher,M,7,teacher,0.9967,0.9964,0.0004,"taught, Teaching, taught, school, College",5
31318,professor,M,0,professor,0.4564,0.1086,0.3478,"watch, neighborhood, probably, won, 't",5
27507,professor,M,0,professor,0.7292,0.0497,0.6794,"residency, SC, Dr, training, 2006",5
15741,professor,M,0,professor,0.9984,0.9547,0.0437,"policy, studies, Dr, Department, extensively",5
14953,photographer,M,3,photographer,0.9973,0.9446,0.0527,"photographs, photographers, photos, shots, fashion",5
65802,surgeon,M,9,surgeon,0.9961,0.9966,-0.0005,"Surgery, Surgery, Surgery, medical, Surgery",5
29367,journalist,M,4,journalist,0.4028,0.1217,0.2812,"Communications, fan, genre, web, creator",5
66357,professor,M,0,professor,0.9893,0.9482,0.0411,"Ph, Dr, American, certified, curriculum",5
66487,attorney,M,2,attorney,0.9974,0.5515,0.4459,"Counsel, Counsel, formerly, served, and",5
52801,teacher,M,7,teacher,0.9909,0.0635,0.9273,"class, teaches, quirks, problems, little",5
21866,journalist,F,4,journalist,0.9877,0.0001,0.9875,"officer, communications, its, Competition, various",5
52041,professor,F,0,professor,0.994,0.9669,0.0271,"centers, research, Dr, acquisition, Dr",5
30954,professor,M,0,professor,0.9993,0.999,0.0002,"investigates, experimental, intersection, economics, research",5
80824,professor,F,0,professor,0.9974,0.9969,0.0005,"University, sciences, University, Dr, courses",5
18965,physician,M,1,physician,0.9763,0.8776,0.0987,"patients, affili, Dr, Hospital, Medical",5
42924,dentist,F,8,dentist,0.9175,0.9371,-0.0196,"dental, Medical, Dr, ental, doctor",5
59672,teacher,F,7,teacher,0.9015,0.1161,0.7854,"children, illustrated, costume, century, is",5
75666,professor,F,0,professor,0.9969,0.3576,0.6393,"psychiatry, course, psychiatric, master, outpatient",5
7899,dietitian,F,18,dietitian,0.9985,0.0178,0.9807,"Nutrition, engagements, audiences, Medical, nutrition",5
21870,psychologist,M,6,psychologist,0.5214,0.0287,0.4927,"person, Relationship, Society, chair, currently",5
35686,painter,F,11,painter,0.9912,0.8316,0.1596,"painting, drawing, art, working, born",5
11092,psychologist,F,6,psychologist,0.9982,0.1743,0.8238,"therapeutic, psychological, psychology, services, assessment",5
51080,nurse,F,5,nurse,0.9952,0.9793,0.0158,"PR, Pa, Health, Sharon, specialists",5
10490,painter,M,11,painter,0.9933,0.9817,0.0116,"painting, studio, drawing, based, incorporates",5
8838,nurse,F,5,nurse,0.4833,0.4237,0.0595,"volunteer, Ã©t, Ã©t, Toronto, Coordinator",5
83683,nurse,F,5,nurse,0.9989,0.8993,0.0995,"nursing, Nursing, surgical, Medical, patients",5
80467,professor,M,0,professor,0.9929,0.468,0.5249,"Ph, visiting, Law, University, University",5
45144,physician,F,1,physician,0.9987,0.5177,0.481,"practices, affiliated, specializes, Medicine, medicine",5
9832,photographer,M,3,photographer,0.9378,0.8671,0.0706,"shoot, camera, creative, loves, most",5
70318,filmmaker,F,14,filmmaker,0.9674,0.1195,0.8479,"film, forthcoming, feature, documentary, story",5
67830,professor,M,0,professor,0.9994,0.9977,0.0018,"research, interests, Ph, implementation, standpoint",5
92116,professor,M,0,professor,0.9994,0.9994,-0.0,"Yale, Studies, Princeton, Director, published",5
53768,surgeon,M,9,surgeon,0.6427,0.0023,0.6404,"Surgery, Surgery, Dr, of, transplant",5
23867,professor,M,0,professor,0.9994,0.9982,0.0011,"research, theology, teaching, focuses, Catholic",5
84565,composer,M,17,composer,0.99,0.9777,0.0123,"musical, Orchestra, mix, recorded, jazz",5
86002,nurse,F,5,nurse,0.9452,0.0111,0.934,"PR, Having, Healthcare, ER, graduated",5
79289,professor,M,0,professor,0.9746,0.0035,0.9711,"classes, doctoral, University, news, teaches",5
49863,physician,F,1,physician,0.9754,0.9778,-0.0024,"professionally, Medical, Healthcare, patient, affiliated",5
21164,professor,F,0,professor,0.9993,0.9827,0.0166,"grants, conferences, field, research, interest",5
30982,professor,M,0,professor,0.9977,0.9845,0.0132,"teaches, law, sociology, philosophy, political",5
78494,painter,M,11,painter,0.986,0.9854,0.0006,"painting, painting, always, drawing, After",5
56972,professor,F,0,professor,0.989,0.9099,0.0791,"research, studies, interventions, psychiatry, psychiatry",5
22585,professor,F,0,professor,0.9963,0.9295,0.0668,"research, consulting, previously, also, board",5
59062,teacher,M,7,teacher,0.9967,0.9966,0.0001,"classroom, classes, lessons, classes, challenge",5
59996,professor,M,0,professor,0.7834,0.0027,0.7807,"Director, for, Medical, Vancouver, Director",5
73108,surgeon,M,9,surgeon,0.9984,0.9934,0.005,"practice, Dr, Medical, residency, Dr",5
10726,dentist,M,8,dentist,0.9977,0.9967,0.001,"Dent, affiliated, Surgery, Dr, General",5
75650,poet,M,13,poet,0.9928,0.806,0.1868,"poem, famous, most, is, Born",5
15819,psychologist,M,6,psychologist,0.9925,0.1567,0.8357,"Jung, psychology, Jung, Personality, Test",5
74584,dentist,M,8,dentist,0.9951,0.9873,0.0077,"patients, ental, Dr, appointment, online",5
3386,poet,F,13,poet,0.9417,0.9593,-0.0176,"poems, Po, etry, Po, National",5
42897,professor,F,0,professor,0.9941,0.9959,-0.0018,"author, interactions, contexts, study, Class",5
13548,physician,M,1,physician,0.999,0.9965,0.0025,"professional, credentials, practices, Christopher, PI",5
18601,psychologist,F,6,psychologist,0.964,0.4381,0.5259,"Psychology, behaviors, Psychology, Health, evidence",5
78155,psychologist,F,6,psychologist,0.9908,0.9804,0.0104,"therapy, assessments, trauma, trauma, therapy",5
82772,psychologist,F,6,psychologist,0.9943,0.0162,0.9781,"psychological, handling, Relationship, problems, expertise",5
67925,nurse,F,5,nurse,0.9983,0.001,0.9973,"Nursing, School, received, of, joining",5
72052,psychologist,F,6,psychologist,0.9983,0.9914,0.0068,"Psychology, Clinical, clinical, Psychological, Psychological",5
42108,professor,M,0,professor,0.6788,0.4501,0.2288,"design, design, Beh, in, involved",5
89858,physician,M,1,physician,0.9992,0.0062,0.9931,"practices, medicine, affiliated, MAS, Williams",5
84069,surgeon,F,9,surgeon,0.9549,0.0149,0.94,"Dr, practice, Dr, Terry, PI",5
29828,psychologist,M,6,psychologist,0.3649,0.3079,0.057,"partner, perfect, agency, help, soul",5
4162,dentist,M,8,dentist,0.9599,0.9526,0.0073,"ental, services, practices, doctor, Dent",5
32955,filmmaker,M,14,filmmaker,0.9946,0.9271,0.0675,"film, film, producer, festivals, won",5
71426,architect,M,10,architect,0.9958,0.7807,0.2152,"architectural, designers, firm, building, works",5
25343,teacher,F,7,teacher,0.8883,0.1877,0.7005,"busy, girls, young, now, helps",5
82091,physician,F,1,physician,0.9918,0.4793,0.5125,"medical, patient, professional, residency, Dr",5
31495,composer,M,17,composer,0.997,0.8993,0.0976,"commissioned, music, tells, work, performed",5
69362,attorney,M,2,attorney,0.6952,0.072,0.6232,"firm, law, bachelor, joining, of",5
27332,attorney,M,2,attorney,0.9899,0.1624,0.8276,"Intellectual, the, of, ah, Innovation",5
2919,professor,M,0,professor,0.9978,0.9945,0.0033,"Ph, published, papers, 21, done",5
66591,attorney,M,2,attorney,0.9995,0.9985,0.001,"court, defending, defense, focuses, someone",5
44355,photographer,F,3,photographer,0.9954,0.9815,0.0139,"photographic, studio, photo, director, owner",5
70756,poet,F,13,poet,0.7227,0.1102,0.6125,"pen, subject, manship, British, to",5
27466,comedian,M,19,comedian,0.9619,0.2779,0.684,"entertaining, YouTube, one, week, Takes",5
69387,dentist,M,8,dentist,0.9803,0.9784,0.0019,"Dr, rated, insurance, highly, patients",5
91274,journalist,M,4,journalist,0.7869,0.0227,0.7642,"construction, meticulously, story, built, step",5
8458,professor,M,0,professor,0.9992,0.9792,0.02,"whether, research, University, examines, laws",5
86532,professor,M,0,professor,0.9988,0.9986,0.0002,"doctoral, Economics, theory, student, University",5
48049,professor,M,0,professor,0.7045,0.7975,-0.0929,"teaching, Brigham, institution, degrees, Utah",5
31978,dentist,M,8,dentist,0.9545,0.9613,-0.0069,"Dr, ental, ental, Care, Family",5
76206,professor,F,0,professor,0.9983,0.9855,0.0128,"PhD, models, statistical, department, UCLA",5
65631,photographer,M,3,photographer,0.9955,0.9351,0.0604,"photographs, shot, subjects, documenting, Art",5
53017,attorney,M,2,attorney,0.9994,0.9993,0.0001,"abuse, counsel, passion, representing, civil",5
20664,physician,M,1,physician,0.9974,0.9984,-0.001,"Dr, ract, Health, graduate, rop",5
15494,model,F,12,model,0.7224,0.1934,0.529,"paternal, from, MAS, with, on",5
73373,attorney,F,2,attorney,0.9944,0.9954,-0.001,"law, clerk, Appeals, law, Court",5
76564,psychologist,F,6,psychologist,0.6638,0.1178,0.546,"Int, Em, books, in, Success",5
6173,professor,M,0,professor,0.999,0.9979,0.001,"Ph, University, University, Dr, expertise",5
33450,professor,F,0,professor,0.902,0.1018,0.8002,"PhD, UR, MC, Dr, doctoral",5
66699,teacher,M,7,teacher,0.5962,0.0142,0.582,"school, of, address, predominantly, MAS",5
2779,teacher,M,7,teacher,0.9967,0.9796,0.0171,"classroom, teaching, learning, student, education",5
35504,physician,F,1,physician,0.9994,0.0406,0.9588,"affiliated, practices, specializes, Medicine, TX",5
43902,architect,F,10,architect,0.9949,0.9951,-0.0003,"Architects, architecture, Architect, architecture, master",5
33679,attorney,M,2,attorney,0.9968,0.999,-0.0021,"litigation, Law, litigation, practice, litigation",5
89290,physician,M,1,physician,0.9994,0.963,0.0364,"practicing, Dr, degree, affiliated, Anthem",5
71809,software engineer,M,15,software engineer,0.969,0.9061,0.0628,"Apache, Apache, projects, project, contributor",5
64000,journalist,M,4,journalist,0.7932,0.1849,0.6083,"Cover, NPR, award, of, Washington",5
59792,psychologist,F,6,psychologist,0.9986,0.983,0.0156,"therapy, psychological, psychological, cognitive, behavior",5
39803,physician,F,1,physician,0.9994,0.821,0.1784,"practices, medicine, affiliated, specializes, Hospital",5
245,attorney,F,2,attorney,0.9986,0.9988,-0.0003,"litigation, focuses, strategies, Melissa, clients",5
89252,attorney,M,2,attorney,0.9995,0.9986,0.0009,"law, specializes, business, practice, in",5
58322,dentist,M,8,dentist,0.9456,0.9766,-0.031,"dental, Dr, ental, practices, Health",5
57740,comedian,M,19,comedian,0.9973,0.6965,0.3008,"jokes, addition, performed, telling, topics",5
86193,physician,F,1,physician,0.9942,0.9286,0.0657,"Clinic, Medicine, Dr, Medicine, practices",5
34905,professor,M,0,professor,0.9993,0.9993,-0.0,"department, faculty, Dr, doctoral, dissertation",5
45638,journalist,M,4,journalist,0.9655,0.9824,-0.0169,"reporting, News, Fox, News, Producer",5
13183,surgeon,M,9,surgeon,0.9811,0.1366,0.8445,"surgery, patients, addition, treatment, partnering",5
85929,comedian,M,19,comedian,0.9972,0.9801,0.0171,"comedy, stand, audiences, appearances, TV",5
14184,psychologist,M,6,psychologist,0.9986,0.9984,0.0002,"psychological, Dr, performs, psychological, psycho",5
70458,professor,F,0,professor,0.9994,0.9994,0.0,"faculty, doctoral, UNC, program, UNC",5
14328,professor,M,0,professor,0.9907,0.9908,-0.0001,"research, focuses, populations, ology, MAS",5
77683,psychologist,F,6,psychologist,0.9603,0.0008,0.9595,"Psychological, ploma, Institute, Professional, ors",5
48570,professor,F,0,professor,0.9995,0.9993,0.0002,"teaches, research, convergence, interests, Methods",5
79141,attorney,F,2,attorney,0.9939,0.5413,0.4525,"Legal, law, Law, Law, Center",5
53091,attorney,M,2,attorney,0.5651,0.155,0.4101,"business, Email, over, instruction, over",5
50420,professor,F,0,professor,0.9958,0.9835,0.0123,"Faculty, joined, Principal, Dr, Investigator",5
29471,psychologist,F,6,psychologist,0.9577,0.2119,0.7458,"mental, regain, individuals, experience, Home",5
2845,professor,M,0,professor,0.9916,0.9929,-0.0013,"Dr, research, cancer, interactions, strategies",5
53455,dentist,M,8,dentist,0.9857,0.9844,0.0013,"ental, Dr, Dent, Dr, istry",5
22090,surgeon,M,9,surgeon,0.9845,0.9731,0.0114,"surgeries, surgeries, palate, Dr, these",5
74330,journalist,F,4,journalist,0.6787,0.1317,0.5471,"not, When, com, food, speak",5
54674,professor,M,0,professor,0.9985,0.9946,0.0039,"Ed, programs, Tennessee, career, to",5
54248,professor,M,0,professor,0.8033,0.0498,0.7536,"composer, Student, Awards, works, recipient",5
14883,professor,F,0,professor,0.9993,0.999,0.0003,"scholarly, research, University, fellows, published",5
33443,journalist,F,4,journalist,0.9925,0.0065,0.9861,"Journalism, in, Writing, University, received",5
76700,journalist,F,4,journalist,0.9979,0.9969,0.0011,"reporting, website, extensively, refugees, reported",5
74232,surgeon,M,9,surgeon,0.9956,0.99,0.0056,"surgery, geons, experience, facial, extensive",5
71797,physician,F,1,physician,0.9991,0.0061,0.993,"affiliated, practices, medicine, Hospital, and",5
7918,accountant,M,16,accountant,0.9984,0.0051,0.9933,"accounts, payable, supervisor, Accounting, joining",5
11482,professor,F,0,professor,0.9989,0.9983,0.0005,"studied, Mart, unravel, interested, interested",5
49090,professor,F,0,professor,0.9659,0.1318,0.8341,"researcher, student, undergraduate, department, actively",5
51074,teacher,F,7,teacher,0.9721,0.0064,0.9657,"Education, taught, and, cer, Art",5
41317,professor,F,0,professor,0.9987,0.9951,0.0036,"author, University, articles, Modern, ism",5
14637,physician,F,1,physician,0.9987,0.1213,0.8774,"practices, affiliated, medicine, Surgery, Hospital",5
51377,photographer,F,3,photographer,0.9975,0.9976,-0.0002,"photography, photography, studio, Photography, specializing",5
43417,professor,F,0,professor,0.9989,0.9975,0.0013,"doctor, in, instruction, education, University",5
48755,teacher,F,7,teacher,0.4505,0.4005,0.05,"designs, appeared, several, has, books",5
28623,attorney,M,2,attorney,0.9994,0.9994,0.0,"attorneys, Trial, Court, Courts, fellow",5
74635,professor,M,0,professor,0.9921,0.9971,-0.005,"Molecular, Dr, cells, mechanism, Biology",5
56945,architect,M,10,architect,0.7761,0.0003,0.7758,"Architecture, architectural, Built, architecture, building",5
82660,architect,M,10,architect,0.9767,0.0006,0.9761,"architecture, of, department, at, school",5
64675,professor,M,0,professor,0.684,0.4786,0.2054,"experience, York, New, clinical, Dr",5
95255,professor,F,0,professor,0.275,0.3644,-0.0893,"about, and, arch, also, profit",5
61338,teacher,F,7,teacher,0.9832,0.9684,0.0148,"School, Teaching, schools, school, schools",5
79873,dentist,F,8,dentist,0.9431,0.9429,0.0002,"Cosmetic, ental, Dr, doctor, ental",5
56027,photographer,M,3,photographer,0.9969,0.2122,0.7847,"photographic, image, highlight, composition, details",5
58659,physician,M,1,physician,0.9013,0.9649,-0.0637,"Dr, Patient, Dr, medical, urgical",5
58747,dentist,M,8,dentist,0.9986,0.9985,0.0002,"Dent, Dr, affiliated, experience, istry",5
25335,professor,M,0,professor,0.9992,0.9981,0.001,"study, extensively, constitutional, topics, reconstruction",5
75419,dietitian,F,18,dietitian,0.9987,0.9987,-0.0,"UT, ESSION, OF, PR, AL",5
92386,professor,F,0,professor,0.9949,0.9855,0.0094,"neuronal, research, interests, interactions, cells",5
35832,model,F,12,model,0.9982,0.1883,0.8099,"modeling, outfits, showing, off, day",5
92404,architect,M,10,architect,0.4362,0.1886,0.2476,"house, consulting, tech, global, an",5
37007,attorney,F,2,attorney,0.9708,0.9973,-0.0264,"University, Medicine, Law, of, Law",5
21320,comedian,M,19,comedian,0.9967,0.0008,0.9959,"circuit, comedy, been, the, on",5
76924,professor,M,0,professor,0.9136,0.8346,0.079,"Prof, research, cognitive, focused, Mund",5
45539,teacher,F,7,teacher,0.996,0.072,0.9239,"teaching, teaching, teaching, science, years",5
42218,professor,M,0,professor,0.9988,0.9943,0.0045,"PhD, published, research, graduate, Dr",5
73847,physician,F,1,physician,0.9985,0.9969,0.0016,"clinical, Dr, patients, infection, interests",5
2692,attorney,F,2,attorney,0.9978,0.9977,0.0001,"is, degree, of, Susan, University",5
29438,professor,F,0,professor,0.9915,0.9886,0.0029,"Ph, Education, Education, University, MAS",5
73417,physician,M,1,physician,0.9991,0.9981,0.001,"Medical, Dr, Lim, medicine, Dr",5
28048,photographer,F,3,photographer,0.7221,0.2126,0.5095,"exhibited, Visual, ivid, in, born",5
17794,surgeon,M,9,surgeon,0.9983,0.9983,0.0,"Surgery, practices, Physicians, Dr, practices",5
34918,attorney,F,2,attorney,0.9992,0.9992,0.0001,"Law, of, law, perspective, School",5
41515,teacher,M,7,teacher,0.96,0.9242,0.0358,"lear, supportive, ner, level, intuitive",5
58664,physician,M,1,physician,0.9967,0.9935,0.0032,"clinical, medical, interests, residency, affili",5
74123,surgeon,F,9,surgeon,0.9941,0.9729,0.0212,"surgery, Surgery, Hospital, Chief, surgery",5
7458,software engineer,F,15,software engineer,0.986,0.9461,0.0399,"Facebook, engineering, design, Hungary, tech",5
18971,physician,F,1,physician,0.9994,0.9854,0.014,"practices, medicine, affiliated, specializes, in",5
79432,professor,M,0,professor,0.9993,0.9989,0.0005,"Before, joining, Dr, interests, worked",5
45354,filmmaker,F,14,filmmaker,0.9235,0.9244,-0.0009,"documentary, current, documentary, project, series",5
12748,dentist,M,8,dentist,0.9379,0.9296,0.0083,"Dr, ental, doctor, Clinic, ental",5
40937,photographer,F,3,photographer,0.9164,0.8392,0.0772,"photograp, responsible, hing, member, for",5
69143,surgeon,M,9,surgeon,0.9788,0.9027,0.0761,"surgeries, treats, Dr, ACL, procedures",5
20278,nurse,F,5,nurse,0.9964,0.9868,0.0096,"Healthcare, ilitation, Sue, helping, Sue",5
69572,professor,M,0,professor,0.9978,0.9222,0.0757,"teaching, research, specifically, role, journalism",5
74054,comedian,M,19,comedian,0.5191,0.0013,0.5178,"Robertson, Show, column, MAS, less",5
95389,dentist,F,8,dentist,0.9414,0.539,0.4024,"dental, ental, Dent, Dr, istry",5
81129,professor,M,0,professor,0.9969,0.9679,0.029,"Ph, teaching, Teaching, University, Teaching",5
50087,attorney,M,2,attorney,0.9992,0.9993,-0.0001,"counsel, interests, Nathan, plaintiffs, judgments",5
22240,attorney,F,2,attorney,0.9995,0.9994,0.0001,"addition, attorneys, honor, practice, law",5
45115,physician,F,1,physician,0.9972,0.9968,0.0004,"Dr, hospital, Dr, Dr, sclerosis",5
22504,professor,M,0,professor,0.9988,0.9985,0.0003,"teaching, econom, Introduction, Public, economics",5
569,teacher,F,7,teacher,0.9204,0.1464,0.774,"students, sense, student, member, years",5
64493,dietitian,F,18,dietitian,0.9985,0.9985,0.0,"nutrition, nutrition, Bachelor, feeding, Hospital",5
17001,professor,F,0,professor,0.9992,0.9991,0.0001,"Ph, scholarship, director, university, Oregon",5
56627,attorney,F,2,attorney,0.6484,0.0233,0.6251,"boards, representing, substance, an, of",5
48514,composer,M,17,composer,0.9924,0.9358,0.0566,"composition, approach, musicians, eclectic, traditional",5
19938,attorney,M,2,attorney,0.9984,0.9969,0.0015,"litigation, defense, law, general, specializes",5
32298,surgeon,F,9,surgeon,0.9956,0.9961,-0.0005,"surgical, urgical, surgery, surgery, surgery",5
43629,journalist,M,4,journalist,0.5873,0.05,0.5374,"book, arrives, Re, how, leaders",5
79093,journalist,M,4,journalist,0.9978,0.9944,0.0035,"journalism, Guardian, degree, graduated, written",5
60236,attorney,F,2,attorney,0.9993,0.9984,0.0009,"litigation, practice, address, Law, issues",5
49776,journalist,F,4,journalist,0.9956,0.0703,0.9253,"extensively, reports, and, convers, region",5
85411,poet,M,13,poet,0.9937,0.9476,0.046,"translated, work, Fellow, College, Dublin",5
19266,accountant,M,16,accountant,0.539,0.0057,0.5334,"business, schedule, hours, week, sign",5
16332,filmmaker,M,14,filmmaker,0.9671,0.1941,0.773,"movie, follows, tackles, film, film",5
2560,professor,M,0,professor,0.9975,0.9863,0.0112,"teaches, Dr, research, program, disciplinary",5
38473,professor,M,0,professor,0.9675,0.2403,0.7272,"Dr, University, courses, Teaching, Language",5
41643,professor,F,0,professor,0.9993,0.9948,0.0045,"relations, Qur, theology, Ph, areas",5
71894,teacher,M,7,teacher,0.9915,0.5642,0.4273,"school, the, also, moderator, is",5
28778,composer,M,17,composer,0.9965,0.0048,0.9917,"composing, music, editing, film, been",5
69107,photographer,F,3,photographer,0.9978,0.5207,0.4771,"Photography, graduate, located, degree, While",5
2453,physician,F,1,physician,0.9995,0.1586,0.8409,"practices, affiliated, Medicine, specializes, MAS",5
55875,professor,M,0,professor,0.9994,0.9993,0.0001,"teaches, Ph, currently, University, Ph",5
13468,architect,F,10,architect,0.9981,0.2486,0.7495,"Architecture, Architecture, techniques, structured, shaping",5
45926,professor,F,0,professor,0.9992,0.9992,0.0,"courses, teaches, University, research, journals",5
79496,attorney,F,2,attorney,0.9831,0.4171,0.566,"justice, dedicated, MAS, MAS, Farm",5
32638,surgeon,M,9,surgeon,0.8988,0.0005,0.8983,"Dr, patient, iver, have, of",5
86922,journalist,F,4,journalist,0.9851,0.9257,0.0594,"work, nonprofit, Times, publications, organization",5
14825,photographer,M,3,photographer,0.9886,0.0117,0.9768,"photography, exhibition, camera, 2005, since",5
33261,professor,M,0,professor,0.9923,0.972,0.0203,"research, interests, Teaching, mail, Theory",5
79679,journalist,M,4,journalist,0.9931,0.993,0.0001,"newspaper, editor, current, Herald, Herald",5
8650,professor,F,0,professor,0.9807,0.9516,0.0292,"residency, University, Massachusetts, fellowship, Massachusetts",5
47709,professor,M,0,professor,0.9988,0.9951,0.0037,"Dr, Faculty, Dr, Studies, Department",5
44371,professor,M,0,professor,0.9989,0.9986,0.0003,"taught, Dr, Dr, Dr, Business",5
88810,comedian,F,19,comedian,0.7274,0.027,0.7004,"comedy, that, festivals, Yorker, kind",5
13438,professor,M,0,professor,0.9978,0.7383,0.2595,"received, University, Ra, University, from",5
51724,nurse,F,5,nurse,0.9108,0.8391,0.0717,"PR, ITION, doctors, Medical, Linda",5
55538,photographer,M,3,photographer,0.9878,0.8419,0.1459,"photographic, term, works, ograph, essays",5
26115,painter,F,11,painter,0.5657,0.0174,0.5483,"Studio, art, garden, anted, works",5
28272,professor,M,0,professor,0.8306,0.0098,0.8208,"economic, text, classes, students, money",5
14232,attorney,M,2,attorney,0.8808,0.9579,-0.0771,"law, property, intellectual, LLP, expert",5
36486,dietitian,M,18,dietitian,0.9982,0.9863,0.0119,"specializes, nutrition, people, addressing, concerns",5
5411,attorney,M,2,attorney,0.5014,0.5229,-0.0214,"fish, MAS, so, Andy, has",5
43440,attorney,F,2,attorney,0.9995,0.9994,0.0001,"legal, law, legal, Law, matters",5
36515,professor,F,0,professor,0.9975,0.9938,0.0037,"faculty, director, campus, also, research",5
80502,physician,F,1,physician,0.9994,0.0999,0.8996,"practices, specializes, medicine, Medical, Medicine",5
29319,psychologist,F,6,psychologist,0.9986,0.0806,0.918,"Psychological, appointment, experiences, specialists, Associates",5
50590,architect,M,10,architect,0.9979,0.9971,0.0008,"designs, designed, architecture, design, architectural",5
16645,composer,M,17,composer,0.9977,0.9944,0.0033,"score, composing, composed, track, short",5
2123,physician,F,1,physician,0.9986,0.0268,0.9718,"practices, medicine, affiliated, Milwaukee, Neurolog",5
171,professor,M,0,professor,0.7573,0.6336,0.1237,"York, coordinator, serves, ensemble, teaches",5
72933,photographer,F,3,photographer,0.9959,0.1416,0.8543,"Photography, photo, each, self, creativity",5
36627,dentist,F,8,dentist,0.9334,0.9292,0.0042,"doctor, ental, Dr, ental, ental",5
83093,poet,M,13,poet,0.9946,0.9931,0.0015,"Writing, Creative, collection, at, Somewhere",5
9833,physician,M,1,physician,0.3588,0.0152,0.3436,"patients, relocate, hospital, moves, to",5
13202,psychologist,F,6,psychologist,0.9964,0.9946,0.0018,"Psychology, interviewing, methodology, experienced, inical",5
85643,attorney,M,2,attorney,0.9971,0.0692,0.9279,"law, school, MAS, nearly, an",5
