id,profession,gender,pred_class_idx,pred_label,pred_prob_original,pred_prob_erased,faithfulness,tokens_erased,n_tokens_erased
12781,nurse,F,5,nurse,0.9979,0.2583,0.7397,"nursing, completed, medical, patients, at",5
34470,photographer,M,3,photographer,0.992,0.9571,0.0349,"photography, photographer, photographic, professional, but",5
9342,professor,M,0,professor,0.9964,0.9897,0.0066,"research, faculty, faculty, experience, academic",5
30362,professor,M,0,professor,0.9725,0.7522,0.2203,"ieee, research, information, antenna, member",5
90967,professor,M,0,professor,0.9997,0.9994,0.0003,"editorial, materials, university, science, postdoctoral",5
13344,attorney,M,2,attorney,0.1319,0.0914,0.0404,"fiction, journal, passion, years, ago",5
6239,journalist,M,4,journalist,0.9965,0.9788,0.0177,"reported, markets, and, lebanon, has",5
42028,attorney,F,2,attorney,0.3295,0.1068,0.2228,"country, pbs, enjoys, smothered, documentaries",5
90212,architect,F,10,architect,0.9945,0.8229,0.1715,"architectural, buildings, progressive, construction, on",5
43953,teacher,F,7,teacher,0.9646,0.8451,0.1195,"students, students, learning, kids, hashtag",5
27966,professor,F,0,professor,0.9963,0.9942,0.0021,"professor, assistant, university, department, ph",5
41556,teacher,M,7,teacher,0.4996,0.2293,0.2702,"curriculum, school, school, university, traveled",5
43148,professor,M,0,professor,0.9977,0.9889,0.0088,"research, haissam, instructor, university, university",5
93200,professor,F,0,professor,0.9941,0.9855,0.0086,"research, interests, methodologies, courses, teaching",5
46307,physician,F,1,physician,0.9947,0.0136,0.981,"physician, paramedic, assistant, community, responder",5
61841,teacher,F,7,teacher,0.8903,0.8812,0.0091,"teachers, educators, congratulatory, and, student",5
23333,teacher,F,7,teacher,0.9931,0.9523,0.0408,"elementary, graduate, bachelor, education, youngstown",5
15551,attorney,F,2,attorney,0.9991,0.1547,0.8444,"law, juris, licensed, laude, magna",5
90631,journalist,F,4,journalist,0.9965,0.988,0.0085,"contributor, media, regular, and, written",5
54445,professor,F,0,professor,0.9782,0.6499,0.3283,"sch, biochemical, ucla, fellowship, uw",5
93903,professor,M,0,professor,0.8627,0.8153,0.0475,"editor, dr, graduate, canada, emergency",5
16348,physician,F,1,physician,0.9994,0.8412,0.1582,"practices, medicine, medicine, medical, specializes",5
46287,professor,F,0,professor,0.6459,0.0322,0.6137,"research, examining, include, interests, york",5
72503,physician,M,1,physician,0.9395,0.9606,-0.0211,"dr, medicine, schifter, dr, residency",5
4602,physician,F,1,physician,0.9995,0.8869,0.1125,"medicine, croteau, practices, immunology, hospital",5
49360,attorney,M,2,attorney,0.8717,0.3518,0.5199,"408, with, autism, reached, parents",5
42951,professor,M,0,professor,0.9163,0.0326,0.8836,"funded, science, has, university, was",5
77124,professor,M,0,professor,0.9987,0.9943,0.0044,"sharakhov, phd, editorial, dr, dr",5
39711,dentist,M,8,dentist,0.9977,0.0085,0.9891,"dentist, dr, practice, dedham, patient",5
30282,teacher,M,7,teacher,0.4361,0.3132,0.1229,"focuses, presentation, experiences, adult, leadership",5
33409,professor,M,0,professor,0.6717,0.3644,0.3073,"university, physician, consultant, pittsburgh, pittsburgh",5
36561,model,M,12,model,0.999,0.9972,0.0018,"model, 185cm, is, [UNK], determined",5
10637,professor,M,0,professor,0.5806,0.0441,0.5365,"french, university, faculty, department, started",5
24817,attorney,F,2,attorney,0.4385,0.1763,0.2622,"texas, think, argues, brand, been",5
31505,software engineer,M,15,software engineer,0.956,0.4188,0.5372,"application, development, system, web, driven",5
58312,journalist,F,4,journalist,0.9972,0.9966,0.0006,"newspapers, worked, internships, news, nepszabadsag",5
42143,psychologist,M,6,psychologist,0.9944,0.8388,0.1556,"psychotherapy, psychotherapeutic, counsellor, psychology, instructor",5
4145,attorney,F,2,attorney,0.9878,0.9521,0.0356,"law, ohio, degree, university, business",5
64458,photographer,M,3,photographer,0.6764,0.2505,0.4259,"photography, film, toward, in, focus",5
74377,psychologist,M,6,psychologist,0.2829,0.1032,0.1797,"recuperating, while, human, discovers, the",5
20281,professor,M,0,professor,0.9688,0.9214,0.0474,"pharmacogenomics, lab, krynetskiy, bioorganic, received",5
55020,photographer,M,3,photographer,0.9601,0.7054,0.2548,"models, models, studios, results, studios",5
74809,psychologist,F,6,psychologist,0.8067,0.3484,0.4583,"counselling, body, image, book, on",5
27933,professor,M,0,professor,0.9983,0.9962,0.0021,"arrival, faculty, prior, professor, ucla",5
11662,professor,F,0,professor,0.9995,0.9994,0.0,"research, faculty, university, ph, eylul",5
83094,professor,M,0,professor,0.9855,0.9498,0.0357,"research, program, interests, fathering, director",5
42156,physician,M,1,physician,0.9426,0.9943,-0.0517,"hospital, affiliations, medical, dr, training",5
15615,software engineer,M,15,software engineer,0.7008,0.8097,-0.1089,"based, technology, microsystems, startup, java",5
79286,nurse,F,5,nurse,0.9933,0.7982,0.195,"nursing, nurse, nurse, instructor, university",5
43044,photographer,F,3,photographer,0.9745,0.1737,0.8008,"capturing, small, happiness, keen, afghan",5
79135,professor,F,0,professor,0.9987,0.9735,0.0252,"doctorate, tulane, ethics, philosophy, wheaton",5
17636,professor,M,0,professor,0.9982,0.9983,-0.0001,"university, dr, university, lab, director",5
54221,poet,M,13,poet,0.9586,0.6139,0.3446,"poets, writer, literature, foremost, autobiographer",5
73575,photographer,M,3,photographer,0.9904,0.0309,0.9594,"photographs, director, magazines, campaigns, ad",5
13578,journalist,M,4,journalist,0.9155,0.291,0.6244,"newspapers, news, magazines, publishes, based",5
5448,professor,F,0,professor,0.9952,0.9729,0.0224,"researcher, organization, behavior, questions, an",5
80601,architect,M,10,architect,0.9951,0.988,0.0071,"architect, architects, architectural, international, design",5
43877,nurse,F,5,nurse,0.9715,0.8828,0.0887,"health, promotion, of, diagnosis, disease",5
44557,professor,M,0,professor,0.9997,0.9997,-0.0,"university, to, professor, completed, microeconomics",5
61558,software engineer,M,15,software engineer,0.7212,0.2044,0.5167,"software, engineering, experience, masters, degree",5
12480,professor,M,0,professor,0.9892,0.8694,0.1198,"areas, work, coordinator, teri, faculty",5
37372,dentist,F,8,dentist,0.9779,0.5921,0.3858,"dental, surgery, dr, especially, choice",5
48225,surgeon,F,9,surgeon,0.6069,0.0121,0.5948,"medical, surgery, medicine, medicine, undergraduate",5
35423,composer,F,17,composer,0.7237,0.0631,0.6606,"composers, works, ensemble, ensembles, symphony",5
4598,teacher,M,7,teacher,0.992,0.4632,0.5288,"teacher, ratemyteachers, average, rated, walsh",5
76006,journalist,F,4,journalist,0.9816,0.9122,0.0694,"work, sunday, guardian, five, author",5
52486,physician,F,1,physician,0.9987,0.6013,0.3974,"md, 1093920274, alabama, 26062, professional",5
702,professor,M,0,professor,0.9945,0.7681,0.2264,"published, fellow, college, cardiology, chicago",5
71994,journalist,F,4,journalist,0.9912,0.9825,0.0087,"publications, indian, news, mainstream, has",5
29015,attorney,F,2,attorney,0.9985,0.9985,-0.0,"law, counsel, department, 2014, in",5
93020,professor,M,0,professor,0.9996,0.9996,0.0,"research, phd, electrophysiological, biomolecular, concentrates",5
24289,professor,F,0,professor,0.999,0.9876,0.0114,"grant, faculty, postdoctoral, 2008, biophysics",5
85541,professor,F,0,professor,0.996,0.996,-0.0,"scholar, scholar, scholarly, fulbright, programs",5
42719,professor,M,0,professor,0.9979,0.8618,0.136,"doctorate, sociolinguistics, linguistics, received, university",5
50174,architect,F,10,architect,0.9915,0.2822,0.7093,"architecture, architecture, documenting, practice, architects",5
14729,psychologist,M,6,psychologist,0.9203,0.1073,0.8131,"psychopathology, interventions, evaluated, developmental, teaches",5
84291,physician,M,1,physician,0.8304,0.1867,0.6437,"professor, medical, member, at, clinical",5
11815,journalist,F,4,journalist,0.9511,0.8007,0.1505,"columns, who, com, published, news",5
65795,professor,F,0,professor,0.9982,0.9965,0.0017,"minnesota, research, university, organization, university",5
70364,professor,F,0,professor,0.9653,0.7753,0.19,"research, interests, the, engineering, the",5
22347,journalist,F,4,journalist,0.9834,0.2879,0.6955,"football, media, cover, australian, rules",5
39122,professor,F,0,professor,0.9627,0.8234,0.1393,"research, lecturer, courtauld, at, the",5
31046,model,F,12,model,0.9988,0.6896,0.3091,"modeling, professionalism, photoshoots, fashion, commitment",5
33201,professor,F,0,professor,0.9962,0.9944,0.0018,"dr, research, areas, of, program",5
34406,physician,M,1,physician,0.8847,0.9466,-0.0619,"hospital, harrell, graduate, dr, dr",5
74946,professor,M,0,professor,0.9418,0.0341,0.9078,"community, services, criminal, system, include",5
84715,architect,F,10,architect,0.9873,0.009,0.9783,"architect, the, london, at, been",5
11351,painter,M,11,painter,0.9002,0.0275,0.8727,"exhibition, studio, art, flat, projects",5
436,physician,M,1,physician,0.988,0.9888,-0.0008,"medicine, dr, catheterization, saporito, medicine",5
6302,nurse,M,5,nurse,0.437,0.2836,0.1535,"clinic, romeo, 2002, there, cared",5
72269,physician,M,1,physician,0.5921,0.2196,0.3725,"medicine, medical, family, university, program",5
24338,journalist,F,4,journalist,0.991,0.8616,0.1294,"journalist, covering, economist, bbc, print",5
55848,dentist,M,8,dentist,0.9705,0.8416,0.1289,"dr, patients, gave, choice, shield",5
79663,journalist,F,4,journalist,0.5575,0.5362,0.0212,"book, published, elephants, india, broken",5
50546,nurse,F,5,nurse,0.8814,0.0238,0.8576,"nursing, geriatric, clinical, in, past",5
19540,physician,M,1,physician,0.859,0.7188,0.1402,"medical, medicine, dr, patients, rating",5
30143,professor,M,0,professor,0.9971,0.4296,0.5675,"previously, university, mailman, consultant, mfa",5
88326,professor,F,0,professor,0.8769,0.1634,0.7135,"focuses, research, research, nursing, students",5
42175,professor,F,0,professor,0.9989,0.9978,0.0011,"research, ethnographic, ethnography, diaspora, research",5
16410,nurse,F,5,nurse,0.9994,0.8535,0.1459,"nurse, in, practitioner, clinic, honors",5
16813,accountant,F,16,accountant,0.8197,0.0003,0.8194,"accounts, wisconsin, receivables, aged, payments",5
2321,architect,F,10,architect,0.9481,0.721,0.2271,"global, implementations, tech, sap, automotive",5
61142,physician,F,1,physician,0.9157,0.8855,0.0302,"medicine, at, medicine, hospital, studied",5
52916,attorney,M,2,attorney,0.9971,0.9985,-0.0014,"counsel, practice, courts, law, representing",5
53976,professor,M,0,professor,0.9905,0.131,0.8595,"faculty, dr, program, missouri, education",5
51899,photographer,F,3,photographer,0.9962,0.7254,0.2708,"photo, subjects, attempted, fame, portray",5
47145,surgeon,M,9,surgeon,0.5774,0.5003,0.0771,"surgery, fields, intraoperative, spine, surgery",5
75696,professor,M,0,professor,0.6649,0.7555,-0.0906,"professor, research, department, an, dayton",5
94259,professor,M,0,professor,0.9991,0.9988,0.0003,"published, university, journals, journal, rhetoric",5
46960,journalist,M,4,journalist,0.9948,0.9921,0.0027,"reported, publications, from, marlo, brazil",5
93000,attorney,M,2,attorney,0.99,0.9975,-0.0075,"law, bar, law, practiced, bar",5
46505,professor,M,0,professor,0.9985,0.9968,0.0017,"multidisciplinary, developing, currently, lab, postdoctoral",5
68349,physician,F,1,physician,0.9441,0.9692,-0.0251,"dr, medicine, health, dr, affiliations",5
42600,physician,F,1,physician,0.9992,0.9454,0.0538,"medicine, practices, charleston, disease, specializes",5
30588,professor,F,0,professor,0.9967,0.9933,0.0034,"mfa, journalism, fellowship, appeared, iowa",5
40257,professor,F,0,professor,0.9986,0.5911,0.4075,"doctorate, dr, dyslipidemia, pharmacy, dr",5
66822,accountant,M,16,accountant,0.9969,0.6725,0.3244,"financial, positions, senior, regional, finance",5
41479,physician,M,1,physician,0.998,0.974,0.024,"hospital, medical, dr, degree, southside",5
22425,accountant,M,16,accountant,0.9933,0.0129,0.9804,"accountants, accounts, member, financial, public",5
11945,attorney,M,2,attorney,0.5095,0.3306,0.1788,"attain, board, officio, commerce, foundation",5
89703,attorney,F,2,attorney,0.9985,0.9982,0.0002,"matters, reinsurance, reinsurance, insurance, experience",5
85218,filmmaker,M,14,filmmaker,0.9906,0.987,0.0036,"film, film, feature, tribeca, first",5
51511,composer,M,17,composer,0.9954,0.9723,0.0231,"composing, bands, mastering, producing, years",5
47791,software engineer,M,15,software engineer,0.8929,0.5053,0.3876,"intel, web, variety, engineering, of",5
45238,attorney,M,2,attorney,0.9992,0.9833,0.0158,"represents, businesses, clients, disputes, estate",5
79600,filmmaker,M,14,filmmaker,0.9773,0.9809,-0.0036,"filmmaker, film, film, documentary, films",5
66457,professor,M,0,professor,0.9814,0.5667,0.4147,"research, dr, musculoskeletal, interests, include",5
19907,physician,F,1,physician,0.9992,0.9966,0.0026,"1821027434, 0101233200, dr, license, virginia",5
25606,journalist,F,4,journalist,0.4444,0.1532,0.2912,"book, bikepsych, lives, rides, biker",5
46063,filmmaker,F,14,filmmaker,0.9883,0.9736,0.0147,"films, documentaries, been, videos, films",5
82848,attorney,M,2,attorney,0.9988,0.9991,-0.0003,"attorney, sandra, prosecuting, prosecutor, attorney",5
57242,journalist,M,4,journalist,0.9945,0.314,0.6805,"journalists, other, contact, keep, surprise",5
29759,surgeon,M,9,surgeon,0.9758,0.1287,0.8472,"surgery, surgery, of, medical, plastic",5
28025,professor,F,0,professor,0.9989,0.9967,0.0021,"doctorate, university, communication, earned, critical",5
2878,nurse,F,5,nurse,0.9995,0.5464,0.453,"nurse, hospital, in, doctors, honors",5
36532,dietitian,F,18,dietitian,0.9972,0.002,0.9951,"dietitian, registered, nutrition, doctors, or",5
94939,surgeon,M,9,surgeon,0.9978,0.0445,0.9532,"practice, graduated, dr, practices, residency",5
85031,photographer,F,3,photographer,0.996,0.4944,0.5016,"photographer, portraiture, subject, portraits, the",5
29515,photographer,M,3,photographer,0.9944,0.0295,0.9649,"photography, photography, photography, at, tibetan",5
60123,nurse,M,5,nurse,0.9744,0.4572,0.5172,"nursing, and, masters, australian, presented",5
87861,physician,M,1,physician,0.6755,0.2771,0.3984,"degree, medical, medical, st, college",5
7856,poet,M,13,poet,0.9906,0.4807,0.51,"poetry, writing, poetry, writing, european",5
6655,surgeon,M,9,surgeon,0.6219,0.1012,0.5206,"dr, aneurysm, medical, weill, hospital",5
85177,physician,F,1,physician,0.4983,0.0262,0.472,"blog, patients, group, myelopathy, org",5
43831,professor,M,0,professor,0.9981,0.998,0.0001,"dr, undergraduate, phd, the, human",5
30012,dentist,M,8,dentist,0.9978,0.3785,0.6193,"dentists, medical, dn19353, of, and",5
56328,physician,M,1,physician,0.6355,0.1104,0.5251,"medicine, physical, rehabilitation, examiner, medicine",5
29403,professor,F,0,professor,0.8455,0.8004,0.045,"research, oncoplastic, interests, research, papers",5
95197,photographer,M,3,photographer,0.9903,0.9025,0.0878,"photographs, photographs, photography, working, from",5
89401,professor,M,0,professor,0.9988,0.9983,0.0005,"university, press, studies, published, taught",5
51435,professor,M,0,professor,0.9988,0.9985,0.0004,"mit, research, primary, are, computational",5
52937,psychologist,M,6,psychologist,0.9961,0.863,0.1331,"following, depression, dr, management, stress",5
29236,professor,M,0,professor,0.999,0.0074,0.9916,"faculty, university, programming, specializes, undergraduates",5
34825,dentist,M,8,dentist,0.9784,0.2845,0.6939,"lybrate, practising, mumbai, dr, mumbai",5
78327,attorney,M,2,attorney,0.9854,0.1539,0.8315,"law, school, university, attending, of",5
93723,professor,M,0,professor,0.9921,0.9916,0.0005,"research, british, interest, has, economic",5
75691,professor,M,0,professor,0.9899,0.9623,0.0277,"doctoral, faculty, received, dr, research",5
92636,physician,F,1,physician,0.9255,0.7625,0.163,"medicine, medicine, practices, medicine, bachelor",5
31199,dentist,F,8,dentist,0.9963,0.0286,0.9678,"dr, maxillofacial, dentistry, oral, specialties",5
38464,teacher,F,7,teacher,0.6635,0.2328,0.4307,"educators, educators, education, childhood, department",5
50763,software engineer,M,15,software engineer,0.9405,0.8297,0.1107,"projects, subsystems, bluetooth, hacking, kernel",5
18312,physician,F,1,physician,0.6414,0.5803,0.0611,"practice, dolstein, dolstein, registry, 1255510053",5
71970,professor,M,0,professor,0.9614,0.6768,0.2846,"research, evaluating, include, research, effectiveness",5
78380,professor,M,0,professor,0.801,0.5934,0.2076,"genomics, currently, in, improvement, is",5
60161,journalist,F,4,journalist,0.9938,0.2163,0.7776,"journalism, articles, of, school, worked",5
82402,professor,M,0,professor,0.9881,0.996,-0.0079,"professor, novosibirsk, academic, to, research",5
14691,poet,M,13,poet,0.9584,0.0022,0.9562,"poems, poetry, delinquent, released, published",5
91561,professor,F,0,professor,0.9663,0.1178,0.8485,"doctorate, dr, maharoof, publications, scientific",5
6664,photographer,M,3,photographer,0.992,0.285,0.707,"documents, subjects, of, bruce, elements",5
13852,professor,F,0,professor,0.9991,0.994,0.005,"phd, research, engineering, wisconsin, industrial",5
84153,psychologist,F,6,psychologist,0.9885,0.0129,0.9757,"psychotherapy, counselling, transactional, working, centre",5
52651,surgeon,M,9,surgeon,0.4747,0.0001,0.4747,"ophthalmology, the, ophthalmic, clinical, associate",5
22417,professor,M,0,professor,0.9991,0.9982,0.0009,"research, phd, journals, journal, research",5
84895,professor,F,0,professor,0.9861,0.9113,0.0748,"fellowship, doctoral, akers, specialization, behavior",5
11717,attorney,M,2,attorney,0.9986,0.9955,0.0032,"firm, law, texas, law, clients",5
59641,nurse,F,5,nurse,0.989,0.0161,0.9728,"nursing, health, at, the, studied",5
52246,professor,M,0,professor,0.9886,0.8674,0.1212,"research, scientific, focuses, machine, human",5
94896,professor,M,0,professor,0.5301,0.0138,0.5163,"otolaryngology, chicago, otolaryngology, is, training",5
39234,professor,F,0,professor,0.98,0.6916,0.2885,"edu, director, the, project, stereotypes",5
78969,teacher,F,7,teacher,0.7373,0.6875,0.0498,"teachers, degree, teacher, college, instructor",5
86259,psychologist,F,6,psychologist,0.4691,0.2223,0.2468,"raising, children, awareness, parents, field",5
85634,architect,M,10,architect,0.9946,0.1919,0.8027,"architecture, architecture, advanced, ricardo, master",5
82926,professor,F,0,professor,0.861,0.6664,0.1946,"faculty, chair, faculty, dr, development",5
32501,professor,F,0,professor,0.9987,0.9986,0.0001,"focuses, teaches, research, frattaroli, courses",5
34205,poet,F,13,poet,0.9847,0.9859,-0.0012,"poetry, poetry, poet, poetry, writing",5
65797,journalist,M,4,journalist,0.9496,0.6152,0.3344,"tunisian, bahraini, news, revolutions, award",5
58689,photographer,M,3,photographer,0.9929,0.5262,0.4666,"photography, camera, camera, bloody, work",5
86967,journalist,M,4,journalist,0.9883,0.8949,0.0934,"bbc, editor, correspondent, news, who",5
86329,nurse,F,5,nurse,0.6079,0.7631,-0.1552,"california, berkeley, 1003008780, practices, maja",5
26151,professor,F,0,professor,0.9965,0.3278,0.6687,"phd, the, dissertation, italy, works",5
60167,nurse,F,5,nurse,0.9992,0.2781,0.7212,"nurse, hospitals, in, especially, experiences",5
25483,teacher,M,7,teacher,0.5847,0.2899,0.2949,"puzzles, puzzles, erich, playing, games",5
23270,nurse,F,5,nurse,0.9851,0.6206,0.3644,"nurse, nurses, registered, worked, australia",5
52297,physician,M,1,physician,0.9995,0.984,0.0155,"medicine, practices, orthopaedic, dasnoit, dasnoit",5
6860,nurse,F,5,nurse,0.9994,0.8151,0.1844,"nurse, hospitals, in, honors, especially",5
199,professor,F,0,professor,0.9969,0.9679,0.029,"research, examines, journal, social, applied",5
76157,photographer,F,3,photographer,0.9361,0.0011,0.935,"photo, projects, photo, many, jen",5
7540,professor,F,0,professor,0.999,0.9977,0.0013,"phd, university, university, research, diaspora",5
3207,physician,M,1,physician,0.962,0.9647,-0.0028,"physician, lung, hospital, medical, medical",5
38122,physician,M,1,physician,0.9996,0.9617,0.0379,"medicine, dermatology, monteleone, medical, monteleone",5
53129,nurse,M,5,nurse,0.9696,0.0824,0.8872,"nurses, bgs, healthcare, and, allied",5
72555,professor,M,0,professor,0.9996,0.9994,0.0002,"faculty, the, the, at, prior",5
72583,architect,M,10,architect,0.9566,0.4075,0.5491,"computing, cloud, for, design, vmware",5
79884,physician,F,1,physician,0.9994,0.1191,0.8803,"medicine, pediatrics, practices, pa, hospital",5
76575,teacher,M,7,teacher,0.7773,0.7996,-0.0223,"the, meetings, conference, annual, listening",5
83665,attorney,F,2,attorney,0.999,0.9982,0.0008,"law, firm, representing, litigation, clients",5
10587,composer,F,17,composer,0.9765,0.2896,0.6869,"compositions, conductor, conducting, music, music",5
47866,nurse,F,5,nurse,0.9994,0.22,0.7794,"nurse, in, medical, 1996, doctors",5
313,professor,M,0,professor,0.9994,0.999,0.0003,"phd, research, fellowships, redmond, strahlenchemie",5
87658,software engineer,F,15,software engineer,0.4173,0.0209,0.3964,"nintendo, any, game, company, toru",5
527,professor,F,0,professor,0.9992,0.9954,0.0038,"phd, university, teaching, university, kinesiology",5
27434,professor,F,0,professor,0.9994,0.9988,0.0005,"book, research, sociology, manuscript, ethnographic",5
10082,professor,F,0,professor,0.9515,0.7014,0.2501,"faculty, master, university, received, davila",5
75175,physician,M,1,physician,0.9982,0.9813,0.0169,"medical, affiliated, degree, medicine, practicing",5
86883,surgeon,M,9,surgeon,0.4465,0.0585,0.3881,"dr, medical, trained, medical, residency",5
70995,professor,F,0,professor,0.9898,0.9049,0.0849,"focuses, research, related, alabama, university",5
37066,attorney,M,2,attorney,0.9986,0.704,0.2946,"bar, association, posts, practice, athens",5
75949,teacher,M,7,teacher,0.9934,0.0634,0.9301,"students, teaching, teacher, certification, earned",5
78990,software engineer,M,15,software engineer,0.6209,0.8306,-0.2097,"applications, efficient, solutions, platforms, browsers",5
82304,dentist,M,8,dentist,0.9676,0.028,0.9396,"lybrate, associated, com, dr, appointment",5
5058,professor,M,0,professor,0.9992,0.9991,0.0001,"research, research, scholarly, journals, group",5
57502,journalist,F,4,journalist,0.3623,0.0332,0.3292,"children, interviewed, mothers, found, the",5
41823,model,F,12,model,0.9957,0.1072,0.8885,"playboy, playmate, playmate, selected, was",5
28206,attorney,F,2,attorney,0.9772,0.9735,0.0037,"law, counsel, bachelor, college, joining",5
39579,professor,F,0,professor,0.9977,0.9943,0.0034,"research, acuff, scholarship, chair, undergraduate",5
69270,physician,M,1,physician,0.9905,0.6169,0.3736,"medical, dr, affiliated, medicine, carriers",5
61835,professor,F,0,professor,0.9996,0.9989,0.0007,"meteorologist, research, dr, studies, university",5
62639,journalist,M,4,journalist,0.9602,0.0287,0.9315,"journalist, journalism, professor, currently, assistant",5
93365,professor,M,0,professor,0.9982,0.9241,0.0742,"studies, research, journal, on, networks",5
16315,professor,F,0,professor,0.973,0.2876,0.6854,"research, fellow, at, visiting, research",5
57070,professor,F,0,professor,0.9969,0.9772,0.0197,"department, teaches, data, manages, information",5
57612,professor,F,0,professor,0.9967,0.063,0.9338,"research, focuses, higher, the, reading",5
47862,photographer,F,3,photographer,0.9904,0.0204,0.97,"photography, photographs, interests, historic, texture",5
5869,professor,M,0,professor,0.9989,0.9969,0.002,"phd, science, computer, university, doctoral",5
79826,photographer,M,3,photographer,0.9923,0.066,0.9263,"photography, camera, lens, career, works",5
16505,professor,F,0,professor,0.9983,0.9933,0.0049,"palgrave, essays, published, 9780230109551look, studies",5
55992,professor,M,0,professor,0.9504,0.0972,0.8532,"editorial, economics, concorrenza, cerm, member",5
39707,nurse,F,5,nurse,0.8243,0.5646,0.2597,"clementine, helping, prior, helpers, joining",5
82386,architect,F,10,architect,0.993,0.0243,0.9687,"architectural, architects, board, association, honorary",5
31942,dentist,F,8,dentist,0.865,0.8611,0.0039,"dental, dental, dr, johnson, preeti",5
14518,photographer,F,3,photographer,0.9969,0.9831,0.0138,"photography, shoot, work, conceptual, with",5
6952,professor,M,0,professor,0.9948,0.7945,0.2004,"research, carnegie, mellon, university, algorithms",5
29369,professor,F,0,professor,0.9984,0.9867,0.0118,"dissertations, university, faculty, faculty, academia",5
56991,professor,F,0,professor,0.9978,0.7154,0.2824,"work, examines, current, phd, ethnic",5
45248,professor,M,0,professor,0.6589,0.5674,0.0915,"articles, fellowship, university, primary, postdoctoral",5
44868,physician,M,1,physician,0.9673,0.3557,0.6116,"physician, bountiful, license, 1255366696, the",5
89093,professor,M,0,professor,0.6489,0.1557,0.4933,"eloquence, review, harper, books, essays",5
91091,professor,M,0,professor,0.9954,0.6639,0.3315,"focuses, university, studies, engages, teaching",5
27303,attorney,F,2,attorney,0.999,0.9399,0.0591,"representing, trucking, courts, companies, kentucky",5
53371,professor,M,0,professor,0.9984,0.9964,0.002,"phd, research, papers, focus, recent",5
26474,surgeon,M,9,surgeon,0.9916,0.9232,0.0684,"surgeries, dr, medicine, invasive, for",5
40556,professor,M,0,professor,0.9817,0.9867,-0.005,"professor, particle, natural, the, physicist",5
56089,nurse,F,5,nurse,0.9822,0.3763,0.6059,"nurse, nurse, nurse, staff, registered",5
47268,attorney,F,2,attorney,0.9931,0.6391,0.354,"represents, survivors, violence, civil, cases",5
89046,psychologist,F,6,psychologist,0.9984,0.0057,0.9926,"psychologist, clinical, doctors, 2010, in",5
40636,professor,F,0,professor,0.997,0.9954,0.0016,"phd, creative, university, writing, articles",5
4183,journalist,F,4,journalist,0.8458,0.8579,-0.0121,"writer, media, writing, news, news",5
74029,professor,M,0,professor,0.9982,0.9969,0.0014,"environmental, research, researches, the, addition",5
36066,journalist,M,4,journalist,0.9873,0.9787,0.0086,"covered, news, authored, sports, variety",5
14092,professor,M,0,professor,0.9844,0.8743,0.1102,"research, disproportionate, interests, university, include",5
5715,painter,M,11,painter,0.991,0.9778,0.0132,"paintings, exhibitions, paintings, work, works",5
33429,professor,M,0,professor,0.9897,0.9566,0.0331,"ph, received, teaching, from, phonetics",5
67912,physician,M,1,physician,0.9598,0.9103,0.0496,"medical, hospital, dr, patients, clinical",5
2076,professor,F,0,professor,0.9066,0.0146,0.892,"published, research, narrative, areas, education",5
24607,filmmaker,M,14,filmmaker,0.9934,0.8887,0.1047,"films, screened, film, animation, bafta",5
68747,attorney,M,2,attorney,0.9989,0.999,-0.0001,"attorney, attorney, criminal, defense, attorney",5
35881,dentist,F,8,dentist,0.946,0.065,0.881,"sandhya, associated, dr, kandivali, mumbai",5
52567,photographer,F,3,photographer,0.988,0.8998,0.0882,"photography, photographing, canada, art, the",5
77797,professor,F,0,professor,0.8937,0.8811,0.0125,"immunotherapy, immunotherapy, immunotherapy, research, biomarker",5
88595,professor,F,0,professor,0.954,0.9283,0.0257,"biophysics, cardiology, residency, cardiology, pediatric",5
86494,psychologist,F,6,psychologist,0.9982,0.0043,0.9939,"psychologist, doctors, clinical, in, 2014",5
90729,professor,M,0,professor,0.9979,0.9986,-0.0007,"research, ph, interests, publications, jei",5
22308,journalist,F,4,journalist,0.9686,0.7881,0.1805,"communication, social, organisations, activist, political",5
93139,attorney,F,2,attorney,0.9993,0.9992,0.0001,"litigation, focuses, litigation, law, practice",5
94587,professor,M,0,professor,0.9828,0.5053,0.4775,"studies, author, memory, novels, mixing",5
44329,nurse,F,5,nurse,0.9994,0.2778,0.7216,"nurse, in, hospital, practitioner, especially",5
28268,filmmaker,M,14,filmmaker,0.9819,0.0075,0.9744,"directed, films, film, has, director",5
36863,psychologist,F,6,psychologist,0.8929,0.5592,0.3337,"psychology, clinical, psychology, dr, treatments",5
21705,professor,F,0,professor,0.6582,0.1057,0.5525,"programs, also, uplift, provides, assistance",5
23419,photographer,M,3,photographer,0.9843,0.8815,0.1028,"photography, photography, photos, photography, working",5
12822,professor,F,0,professor,0.9122,0.3065,0.6057,"phd, social, before, 1992, the",5
76369,professor,M,0,professor,0.5325,0.5419,-0.0095,"research, publication, education, main, faculty",5
90580,professor,F,0,professor,0.9831,0.9423,0.0408,"suzanne, ashgate, book, based, dissertation",5
12023,dietitian,F,18,dietitian,0.9965,0.0588,0.9377,"nutrition, healthlinkbc, nutrition, food, counselling",5
36518,physician,M,1,physician,0.999,0.9662,0.0327,"md, 1588633150, professional, alaska, anchorage",5
88947,attorney,F,2,attorney,0.9518,0.0549,0.8969,"rights, legal, criminal, law, website",5
32260,professor,M,0,professor,0.9995,0.9952,0.0043,"criminology, phd, sociology, dr, teaching",5
60193,journalist,F,4,journalist,0.4156,0.2094,0.2062,"moldova, challenges, many, perpetrators, policy",5
76809,professor,M,0,professor,0.9065,0.6583,0.2482,"research, epidemiology, interests, include, scientific",5
56521,attorney,F,2,attorney,0.9889,0.6461,0.3428,"practicing, law, law, degree, after",5
53363,professor,M,0,professor,0.9961,0.9903,0.0058,"anesthesiology, researcher, statistics, biomedical, neuroscience",5
76667,dentist,M,8,dentist,0.9704,0.844,0.1265,"patients, choice, highly, carriers, rated",5
71468,comedian,M,19,comedian,0.9929,0.9489,0.044,"comedians, comedy, comedy, best, stand",5
93003,physician,F,1,physician,0.8318,0.0658,0.766,"medicine, also, physician, sunnybrook, family",5
26758,psychologist,M,6,psychologist,0.3837,0.275,0.1087,"dr, experts, acute, experience, respected",5
33632,nurse,F,5,nurse,0.9993,0.4001,0.5992,"nurse, in, medical, honors, experiences",5
21267,physician,F,1,physician,0.9995,0.9524,0.0472,"medicine, medicine, oxnard, torres, practices",5
17139,physician,F,1,physician,0.9993,0.9904,0.0089,"medicine, practices, stanford, surgery, specializes",5
91255,filmmaker,M,14,filmmaker,0.9843,0.2657,0.7185,"films, documentaries, producing, feature, short",5
4016,model,M,12,model,0.3595,0.4948,-0.1353,"films, include, of, happy, lucky",5
83781,filmmaker,M,14,filmmaker,0.9951,0.9866,0.0085,"filmmakers, directors, filmmaking, uk, production",5
60744,journalist,M,4,journalist,0.9946,0.9441,0.0505,"reporter, journalism, writer, news, intern",5
6281,surgeon,M,9,surgeon,0.9978,0.993,0.0049,"pletcher, medical, residency, practice, medicine",5
41214,professor,F,0,professor,0.5325,0.2003,0.3322,"ethics, department, religion, has, philosophy",5
33498,surgeon,M,9,surgeon,0.998,0.8385,0.1595,"orthopedics, dr, medicine, of, practice",5
88467,professor,F,0,professor,0.9986,0.998,0.0006,"journal, research, department, dr, special",5
17392,professor,F,0,professor,0.9988,0.9984,0.0004,"palgrave, scholarship, author, teaching, american",5
23666,nurse,F,5,nurse,0.997,0.7708,0.2262,"nursing, in, from, nurse, nurse",5
94907,filmmaker,M,14,filmmaker,0.9555,0.0942,0.8613,"video, film, film, blog, weekly",5
365,professor,M,0,professor,0.4456,0.0693,0.3763,"magazines, appeared, journals, samadhi, critical",5
83624,dentist,M,8,dentist,0.9969,0.0899,0.9071,"prosthodontics, dr, specialties, of, include",5
46796,professor,M,0,professor,0.9935,0.3323,0.6612,"research, university, interests, dr, state",5
92257,attorney,M,2,attorney,0.9916,0.9874,0.0042,"law, litigation, firm, dermot, served",5
49539,dentist,M,8,dentist,0.997,0.0851,0.9119,"dr, oral, dentistry, specialties, maxillofacial",5
90617,photographer,M,3,photographer,0.9903,0.9519,0.0385,"photography, uses, the, to, italy",5
32341,physician,F,1,physician,0.9995,0.7467,0.2527,"dermatology, medicine, practices, sumter, medical",5
42652,attorney,M,2,attorney,0.9992,0.9993,-0.0001,"defending, courtrooms, practice, school, university",5
26638,physician,M,1,physician,0.9882,0.6769,0.3113,"general, physician, dr, dr, vardani",5
65490,physician,M,1,physician,0.9511,0.006,0.9451,"medicine, professor, assistant, harvard, dr",5
69683,professor,M,0,professor,0.9964,0.9922,0.0042,"argument, research, rhetoric, director, author",5
64609,professor,M,0,professor,0.9974,0.0103,0.9872,"teaches, professor, course, ken, whitman",5
6886,professor,F,0,professor,0.9443,0.6013,0.3431,"research, developing, include, interests, behavioral",5
54290,photographer,F,3,photographer,0.9842,0.004,0.9802,"photography, collapsed, exploration, individualized, vocational",5
2509,photographer,M,3,photographer,0.9922,0.9489,0.0433,"photographer, photographs, camera, based, locations",5
90074,physician,M,1,physician,0.7893,0.6068,0.1825,"dr, berven, dr, scoliosis, medical",5
51522,professor,M,0,professor,0.9968,0.9277,0.0691,"phd, research, editorial, journals, information",5
5242,attorney,M,2,attorney,0.9942,0.9815,0.0127,"attorney, law, law, law, view",5
89223,professor,M,0,professor,0.8991,0.2631,0.6359,"report, science, overview, relevant, brain",5
59158,professor,M,0,professor,0.9993,0.9983,0.001,"research, ieee, database, editorial, current",5
52230,composer,M,17,composer,0.9956,0.0004,0.9953,"composer, music, residence, contributed, cannes",5
46126,photographer,F,3,photographer,0.9961,0.3674,0.6287,"photographs, photography, photomonitor, com, photokina",5
69355,photographer,M,3,photographer,0.9962,0.9959,0.0004,"photography, photography, cameraman, trained, rafiel",5
2788,photographer,F,3,photographer,0.9949,0.9938,0.0011,"photographs, shot, camera, capture, kimbra",5
51786,psychologist,F,6,psychologist,0.998,0.004,0.9941,"psychologist, clinical, in, diverse, of",5
77215,photographer,F,3,photographer,0.9935,0.061,0.9325,"photography, photography, bfa, the, project",5
11549,photographer,F,3,photographer,0.9943,0.9884,0.0058,"photography, shoots, photography, photography, photography",5
51662,professor,M,0,professor,0.9995,0.9996,-0.0,"university, research, ph, teaches, areas",5
92899,physician,M,1,physician,0.959,0.8389,0.1201,"medicine, hmo, medicine, studied, at",5
24261,nurse,M,5,nurse,0.9993,0.0067,0.9926,"nurse, in, experiences, especially, honors",5
52753,professor,F,0,professor,0.9989,0.9817,0.0172,"previously, research, university, research, california",5
6013,photographer,M,3,photographer,0.9783,0.9425,0.0358,"visual, all, riding, mark, bmx",5
21442,professor,M,0,professor,0.9996,0.9975,0.0021,"science, phd, articles, research, published",5
28480,teacher,M,7,teacher,0.959,0.2615,0.6975,"teachers, students, coordinator, teaching, telecollaborative",5
11359,attorney,F,2,attorney,0.9993,0.9675,0.0318,"represents, matters, held, legislation, federal",5
6551,professor,M,0,professor,0.9979,0.993,0.0049,"nsf, ph, university, science, duke",5
21851,architect,M,10,architect,0.7051,0.7369,-0.0318,"technical, developers, technical, company, users",5
13697,professor,F,0,professor,0.8762,0.8372,0.039,"endocrinology, appointments, endocrinology, academic, these",5
93111,professor,F,0,professor,0.998,0.5122,0.4858,"university, education, dr, counselor, ph",5
8842,professor,M,0,professor,0.9918,0.5802,0.4115,"research, colleges, college, interests, writing",5
90522,psychologist,M,6,psychologist,0.9983,0.0047,0.9936,"psychologist, psychological, clinical, 1983, doctors",5
36900,dietitian,F,18,dietitian,0.9973,0.0035,0.9938,"dietitian, registered, nutrition, doctors, honors",5
36808,physician,F,1,physician,0.999,0.3154,0.6836,"md, montebello, 1497048672, professional, dr",5
32143,nurse,F,5,nurse,0.9994,0.0829,0.9166,"nurse, in, doctors, specialists, hospital",5
91070,attorney,M,2,attorney,0.9989,0.8209,0.178,"firm, law, lawyers, firm, boulder",5
40409,architect,M,10,architect,0.4498,0.1927,0.2571,"responsible, for, design, web, gallery",5
72554,nurse,F,5,nurse,0.9949,0.9955,-0.0006,"alaska, anchorage, professional, credentials, and",5
71862,professor,M,0,professor,0.9996,0.9987,0.001,"research, academic, focuses, university, research",5
70410,journalist,F,4,journalist,0.5998,0.0402,0.5596,"journalism, fellowships, supported, geosciences, alesund",5
51306,journalist,F,4,journalist,0.3182,0.3555,-0.0373,"communications, documentary, women, heads, personal",5
89998,professor,M,0,professor,0.9997,0.9996,0.0001,"professor, university, methodist, research, electronics",5
60351,surgeon,M,9,surgeon,0.9976,0.0127,0.9849,"dr, cristini, practice, dr, medical",5
48840,professor,F,0,professor,0.9992,0.9986,0.0006,"ph, department, university, university, universite",5
23239,psychologist,M,6,psychologist,0.7887,0.512,0.2767,"neuropsychological, parenting, theories, life, society",5
8846,professor,F,0,professor,0.985,0.9289,0.056,"classroom, author, research, students, american",5
75434,teacher,F,7,teacher,0.5086,0.4933,0.0153,"ordained, conviction, has, path, an",5
38657,professor,M,0,professor,0.9987,0.7652,0.2335,"lab, focuses, understanding, neural, scholar",5
53116,dietitian,F,18,dietitian,0.9921,0.3344,0.6577,"diets, nutrition, nutritional, diets, hormonal",5
12684,teacher,F,7,teacher,0.6835,0.5927,0.0907,"walking, dance, practices, group, bible",5
10473,physician,F,1,physician,0.9995,0.4429,0.5566,"medicine, hospital, zamora, medical, practices",5
58717,physician,M,1,physician,0.8696,0.8734,-0.0039,"medicine, vora, dr, clinic, affiliations",5
24191,professor,F,0,professor,0.8963,0.7612,0.1351,"phd, postdoctoral, scholar, microenvironment, biomedical",5
17997,journalist,F,4,journalist,0.9885,0.9826,0.006,"newspapers, editor, newspaper, correspondent, agence",5
4740,nurse,M,5,nurse,0.9562,0.1274,0.8288,"nursing, nursing, nurse, in, degree",5
86810,nurse,F,5,nurse,0.7935,0.0053,0.7882,"nursing, nursing, nurse, degrees, johns",5
29741,professor,F,0,professor,0.9821,0.9569,0.0252,"research, research, developing, methods, fellows",5
92639,professor,F,0,professor,0.9978,0.9963,0.0015,"research, film, narratology, include, interests",5
82485,surgeon,M,9,surgeon,0.8549,0.027,0.8279,"dr, wellington, chaired, renal, transplant",5
55751,composer,M,17,composer,0.9855,0.0125,0.973,"score, electropop, film, uk, anvil",5
39398,attorney,M,2,attorney,0.9993,0.9985,0.0008,"litigation, litigates, matters, law, law",5
52336,attorney,F,2,attorney,0.2913,0.0301,0.2612,"legal, chaturbate, partner, planning, actions",5
6314,psychologist,F,6,psychologist,0.6691,0.0894,0.5797,"for, organisational, brighton, using, sector",5
84578,photographer,F,3,photographer,0.5973,0.4875,0.1098,"documenting, history, artefacts, worked, richness",5
76345,professor,M,0,professor,0.9844,0.6806,0.3039,"involves, faculty, order, students, colleagues",5
62658,photographer,M,3,photographer,0.7401,0.4406,0.2995,"is, landscapes, reveal, is, in",5
91491,photographer,F,3,photographer,0.69,0.4784,0.2117,"trees, color, verdant, noting, of",5
84097,professor,M,0,professor,0.925,0.0028,0.9222,"research, graduate, heads, of, leadership",5
85047,architect,M,10,architect,0.9913,0.8426,0.1486,"architect, architects, designed, diploma, buildings",5
68131,physician,F,1,physician,0.9996,0.9946,0.005,"medicine, gastroenterology, hospital, specializes, practices",5
27881,professor,M,0,professor,0.992,0.1788,0.8131,"dr, teaching, researching, digital, signal",5
68489,journalist,F,4,journalist,0.9924,0.0153,0.9771,"pop, about, writing, writing, after",5
33093,psychologist,M,6,psychologist,0.243,0.138,0.1049,"relationship, girlfriends, girlfriends, having, loved",5
84896,dentist,M,8,dentist,0.9249,0.9681,-0.0432,"dental, indian, bhide, dental, association",5
88437,photographer,M,3,photographer,0.9686,0.0002,0.9685,"photography, and, and, artists, communication",5
65579,surgeon,M,9,surgeon,0.6924,0.0185,0.6739,"dr, graduated, medical, medical, texas",5
50563,physician,F,1,physician,0.9993,0.1284,0.8708,"physician, osteopathic, medicine, doctors, philadelphia",5
46302,dentist,F,8,dentist,0.9871,0.0075,0.9797,"dental, owning, practice, group, own",5
15309,attorney,M,2,attorney,0.9485,0.4904,0.458,"caution, owners, coverage, deductible, pay",5
22867,professor,F,0,professor,0.9993,0.2995,0.6997,"phd, wiersma, university, dr, career",5
62621,psychologist,F,6,psychologist,0.9963,0.9869,0.0094,"dr, dr, psychodynamic, life, mental",5
15452,composer,M,17,composer,0.9917,0.8731,0.1186,"composition, music, music, conservatoire, studied",5
51695,professor,F,0,professor,0.9973,0.984,0.0134,"research, faculty, university, viral, epidemiology",5
94756,photographer,M,3,photographer,0.7915,0.0349,0.7565,"gallery, for, the, series, at",5
57456,photographer,M,3,photographer,0.9638,0.4536,0.5103,"photos, publication, editing, also, but",5
59259,professor,M,0,professor,0.9957,0.9215,0.0742,"research, received, university, interests, include",5
23455,professor,F,0,professor,0.9982,0.9087,0.0895,"research, centers, stem, mardis, libraries",5
13699,professor,M,0,professor,0.9959,0.137,0.8589,"doctoral, faculty, business, work, dr",5
38984,attorney,M,2,attorney,0.6752,0.0374,0.6378,"client, does, come, available, detailed",5
86605,professor,M,0,professor,0.9986,0.9836,0.0151,"research, mit, papers, lies, published",5
38637,attorney,F,2,attorney,0.9994,0.9993,0.0001,"legal, firm, services, provides, legal",5
18779,photographer,M,3,photographer,0.9368,0.624,0.3127,"portrait, the, and, work, work",5
85658,dentist,M,8,dentist,0.997,0.0475,0.9495,"licence, dr, 1124280466, professional, practices",5
10208,psychologist,F,6,psychologist,0.9949,0.9758,0.0192,"psychology, clinical, psychological, at, treatment",5
66909,accountant,F,16,accountant,0.3967,0.0742,0.3225,"financial, families, families, behaviors, beatriz",5
68771,dentist,F,8,dentist,0.9162,0.8918,0.0244,"dental, dr, practices, kawatra, dental",5
36766,attorney,F,2,attorney,0.9617,0.9248,0.0369,"planning, fellow, wisconsin, use, olson",5
76580,professor,M,0,professor,0.9991,0.9974,0.0017,"applied, mathematics, phd, journals, dr",5
13838,model,F,12,model,0.999,0.9964,0.0025,"ranked, freeones, 3971th, cheshire, gallery",5
9735,physician,M,1,physician,0.9992,0.999,0.0003,"md00024073, dr, washington, 1659412823, bellevue",5
51513,professor,M,0,professor,0.509,0.0105,0.4986,"oncological, university, rotations, catolica, department",5
63979,physician,M,1,physician,0.9514,0.9253,0.0261,"medical, graduate, dr, hospital, medicine",5
25862,physician,F,1,physician,0.9996,0.9797,0.0199,"medicine, nephrology, practices, hospital, orlando",5
57974,surgeon,M,9,surgeon,0.9382,0.9756,-0.0374,"arthroplasty, arthroplasty, extremity, specializes, procedures",5
38603,professor,F,0,professor,0.9929,0.9621,0.0308,"smith, dr, research, evaluation, child",5
49942,professor,M,0,professor,0.9995,0.9995,0.0001,"postdoctoral, faculty, fellow, physics, been",5
65346,software engineer,M,15,software engineer,0.8625,0.6081,0.2544,"applications, engineering, web, performance, methods",5
82854,dentist,M,8,dentist,0.9945,0.9764,0.0182,"dentist, dental, dr, dr, dr",5
33142,professor,M,0,professor,0.978,0.9661,0.0119,"university, university, ph, engineering, 2015",5
50356,filmmaker,F,14,filmmaker,0.9896,0.9882,0.0014,"film, film, film, filmmaker, film",5
14592,attorney,F,2,attorney,0.9501,0.0486,0.9015,"legal, directors, business, seminar, served",5
93860,professor,F,0,professor,0.9988,0.9985,0.0003,"masochistic, author, romanticism, project, articles",5
67756,psychologist,M,6,psychologist,0.9869,0.97,0.0169,"dr, therapy, focuses, patient, dorfman",5
4394,journalist,M,4,journalist,0.9862,0.9917,-0.0055,"newspaper, radio, weekly, hosts, radio",5
64038,physician,F,1,physician,0.9885,0.0407,0.9478,"physicians, graduate, medical, dr, medicare",5
78385,attorney,M,2,attorney,0.9983,0.9849,0.0134,"law, career, practice, florida, legal",5
79403,attorney,M,2,attorney,0.9994,0.9989,0.0005,"firm, represents, clients, litigation, represented",5
90392,journalist,F,4,journalist,0.2622,0.3064,-0.0442,"three, of, samoa, unfair, the",5
17588,professor,F,0,professor,0.9992,0.9986,0.0005,"harjusola, research, university, research, interests",5
24140,nurse,F,5,nurse,0.9983,0.2644,0.7339,"nurse, prior, pediatric, nursing, becoming",5
14646,physician,M,1,physician,0.9994,0.5793,0.4202,"medicine, practices, in, patterson, orthopaedic",5
17841,photographer,F,3,photographer,0.9977,0.9963,0.0014,"photography, photographer, photographic, work, colour",5
65415,professor,M,0,professor,0.9993,0.9989,0.0004,"research, articles, social, has, research",5
58919,professor,F,0,professor,0.9971,0.995,0.0022,"dr, jacobsen, undergraduate, as, principal",5
42060,physician,F,1,physician,0.9995,0.9968,0.0027,"medicine, practices, duainene, medical, medical",5
83381,professor,M,0,professor,0.9965,0.9916,0.0049,"is, of, scientifically, area, behaviors",5
16917,physician,F,1,physician,0.9428,0.0666,0.8762,"physician, assistant, orthopaedics, department, physiology",5
79689,professor,M,0,professor,0.9995,0.9993,0.0002,"university, research, university, cornell, interests",5
28718,psychologist,M,6,psychologist,0.4505,0.0163,0.4342,"counsel, psychiatric, ruth, are, academic",5
73209,professor,F,0,professor,0.9989,0.1696,0.8294,"canadian, researches, modernity, history, peoples",5
17265,physician,M,1,physician,0.9295,0.1849,0.7446,"medicine, emergency, management, credits™, on",5
55102,architect,M,10,architect,0.9915,0.2275,0.764,"architecture, architectural, architectural, parametric, distinction",5
556,professor,M,0,professor,0.9995,0.9993,0.0002,"research, research, university, university, visiting",5
24634,professor,F,0,professor,0.9993,0.9988,0.0006,"university, research, university, 2008, interests",5
27305,journalist,M,4,journalist,0.6839,0.3528,0.3312,"publish, book, challenges, to, grasmere",5
11784,physician,M,1,physician,0.9814,0.301,0.6803,"attended, smolak, medicine, dr, wright",5
659,surgeon,M,9,surgeon,0.6681,0.0744,0.5936,"dr, doctor, bhatt, india, surgical",5
7190,physician,M,1,physician,0.9757,0.9632,0.0126,"osteopathic, medicine, volk, graduate, dr",5
24430,journalist,M,4,journalist,0.583,0.4955,0.0875,"net, student, bbc, vienna, internet",5
17726,attorney,M,2,attorney,0.999,0.5459,0.453,"legal, unions, advisor, credit, 2011",5
7550,professor,M,0,professor,0.9993,0.9972,0.0021,"research, doctoral, political, focuses, university",5
25200,professor,M,0,professor,0.569,0.1182,0.4507,"author, hyperbolic, tryingleviathan, masters, descartes",5
15166,attorney,M,2,attorney,0.9906,0.7495,0.2411,"year, eviction, eviction, says, paying",5
95147,professor,F,0,professor,0.9995,0.9994,0.0001,"prof, huie, research, includes, huie",5
81678,surgeon,F,9,surgeon,0.7819,0.0424,0.7395,"dr, medical, ganesh, mbbs, practices",5
81212,physician,F,1,physician,0.9899,0.9879,0.002,"medicine, osteopathic, medicare, medical, israel",5
79306,photographer,M,3,photographer,0.9962,0.9551,0.0411,"photography, lens, portraits, capturing, gravitates",5
3546,composer,F,17,composer,0.9954,0.9809,0.0145,"music, ambient, scores, sound, discography",5
52495,photographer,M,3,photographer,0.9712,0.9702,0.001,"work, camera, stadium, experimental, works",5
53791,professor,F,0,professor,0.9984,0.9249,0.0735,"publications, book, racial, race, imaging",5
81987,professor,F,0,professor,0.5366,0.2831,0.2535,"for, journal, accompanied, establishing, diab",5
22627,professor,M,0,professor,0.993,0.8364,0.1566,"editor, research, associate, serves, the",5
29398,professor,M,0,professor,0.9996,0.9992,0.0004,"previously, professor, phd, served, assistant",5
10165,professor,M,0,professor,0.9765,0.911,0.0655,"elkouss, dissertation, extraordinary, prize, ph",5
28947,physician,F,1,physician,0.9996,0.9906,0.009,"medicine, buenviaje, practices, hematology, medical",5
6696,poet,M,13,poet,0.7593,0.406,0.3533,"oxford, published, song, review, ascent",5
5053,architect,M,10,architect,0.7494,0.0952,0.6541,"design, space, bruxelles, influenced, exhibition",5
35842,professor,F,0,professor,0.9975,0.9916,0.0059,"completed, university, research, labdron, ethnographic",5
31623,physician,M,1,physician,0.9992,0.9985,0.0007,"1316965692, alaska, license, anchorage, 1527",5
40083,professor,M,0,professor,0.9993,0.9151,0.0843,"phd, university, undergraduate, marketing, degree",5
19737,journalist,F,4,journalist,0.9903,0.6467,0.3436,"articles, washington, appeared, wired, post",5
75878,architect,M,10,architect,0.9581,0.1831,0.775,"architecture, architecture, architecture, from, masters",5
23744,attorney,F,2,attorney,0.4661,0.052,0.4141,"law, american, in, bonnigheim, and",5
70198,physician,F,1,physician,0.982,0.9936,-0.0116,"dr, dr, medicine, clinic, hospital",5
22714,professor,F,0,professor,0.9683,0.9432,0.025,"investigator, faculty, barco, whose, clinician",5
91970,physician,F,1,physician,0.673,0.4767,0.1963,"practice, registry, 5705, 1598872319, thomas",5
11852,filmmaker,M,14,filmmaker,0.9838,0.6297,0.3541,"directed, documentary, film, the, cauldron",5
85341,professor,M,0,professor,0.8635,0.0146,0.8489,"faculty, an, type, student, ministry",5
12989,poet,M,13,poet,0.9878,0.1259,0.862,"poetry, poetry, events, rhythms, lyrics",5
72533,professor,M,0,professor,0.9944,0.9003,0.0941,"research, focuses, program, of, relationship",5
66765,professor,M,0,professor,0.9927,0.9552,0.0375,"oncologist, genomics, research, steering, staff",5
58171,dentist,F,8,dentist,0.9377,0.9648,-0.027,"dental, dental, dental, practices, mamta",5
30463,attorney,M,2,attorney,0.9598,0.0383,0.9215,"trial, clients, other, kathryn, other",5
20226,professor,F,0,professor,0.9534,0.9201,0.0332,"endocrinology, obstetrics, university, degree, gynecology",5
49323,filmmaker,M,14,filmmaker,0.9942,0.2885,0.7056,"film, created, ambitious, production, most",5
45080,attorney,M,2,attorney,0.9992,0.9945,0.0047,"businesses, represented, tarantino, mergers, acquisitions",5
46062,professor,M,0,professor,0.996,0.9458,0.0502,"research, university, ph, seoul, degree",5
89904,physician,F,1,physician,0.9996,0.975,0.0245,"medicine, practices, dearborn, orthopaedic, medical",5
59741,professor,F,0,professor,0.9958,0.8419,0.1539,"research, focuses, throughput, laboratory, heterogeneity",5
78122,nurse,F,5,nurse,0.9944,0.9266,0.0677,"nursing, working, president, care, science",5
19856,software engineer,M,15,software engineer,0.9366,0.8032,0.1334,"ibm, developing, currently, computer, is",5
91371,physician,M,1,physician,0.9995,0.9853,0.0142,"medicine, medicine, kampfe, practices, pediatrics",5
55854,photographer,M,3,photographer,0.9756,0.0712,0.9045,"photography, shoot, the, kodak, camera",5
88894,comedian,M,19,comedian,0.4242,0.4984,-0.0742,"the, cartoonist, known, mouly, spiegelman",5
88794,attorney,F,2,attorney,0.8214,0.5946,0.2268,"prior, victim, was, board, proceeds",5
27882,professor,M,0,professor,0.9628,0.8847,0.0781,"university, research, state, university, grant",5
41261,professor,F,0,professor,0.9973,0.9836,0.0137,"research, research, primary, interests, are",5
804,painter,F,11,painter,0.9715,0.8365,0.135,"paintingsoil, received, texture, gallery2010, paint",5
34895,software engineer,M,15,software engineer,0.7795,0.5396,0.2399,"websphere, computer, oasis, technical, holds",5
44078,photographer,M,3,photographer,0.6836,0.0502,0.6334,"shooting, 35mm, enjoys, and, film",5
40146,professor,M,0,professor,0.8429,0.3194,0.5234,"teaching, student, students, invaluable, knowledge",5
18559,photographer,F,3,photographer,0.9912,0.9941,-0.0028,"photographs, photographer, photographs, winning, photographed",5
60063,psychologist,F,6,psychologist,0.6957,0.158,0.5377,"psychology, psychological, interests, forensic, include",5
55905,physician,M,1,physician,0.976,0.906,0.0699,"osteopathic, medicine, midwestern, striebel, affiliated",5
13482,teacher,F,7,teacher,0.8696,0.6086,0.261,"schools, program, habilitation, colleen, arc",5
51135,physician,M,1,physician,0.5749,0.591,-0.0161,"medicine, dermabrasion, attended, dr, medical",5
87508,physician,M,1,physician,0.9606,0.0068,0.9539,"medicine, medicine, family, unc, instructor",5
10650,model,F,12,model,0.9984,0.9969,0.0015,"jeter, fashion, model, an, hannah",5
83149,professor,F,0,professor,0.5063,0.3381,0.1682,"scholar, living, theatrical, prize, been",5
25348,physician,F,1,physician,0.9996,0.3817,0.6179,"medicine, medicine, practices, hospital, wisby",5
20822,physician,F,1,physician,0.7158,0.676,0.0399,"practice, 1316940737, schilf, 0515, years",5
43622,journalist,M,4,journalist,0.8397,0.6367,0.2029,"area, as, west, astonishing, big",5
73713,professor,M,0,professor,0.9968,0.1286,0.8682,"studies, minnis, empirically, professor, research",5
8349,professor,M,0,professor,0.9989,0.999,-0.0001,"press, university, teaching, and, research",5
52335,filmmaker,F,14,filmmaker,0.9911,0.5985,0.3926,"film, at, film, melissa, teaches",5
74945,comedian,M,19,comedian,0.728,0.6783,0.0497,"traveled, show, city, fringe, festivalas",5
43961,physician,F,1,physician,0.9993,0.9852,0.0141,"medicine, medicine, practices, midwest, specializes",5
5299,physician,F,1,physician,0.9995,0.6832,0.3162,"medicine, practices, orthopaedic, hubacek, saint",5
14999,professor,M,0,professor,0.9964,0.9867,0.0098,"organizational, research, focuses, managerial, papers",5
56088,surgeon,M,9,surgeon,0.7144,0.6929,0.0215,"surgery, medicine, baylor, surgeries, surgeries",5
39268,filmmaker,F,14,filmmaker,0.9949,0.9941,0.0008,"film, festival, editing, independent, film",5
69189,professor,M,0,professor,0.9935,0.9804,0.013,"research, has, journal, concentrates, research",5
23039,teacher,F,7,teacher,0.9885,0.5888,0.3997,"teaching, investigating, teaching, school, attended",5
7990,professor,M,0,professor,0.9181,0.404,0.5142,"prize, university, mcgill, berggruen, academy",5
11187,professor,M,0,professor,0.9978,0.9941,0.0037,"research, institute, phd, teaching, interests",5
44299,professor,M,0,professor,0.9997,0.9994,0.0002,"biophysics, lab, doctoral, postdoctoral, university",5
56139,photographer,M,3,photographer,0.9919,0.8338,0.1581,"photos, irish, book, is, u2",5
37888,psychologist,F,6,psychologist,0.9904,0.0385,0.9519,"counselling, been, from, degree, graduate",5
40533,physician,F,1,physician,0.9829,0.8397,0.1432,"medicine, emergency, attended, medicine, cleveland",5
59052,attorney,M,2,attorney,0.1687,0.0693,0.0994,"strom, chicago, promoter, party, also",5
10913,professor,M,0,professor,0.9905,0.9321,0.0585,"studies, social, essays, completing, cultural",5
60691,nurse,F,5,nurse,0.9986,0.8241,0.1745,"nurse, womana€™s, nurse, nursing, of",5
34862,professor,F,0,professor,0.9996,0.9996,0.0001,"professor, director, postdoctoral, 2016, university",5
68434,attorney,M,2,attorney,0.9994,0.9927,0.0067,"attorney, powers, counsel, provides, practice",5
4680,professor,M,0,professor,0.9892,0.2875,0.7017,"university, dr, doctorate, manuscripts, abstracts",5
51896,photographer,F,3,photographer,0.5995,0.0497,0.5498,"posing, have, traffic, fountain, bills",5
43110,physician,F,1,physician,0.9996,0.9961,0.0035,"medicine, medicine, san, practices, specializes",5
36580,dietitian,F,18,dietitian,0.4618,0.014,0.4478,"digestive, practice, flus, issues, exhaustion",5
88684,physician,F,1,physician,0.9564,0.8856,0.0708,"osteopathic, medicine, medical, residency, training",5
23742,professor,F,0,professor,0.9984,0.994,0.0044,"research, focuses, issues, essays, upon",5
91201,professor,F,0,professor,0.9991,0.998,0.0011,"research, social, on, cornell, courses",5
22214,nurse,F,5,nurse,0.6579,0.0715,0.5864,"suzette, continued, gynecological, 2005, medicine",5
44,professor,F,0,professor,0.992,0.9574,0.0346,"appointment, sociology, institutes, holds, disparities",5
58334,software engineer,M,15,software engineer,0.9808,0.5886,0.3921,"software, development, computer, studies, work",5
66927,physician,M,1,physician,0.4655,0.0061,0.4595,"doctor, fmla, process, application, puts",5
47567,professor,F,0,professor,0.9993,0.9978,0.0015,"university, phd, majors, majors, research",5
90150,professor,F,0,professor,0.9964,0.982,0.0143,"research, engineering, participatory, interests, background",5
92726,physician,F,1,physician,0.9995,0.9037,0.0958,"medicine, medical, loma, practices, taha",5
61193,professor,M,0,professor,0.9991,0.9665,0.0326,"nanomaterials, engineered, research, focuses, antimicrobial",5
62831,poet,F,13,poet,0.9551,0.852,0.1031,"poetry, writing, poemmemoirstory, mfa, press",5
93775,physician,M,1,physician,0.9273,0.0384,0.8889,"medicine, graduate, epo, dr, sandrapaty",5
37255,software engineer,M,15,software engineer,0.867,0.9081,-0.0411,"java, an, expert, php, is",5
79446,attorney,M,2,attorney,0.9989,0.0819,0.917,"transactional, law, practices, franchise, corporate",5
43925,professor,F,0,professor,0.9608,0.209,0.7519,"phd, professors, level, previous, contexts",5
89663,physician,F,1,physician,0.9996,0.8859,0.1136,"medicine, practices, kochmeier, medicine, medical",5
35758,physician,F,1,physician,0.9995,0.8902,0.1093,"medicine, practices, medicine, columbus, hospital",5
61034,professor,M,0,professor,0.9994,0.9995,-0.0,"prof, computer, researcher, prof, university",5
13527,psychologist,F,6,psychologist,0.9348,0.0134,0.9214,"psychological, television, publications, of, programs",5
35951,dentist,F,8,dentist,0.9962,0.9129,0.0833,"dentist, neethu, dr, dental, shukoor",5
62296,architect,M,10,architect,0.9494,0.5408,0.4086,"virtualization, microsoft, machine, microsoft, partner",5
26643,professor,M,0,professor,0.9906,0.8059,0.1847,"old, areas, courses, students, scrolls",5
47029,dentist,M,8,dentist,0.9958,0.9754,0.0205,"dentist, dr, years, dental, 22",5
1941,accountant,M,16,accountant,0.9979,0.9938,0.0041,"accounting, offices, the, accounting, including",5
91298,professor,F,0,professor,0.7679,0.805,-0.0371,"are, book, effect, translating, issues",5
41803,professor,M,0,professor,0.9975,0.7441,0.2534,"intellectual, oxford, press, university, progressive",5
19971,photographer,M,3,photographer,0.9977,0.9922,0.0055,"shoot, hire, engagements, the, bridal",5
87426,filmmaker,M,14,filmmaker,0.9387,0.8117,0.127,"film, documentary, awards, documentary, won",5
11600,journalist,M,4,journalist,0.9856,0.579,0.4066,"journalist, first, african, enter, to",5
61710,professor,F,0,professor,0.9963,0.9937,0.0026,"research, cultural, gender, studies, and",5
64760,professor,F,0,professor,0.9994,0.9969,0.0025,"research, racial, interests, include, in",5
54748,filmmaker,F,14,filmmaker,0.9958,0.992,0.0038,"film, cinequest, developing, films, screenwriting",5
44498,attorney,M,2,attorney,0.9988,0.9981,0.0007,"law, practice, focuses, school, matters",5
68474,nurse,F,5,nurse,0.8235,0.2517,0.5718,"professional, health, fernanda, expects, the",5
16218,physician,M,1,physician,0.8085,0.3364,0.4721,"graduate, medical, doctors, medical, brackenridge",5
22467,physician,F,1,physician,0.9995,0.9901,0.0094,"medicine, practices, medicine, obst, in",5
17099,professor,F,0,professor,0.9981,0.997,0.0011,"research, dr, focuses, program, dublin",5
48852,photographer,M,3,photographer,0.9971,0.8989,0.0982,"photography, images, hansel, portraiture, still",5
8607,professor,F,0,professor,0.9991,0.9718,0.0273,"ph, criminology, university, university, justice",5
49710,professor,F,0,professor,0.9981,0.9827,0.0154,"westernesque, examines, work, interested, current",5
38611,dentist,M,8,dentist,0.4207,0.4592,-0.0385,"dr, hospital, includes, other, residency",5
12083,professor,F,0,professor,0.9993,0.9992,0.0001,"is, university, honored, university, research",5
70054,physician,F,1,physician,0.9082,0.5145,0.3937,"practice, 1639334170, shital, nj, 6136",5
76239,attorney,M,2,attorney,0.9776,0.9964,-0.0188,"counsel, lead, case, rights, civil",5
75866,professor,F,0,professor,0.9962,0.9256,0.0706,"research, grants, phd, university, scientist",5
20541,attorney,F,2,attorney,0.9104,0.9259,-0.0155,"usa, mediator, arbitrator, hong, resolution",5
31598,journalist,F,4,journalist,0.9888,0.9835,0.0053,"correspondent, contributes, times, stories, publications",5
70094,professor,F,0,professor,0.9995,0.999,0.0005,"research, university, purdue, pharmaceutics, university",5
66486,photographer,M,3,photographer,0.9779,0.6321,0.3458,"images, work, capturing, images, edition",5
77151,software engineer,M,15,software engineer,0.8787,0.0026,0.8761,"engineering, electrical, preceded, graduated, infinity",5
45097,photographer,M,3,photographer,0.9919,0.9557,0.0362,"photographs, portraits, works, scenes, editing",5
74778,professor,F,0,professor,0.9975,0.9969,0.0006,"research, explores, interconnections, edited, the",5
78276,nurse,F,5,nurse,0.9986,0.4946,0.504,"nurse, prior, care, cardiothoracic, worked",5
3712,physician,F,1,physician,0.9994,0.9964,0.003,"medicine, medicine, behrmann, practices, lynchburg",5
23116,professor,M,0,professor,0.9991,0.9989,0.0002,"journals, academic, research, islamism, and",5
26726,accountant,F,16,accountant,0.9982,0.9252,0.0731,"accounting, auditing, accounting, tax, auditing",5
31052,model,M,12,model,0.4953,0.3511,0.1443,"nba, current, reportedly, re, lakers",5
5094,composer,F,17,composer,0.9517,0.1058,0.8459,"albums, music, report, wqxr, by",5
47502,attorney,M,2,attorney,0.4195,0.1579,0.2616,"franke, associated, 2012, of, board",5
80560,poet,F,13,poet,0.8573,0.0512,0.806,"poetry, professor, english, the, literature",5
90982,composer,M,17,composer,0.9905,0.9833,0.0072,"music, has, philharmonic, performed, sinfonia",5
59486,professor,M,0,professor,0.9991,0.9954,0.0037,"research, doctorate, university, dr, focuses",5
9307,professor,M,0,professor,0.973,0.196,0.777,"research, laboratory, research, army, directorate",5
58861,professor,F,0,professor,0.9938,0.9766,0.0172,"strong, the, grant, research, research",5
3342,journalist,M,4,journalist,0.4804,0.331,0.1494,"focusing, intellectual, the, of, degree",5
14098,psychologist,F,6,psychologist,0.5556,0.0713,0.4843,"parenting, emotional, tools, innovations, social",5
74224,physician,F,1,physician,0.9797,0.485,0.4946,"medical, dr, doctors, medicine, chaudhri",5
89030,professor,F,0,professor,0.9967,0.9819,0.0148,"undergraduate, faculty, degree, research, transplantation",5
78493,psychologist,F,6,psychologist,0.8312,0.026,0.8052,"hypnosis, psychotherapy, focusing, relational, published",5
29428,professor,F,0,professor,0.9967,0.9967,0.0,"global, research, teaching, faculty, media",5
52407,attorney,M,2,attorney,0.9988,0.9918,0.007,"litigation, courts, appeals, circuit, fiduciary",5
42222,physician,F,1,physician,0.5213,0.0693,0.452,"medical, trains, trainees, medical, monash",5
34155,architect,M,10,architect,0.4008,0.092,0.3088,"office, fascination, music, not, obsession",5
21167,professor,F,0,professor,0.9715,0.8997,0.0718,"research, university, understanding, depaul, include",5
43208,architect,M,10,architect,0.9,0.5614,0.3385,"architecture, architecture, firms, in, civil",5
54699,architect,F,10,architect,0.9975,0.2535,0.744,"architecture, architect, design, cmdesign, been",5
38674,professor,F,0,professor,0.9845,0.9769,0.0077,"bonhoeffer, american, academy, analysis, bonhoeffer",5
48772,professor,F,0,professor,0.994,0.242,0.752,"phd, biostatistics, university, grew, 2006",5
68259,attorney,M,2,attorney,0.9732,0.8025,0.1707,"law, bachelor, law, of, school",5
86480,physician,M,1,physician,0.9644,0.2104,0.754,"medical, healthcare, prior, training, biotechnology",5
90130,poet,F,13,poet,0.9782,0.9644,0.0138,"mfa, poetry, an, writing, cosmonauts",5
74765,architect,M,10,architect,0.9946,0.0761,0.9185,"architectural, architects, using, contributor, frequent",5
93978,composer,F,17,composer,0.9952,0.99,0.0052,"electronic, music, music, music, composed",5
87867,professor,M,0,professor,0.9909,0.5119,0.479,"expert, marketing, is, areas, advertising",5
48180,attorney,M,2,attorney,0.9993,0.9992,0.0001,"matters, estate, real, focuses, juris",5
32972,teacher,F,7,teacher,0.3058,0.1553,0.1505,"activities, parks, girl, gets, kayaking",5
32711,nurse,F,5,nurse,0.2124,0.0497,0.1627,"officers, center, monday, medical, where",5
6673,accountant,M,16,accountant,0.9941,0.0036,0.9904,"accounting, accounting, of, business, corporate",5
80434,attorney,F,2,attorney,0.9993,0.3908,0.6085,"law, labor, practices, exclusively, almost",5
38333,professor,M,0,professor,0.9992,0.9983,0.0009,"history, economic, phd, mit, teaching",5
25059,professor,F,0,professor,0.9986,0.9938,0.0048,"phd, targeted, include, interests, musculoskeletal",5
5645,professor,M,0,professor,0.9497,0.0054,0.9444,"edu, notes, pricewaterhousecoopers, author, review",5
92516,journalist,F,4,journalist,0.9897,0.0486,0.9411,"reported, from, afghanistan, iraq, somalia",5
27554,psychologist,F,6,psychologist,0.9896,0.9802,0.0093,"psychotherapy, psychodynamic, psychoanalytic, depression, deals",5
36109,photographer,M,3,photographer,0.9919,0.1076,0.8842,"photography, was, previous, the, new",5
64205,model,F,12,model,0.8932,0.8825,0.0107,"debut, films, hindi, in, several",5
53421,architect,F,10,architect,0.9894,0.9738,0.0156,"practices, building, building, understanding, certification",5
26682,physician,F,1,physician,0.9947,0.8725,0.1222,"dr, interests, medical, residency, medical",5
26737,attorney,M,2,attorney,0.9966,0.7648,0.2318,"law, practicing, law, client, legal",5
7858,professor,F,0,professor,0.9611,0.0933,0.8678,"doctorate, education, dr, degrees, experience",5
61696,professor,F,0,professor,0.9991,0.9985,0.0006,"university, research, cornell, university, university",5
20441,filmmaker,M,14,filmmaker,0.9381,0.9641,-0.026,"first, theatre, cannes, paris, short",5
42200,professor,M,0,professor,0.9965,0.9975,-0.001,"professor, scholar, university, university, mechanical",5
18732,nurse,F,5,nurse,0.9977,0.9969,0.0008,"nurse, nursing, nursing, bsn, medical",5
78654,psychologist,F,6,psychologist,0.9982,0.0063,0.9919,"psychologist, clinical, doctors, in, experiences",5
11156,physician,F,1,physician,0.9358,0.4583,0.4775,"medical, dr, residency, affiliated, medicine",5
77846,physician,F,1,physician,0.6374,0.0005,0.6369,"and, icu, icu, combining, ccu",5
48658,professor,M,0,professor,0.9985,0.9978,0.0007,"studies, research, routledge, journals, journal",5
30942,professor,M,0,professor,0.6093,0.1038,0.5055,"paper, will, bruners, bruner, bruner",5
43983,attorney,M,2,attorney,0.858,0.1001,0.7579,"in, executive, hurt, clients, wagoner",5
44544,attorney,M,2,attorney,0.9993,0.9918,0.0076,"firm, litigation, tort, focused, practice",5
85952,professor,M,0,professor,0.9956,0.9439,0.0516,"professor, prior, economics, remains, university",5
62170,physician,M,1,physician,0.3183,0.0536,0.2647,"health, for, go, as, work",5
89370,filmmaker,F,14,filmmaker,0.9563,0.9694,-0.0131,"film, film, doc, film, film",5
18158,attorney,M,2,attorney,0.9959,0.9988,-0.0029,"litigation, counsel, contract, represents, disputes",5
77201,professor,M,0,professor,0.9994,0.9987,0.0007,"university, research, draglines, phd, interests",5
52820,psychologist,M,6,psychologist,0.9903,0.603,0.3873,"interventions, psychological, psychological, psychology, assessment",5
45176,professor,M,0,professor,0.997,0.9891,0.0079,"dr, university, mentorship, materials, program",5
58044,physician,M,1,physician,0.9995,0.9834,0.0161,"medicine, practices, selma, practice, rai",5
56744,professor,M,0,professor,0.9995,0.9994,0.0001,"university, faculty, postdoctoral, university, fellow",5
28898,composer,M,17,composer,0.9843,0.2533,0.7311,"music, music, classical, ascendant, musicians",5
16998,professor,M,0,professor,0.9905,0.3224,0.6681,"pharmacy, pharm, dr, college, pgy1",5
3594,dentist,M,8,dentist,0.9686,0.954,0.0147,"dental, dr, faculty, general, practitioners",5
13086,professor,F,0,professor,0.9832,0.791,0.1922,"authored, publications, 100, peer, reviewed",5
53396,physician,F,1,physician,0.9992,0.9819,0.0174,"medicine, medicine, practices, geriatrics, affiliated",5
77747,professor,F,0,professor,0.9671,0.8684,0.0987,"naik, dr, hematology, hematology, college",5
33641,teacher,F,7,teacher,0.137,0.0883,0.0487,"dating, love, into, life, up",5
85216,nurse,F,5,nurse,0.9993,0.6481,0.3512,"nurse, in, medical, honors, 2013",5
75410,professor,F,0,professor,0.998,0.9648,0.0332,"university, research, ph, economics, and",5
40115,professor,F,0,professor,0.9971,0.9909,0.0062,"research, doctorate, university, is, professor",5
7580,professor,M,0,professor,0.9994,0.9985,0.001,"research, phd, interests, lab, current",5
93321,professor,M,0,professor,0.9835,0.858,0.1255,"research, projects, psychology, current, positive",5
63339,physician,F,1,physician,0.9996,0.989,0.0105,"medicine, practices, neurology, oklahoma, medical",5
63073,nurse,M,5,nurse,0.9994,0.0099,0.9894,"nurse, hospitals, in, experiences, especially",5
34254,dietitian,F,18,dietitian,0.99,0.0009,0.9891,"nutrition, health, their, wants, nutrition",5
7648,teacher,F,7,teacher,0.9915,0.1499,0.8416,"teacher, teacher, school, ranking, school",5
55753,professor,F,0,professor,0.9942,0.8632,0.131,"courses, recognized, on, sculpture, teaches",5
28785,physician,M,1,physician,0.9803,0.9507,0.0296,"medicine, osteopathic, dr, healthcare, attended",5
79050,accountant,M,16,accountant,0.9943,0.2016,0.7928,"accountant, company, had, accrue, the",5
11919,physician,F,1,physician,0.9135,0.827,0.0865,"cardioverter, medicine, patients, failure, new",5
45556,professor,F,0,professor,0.9996,0.9994,0.0002,"research, interests, ph, university, sociotechnical",5
8066,dentist,M,8,dentist,0.9585,0.9328,0.0257,"dental, dental, maunik, dr, bapuji",5
76638,nurse,F,5,nurse,0.4845,0.5085,-0.024,"women, experience, realize, workforce, by",5
65408,professor,F,0,professor,0.9824,0.9441,0.0383,"research, interests, issues, focus, in",5
6324,psychologist,F,6,psychologist,0.9853,0.5637,0.4217,"clinical, depression, adolescent, desensitization, interests",5
31209,professor,M,0,professor,0.9272,0.3411,0.5861,"research, main, gerontechnology, is, gastrointestinal",5
80536,software engineer,F,15,software engineer,0.7859,0.774,0.0119,"dba, scalable, data, processing, apache",5
35655,accountant,F,16,accountant,0.9984,0.997,0.0014,"accounting, experience, accounting, years, finance",5
38095,dentist,M,8,dentist,0.9962,0.9245,0.0717,"dentist, dr, years, dental, 19",5
59230,software engineer,M,15,software engineer,0.9518,0.9409,0.0109,"developer, developer, systems, intelligent, focus",5
382,physician,F,1,physician,0.99,0.2211,0.7689,"pa, pa, graduate, montana, prior",5
56052,photographer,F,3,photographer,0.9972,0.13,0.8673,"photography, shoots, photos, photographic, documentary",5
29029,physician,F,1,physician,0.9995,0.9829,0.0166,"medicine, practices, gettman, daytona, nephrology",5
64880,poet,F,13,poet,0.9329,0.3699,0.563,"review, 2012, 2011, minor, adirondack",5
29684,attorney,M,2,attorney,0.9989,0.9977,0.0013,"litigation, individuals, litigation, represents, trial",5
28007,professor,M,0,professor,0.9985,0.9969,0.0015,"university, research, department, completed, postdoctoral",5
7715,professor,M,0,professor,0.9816,0.306,0.6756,"initial, findings, on, of, archaeological",5
83057,physician,M,1,physician,0.937,0.0085,0.9285,"physician, assistant, physician, spine, weill",5
31656,nurse,F,5,nurse,0.9975,0.6624,0.335,"nurse, nurse, nurses, nurse, registered",5
24198,journalist,M,4,journalist,0.9969,0.9968,0.0001,"articles, media, years, newspapers, nairobi",5
75006,nurse,F,5,nurse,0.9994,0.0831,0.9163,"nurse, especially, experience, 2003, years",5
85460,surgeon,M,9,surgeon,0.9976,0.9966,0.001,"dr, orthopaedic, surgery, meharry, medical",5
85436,photographer,F,3,photographer,0.9942,0.3324,0.6618,"photograph, photography, photograph, photography, dslr",5
46201,attorney,M,2,attorney,0.3506,0.1937,0.1569,"sandburg, do, still, illinois, year",5
16118,physician,M,1,physician,0.6441,0.4542,0.1899,"instructor, medicine, at, dr, keloid",5
78796,professor,M,0,professor,0.9819,0.3829,0.599,"professor, texts, been, teaching, research",5
8643,journalist,M,4,journalist,0.9965,0.9959,0.0005,"journalism, magazine, affairs, writing, colombia",5
22362,professor,M,0,professor,0.7367,0.3003,0.4363,"projects, consulted, education, israeli, environmental",5
69278,professor,M,0,professor,0.9871,0.9964,-0.0094,"university, alabama, interdisciplinary, uab, professor",5
9803,professor,M,0,professor,0.9994,0.9984,0.0009,"phd, research, phd, undergraduate, agency",5
63303,psychologist,F,6,psychologist,0.9792,0.9426,0.0366,"psychoanalytic, psychotherapist, psychotherapy, jung, psychiatrist",5
69772,nurse,M,5,nurse,0.2022,0.1388,0.0634,"potential, oregon, bouncing, alerted, and",5
80465,journalist,M,4,journalist,0.9772,0.7891,0.1881,"investigated, syrian, mh17, bellingcat, war",5
32928,physician,F,1,physician,0.7922,0.2464,0.5459,"group, stepchildren, medical, preaches, dr",5
38052,professor,M,0,professor,0.9976,0.9875,0.01,"author, inequality, masculinities, author, kalman",5
56174,nurse,F,5,nurse,0.9994,0.3557,0.6437,"nurse, in, hospital, practitioner, honors",5
7564,attorney,M,2,attorney,0.9993,0.9992,0.0002,"law, firm, development, disputes, represents",5
45840,physician,M,1,physician,0.6739,0.1366,0.5373,"medicine, family, division, the, professional",5
41134,professor,M,0,professor,0.9981,0.9979,0.0002,"scholar, lecturer, research, university, interests",5
56216,physician,M,1,physician,0.6239,0.7622,-0.1383,"medicine, affiliated, dr, graduate, hospital",5
63796,professor,F,0,professor,0.7918,0.0441,0.7477,"students, insight, therapist, decades, received",5
59833,attorney,M,2,attorney,0.999,0.5501,0.4489,"cases, clients, practice, waterwatch, variety",5
24281,professor,F,0,professor,0.996,0.1549,0.8411,"research, research, is, main, tangible",5
84369,professor,M,0,professor,0.999,0.9972,0.0018,"agritourism, courses, research, interests, teaching",5
65064,professor,F,0,professor,0.9972,0.9969,0.0003,"routledge, author, difference, mamula, with",5
61172,teacher,F,7,teacher,0.9325,0.2005,0.7321,"teaching, university, peisong, campus, language",5
9792,photographer,F,3,photographer,0.3207,0.0857,0.235,"humidity, nats, dc, of, it",5
80335,teacher,F,7,teacher,0.9647,0.0738,0.8909,"teacher, school, textbook, class, week",5
26220,professor,F,0,professor,0.9978,0.9978,-0.0001,"university, the, fulbright, philology, dissertation",5
21266,professor,M,0,professor,0.9984,0.9976,0.0008,"articles, pragmatism, published, interested, american",5
11550,professor,M,0,professor,0.9711,0.4951,0.4761,"formerly, associate, an, studies, university",5
49347,professor,F,0,professor,0.9957,0.9619,0.0338,"professor, burkett, university, of, research",5
5419,journalist,M,4,journalist,0.8838,0.467,0.4168,"journalism, covered, editor, quad, city",5
63833,attorney,F,2,attorney,0.9865,0.0104,0.9761,"law, graduated, degree, evansville, legal",5
87350,attorney,M,2,attorney,0.6445,0.6694,-0.0249,"obama, president, barack, quotes, tax",5
15937,photographer,M,3,photographer,0.9965,0.0197,0.9769,"portraits, portrait, stunning, working, subject",5
7490,nurse,F,5,nurse,0.2846,0.3432,-0.0586,"granddaughters, went, storm, choices, alaska",5
70964,nurse,F,5,nurse,0.9979,0.4137,0.5843,"nurse, nursing, nursing, nurse, prior",5
8246,dentist,M,8,dentist,0.9959,0.9703,0.0256,"dentist, dental, dr, practicing, practising",5
349,professor,M,0,professor,0.9987,0.9985,0.0002,"research, interests, articles, focus, the",5
30395,physician,M,1,physician,0.7536,0.3647,0.3889,"medical, school, medicine, tufts, physician",5
32124,attorney,F,2,attorney,0.9991,0.9994,-0.0002,"attorney, llp, cases, law, defended",5
4087,attorney,M,2,attorney,0.9993,0.9911,0.0082,"attorney, practice, chapter, bankruptcy, legal",5
87967,dentist,F,8,dentist,0.9616,0.9681,-0.0065,"dental, dr, dental, american, practical",5
8815,nurse,F,5,nurse,0.9994,0.0312,0.9682,"nurse, in, especially, medical, hospital",5
56005,photographer,M,3,photographer,0.9964,0.7963,0.2002,"shot, captures, the, shot, portraits",5
64139,professor,M,0,professor,0.9947,0.9755,0.0193,"ethnography, classifying, university, heresiology, christians",5
7668,professor,M,0,professor,0.9987,0.995,0.0037,"firms, received, school, mit, mit",5
23866,professor,M,0,professor,0.9984,0.9848,0.0136,"phd, research, university, postdoctoral, columbia",5
12173,professor,F,0,professor,0.5746,0.1696,0.405,"author, architect, the, is, home",5
84415,photographer,M,3,photographer,0.9902,0.1174,0.8727,"photography, photography, shoot, images, as",5
15028,physician,F,1,physician,0.9994,0.9408,0.0586,"medicine, practices, gastroenterology, pediatric, affiliated",5
56990,professor,M,0,professor,0.9996,0.9988,0.0008,"research, primary, interests, economist, cornell",5
6244,teacher,F,7,teacher,0.9959,0.9862,0.0097,"teaching, there, been, education, children",5
28254,surgeon,M,9,surgeon,0.9522,0.0058,0.9464,"dr, medical, surgery, medicine, diplomate",5
9193,attorney,F,2,attorney,0.7572,0.2704,0.4868,"to, legal, graduate, law, services",5
56651,professor,F,0,professor,0.8062,0.1771,0.6291,"research, research, conduct, aims, this",5
50008,teacher,F,7,teacher,0.778,0.5098,0.2681,"classes, variety, essences, licensed, vibrational",5
83557,physician,F,1,physician,0.4487,0.7209,-0.2721,"neurosurgery, 53226, registry, pediatric, 6435",5
21282,surgeon,M,9,surgeon,0.9973,0.9966,0.0007,"neurosurgery, neurosurgery, practices, residency, dr",5
42003,physician,M,1,physician,0.9995,0.9883,0.0112,"medicine, practices, pediatrics, san, affiliated",5
49062,accountant,F,16,accountant,0.3994,0.0792,0.3203,"treasurer, has, serves, the, since",5
64719,journalist,F,4,journalist,0.9956,0.9921,0.0036,"editor, newspaper, freelance, the, chief",5
67616,attorney,F,2,attorney,0.9989,0.9991,-0.0002,"legal, firms, law, litigation, sectors",5
69080,nurse,F,5,nurse,0.9994,0.5245,0.4749,"nurse, in, practitioner, medical, cooperates",5
91850,professor,F,0,professor,0.819,0.0685,0.7505,"fellowship, rhinology, and, skull, degree",5
41795,accountant,M,16,accountant,0.4951,0.602,-0.1069,"president, served, bank, and, finance",5
75906,professor,F,0,professor,0.9874,0.9916,-0.0042,"teaching, years, 20, experience, education",5
94457,professor,F,0,professor,0.9984,0.984,0.0145,"research, scientist, current, program, addresses",5
57688,physician,M,1,physician,0.7054,0.0112,0.6942,"medical, medical, medicine, physician, journal",5
11490,photographer,M,3,photographer,0.8968,0.05,0.8468,"picture, laboum, stans, pop, happened",5
95328,attorney,M,2,attorney,0.9989,0.5927,0.4062,"litigation, practice, clients, corporate, complex",5
73785,attorney,M,2,attorney,0.9963,0.9982,-0.0019,"litigator, courts, federal, trial, experience",5
94573,composer,M,17,composer,0.9968,0.117,0.8797,"music, music, composition, michaelandersonmusic, styles",5
62660,model,F,12,model,0.9982,0.9946,0.0035,"model, australian, greek, born, an",5
86393,psychologist,M,6,psychologist,0.9825,0.5806,0.4019,"psychologist, psychology, psychology, psychologist, psychologists",5
43557,psychologist,F,6,psychologist,0.9136,0.9077,0.0059,"psychology, psychology, psychopathology, clinical, australian",5
75997,attorney,M,2,attorney,0.9981,0.999,-0.0008,"clients, cases, franjo, represented, counsel",5
20208,professor,F,0,professor,0.9779,0.5886,0.3893,"research, researcher, gerontology, focuses, dr",5
24872,psychologist,M,6,psychologist,0.9435,0.8998,0.0437,"assessments, evaluate, experience, consulted, people",5
71137,physician,F,1,physician,0.9585,0.9528,0.0056,"medical, dr, hospital, health, bangayan",5
45700,physician,M,1,physician,0.8095,0.79,0.0195,"dr, medicine, medical, problems, muldoon",5
57717,professor,F,0,professor,0.85,0.0086,0.8415,"dr, grant, kugele, course, analysis",5
62117,professor,F,0,professor,0.7596,0.7216,0.038,"research, tectonic, degree, professor, and",5
6330,professor,F,0,professor,0.9979,0.9959,0.0021,"has, university, systems, university, massachusetts",5
91861,professor,M,0,professor,0.5316,0.0726,0.459,"students, black, engineers, actively, panther",5
87153,dietitian,F,18,dietitian,0.9646,0.0716,0.893,"nutritional, working, food, years, affect",5
20681,professor,M,0,professor,0.9992,0.9992,0.0,"cornell, sociology, sociology, graduate, degrees",5
40725,professor,M,0,professor,0.9969,0.985,0.0119,"brannstrom, phd, university, research, interests",5
4070,professor,F,0,professor,0.5092,0.1324,0.3768,"faculty, students, aria, class, academie",5
46750,professor,F,0,professor,0.9969,0.8987,0.0982,"before, researcher, joining, postdoctoral, phd",5
51309,dentist,M,8,dentist,0.9927,0.0228,0.9699,"dental, dental, dr, periodontal, degree",5
13748,professor,M,0,professor,0.9969,0.1834,0.8135,"dr, dr, research, students, challenging",5
46471,nurse,F,5,nurse,0.9941,0.111,0.8831,"nurse, years, clinical, working, certifications",5
45131,journalist,M,4,journalist,0.9864,0.1444,0.842,"journalism, school, lives, title, university",5
10612,journalist,M,4,journalist,0.9171,0.2182,0.6989,"articles, written, magazine, photography, magazine",5
69809,physician,F,1,physician,0.9784,0.8952,0.0832,"medicine, dr, graduate, caribbean, school",5
80915,software engineer,F,15,software engineer,0.2634,0.0109,0.2525,"dealing, blogging, phd, blogging, discourse",5
38659,surgeon,M,9,surgeon,0.994,0.022,0.9719,"surgeon, orthopedic, practice, private, hospital",5
11242,professor,M,0,professor,0.8948,0.7826,0.1122,"residency, fellow, sports, and, university",5
18948,dentist,M,8,dentist,0.9587,0.7199,0.2388,"orthodontic, sachdeva, dr, dental, practices",5
57573,teacher,M,7,teacher,0.9853,0.9874,-0.0021,"teachers, learners, teachers, academic, learning",5
47849,dentist,M,8,dentist,0.9971,0.9906,0.0066,"dentist, dr, years, dental, experience",5
31195,attorney,M,2,attorney,0.4494,0.0758,0.3735,"judges, honorable, federal, judge, are",5
55492,surgeon,M,9,surgeon,0.9978,0.9671,0.0307,"orthopedics, practice, residency, dr, dr",5
74262,architect,M,10,architect,0.994,0.367,0.627,"architectural, design, related, building, has",5
67093,attorney,M,2,attorney,0.9919,0.1117,0.8802,"legal, judge, state, law, uc",5
86895,psychologist,M,6,psychologist,0.442,0.3199,0.1221,"works, body, mood, approach, health",5
69250,teacher,F,7,teacher,0.6784,0.1002,0.5782,"schools, has, worked, senate, columbus",5
3094,professor,M,0,professor,0.7448,0.0995,0.6452,"research, has, identified, two, masculinity",5
86240,photographer,M,3,photographer,0.9447,0.0071,0.9377,"photography, professional, magazines, has, the",5
64821,attorney,M,2,attorney,0.9962,0.6607,0.3355,"bar, federal, bar, massachusetts, association",5
81106,professor,M,0,professor,0.9981,0.9974,0.0007,"book, project, current, book, problem",5
61438,psychologist,F,6,psychologist,0.6431,0.0236,0.6195,"psychology, and, from, own, teach",5
94318,professor,F,0,professor,0.37,0.0098,0.3602,"research, curriculum, issues, main, experience",5
9403,psychologist,F,6,psychologist,0.9957,0.9853,0.0104,"clinical, coddington, behavioral, therapy, dr",5
4979,dentist,M,8,dentist,0.9939,0.0006,0.9933,"dentists, dental, oral, of, refrains",5
30426,architect,M,10,architect,0.966,0.6467,0.3193,"architects, adf, the, oracle, andy",5
6454,dentist,M,8,dentist,0.9548,0.0177,0.9371,"dentistry, only, standards, using, patients",5
65450,psychologist,M,6,psychologist,0.8901,0.8624,0.0277,"clinical, treatment, effective, work, for",5
23595,nurse,F,5,nurse,0.9994,0.2543,0.7451,"nurse, especially, in, experiences, practitioner",5
39166,professor,M,0,professor,0.9809,0.9814,-0.0005,"university, research, immunology, include, interests",5
80720,professor,M,0,professor,0.9819,0.9248,0.0571,"phd, phd, research, students, adhoc",5
33130,professor,F,0,professor,0.9586,0.9705,-0.0119,"lab, cancer, inflammation, laboratory, include",5
82211,professor,F,0,professor,0.9967,0.8393,0.1574,"students, colleagues, computational, teaches, expert",5
45411,poet,M,13,poet,0.9904,0.7343,0.2561,"poems, poetry, poetry, collection, poet",5
16879,professor,M,0,professor,0.9996,0.9996,0.0,"research, university, postdoctoral, focused, molecular",5
57041,surgeon,M,9,surgeon,0.8635,0.2956,0.5679,"surgeon, breidenbach, dr, replaces, transplantation",5
32301,teacher,M,7,teacher,0.2754,0.2334,0.042,"beautiful, little, boys, generation, it",5
77310,software engineer,M,15,software engineer,0.9834,0.9822,0.0012,"amazon, degrees, computer, fhir, product",5
78686,painter,F,11,painter,0.9678,0.4774,0.4904,"painting, painting, professor, at, from",5
39046,painter,M,11,painter,0.9846,0.0843,0.9003,"paintings, artist, deceptively, are, works",5
57330,journalist,F,4,journalist,0.9803,0.0224,0.9579,"articles, media, pen, propaganda, compared",5
91347,attorney,M,2,attorney,0.9989,0.9989,0.0,"attorney, chromatography, lawyers, famous, sobriety",5
67845,professor,M,0,professor,0.9818,0.8017,0.1801,"received, ph, literacy, classroom, in",5
6653,nurse,F,5,nurse,0.4831,0.1616,0.3215,"volunteer, 2005, nihhc, nihhc, skills",5
11831,professor,M,0,professor,0.9655,0.0345,0.931,"phd, nyu, school, policy, university",5
31133,teacher,F,7,teacher,0.9833,0.8343,0.1489,"teachers, students, teaches, lessons, encouraging",5
56423,professor,M,0,professor,0.9991,0.9596,0.0395,"research, boudewijn, focusses, conformance, alignments",5
9141,professor,M,0,professor,0.9993,0.999,0.0003,"phd, professor, associate, polymerization, 2001",5
34992,teacher,M,7,teacher,0.888,0.0857,0.8024,"teaches, also, technique, is, technique",5
88564,journalist,F,4,journalist,0.5003,0.9639,-0.4636,"indian, magazines, writer, published, stories",5
76312,attorney,M,2,attorney,0.8811,0.7818,0.0993,"author, issues, matters, relations, leave",5
11348,teacher,F,7,teacher,0.9368,0.9926,-0.0557,"principal, student, graduate, the, grade",5
20332,attorney,M,2,attorney,0.9968,0.5313,0.4656,"law, school, university, graduated, advocate",5
4715,professor,F,0,professor,0.9983,0.9647,0.0336,"research, examines, theater, the, intersections",5
2010,professor,M,0,professor,0.9996,0.8539,0.1457,"faculty, engineering, received, research, phd",5
11117,photographer,M,3,photographer,0.9916,0.3064,0.6852,"photography, photographer, has, galleries, art",5
84579,software engineer,F,15,software engineer,0.4161,0.1296,0.2864,"programming, background, taught, computer, through",5
57891,filmmaker,M,14,filmmaker,0.9937,0.0077,0.9861,"film, films, short, made, seven",5
37802,physician,M,1,physician,0.7197,0.5322,0.1875,"medicine, arthroscopic, mcp, areas, stanislaw",5
32697,professor,M,0,professor,0.9992,0.9985,0.0007,"prof, university, nanometer, conference, technical",5
48213,professor,M,0,professor,0.9979,0.017,0.981,"research, challenges, studies, study, operations",5
1387,teacher,F,7,teacher,0.9943,0.9887,0.0056,"curriculum, taught, washington, teaching, tukwila",5
10391,poet,F,13,poet,0.9564,0.9757,-0.0193,"poetry, poetry, poetry, press, poetry",5
12097,photographer,M,3,photographer,0.9815,0.5839,0.3976,"photography, photographic, canon, magazines, lenses",5
79091,professor,M,0,professor,0.9985,0.9971,0.0014,"teaching, and, research, interests, primarily",5
37338,physician,F,1,physician,0.9995,0.9977,0.0018,"medicine, practices, evanston, gynecology, affiliated",5
57964,journalist,F,4,journalist,0.8151,0.0924,0.7227,"journalists, sports, cover, athletes, phones",5
72950,attorney,M,2,attorney,0.701,0.0522,0.6487,"firm, job, so, crash, only",5
16247,photographer,M,3,photographer,0.9622,0.2408,0.7214,"project, working, on, americas, americas",5
25115,psychologist,M,6,psychologist,0.9979,0.9902,0.0077,"psychologist, dr, passion, is, therapy",5
45909,professor,F,0,professor,0.9013,0.8486,0.0528,"author, arts, theatre, mannigfaltige, of",5
48644,attorney,M,2,attorney,0.9983,0.9983,-0.0,"legal, lawyers, florida, law, real",5
65372,nurse,F,5,nurse,0.9929,0.8806,0.1123,"nursing, nursing, nurses, nursing, commitment",5
26272,professor,F,0,professor,0.993,0.9711,0.022,"teaches, courses, to, addresses, learning",5
61375,physician,F,1,physician,0.9995,0.9907,0.0088,"medicine, practices, obstetrics, gynecology, in",5
33140,nurse,M,5,nurse,0.2443,0.1862,0.0581,"virginia, that, years, convention, provides",5
88253,model,F,12,model,0.9982,0.9796,0.0186,"barcelona, freeones, freeones, ranked, born",5
49653,professor,F,0,professor,0.9986,0.9356,0.063,"research, focuses, modern, contemporary, on",5
65947,composer,M,17,composer,0.9308,0.6359,0.2948,"composition, music, in, university, from",5
2854,professor,F,0,professor,0.9793,0.949,0.0303,"of, research, thermotolerance, are, markers",5
82139,nurse,F,5,nurse,0.9993,0.8625,0.1369,"nurse, in, practitioner, experiences, especially",5
37671,professor,M,0,professor,0.8472,0.828,0.0192,"university, bachelors, aerospace, nasa, multidisciplinary",5
7084,photographer,M,3,photographer,0.9916,0.1079,0.8837,"photograph, to, variety, shows, the",5
71189,attorney,M,2,attorney,0.9993,0.999,0.0003,"practices, criminal, law, bar, personal",5
26071,journalist,F,4,journalist,0.9863,0.1247,0.8616,"journalism, column, named, before, magazine",5
79348,model,F,12,model,0.999,0.9964,0.0025,"born, freeones, was, ranked, oakland",5
86781,photographer,M,3,photographer,0.9312,0.1999,0.7313,"photography, photo, photography, tours, this",5
27634,professor,M,0,professor,0.9929,0.9891,0.0038,"university, 1989, state, wayne, and",5
37370,surgeon,M,9,surgeon,0.9774,0.9446,0.0327,"neurosurgeon, neurosurgeons, surgeries, hospitals, medical",5
1417,teacher,F,7,teacher,0.8736,0.2858,0.5878,"pupils, the, for, stress, constantly",5
83374,photographer,M,3,photographer,0.603,0.1369,0.4661,"work, has, local, featured, the",5
82987,journalist,M,4,journalist,0.7948,0.9228,-0.128,"paper, reporter, writer, senior, journalism",5
51213,physician,F,1,physician,0.9828,0.919,0.0638,"dr, hospital, medical, attended, trained",5
87481,painter,F,11,painter,0.4578,0.0564,0.4014,"and, design, an, illustrators, school",5
94981,journalist,M,4,journalist,0.4259,0.0966,0.3293,"books, uncovering, author, conferences, mystery",5
67490,professor,M,0,professor,0.9582,0.8406,0.1176,"neuropsychology, research, neurology, neuropsychology, holds",5
91163,journalist,F,4,journalist,0.9944,0.6482,0.3462,"reporting, press, european, president, and",5
78130,dentist,M,8,dentist,0.9457,0.9293,0.0163,"dental, dental, dentistry, jagwani, indian",5
62471,filmmaker,F,14,filmmaker,0.9506,0.984,-0.0334,"films, screened, documentaries, film, documentary",5
84529,dentist,M,8,dentist,0.9945,0.8477,0.1467,"dentist, dr, triplicane, dental, ilahi",5
18793,attorney,M,2,attorney,0.5161,0.6473,-0.1312,"representation, federal, irs, audits, primarily",5
64410,professor,M,0,professor,0.999,0.9632,0.0358,"doctorate, college, research, college, faculty",5
50844,software engineer,F,15,software engineer,0.8705,0.0113,0.8592,"ibm, joined, team, development, language",5
13425,professor,M,0,professor,0.9992,0.9987,0.0006,"professor, meteorology, faculty, meteorology, associate",5
48553,psychologist,F,6,psychologist,0.6265,0.1685,0.458,"dr, psychometrist, internship, adolescents, clinic",5
12352,photographer,M,3,photographer,0.8257,0.1762,0.6495,"on, assignment, the, magazines, telegraph",5
84228,journalist,M,4,journalist,0.7781,0.3942,0.3838,"not, about, or, equipment, films",5
86148,journalist,F,4,journalist,0.9518,0.959,-0.0073,"intern, spectator, editor, the, managing",5
57774,attorney,M,2,attorney,0.7332,0.3449,0.3882,"florida, negotiating, transactions, south, bachelor",5
91025,attorney,M,2,attorney,0.8693,0.0161,0.8532,"attorney, attorney, joined, chemistry, 2004",5
35496,professor,M,0,professor,0.9502,0.0203,0.9298,"specializes, university, history, environmental, programs",5
29376,professor,F,0,professor,0.9821,0.4071,0.5751,"university, book, haunthenticity, press, plutonium",5
11657,attorney,M,2,attorney,0.1566,0.1353,0.0213,"cherries, lakers, keeps, loves, beers",5
23327,poet,F,13,poet,0.9204,0.5329,0.3874,"poems, prose, examples, selected, from",5
85519,architect,F,10,architect,0.9901,0.8252,0.1649,"architecture, architect, degree, tehran, was",5
48435,professor,F,0,professor,0.9745,0.8448,0.1297,"published, research, conducted, issues, on",5
16838,professor,M,0,professor,0.9991,0.9991,-0.0,"ph, university, teaching, university, courses",5
49754,attorney,M,2,attorney,0.9993,0.9797,0.0197,"litigation, represented, avanesian, cases, bankruptcy",5
20309,surgeon,M,9,surgeon,0.9087,0.0274,0.8813,"practice, surgery, thoracic, medical, specializes",5
43066,professor,M,0,professor,0.9948,0.9775,0.0174,"research, focuses, researches, on, education",5
65961,photographer,F,3,photographer,0.9679,0.4839,0.484,"stories, projects, clients, design, worked",5
83021,professor,M,0,professor,0.7239,0.2748,0.4492,"scientists, examines, has, research, race",5
62957,painter,M,11,painter,0.9863,0.9857,0.0006,"paintings, paintings, oil, art, evoke",5
83135,attorney,F,2,attorney,0.8502,0.77,0.0803,"law, degree, law, doctor, of",5
51702,professor,F,0,professor,0.999,0.9974,0.0016,"research, theatre, pedagogy, literature, generalist",5
36195,professor,M,0,professor,0.9803,0.0342,0.9461,"research, lectured, research, australasia, specialist",5
9024,teacher,F,7,teacher,0.827,0.3217,0.5052,"students, students, had, grade, park",5
24391,professor,M,0,professor,0.9957,0.4117,0.584,"phd, interests, research, electrical, university",5
78248,poet,F,13,poet,0.9836,0.0401,0.9436,"poetry, poems, are, writing, situations",5
61546,software engineer,M,15,software engineer,0.721,0.6774,0.0436,"scalability, openstack, sdn, features, virtualization",5
83798,physician,M,1,physician,0.8888,0.8695,0.0193,"medicine, dr, attended, blackmore, patient",5
35096,photographer,F,3,photographer,0.9898,0.5779,0.4119,"photography, specializes, the, flowers, color",5
73473,professor,M,0,professor,0.9995,0.9963,0.0032,"research, academic, canadian, recent, focused",5
36810,software engineer,M,15,software engineer,0.8942,0.8617,0.0325,"silicon, involved, graphics, activision, tracing",5
16319,professor,F,0,professor,0.9757,0.8043,0.1714,"phd, university, rice, biases, articles",5
6583,psychologist,M,6,psychologist,0.8411,0.2055,0.6355,"neurotherapy, psychophysiology, been, neurofeedback, private",5
45741,photographer,M,3,photographer,0.9565,0.0305,0.926,"shoots, fashion, models, interview, major",5
29212,attorney,F,2,attorney,0.2699,0.2696,0.0003,"author, capes, book, lives, fairfield",5
38598,teacher,F,7,teacher,0.393,0.0498,0.3432,"deliver, the, juba, bikes, the",5
63768,professor,M,0,professor,0.9055,0.4585,0.447,"research, among, interests, melancon, university",5
68503,painter,F,11,painter,0.9089,0.3554,0.5534,"colors, vertigoangielena, the, work, these",5
15032,physician,F,1,physician,0.9995,0.9914,0.0081,"medicine, practices, kingsport, tricities, disease",5
90520,photographer,M,3,photographer,0.9381,0.5,0.4381,"photograph, moments, photography, fishing, to",5
78317,professor,M,0,professor,0.9973,0.3692,0.6281,"research, indigenous, areas, current, of",5
89764,professor,M,0,professor,0.9982,0.9968,0.0014,"academic, university, editorial, in, career",5
27550,professor,M,0,professor,0.9994,0.9962,0.0032,"grants, laboratory, research, science, solids",5
19987,model,F,12,model,0.9979,0.9822,0.0156,"modeling, career, girl, dancer, role",5
93414,professor,M,0,professor,0.9993,0.9979,0.0014,"researcher, university, mechatronic, visiting, university",5
48079,dentist,M,8,dentist,0.9954,0.0009,0.9945,"dds, licence, dr, 1962496497, apo",5
23447,physician,M,1,physician,0.9976,0.0025,0.9951,"physician, assistant, medical, minnesota, enjoys",5
15205,psychologist,F,6,psychologist,0.9984,0.0036,0.9948,"psychologist, clinical, doctors, 1985, experiences",5
80166,attorney,F,2,attorney,0.9985,0.3273,0.6711,"law, divorce, practice, focuses, on",5
76081,professor,M,0,professor,0.9997,0.9996,0.0,"gurtua, journal, edu, research, cofrin",5
70032,professor,M,0,professor,0.6461,0.0927,0.5535,"publications, researched, child, interests, awards",5
93786,model,M,12,model,0.9972,0.9341,0.0631,"modeling, experiences, fashion, events, calendar",5
52286,attorney,M,2,attorney,0.9983,0.9975,0.0008,"litigation, wukovich, attorney, litigation, probate",5
54051,surgeon,F,9,surgeon,0.9006,0.0097,0.891,"practice, dr, dr, 1407969843, npi",5
58078,professor,F,0,professor,0.9954,0.9756,0.0197,"research, ph, pardo, journal, publications",5
48893,physician,F,1,physician,0.9996,0.8872,0.1124,"medicine, medicine, medical, varga, quinton",5
15227,architect,F,10,architect,0.9958,0.9963,-0.0005,"interior, design, design, offices, extensive",5
25267,professor,M,0,professor,0.9994,0.9993,0.0001,"research, focuses, american, evangelicalism, book",5
37621,professor,M,0,professor,0.6605,0.0621,0.5983,"dermatologic, dr, american, sclerotherapy, the",5
63007,professor,F,0,professor,0.9679,0.9485,0.0194,"gottfredson, research, specializes, quantiative, dr",5
8914,physician,F,1,physician,0.9858,0.9814,0.0043,"medicine, psoriatic, arthritis, medical, knee",5
75787,physician,F,1,physician,0.9683,0.8645,0.1038,"medicine, graduate, dr, network, insurance",5
88425,professor,M,0,professor,0.999,0.9754,0.0236,"working, currently, global, parochialism, book",5
49788,attorney,F,2,attorney,0.9993,0.9615,0.0378,"attorney, starting, general, practice, own",5
58638,attorney,F,2,attorney,0.9951,0.056,0.9391,"doctorate, juris, raised, born, was",5
61987,physician,F,1,physician,0.9088,0.9611,-0.0522,"medical, dr, medical, physicians, medical",5
81868,journalist,F,4,journalist,0.9138,0.4288,0.4849,"editor, reporters, media, journalists, international",5
38356,surgeon,M,9,surgeon,0.5763,0.2051,0.3712,"medical, dr, surgical, specialty, surgical",5
66696,accountant,M,16,accountant,0.9963,0.9314,0.0649,"accounts, finance, financial, finance, the",5
81401,professor,M,0,professor,0.9971,0.9346,0.0625,"professor, faculty, positions, program, award",5
93520,painter,F,11,painter,0.9476,0.9894,-0.0418,"paintings, galleries, exhibits, exhibited, gallery",5
47694,nurse,F,5,nurse,0.9827,0.009,0.9737,"labor, nurse, delivery, involving, high",5
91173,nurse,F,5,nurse,0.9978,0.8903,0.1075,"nursing, exclusively, worked, hubka, clinical",5
61576,professor,M,0,professor,0.998,0.9865,0.0115,"research, data, include, sciences, interests",5
63793,psychologist,F,6,psychologist,0.4661,0.16,0.3062,"coping, on, specializes, ph, clinical",5
56743,physician,F,1,physician,0.9985,0.922,0.0764,"medical, medical, affiliated, dr, degree",5
70060,professor,F,0,professor,0.778,0.8948,-0.1168,"students, learned, works, corneille, performative",5
94502,professor,F,0,professor,0.9735,0.7897,0.1839,"hematopathology, diagnostic, of, assays, dr",5
85452,model,F,12,model,0.9767,0.1479,0.8288,"model, coordinator, mtv, suicide, suicide",5
76104,professor,F,0,professor,0.9379,0.1906,0.7473,"mfa, an, from, theatre, university",5
18534,journalist,F,4,journalist,0.9972,0.994,0.0032,"journalism, lancashire, central, graduated, marketing",5
82038,dietitian,F,18,dietitian,0.9971,0.0024,0.9947,"dietitian, registered, nutrition, doctors, specialists",5
22877,professor,M,0,professor,0.9989,0.9959,0.0031,"laboratory, studies, the, nanometer, imaging",5
79524,teacher,M,7,teacher,0.9591,0.9504,0.0087,"teachers, teachers, teaching, classroom, teacher",5
43975,teacher,F,7,teacher,0.7129,0.6431,0.0698,"teacher, taught, universities, has, program",5
42132,journalist,F,4,journalist,0.7652,0.605,0.1602,"druckman, expanding, lives, chefs, founder",5
94052,attorney,M,2,attorney,0.9994,0.999,0.0004,"law, lawyer, firm, law, clients",5
36186,professor,F,0,professor,0.9984,0.9926,0.0058,"research, information, include, department, interest",5
15649,surgeon,M,9,surgeon,0.9977,0.0079,0.9897,"orthopedics, medicine, practices, practice, dr",5
24896,photographer,M,3,photographer,0.9048,0.9223,-0.0176,"mm, film, created, work, aasne",5
58389,attorney,M,2,attorney,0.9985,0.9987,-0.0003,"lawyers, 2009, law, matters, association",5
60975,attorney,F,2,attorney,0.3079,0.1533,0.1546,"resides, organization, with, wrote, royalties",5
43795,professor,F,0,professor,0.9495,0.1063,0.8433,"internal, fellowship, university, cardiovascular, dr",5
48300,professor,M,0,professor,0.8272,0.0398,0.7874,"professor, an, is, associate, university",5
5417,professor,M,0,professor,0.9861,0.8976,0.0884,"is, professor, coeditor, university, joseph",5
17379,physician,F,1,physician,0.6485,0.7054,-0.0569,"medicine, dr, graduate, affiliated, dr",5
57152,physician,F,1,physician,0.9996,0.9403,0.0593,"medicine, practices, phoenix, medical, orthopaedic",5
74032,professor,M,0,professor,0.9768,0.0192,0.9577,"research, group, networked, mit, systems",5
73636,attorney,M,2,attorney,0.9978,0.9981,-0.0004,"attorney, attorney, practice, graduate, larimore",5
1506,surgeon,M,9,surgeon,0.9805,0.7688,0.2117,"neurosurgery, surgery, australian, ophthalmic, medical",5
95080,professor,M,0,professor,0.9984,0.9917,0.0067,"phd, economics, visiting, faculty, phd",5
26395,attorney,F,2,attorney,0.9906,0.6034,0.3872,"attorneys, joined, human, llm, virginia",5
49445,journalist,M,4,journalist,0.6498,0.4417,0.2081,"influence, malaysian, malaysia, interviewed, summit",5
72750,model,M,12,model,0.9987,0.0047,0.994,"modelling, modelling, modelling, been, has",5
75972,surgeon,M,9,surgeon,0.9909,0.0949,0.896,"surgeon, orthopaedic, orthopaedic, professor, surgery",5
44113,nurse,F,5,nurse,0.9995,0.7578,0.2416,"nurse, in, practitioner, especially, honors",5
8413,dentist,M,8,dentist,0.9686,0.986,-0.0174,"dental, indian, dental, dr, denture",5
35477,professor,M,0,professor,0.9994,0.9977,0.0017,"research, scientist, focuses, anthropogenic, wetland",5
28765,professor,F,0,professor,0.9939,0.9911,0.0029,"university, teaching, university, methodology, filologia",5
53745,photographer,M,3,photographer,0.9955,0.9914,0.0041,"photographer, cinematographers, photographers, staff, photographic",5
32835,physician,F,1,physician,0.41,0.1648,0.2452,"hospital, animal, joined, field, navy",5
26051,professor,F,0,professor,0.9873,0.9474,0.0399,"for, professor, neurology, neurologist, neurology",5
67020,professor,F,0,professor,0.9902,0.9747,0.0156,"lab, biology, undergraduate, psychology, university",5
90358,poet,F,13,poet,0.9892,0.973,0.0163,"poetry, writing, lives, creative, writers",5
44241,professor,M,0,professor,0.9994,0.9992,0.0002,"courses, teaches, university, faculty, american",5
42646,composer,M,17,composer,0.9893,0.963,0.0262,"composition, music, music, musical, vocal",5
56344,physician,M,1,physician,0.848,0.0934,0.7546,"dr, medical, graduate, epo, fletcher",5
3542,photographer,M,3,photographer,0.9869,0.925,0.062,"photojournalism, photography, photography, documentary, com",5
48103,professor,M,0,professor,0.9989,0.9878,0.0111,"research, anthropology, courses, author, university",5
49986,professor,M,0,professor,0.9864,0.9344,0.052,"doctoral, university, faculty, degrees, the",5
92854,software engineer,M,15,software engineer,0.808,0.9614,-0.1534,"of, teaches, programming, including, java",5
31729,poet,M,13,poet,0.9468,0.0326,0.9142,"lyricism, pure, is, iron, ability",5
20249,professor,M,0,professor,0.9988,0.8643,0.1346,"research, studying, research, focus, been",5
88575,professor,M,0,professor,0.966,0.1549,0.8111,"scientists, for, global, unsw, citizens",5
1824,comedian,F,19,comedian,0.9878,0.0022,0.9857,"stand, up, local, nominated, for",5
86371,professor,M,0,professor,0.9993,0.9955,0.0038,"research, doctoral, university, ph, journal",5
73968,nurse,F,5,nurse,0.9993,0.0905,0.9088,"nurse, in, especially, experiences, practitioner",5
11229,attorney,F,2,attorney,0.9244,0.8966,0.0277,"of, georgia, bachelor, supreme, georgia",5
24830,professor,M,0,professor,0.9174,0.8157,0.1016,"residency, countries, doctorate, university, faculty",5
94999,surgeon,M,9,surgeon,0.594,0.2072,0.3868,"dr, hagopian, opened, accepting, appointment",5
86993,accountant,M,16,accountant,0.9853,0.324,0.6613,"financial, operations, company, director, formerly",5
19416,poet,F,13,poet,0.954,0.8269,0.1272,"poetry, poetry, literary, reflects, english",5
85089,physician,M,1,physician,0.6982,0.7212,-0.0229,"medical, graduated, affiliated, wagenberg, hospital",5
39934,professor,M,0,professor,0.5001,0.1158,0.3843,"research, sciences, university, deals, uppsala",5
26468,dentist,M,8,dentist,0.9861,0.9919,-0.0058,"services, surgical, teeth, whitening, as",5
6570,model,F,12,model,0.999,0.9923,0.0067,"6312th, ranked, freeones, saint, freeones",5
45269,professor,M,0,professor,0.999,0.9988,0.0002,"professor, university, research, tufts, nyu",5
29227,photographer,F,3,photographer,0.8814,0.1019,0.7795,"photo, based, work, california, is",5
27005,journalist,F,4,journalist,0.9971,0.9948,0.0023,"newspapers, writing, weekly, publications, local",5
8152,model,F,12,model,0.6688,0.7483,-0.0794,"in, since, currently, is, hierarchic",5
1431,nurse,F,5,nurse,0.9037,0.3153,0.5884,"nursing, nursing, career, nurse, 2000",5
48761,teacher,F,7,teacher,0.7587,0.9214,-0.1627,"teacher, classroom, elementary, university, before",5
85569,nurse,F,5,nurse,0.7279,0.1208,0.6071,"hospital, lactation, assessor, baby, consultants",5
81414,professor,M,0,professor,0.998,0.0157,0.9823,"phd, dr, umbc, before, sabbatical",5
92176,psychologist,M,6,psychologist,0.9968,0.092,0.9048,"psychology, psychology, professional, specializes, clinical",5
20218,journalist,F,4,journalist,0.745,0.2263,0.5187,"amal, hezbollah, movement, lebanon, ridiculed",5
64102,professor,F,0,professor,0.9992,0.9923,0.0069,"phd, science, university, research, focuses",5
25902,professor,M,0,professor,0.997,0.9928,0.0041,"linguistics, research, interests, include, morphosyntax",5
58979,attorney,M,2,attorney,0.9992,0.999,0.0002,"uspto, litigation, technology, clients, litigation",5
54552,photographer,F,3,photographer,0.9869,0.5983,0.3886,"photojournalism, photography, photography, photographic, documentary",5
56561,architect,M,10,architect,0.962,0.2845,0.6775,"architecture, designing, enterprise, application, developing",5
92810,professor,M,0,professor,0.9995,0.9938,0.0058,"affiliate, economist, harvard, research, johnson",5
72082,professor,F,0,professor,0.9959,0.9942,0.0017,"research, research, amy, cognitive, topics",5
34181,software engineer,F,15,software engineer,0.9048,0.2479,0.6569,"javascript, node, aspects, particularly, the",5
59375,dietitian,M,18,dietitian,0.7119,0.1964,0.5155,"diet, diets, symptoms, food, gluten",5
2439,professor,F,0,professor,0.9994,0.9979,0.0015,"research, current, dr, explores, research",5
16283,professor,M,0,professor,0.4826,0.1281,0.3545,"films, nfb, fifteen, filmography, screen",5
57383,professor,F,0,professor,0.9996,0.9996,0.0,"research, fellowship, research, postdoctoral, teaching",5
58249,professor,F,0,professor,0.9976,0.9912,0.0064,"research, university, received, focuses, doctorate",5
20245,surgeon,M,9,surgeon,0.9977,0.0131,0.9846,"dr, practice, medicine, dr, years",5
35822,journalist,F,4,journalist,0.603,0.008,0.5949,"journalist, reporter, popular, news, talented",5
1667,accountant,M,16,accountant,0.8137,0.2152,0.5985,"stocks, started, charts, newsletter, wyckoff",5
12694,photographer,M,3,photographer,0.997,0.6469,0.35,"shooting, images, photography, capture, artist",5
14215,professor,M,0,professor,0.9994,0.9994,0.0,"professor, visiting, topics, research, explores",5
4189,software engineer,M,15,software engineer,0.8043,0.7896,0.0147,"distributed, hack, computing, design, holds",5
63241,professor,M,0,professor,0.9995,0.9994,0.0001,"brough, ph, university, dr, journal",5
41735,attorney,F,2,attorney,0.9993,0.9989,0.0004,"firm, litigation, financing, focuses, distilleries",5
18024,surgeon,M,9,surgeon,0.9739,0.1795,0.7944,"professor, surgery, dr, dr, james",5
25906,professor,F,0,professor,0.992,0.9904,0.0016,"oxidative, neurodegenerative, antioxidants, research, research",5
9016,journalist,F,4,journalist,0.9933,0.9941,-0.0008,"bbc, radio, documentary, media, radio",5
86076,physician,M,1,physician,0.6346,0.8993,-0.2647,"graduated, jefferson, medical, tripathi, dr",5
20721,painter,M,11,painter,0.5078,0.003,0.5048,"painting, painting, art, drawing, painting",5
25635,psychologist,F,6,psychologist,0.9774,0.6727,0.3046,"dr, settings, physical, clients, particularly",5
37285,photographer,F,3,photographer,0.9942,0.101,0.8932,"photography, lifestyle, camera, in, baby",5
69828,professor,F,0,professor,0.9972,0.9975,-0.0002,"postcolonial, comparative, graduate, literature, got",5
71062,professor,M,0,professor,0.9994,0.9994,0.0001,"professor, civil, doctorate, university, university",5
86741,photographer,M,3,photographer,0.9958,0.9625,0.0332,"photographs, images, landscape, have, taken",5
57269,psychologist,F,6,psychologist,0.7474,0.0713,0.6761,"adolescents, spectrum, with, extensive, consultation",5
11509,teacher,F,7,teacher,0.9646,0.8495,0.1151,"classes, taught, couple, montessori, english",5
13738,photographer,M,3,photographer,0.9969,0.9775,0.0193,"photograph, models, to, work, publications",5
56172,journalist,M,4,journalist,0.3437,0.1462,0.1975,"philosopher, detectives, firefighter, existential, life",5
58345,professor,F,0,professor,0.9986,0.5505,0.4481,"ethnohistory, archaeology, studies, colonial, america",5
56085,professor,M,0,professor,0.9994,0.9976,0.0018,"research, research, focuses, asks, macroeconomist",5
50387,professor,F,0,professor,0.9985,0.996,0.0024,"academic, dr, tulane, university, ph",5
52874,software engineer,M,15,software engineer,0.95,0.0023,0.9477,"engineering, diverse, background, software, has",5
64391,professor,M,0,professor,0.9542,0.1195,0.8347,"faculty, advisor, university, teaches, program",5
88120,professor,M,0,professor,0.9846,0.655,0.3296,"university, edition, published, also, press",5
53160,teacher,F,7,teacher,0.4745,0.2904,0.1842,"life, after, the, readers, pastor",5
77353,photographer,M,3,photographer,0.9464,0.0813,0.8651,"photography, photography, photo, photography, work",5
20376,journalist,M,4,journalist,0.9947,0.1209,0.8738,"journalism, degree, rmit, reviewer, honours",5
36370,professor,F,0,professor,0.543,0.0956,0.4474,"dr, received, 2008, research, medicine",5
45290,attorney,M,2,attorney,0.9994,0.9936,0.0057,"litigation, ettinger, counsel, serves, experienced",5
61676,teacher,F,7,teacher,0.5975,0.3078,0.2897,"karate, shotokan, six, color, two",5
71901,professor,M,0,professor,0.9931,0.3326,0.6605,"dr, findings, asc, institutions, highlighted",5
48593,physician,M,1,physician,0.9653,0.9836,-0.0183,"glaucoma, medical, attended, ophthalmology, dr",5
77029,physician,F,1,physician,0.9978,0.0269,0.971,"physician, dermatology, certification, health, bachelor",5
62420,poet,M,13,poet,0.9829,0.0046,0.9783,"poetry, poet, writing, written, creative",5
37155,professor,M,0,professor,0.9983,0.9949,0.0035,"bioinformatics, research, software, biology, university",5
23315,psychologist,M,6,psychologist,0.9839,0.9619,0.022,"clinician, addictions, addictions, therapy, mindfulness",5
47360,painter,F,11,painter,0.9928,0.8424,0.1504,"paintings, are, works, gallery, rendered",5
49966,professor,F,0,professor,0.6973,0.6441,0.0532,"involved, faculty, education, pediatric, students",5
2931,professor,M,0,professor,0.6474,0.0169,0.6305,"on, focuses, direct, combination, by",5
81661,professor,F,0,professor,0.9673,0.4804,0.4869,"researching, in, topics, stem, personalized",5
30135,filmmaker,M,14,filmmaker,0.4867,0.001,0.4857,"film, show, the, will, harvard",5
14051,attorney,F,2,attorney,0.22,0.1547,0.0653,"preparing, plants, clientele, burnham, burnham",5
39889,nurse,F,5,nurse,0.9929,0.8426,0.1503,"np, of, alaska, palmer, practices",5
72222,attorney,F,2,attorney,0.9993,0.9951,0.0042,"firm, law, litigation, immigration, business",5
18097,nurse,F,5,nurse,0.9992,0.554,0.4452,"nurse, midwife, certified, doctors, in",5
26318,psychologist,M,6,psychologist,0.9982,0.004,0.9942,"psychologist, clinical, in, diverse, george",5
44430,surgeon,M,9,surgeon,0.5045,0.6062,-0.1017,"medical, dr, orthopaedic, medicine, orthopaedic",5
12765,teacher,F,7,teacher,0.458,0.2236,0.2344,"special, children, taught, education, district",5
55981,professor,M,0,professor,0.6173,0.3542,0.2631,"topics, had, studied, articles, published",5
70712,professor,F,0,professor,0.9983,0.9905,0.0078,"community, published, articles, research, journal",5
32146,dentist,M,8,dentist,0.9964,0.0009,0.9955,"licence, dr, 1689058869, practices, kentucky",5
46712,professor,M,0,professor,0.9783,0.5687,0.4096,"research, scholarship, are, areas, ulf",5
46382,physician,M,1,physician,0.928,0.8797,0.0482,"medicine, hmo, graduated, humana, dr",5
14767,physician,M,1,physician,0.9949,0.9955,-0.0006,"medicine, interests, medical, affiliated, dr",5
73514,professor,M,0,professor,0.9994,0.9979,0.0015,"research, is, research, supercomputing, focused",5
69652,professor,M,0,professor,0.9994,0.9988,0.0006,"editorial, algorithms, won, ijcga, research",5
62460,nurse,F,5,nurse,0.9994,0.5195,0.4799,"nurse, especially, experiences, practitioner, hospitals",5
36774,surgeon,M,9,surgeon,0.9978,0.9718,0.026,"practice, graduated, dr, hospital, dr",5
1118,surgeon,M,9,surgeon,0.9978,0.9934,0.0043,"medicine, specializes, buntic, mcgill, practice",5
14153,attorney,F,2,attorney,0.9986,0.2247,0.7739,"legal, law, involved, consumer, people",5
32929,professor,F,0,professor,0.9991,0.9992,-0.0001,"professor, phd, university, costume, state",5
56801,professor,M,0,professor,0.8952,0.0117,0.8835,"doctoral, researching, degree, book, degree",5
94873,journalist,F,4,journalist,0.9935,0.9908,0.0027,"journalism, publications, journalism, reported, published",5
85006,model,F,12,model,0.9988,0.9966,0.0022,"175cm, fashion, runway, born, is",5
45844,professor,F,0,professor,0.6665,0.1102,0.5563,"technical, education, collaboration, department, teach",5
89542,physician,F,1,physician,0.997,0.8748,0.1222,"medicine, practices, specializes, fort, medical",5
9002,attorney,F,2,attorney,0.9916,0.9796,0.0121,"attorney, attorney, prosecutor, attorney, attorney",5
13398,professor,M,0,professor,0.9978,0.4526,0.5452,"bennet, faculty, yee, was, ucsd",5
43562,model,M,12,model,0.3245,0.139,0.1856,"demonstrated, complex, the, the, overall",5
67658,software engineer,M,15,software engineer,0.5265,0.399,0.1275,"programmer, in, developer, supports, community",5
54613,teacher,M,7,teacher,0.291,0.1883,0.1026,"schools, first, geography, book, among",5
95378,nurse,F,5,nurse,0.9983,0.7834,0.2149,"nurse, bank, gosh, patient, at",5
49302,surgeon,M,9,surgeon,0.9979,0.0142,0.9838,"dr, practice, dr, practices, medicine",5
36911,surgeon,F,9,surgeon,0.9677,0.9667,0.001,"orthopaedic, kowalchuk, dr, orthopaedic, reconstruction",5
34097,architect,M,10,architect,0.9915,0.2122,0.7793,"architecture, london, architectural, architectural, giulio",5
2782,composer,M,17,composer,0.9954,0.991,0.0045,"music, composition, music, scoring, composition",5
23671,professor,M,0,professor,0.9992,0.9986,0.0006,"primary, dr, are, research, research",5
34655,professor,F,0,professor,0.9423,0.854,0.0884,"scholar, understandings, relations, disability, the",5
88367,professor,M,0,professor,0.998,0.7573,0.2407,"research, focuses, behaviors, the, contributions",5
44175,journalist,F,4,journalist,0.992,0.1009,0.8911,"reporting, investigative, media, freelancer, founded",5
37239,physician,F,1,physician,0.9995,0.6174,0.3821,"medicine, practices, pediatrics, brockton, medical",5
92911,professor,M,0,professor,0.9741,0.9318,0.0423,"director, catheterization, university, university, cardiology",5
55575,nurse,F,5,nurse,0.9892,0.3073,0.6819,"nurse, nurse, rn, rn, multiple",5
87432,attorney,F,2,attorney,0.997,0.9945,0.0025,"legal, bar, practice, receiverships, litigating",5
53618,professor,M,0,professor,0.9972,0.9117,0.0854,"research, nuclear, experimentalist, experience, courses",5
77143,professor,M,0,professor,0.9989,0.9962,0.0027,"laboratory, dedicated, is, novel, micromechanics",5
46105,professor,M,0,professor,0.9992,0.996,0.0032,"university, researcher, received, engineering, ph",5
47692,journalist,M,4,journalist,0.963,0.9734,-0.0105,"reporter, meet, work, director, press",5
40338,physician,M,1,physician,0.8484,0.9795,-0.1311,"medicine, medicine, dr, affiliated, hospital",5
5476,professor,M,0,professor,0.9653,0.0221,0.9432,"prior, teaching, to, at, university",5
77851,professor,F,0,professor,0.9794,0.9353,0.0442,"blanaid, scholar, university, toronto, university",5
85834,professor,F,0,professor,0.9927,0.9939,-0.0012,"instructional, instructional, in, design, implementation",5
84466,painter,F,11,painter,0.9894,0.993,-0.0036,"painting, paintings, exhibited, artist, programs",5
18723,accountant,M,16,accountant,0.9949,0.881,0.1139,"pricewaterhousecoopers, valuations, valuations, specialised, partner",5
70746,professor,M,0,professor,0.9971,0.9962,0.0009,"research, interests, dissertation, university, are",5
68572,professor,M,0,professor,0.8833,0.3302,0.5531,"academic, university, working, hospitalist, completed",5
82476,professor,M,0,professor,0.9968,0.699,0.2979,"academic, ethnography, journals, volumes, connecticut",5
22722,teacher,F,7,teacher,0.9945,0.9882,0.0062,"kellie, students, teach, teaching, elementary",5
40192,accountant,M,16,accountant,0.9948,0.255,0.7398,"kpmg, accountancy, degree, bachelor, graduated",5
40975,photographer,M,3,photographer,0.9962,0.4897,0.5065,"photography, photography, shoot, photographic, career",5
56887,attorney,M,2,attorney,0.998,0.1737,0.8242,"law, clients, the, success, jeff",5
33525,professor,M,0,professor,0.9991,0.9981,0.001,"research, focuses, approaches, biomolecules, biomolecules",5
80223,teacher,F,7,teacher,0.6772,0.2139,0.4633,"yoga, yoga, teacher, understand, classes",5
70546,professor,M,0,professor,0.9896,0.5779,0.4116,"european, research, comparative, interests, include",5
38181,dentist,M,8,dentist,0.9627,0.9841,-0.0213,"dental, prabhakar, dental, indian, dental",5
24109,journalist,F,4,journalist,0.7868,0.9331,-0.1463,"served, writer, food, facebooktwitteremailprintmorepockettumblrlinkedinredditpinterestgoogle, south®",5
56995,model,F,12,model,0.999,0.9964,0.0026,"tempe, freeones, born, ranked, was",5
72762,professor,F,0,professor,0.999,0.9967,0.0024,"research, academic, doctoral, first, is",5
7487,filmmaker,M,14,filmmaker,0.9899,0.9905,-0.0006,"films, directed, feature, films, short",5
81186,poet,M,13,poet,0.9813,0.2208,0.7605,"poems, poems, invokes, with, are",5
49308,professor,F,0,professor,0.9974,0.8261,0.1713,"university, scholar, award, feminism, author",5
40864,teacher,M,7,teacher,0.7652,0.0124,0.7528,"school, eventually, measles, spread, measles",5
72314,nurse,M,5,nurse,0.9994,0.0489,0.9504,"nurse, in, hospital, experiences, especially",5
92655,professor,M,0,professor,0.9836,0.7833,0.2002,"department, classes, journal, papers, teaching",5
53989,psychologist,F,6,psychologist,0.9911,0.9941,-0.003,"psychodynamic, style, therapies, treat, therapeutic",5
11073,professor,M,0,professor,0.9982,0.991,0.0072,"research, studies, role, explores, cinema",5
70018,dentist,F,8,dentist,0.972,0.9718,0.0001,"dental, dental, dentistry, denture, dentures",5
54003,professor,F,0,professor,0.9956,0.9958,-0.0002,"conducts, research, empirical, journal, accounting",5
1498,professor,F,0,professor,0.6803,0.0415,0.6388,"edu, listing, counseling, coedu, similar",5
69008,nurse,F,5,nurse,0.9464,0.8933,0.0531,"nursing, nursing, nursing, career, msn",5
91725,architect,F,10,architect,0.9865,0.0242,0.9623,"architectural, architecture, architecture, architecture, sculptural",5
79902,professor,M,0,professor,0.997,0.9605,0.0366,"research, university, dr, intercultural, education",5
51401,professor,F,0,professor,0.9982,0.9736,0.0246,"research, university, doctorate, purdue, second",5
34108,dentist,M,8,dentist,0.9452,0.0001,0.9451,"dentistry, dentistry, dentistry, dentistry, pediatric",5
7325,professor,F,0,professor,0.999,0.949,0.05,"research, focus, current, interests, the",5
78732,dentist,M,8,dentist,0.9604,0.9097,0.0508,"dental, dr, practices, arijit, dental",5
22560,attorney,F,2,attorney,0.9987,0.9729,0.0258,"counsel, counsel, law, specializes, mikolashek",5
61736,professor,F,0,professor,0.8096,0.4103,0.3994,"university, counterterrorism, university, studies, indiana",5
64977,painter,M,11,painter,0.8202,0.6751,0.1451,"paintings, taught, paintings, artist, historian",5
42882,teacher,M,7,teacher,0.6277,0.0107,0.617,"teaching, turned, graduated, student, earned",5
40916,photographer,F,3,photographer,0.9967,0.6105,0.3862,"shooting, work, destination, please, of",5
26182,psychologist,F,6,psychologist,0.9918,0.9791,0.0127,"psychotrauma, therapy, therapy, at, works",5
60149,professor,F,0,professor,0.4904,0.0009,0.4895,"curriculum, educators, dr, ati, romer",5
15067,painter,F,11,painter,0.8788,0.0035,0.8753,"paintings, bfa, visual, translates, first",5
57496,software engineer,M,15,software engineer,0.9545,0.9441,0.0104,"production, eclipse3, db2, support, technical",5
47310,dentist,M,8,dentist,0.9981,0.0342,0.9639,"dentistry, dr, specialties, of, hospital",5
45220,physician,M,1,physician,0.9975,0.9971,0.0004,"dermatitis, medical, patient, medical, medical",5
30249,psychologist,F,6,psychologist,0.971,0.5303,0.4407,"dr, garnets, areas, following, expertise",5
1409,architect,M,10,architect,0.9966,0.9972,-0.0006,"architect, schalk, architectural, buildings, designed",5
77777,professor,M,0,professor,0.999,0.9806,0.0185,"macroeconomics, dr, research, prior, sahoo",5
17307,composer,M,17,composer,0.9944,0.0374,0.957,"music, electronic, sounds, focus, with",5
15316,professor,F,0,professor,0.9168,0.8358,0.081,"professor, conducts, research, anselmi, children",5
21780,attorney,F,2,attorney,0.997,0.9958,0.0012,"bar, clients, cases, association, litigating",5
5532,nurse,F,5,nurse,0.9993,0.8384,0.161,"nurse, hospitals, in, especially, experiences",5
7709,physician,F,1,physician,0.8166,0.7437,0.0729,"practice, 1609253616, npi, location, registry",5
34890,composer,M,17,composer,0.9953,0.9375,0.0578,"orchestral, music, music, instruments, musical",5
8454,professor,F,0,professor,0.9932,0.1301,0.863,"research, university, illinois, social, agenda",5
64487,nurse,F,5,nurse,0.9993,0.2977,0.7016,"nurse, in, especially, practitioner, jeanne",5
84265,professor,F,0,professor,0.9989,0.9984,0.0005,"american, african, editor, essays, african",5
29824,attorney,M,2,attorney,0.9992,0.9134,0.0858,"law, juris, practice, doctorate, law",5
57659,professor,M,0,professor,0.9989,0.9979,0.001,"research, published, interests, main, are",5
91175,professor,F,0,professor,0.9151,0.1013,0.8138,"investigating, been, neurobiology, research, university",5
53327,physician,F,1,physician,0.9944,0.9942,0.0002,"medicine, dr, dr, dr, preventive",5
90361,professor,M,0,professor,0.9959,0.9226,0.0733,"phd, university, research, are, the",5
9399,professor,M,0,professor,0.7146,0.3009,0.4137,"research, university, epidemiological, dept, jc4pc",5
72448,photographer,M,3,photographer,0.9638,0.0576,0.9062,"autodidactically, photography, photography, award, in",5
21794,nurse,F,5,nurse,0.9974,0.3687,0.6287,"nurse, career, nurse, practitioner, prior",5
81832,nurse,M,5,nurse,0.7425,0.0034,0.7391,"hospital, under, the, michael, dea",5
88791,attorney,M,2,attorney,0.9599,0.9958,-0.0359,"counsel, reporter, cases, circuit, appeals",5
91329,physician,M,1,physician,0.9991,0.9986,0.0005,"1073689527, license, california, dr, professional",5
33727,software engineer,M,15,software engineer,0.9484,0.4951,0.4533,"programming, new, paradigms, climbing, passion",5
9703,attorney,F,2,attorney,0.9993,0.2955,0.7038,"represents, subcontractors, dispute, mitigation, contractors",5
26066,filmmaker,F,14,filmmaker,0.9754,0.0359,0.9395,"filmmaking, sony, mashable, youtube, worked",5
56982,professor,M,0,professor,0.9086,0.6112,0.2974,"biostatistician, pathologists, committee, laboratory, 1990s",5
72927,photographer,M,3,photographer,0.9786,0.9384,0.0403,"prints, project, exhibition, lance, large",5
71674,poet,M,13,poet,0.9876,0.0215,0.9661,"poetry, poetry, shouts, and, people",5
86954,professor,M,0,professor,0.9474,0.8755,0.0718,"wildflowers, short, published, short, book",5
50925,professor,F,0,professor,0.9993,0.9991,0.0002,"research, courses, university, on, examines",5
71711,attorney,F,2,attorney,0.9992,0.9993,-0.0001,"lawyers, litigations, malpractice, represents, alleging",5
63125,physician,M,1,physician,0.9345,0.5661,0.3684,"medicine, medical, training, affiliated, patients",5
60230,filmmaker,M,14,filmmaker,0.9332,0.0019,0.9313,"cinematographer, movies, in, off, soothing",5
45751,architect,M,10,architect,0.9876,0.9223,0.0653,"architectural, project, thesis, manager, renovation",5
80716,attorney,M,2,attorney,0.3016,0.2084,0.0932,"alliance, philadelphia, state, 2000s, ecw",5
51423,comedian,F,19,comedian,0.9825,0.9558,0.0267,"comedy, what, crafted, was, enticed",5
86382,surgeon,M,9,surgeon,0.9304,0.928,0.0024,"neurosurgery, neurosurgery, surgery, neurosurgery, neurology",5
19101,journalist,M,4,journalist,0.4631,0.9836,-0.5204,"and, include, engagements, due, property",5
61275,professor,M,0,professor,0.9992,0.9976,0.0016,"academic, political, behavior, professor, studies",5
58728,professor,F,0,professor,0.9985,0.9976,0.0009,"currently, university, transnational, research, focuses",5
78975,physician,M,1,physician,0.9133,0.8378,0.0755,"dr, patient, physicians, graduated, medicine",5
13943,attorney,F,2,attorney,0.9993,0.9993,0.0,"practice, disputes, law, mirabile, courts",5
93798,professor,F,0,professor,0.9992,0.9988,0.0004,"university, research, journal, fellow, michigan",5
47841,journalist,M,4,journalist,0.997,0.9959,0.0011,"organisations, contributed, news, indian, various",5
18289,professor,M,0,professor,0.3878,0.0532,0.3345,"eeg, dogris, multiple, 20, dr",5
35401,surgeon,M,9,surgeon,0.9847,0.97,0.0147,"patellofemoral, surgery, cartilage, reconstruction, tibiofemoral",5
72876,professor,M,0,professor,0.9996,0.9994,0.0001,"articles, university, explores, published, comparative",5
23724,professor,M,0,professor,0.9979,0.9965,0.0013,"ieee, obtained, award, paper, university",5
40048,journalist,F,4,journalist,0.1643,0.0818,0.0825,"job, powered, keeping, school, from",5
47520,physician,F,1,physician,0.9996,0.9794,0.0201,"medicine, practices, orthopaedic, medical, specializes",5
91375,photographer,F,3,photographer,0.9954,0.9918,0.0037,"photography, photographer, photography, visual, and",5
20563,teacher,F,7,teacher,0.7987,0.2195,0.5791,"teacher, student, student, class, male",5
16121,professor,M,0,professor,0.9945,0.9774,0.0171,"fellowship, postdoctoral, research, hopkins, biology",5
41721,painter,F,11,painter,0.7695,0.0023,0.7672,"creative, classes, art, artistic, born",5
72599,professor,M,0,professor,0.9986,0.9919,0.0067,"research, studies, studies, literature, focuses",5
78503,professor,M,0,professor,0.9813,0.1101,0.8712,"research, focuses, using, advocate, on",5
76583,nurse,F,5,nurse,0.9994,0.3804,0.619,"nurse, in, hospitals, especially, honors",5
93485,professor,M,0,professor,0.9049,0.0017,0.9032,"university, curriculum, recognized, restoration, preservation",5
92804,nurse,F,5,nurse,0.9642,0.0355,0.9287,"nurse, nurse, nursing, practice, nursing",5
31756,attorney,M,2,attorney,0.9981,0.9973,0.0009,"law, bar, of, received, rundle",5
5339,physician,F,1,physician,0.7202,0.6666,0.0536,"practice, 1740594928, npi, lynn, registry",5
17369,professor,F,0,professor,0.9989,0.9988,0.0001,"rhetorical, resistance, focuses, research, studies",5
29215,painter,M,11,painter,0.9313,0.0832,0.8481,"pollock, gallery, baumgold, krasner, arts",5
91621,professor,M,0,professor,0.9724,0.0528,0.9197,"scholarship, student, advising, mentoring, curricular",5
21564,attorney,F,2,attorney,0.3714,0.1021,0.2693,"legal, of, career, bs, runs",5
42365,professor,M,0,professor,0.9968,0.9889,0.0079,"research, stomatitus, interests, dr, vesicular",5
65751,comedian,M,19,comedian,0.9936,0.9914,0.0021,"comedians, comedy, laughs, nbc, comic",5
45725,dentist,F,8,dentist,0.9724,0.9837,-0.0113,"dental, denture, denture, dr, sofiya",5
64298,painter,M,11,painter,0.5049,0.029,0.4759,"work, found, examples, neglected, bendibarrett",5
43483,professor,F,0,professor,0.999,0.9989,0.0001,"research, revolve, conducts, phd, research",5
63424,physician,F,1,physician,0.9995,0.553,0.4466,"medicine, medicine, practices, medical, specializes",5
58878,attorney,F,2,attorney,0.9992,0.9991,0.0,"baze, litigation, counsel, focuses, counsel",5
20692,attorney,F,2,attorney,0.9994,0.9992,0.0002,"represents, litigation, cases, disputes, investigations",5
4196,nurse,F,5,nurse,0.9993,0.0848,0.9145,"nurse, especially, experience, 2005, hospitals",5
81725,architect,M,10,architect,0.6503,0.2,0.4502,"architecting, architect, hadoop, on, companies",5
62396,poet,F,13,poet,0.7729,0.784,-0.0112,"poems, poetry, poetry, poets, yorker",5
19034,professor,F,0,professor,0.9989,0.0543,0.9446,"research, areas, global, include, social",5
47719,poet,F,13,poet,0.9821,0.9799,0.0022,"poetry, writing, poetry, poets, creative",5
58574,physician,F,1,physician,0.9995,0.9985,0.001,"medicine, medical, zylstra, whitinsville, gynecology",5
90188,software engineer,M,15,software engineer,0.9206,0.9478,-0.0271,"code, solutions, nearly, technical, manuals",5
74328,composer,M,17,composer,0.8692,0.6367,0.2325,"recording, shanghai, soundwalks, sounds, emphasizes",5
10987,physician,F,1,physician,0.9995,0.6341,0.3654,"practices, medicine, pediatrics, belleville, hospital",5
80873,composer,F,17,composer,0.991,0.9886,0.0024,"electronic, ensemble, quartet, chamber, instruments",5
14097,professor,M,0,professor,0.9994,0.8192,0.1802,"phd, dr, genetics, bowen, university",5
94832,attorney,M,2,attorney,0.9874,0.9659,0.0216,"litigation, law, probate, practice, concentrates",5
37993,dietitian,F,18,dietitian,0.9972,0.0334,0.9638,"dietitian, registered, nutrition, doctors, or",5
93135,journalist,F,4,journalist,0.9746,0.2057,0.7688,"journalist, fiona, famous, career, life",5
49083,professor,M,0,professor,0.9991,0.9988,0.0003,"faculty, university, university, marquette, postdoctoral",5
68179,physician,M,1,physician,0.9986,0.986,0.0126,"apo, 1861471591, license, dr, practices",5
28123,photographer,M,3,photographer,0.9413,0.1324,0.8089,"photographs, photographic, exhibited, paris, work",5
1733,teacher,F,7,teacher,0.64,0.158,0.482,"teaching, korea, south, bachelor, traveling",5
73699,attorney,M,2,attorney,0.9982,0.9988,-0.0006,"law, practicing, courts, district, circuit",5
35213,professor,M,0,professor,0.9988,0.9103,0.0885,"probability, research, obtained, university, misspecified",5
7907,psychologist,M,6,psychologist,0.5925,0.6381,-0.0456,"treatment, hyperactivity, effective, the, along",5
3350,professor,F,0,professor,0.997,0.9952,0.0019,"centers, research, language, phd, university",5
32931,journalist,F,4,journalist,0.3148,0.0715,0.2433,"stoke, footballer, bardley, phil, plays",5
8265,physician,M,1,physician,0.9531,0.9447,0.0084,"medicine, hospital, residency, dr, affiliated",5
80341,teacher,F,7,teacher,0.5163,0.4723,0.044,"music, been, involved, playing, sharing",5
43631,professor,F,0,professor,0.9289,0.0482,0.8807,"university, faculty, social, students, contribute",5
48054,journalist,M,4,journalist,0.9347,0.171,0.7637,"about, industry, everything, loves, gaming",5
20787,dentist,M,8,dentist,0.984,0.9883,-0.0043,"dental, dr, dental, dental, veneers",5
57761,psychologist,F,6,psychologist,0.995,0.9902,0.0047,"psychodynamic, adults, depression, clinical, specialties",5
13539,physician,M,1,physician,0.8138,0.8898,-0.076,"medicine, school, pittsburgh, university, medical",5
66096,nurse,F,5,nurse,0.5857,0.1748,0.4109,"patients, iowa, loves, des, adult",5
5722,physician,F,1,physician,0.9976,0.5201,0.4774,"pa, dr, dermatology, in, reichel",5
69531,physician,M,1,physician,0.9995,0.6178,0.3817,"medicine, medicine, practices, specializes, hospital",5
927,professor,M,0,professor,0.9878,0.27,0.7178,"prior, yale, time, to, winning",5
25023,nurse,F,5,nurse,0.9994,0.8435,0.1559,"nurse, in, hospitals, practitioner, having",5
6341,physician,M,1,physician,0.8393,0.8334,0.0059,"medicine, medicine, dr, at, affiliations",5
59804,professor,F,0,professor,0.6922,0.0453,0.6469,"focus, clinical, prenatal, fetal, is",5
25092,physician,F,1,physician,0.5709,0.008,0.5629,"physician, medical, inaugural, class, medical",5
94484,professor,F,0,professor,0.9982,0.9938,0.0044,"multilevel, journals, university, research, interests",5
28177,teacher,F,7,teacher,0.6506,0.1203,0.5303,"childcare, reed, graduated, center, development",5
85950,professor,F,0,professor,0.9974,0.9609,0.0365,"is, essay, recent, history, edited",5
12597,psychologist,M,6,psychologist,0.9717,0.0841,0.8877,"psychology, therapist, psychology, professional, family",5
8126,composer,F,17,composer,0.9568,0.0002,0.9566,"scores, musical, films, independent, scored",5
76993,professor,F,0,professor,0.9975,0.9794,0.0181,"research, explores, seminar, fashioning, ambivalence",5
34022,professor,F,0,professor,0.9961,0.978,0.0181,"university, economics, department, research, mathematics",5
18155,professor,F,0,professor,0.9943,0.9208,0.0735,"melissa, began, mit, career, exhibits",5
85547,dietitian,F,18,dietitian,0.9971,0.002,0.9951,"dietitian, registered, nutrition, doctors, honors",5
27946,composer,M,17,composer,0.9339,0.0152,0.9187,"cinematic, melodic, arrangements, sounds, warm",5
74006,composer,M,17,composer,0.9958,0.9895,0.0063,"music, scored, electronica, for, has",5
73994,dentist,F,8,dentist,0.9946,0.0787,0.9159,"dr, practising, dental, pune, clinic",5
53811,photographer,M,3,photographer,0.9951,0.8496,0.1455,"photographer, photographer, landscape, 2010, competition",5
36142,teacher,M,7,teacher,0.9771,0.7978,0.1793,"students, teaches, teachings, purification, those",5
43655,physician,M,1,physician,0.8731,0.6122,0.2609,"medical, graduate, medical, patient, pediatric",5
75082,physician,M,1,physician,0.9493,0.9644,-0.0151,"medicine, medicine, graduate, affiliations, hospital",5
29736,professor,M,0,professor,0.9994,0.9992,0.0002,"professor, assistant, ph, maryland, university",5
78512,architect,M,10,architect,0.7408,0.024,0.7168,"microsoft, microsoft, technology, innovation, company",5
50243,professor,F,0,professor,0.8537,0.8118,0.0419,"basis, university, fellowship, professor, neuropsychology",5
39940,attorney,F,2,attorney,0.9992,0.9758,0.0234,"probate, attorneys, practice, law, guardianship",5
66166,professor,F,0,professor,0.9971,0.9593,0.0378,"leatherman, dr, phd, university, research",5
8363,nurse,F,5,nurse,0.9924,0.09,0.9024,"nurse, nursing, science, of, practitioners",5
84273,filmmaker,M,14,filmmaker,0.9901,0.9783,0.0117,"filmmaking, screened, film, has, histories",5
29595,filmmaker,F,14,filmmaker,0.9805,0.0813,0.8992,"screen, directorial, directorial, work, work",5
24552,teacher,F,7,teacher,0.9644,0.4482,0.5162,"students, curriculum, students, learning, students",5
26685,journalist,M,4,journalist,0.7496,0.4313,0.3183,"stories, acclaim, mentor, of, prompted",5
19334,surgeon,F,9,surgeon,0.9879,0.3942,0.5937,"orthopedic, surgery, steinman, residency, orthopaedics",5
10387,surgeon,F,9,surgeon,0.9977,0.9939,0.0039,"medicine, dr, at, practices, surgical",5
32201,software engineer,M,15,software engineer,0.9043,0.1276,0.7767,"data, building, systems, designing, and",5
58282,professor,M,0,professor,0.998,0.8979,0.1001,"students, ph, university, research, sociology",5
49035,photographer,F,3,photographer,0.9849,0.9949,-0.01,"journalism, photographer, prize, the, for",5
23352,professor,F,0,professor,0.9234,0.946,-0.0226,"organogenesis, university, organogenesis, instructor, assistant",5
90291,architect,M,10,architect,0.874,0.1128,0.7612,"buildings, techniques, historic, developed, of",5
25358,nurse,F,5,nurse,0.3681,0.0421,0.326,"health, skill, to, is, germs",5
76803,psychologist,M,6,psychologist,0.9921,0.8254,0.1667,"parents, cope, helping, therapy, children",5
85590,professor,F,0,professor,0.9701,0.804,0.166,"chair, professor, university, undergraduates, as",5
28576,attorney,M,2,attorney,0.9992,0.9982,0.0011,"represented, represents, appeals, clients, clients",5
74893,teacher,M,7,teacher,0.9787,0.391,0.5877,"students, correa, teaching, teach, specifically",5
26200,professor,M,0,professor,0.9992,0.9988,0.0003,"research, press, university, focuses, intersections",5
14885,professor,M,0,professor,0.9961,0.871,0.1251,"research, boston, current, interest, doctoral",5
14442,architect,M,10,architect,0.6998,0.5089,0.1909,"projects, industry, toolkit, sql, server",5
83310,professor,F,0,professor,0.9944,0.9931,0.0013,"phd, professor, macroeconomics, copenhagen, university",5
21822,painter,M,11,painter,0.9014,0.9111,-0.0096,"from, colors, took, landscape, design",5
91539,professor,F,0,professor,0.9959,0.7723,0.2236,"comparative, phonology, linguistics, university, main",5
47824,architect,M,10,architect,0.5728,0.7492,-0.1765,"standards, years, area, technology, contributing",5
94091,photographer,F,3,photographer,0.9948,0.0711,0.9237,"photographic, photography, as, documentary, transcend",5
8694,nurse,F,5,nurse,0.9993,0.0147,0.9845,"nurse, in, practitioner, experiences, hospitals",5
35999,attorney,M,2,attorney,0.9809,0.1505,0.8304,"legal, sdk, disclaimer, untrusted, how",5
786,photographer,M,3,photographer,0.8456,0.2223,0.6233,"photographs, bbc, working, and, the",5
22750,professor,F,0,professor,0.9974,0.9969,0.0006,"postcolonialism, articles, postcommunism, press, published",5
44270,professor,F,0,professor,0.9387,0.2682,0.6705,"harvard, religion, initiative, spirituality, christian",5
34573,professor,M,0,professor,0.9989,0.9936,0.0054,"religion, discuss, edu, jbruce, can",5
44670,professor,M,0,professor,0.934,0.397,0.537,"researches, oncology, dr, cooperberg, focus",5
26558,professor,F,0,professor,0.9969,0.987,0.01,"university, doctoral, grant, fieldwork, brown",5
987,photographer,F,3,photographer,0.8415,0.7538,0.0877,"subjects, the, by, in, surrounds",5
2171,attorney,F,2,attorney,0.9992,0.9985,0.0007,"law, bachelor, cases, lawyers, immigration",5
60868,professor,M,0,professor,0.9979,0.1314,0.8665,"dr, counselor, specialization, lsu, education",5
22353,professor,F,0,professor,0.9958,0.9689,0.0269,"research, dr, university, interests, specializes",5
78455,professor,M,0,professor,0.9986,0.7004,0.2982,"resilience, on, doctorate, teaches, university",5
34535,professor,M,0,professor,0.9993,0.1098,0.8894,"phd, academia, public, faculty, entering",5
29494,professor,M,0,professor,0.9988,0.9921,0.0067,"research, multinationals, interests, include, from",5
6970,journalist,F,4,journalist,0.9833,0.4249,0.5585,"journalist, bbc, editor, freelance, edited",5
81777,journalist,F,4,journalist,0.9957,0.9937,0.002,"journalism, news, at, the, blogger",5
47944,professor,F,0,professor,0.9822,0.8651,0.1172,"research, lymphoma, translational, interests, specializes",5
76092,surgeon,M,9,surgeon,0.9974,0.9941,0.0034,"dr, medicine, surgery, residency, certified",5
54765,painter,M,11,painter,0.6486,0.0706,0.578,"has, illustrated, untitled, children, have",5
67872,teacher,F,7,teacher,0.992,0.9813,0.0107,"educator, been, classes, tutors, tutored",5
49259,teacher,F,7,teacher,0.7872,0.1309,0.6564,"learning, guide, presentations, enthusiasm, an",5
60181,professor,M,0,professor,0.9518,0.1314,0.8205,"endocrinology, research, interests, robotics, project",5
75421,physician,M,1,physician,0.5772,0.2939,0.2833,"medicine, practices, bachelor, dr, at",5
51571,photographer,M,3,photographer,0.9949,0.0019,0.993,"photography, images, and, corporate, in",5
46365,physician,M,1,physician,0.9996,0.749,0.2506,"medicine, dermatology, medical, hopson, affiliated",5
92126,comedian,M,19,comedian,0.9925,0.9761,0.0163,"television, comedy, comedic, performers, performances",5
52908,psychologist,M,6,psychologist,0.8867,0.955,-0.0683,"psychology, in, counseling, degree, founded",5
22107,poet,F,13,poet,0.9795,0.9443,0.0352,"poetry, poetry, poetry, poems, in",5
58186,psychologist,F,6,psychologist,0.963,0.1534,0.8096,"therapists, schatten, dr, individual, therapy",5
14286,poet,M,13,poet,0.9817,0.3332,0.6485,"poem, long, reads, the, that",5
4910,professor,F,0,professor,0.999,0.9983,0.0007,"research, journal, studying, interests, include",5
61132,nurse,M,5,nurse,0.9993,0.1372,0.8622,"nurse, in, hospital, especially, practitioner",5
73112,attorney,M,2,attorney,0.9787,0.88,0.0986,"lawyer, courtroom, practicing, attorney, in",5
62780,teacher,F,7,teacher,0.8859,0.7179,0.168,"students, course, teachers, kids, participants",5
3296,professor,F,0,professor,0.9989,0.986,0.0129,"research, doctorate, holds, anthropology, university",5
8700,professor,M,0,professor,0.9996,0.9994,0.0001,"university, nanotechnology, nanotechnology, university, researcher",5
31704,journalist,F,4,journalist,0.995,0.9958,-0.0007,"reporting, editor, news, awards, kong",5
46846,professor,F,0,professor,0.9994,0.999,0.0004,"industrial, journal, teaches, design, engineering",5
20452,professor,F,0,professor,0.9993,0.9314,0.0678,"research, specializes, recent, cultural, anthropologist",5
79309,composer,M,17,composer,0.9967,0.0428,0.954,"composing, trombone, orchestral, dynamic, elements",5
93036,surgeon,M,9,surgeon,0.9978,0.9969,0.0009,"medicine, orthopaedic, residency, dr, medicine",5
82716,attorney,M,2,attorney,0.9994,0.999,0.0003,"smuro, represents, nuptial, agreements, clients",5
28452,nurse,F,5,nurse,0.9994,0.2236,0.7758,"nurse, especially, experience, years, in",5
87947,professor,M,0,professor,0.5899,0.0022,0.5877,"law, university, director, teaching, been",5
93024,photographer,M,3,photographer,0.9969,0.9856,0.0113,"shoot, subject, shoots, extremely, can",5
60324,teacher,M,7,teacher,0.9817,0.4938,0.4879,"students, students, activities, seeing, state",5
13325,dietitian,M,18,dietitian,0.8894,0.0456,0.8438,"weight, holistic, expert, health, nutrition",5
23984,physician,F,1,physician,0.9995,0.9915,0.0079,"medicine, medical, medicine, practices, stanesa",5
26531,nurse,F,5,nurse,0.9992,0.0033,0.9959,"nurse, in, experiences, especially, hospitals",5
67454,dietitian,F,18,dietitian,0.9971,0.9291,0.0679,"nutrition, dietetic, nutritional, stephanie, education",5
49420,physician,M,1,physician,0.8431,0.705,0.1381,"medicine, cincinnati, graduated, college, of",5
8062,attorney,M,2,attorney,0.9959,0.7162,0.2797,"lawyers, immigration, bar, association, committee",5
12469,psychologist,F,6,psychologist,0.8142,0.8985,-0.0843,"specialists, team, health, practitioner, depression",5
72346,photographer,M,3,photographer,0.8647,0.0064,0.8583,"photographs, illustrates, doing, the, things",5
18331,nurse,F,5,nurse,0.9995,0.4962,0.5032,"nurse, in, hospital, especially, doctors",5
88767,attorney,M,2,attorney,0.9907,0.8857,0.1051,"attorney, attorney, prosecuting, law, municipal",5
39400,attorney,M,2,attorney,0.9993,0.999,0.0003,"bar, clients, memphis, malpractice, legal",5
48409,filmmaker,M,14,filmmaker,0.4521,0.1649,0.2872,"co, director, is, the, festival",5
76478,professor,F,0,professor,0.9952,0.9786,0.0166,"oncologist, undergraduate, chair, department, medical",5
67165,painter,F,11,painter,0.9473,0.4948,0.4525,"oils, paint, studio, studied, learned",5
12136,professor,F,0,professor,0.9916,0.4559,0.5357,"research, key, in, methodology, current",5
9522,photographer,M,3,photographer,0.998,0.9697,0.0283,"shoots, portraits, images, environmental, evoking",5
73719,software engineer,M,15,software engineer,0.913,0.9069,0.006,"technologies, applications, javascript, jquery, passion",5
54836,attorney,M,2,attorney,0.9993,0.9987,0.0006,"firm, judge, practice, law, degree",5
63994,attorney,M,2,attorney,0.9981,0.9936,0.0044,"attorney, an, kisner, admitted, licensed",5
59317,professor,F,0,professor,0.9984,0.9935,0.0049,"scholar, department, teaching, scholar, received",5
78957,journalist,F,4,journalist,0.9475,0.6708,0.2767,"german, scandals, consumerism, bestseller, political",5
37861,software engineer,M,15,software engineer,0.9153,0.7857,0.1295,"software, agile, development, source, development",5
25082,professor,M,0,professor,0.9983,0.878,0.1203,"research, previously, focuses, medicaid, of",5
33162,professor,M,0,professor,0.9903,0.9433,0.0471,"author, epistemology, university, fellows, press",5
49786,nurse,F,5,nurse,0.9495,0.792,0.1575,"nurse, nurse, practices, nurse, director",5
25316,professor,M,0,professor,0.997,0.9855,0.0115,"research, ieee, 3d, papers, vision",5
20348,dentist,M,8,dentist,0.9296,0.0004,0.9292,"dentistry, dentistry, dental, dentistry, phases",5
87988,professor,M,0,professor,0.9599,0.8776,0.0822,"phd, published, publications, teaches, marketing",5
40392,professor,M,0,professor,0.7302,0.0849,0.6452,"session, research, reported, is, research",5
43962,dietitian,F,18,dietitian,0.9972,0.0073,0.9899,"dietitian, registered, nutrition, nutrition, doctors",5
10189,physician,F,1,physician,0.9993,0.9757,0.0237,"medicine, medicine, practices, sioux, specializes",5
976,professor,M,0,professor,0.9989,0.9977,0.0012,"changing, work, area, examines, industrial",5
48882,journalist,F,4,journalist,0.9938,0.4099,0.5839,"journalist, woman, year, award, tibetan",5
39983,nurse,F,5,nurse,0.9993,0.1702,0.8291,"nurse, in, especially, practitioner, joyce",5
8780,attorney,F,2,attorney,0.9705,0.0671,0.9034,"prosecutors, association, blackprosecutors, national, director",5
90459,dietitian,F,18,dietitian,0.9307,0.0619,0.8689,"nutrition, and, specialist, and, runs",5
59603,professor,F,0,professor,0.9978,0.9904,0.0074,"postdoctoral, focuses, research, phd, university",5
36635,photographer,F,3,photographer,0.9481,0.8728,0.0753,"series, subject, titled, recent, the",5
23311,professor,F,0,professor,0.9992,0.9981,0.0011,"university, phd, university, department, teaches",5
45869,journalist,F,4,journalist,0.5793,0.291,0.2883,"sussex, event, in, languages, in",5
7300,psychologist,F,6,psychologist,0.9916,0.9859,0.0056,"helping, humanistic, therapy, cope, therapy",5
92406,professor,M,0,professor,0.9995,0.9992,0.0002,"teaches, undergraduate, graduate, research, on",5
82327,surgeon,F,9,surgeon,0.7869,0.176,0.611,"dr, babrowski, dr, aneurysms, aortic",5
73807,nurse,F,5,nurse,0.9859,0.0327,0.9533,"nursing, nursing, nurses, clinical, college",5
87485,teacher,M,7,teacher,0.4975,0.3294,0.1681,"school, life, district, hopes, deleonardis",5
91256,professor,M,0,professor,0.9994,0.9992,0.0002,"professor, teaching, university, university, research",5
34057,journalist,F,4,journalist,0.9787,0.9729,0.0058,"reporter, investigative, editor, blogger, an",5
7523,professor,F,0,professor,0.9933,0.5229,0.4704,"professor, published, investigator, articles, federally",5
92758,model,F,12,model,0.9986,0.9623,0.0363,"modeling, and, has, endorsement, work",5
4538,dentist,M,8,dentist,0.89,0.8777,0.0123,"dental, sandeep, dental, belgaum, sciences",5
82363,physician,M,1,physician,0.9183,0.4719,0.4465,"hospital, affiliated, osteopathic, attended, medicine",5
60958,architect,M,10,architect,0.7931,0.2945,0.4986,"involved, enterprise, portal, formerly, aspects",5
18222,attorney,M,2,attorney,0.3475,0.683,-0.3355,"while, 2015, create, budget, and",5
27732,journalist,M,4,journalist,0.9803,0.1198,0.8605,"journalism, school, graduated, news, 1980",5
40468,photographer,M,3,photographer,0.9938,0.4875,0.5063,"photographing, began, exhibited, exploration, espn",5
65339,professor,F,0,professor,0.985,0.9721,0.0129,"professor, primary, research, research, of",5
27545,physician,M,1,physician,0.9991,0.9986,0.0005,"md600020968, 1780729400, alaska, anchorage, license",5
63096,photographer,M,3,photographer,0.9947,0.9109,0.0837,"photography, photography, camera, photography, lens",5
69990,model,F,12,model,0.9991,0.9871,0.012,"born, freeones, was, ranked, 19",5
67260,surgeon,M,9,surgeon,0.7489,0.1872,0.5617,"surgeons, maxillofacial, surgeons, surgeons, experienced",5
7782,comedian,M,19,comedian,0.9927,0.9724,0.0204,"comedians, funniest, comedy, funny, opened",5
87017,journalist,F,4,journalist,0.9843,0.9223,0.062,"journalist, in, web, writer, content",5
43715,attorney,F,2,attorney,0.996,0.4914,0.5046,"bar, bar, california, association, member",5
58782,comedian,M,19,comedian,0.9892,0.9311,0.0581,"comedy, resonates, humor, scene, sensibilities",5
24866,nurse,F,5,nurse,0.9898,0.5856,0.4043,"nurse, hospital, their, peggy, susan",5
59109,accountant,M,16,accountant,0.9929,0.0579,0.935,"accountants, accountants, accountants, commerce, chartered",5
37253,professor,F,0,professor,0.9992,0.9989,0.0002,"university, faculty, received, hemispheric, ph",5
92515,architect,M,10,architect,0.9965,0.8847,0.1117,"architectural, architectural, american, design, designed",5
53310,architect,M,10,architect,0.6337,0.0141,0.6196,"buildings, building, workbook, building, roofs",5
57561,photographer,M,3,photographer,0.9415,0.6213,0.3202,"commissioned, portraits, work, to, exhibition",5
82790,attorney,F,2,attorney,0.9994,0.9991,0.0003,"litigation, experience, practice, opinion, jd",5
7482,professor,F,0,professor,0.9983,0.8868,0.1115,"mit, from, publications, 1970s, curator",5
12281,attorney,F,2,attorney,0.9991,0.9993,-0.0003,"litigation, complex, focuses, represents, civil",5
51055,journalist,F,4,journalist,0.9727,0.2459,0.7268,"reporting, media, covered, china, merger",5
86059,attorney,M,2,attorney,0.9993,0.9721,0.0272,"litigation, clients, specializes, economic, matters",5
45785,photographer,M,3,photographer,0.94,0.6852,0.2549,"project, focuses, camouflaged, going, the",5
57924,attorney,M,2,attorney,0.9992,0.9958,0.0035,"primarily, practice, controversies, focuses, clients",5
62994,professor,M,0,professor,0.984,0.9856,-0.0016,"lymphomas, fellowship, university, follicular, lymphoproliferative",5
67749,physician,M,1,physician,0.9973,0.9941,0.0032,"electrophysiological, medical, medical, dr, graduated",5
18422,attorney,F,2,attorney,0.9955,0.3227,0.6728,"law, cynthia, legal, law, hobbies",5
4673,journalist,M,4,journalist,0.9974,0.9969,0.0004,"covering, reported, affairs, specialised, internal",5
39686,dentist,M,8,dentist,0.9781,0.8714,0.1067,"dr, patients, gave, choice, vomero",5
55857,psychologist,M,6,psychologist,0.2001,0.0662,0.1339,"suffering, ptsd, from, ocean, matt",5
17084,attorney,M,2,attorney,0.998,0.136,0.8621,"litigation, litigation, transactional, divided, law",5
37889,professor,F,0,professor,0.9793,0.7942,0.1851,"research, researchers, research, global, award",5
71400,journalist,F,4,journalist,0.9971,0.9775,0.0196,"london, polish, based, the, weekly",5
41070,teacher,M,7,teacher,0.9882,0.8301,0.1581,"teachers, curriculum, teachers, trainer, with",5
81236,composer,M,17,composer,0.9883,0.2448,0.7434,"music, improvisation, compositions, melodies, audiences",5
19356,teacher,F,7,teacher,0.951,0.6933,0.2577,"students, teaching, classrooms, grapple, which",5
15812,journalist,M,4,journalist,0.8608,0.7663,0.0944,"focusing, ambitious, topics, news, illuminates",5
47910,professor,F,0,professor,0.9864,0.8889,0.0975,"university, comparative, lecturer, pila, intellectual",5
79540,professor,M,0,professor,0.9977,0.9778,0.0199,"lab, focuses, dr, genetics, biology",5
83317,dentist,M,8,dentist,0.9955,0.9778,0.0177,"dentist, dr, patients, dental, experience",5
69265,professor,F,0,professor,0.9976,0.9955,0.0022,"courses, teaches, faculty, tduncan, also",5
70434,professor,M,0,professor,0.9971,0.9956,0.0015,"university, internships, faculty, francis, the",5
94550,professor,F,0,professor,0.7483,0.239,0.5093,"author, scatterplot, fetner, the, right",5
82129,model,F,12,model,0.9982,0.9929,0.0053,"modeling, model, dmca, shoots, scoreland",5
45088,professor,F,0,professor,0.9983,0.8973,0.1009,"research, online, current, school, unc",5
89508,teacher,F,7,teacher,0.9939,0.4397,0.5542,"classroom, students, kristina, of, enjoys",5
26093,attorney,M,2,attorney,0.9538,0.8889,0.0649,"counsel, llp, serving, washington, served",5
86974,psychologist,M,6,psychologist,0.8357,0.1804,0.6553,"therapist, therapeutic, nlp, nlp, coaching",5
78801,psychologist,F,6,psychologist,0.9161,0.7605,0.1556,"psychotherapy, trauma, eye, approach, researched",5
48721,attorney,F,2,attorney,0.9989,0.9936,0.0052,"attorney, represents, clients, an, also",5
95337,professor,M,0,professor,0.9924,0.8483,0.1441,"mfa, has, taught, as, university",5
14426,composer,M,17,composer,0.9958,0.988,0.0078,"violin, composition, composition, concerto, composer",5
29014,poet,M,13,poet,0.8758,0.0052,0.8706,"poetry, french, university, english, through",5
54899,psychologist,M,6,psychologist,0.9915,0.7149,0.2766,"psychologists, phd, psychological, psychology, clinical",5
59387,model,F,12,model,0.999,0.994,0.0049,"guayaquil, freeones, ranked, 12288th, born",5
5205,composer,F,17,composer,0.9832,0.2022,0.7811,"composer, compositions, compositions, performed, have",5
91238,professor,F,0,professor,0.999,0.9986,0.0004,"university, politics, mobilize, author, state",5
58540,psychologist,M,6,psychologist,0.9984,0.154,0.8444,"psychologist, doctors, clinical, honors, 1993",5
46231,nurse,M,5,nurse,0.9958,0.1783,0.8176,"nursing, nurse, associate, in, from",5
26404,attorney,F,2,attorney,0.6065,0.0289,0.5776,"alex, graduated, law, california, lawyer",5
67573,nurse,F,5,nurse,0.9994,0.4112,0.5882,"nurse, hospitals, in, 2010, honors",5
40201,professor,M,0,professor,0.9624,0.9089,0.0535,"research, university, obtaining, currently, law",5
50966,dentist,M,8,dentist,0.9958,0.0658,0.93,"dr, oral, maxillofacial, dentistry, specialties",5
82737,nurse,F,5,nurse,0.8695,0.0011,0.8685,"nursing, science, master, daisy, of",5
59702,comedian,F,19,comedian,0.7598,0.7172,0.0425,"animated, voicing, show, star, of",5
12758,journalist,M,4,journalist,0.9948,0.9957,-0.0009,"editor, editor, news, news, guardian",5
73412,attorney,M,2,attorney,0.9991,0.5313,0.4678,"firm, attorneys, law, previously, associate",5
14734,professor,M,0,professor,0.3932,0.134,0.2593,"attempted, college, to, peopleand, racist",5
21593,teacher,F,7,teacher,0.8775,0.4772,0.4003,"teachers, montessori, and, education, the",5
73654,photographer,M,3,photographer,0.9969,0.9833,0.0136,"photography, photographs, portrait, shoots, shot",5
3040,professor,M,0,professor,0.9969,0.9888,0.0081,"focuses, project, book, research, published",5
14990,professor,M,0,professor,0.9992,0.9989,0.0003,"university, of, global, edited, the",5
50231,professor,M,0,professor,0.9983,0.9839,0.0144,"undergraduate, teaching, interest, graduate, dr",5
17483,professor,M,0,professor,0.906,0.0159,0.8901,"dr, kuo, usc, capacity, regulatory",5
85630,professor,F,0,professor,0.9983,0.9799,0.0184,"research, university, interests, social, include",5
37689,nurse,M,5,nurse,0.6761,0.0411,0.635,"tilly, to, health, about, and",5
60107,poet,M,13,poet,0.9412,0.5807,0.3604,"poetry, scapegoat, johnathan, writing, the",5
68047,attorney,M,2,attorney,0.9351,0.4644,0.4707,"clerk, appointed, practice, give, commissioners",5
81110,psychologist,M,6,psychologist,0.9983,0.0104,0.9879,"psychologist, clinical, in, cooperates, 2008",5
74091,professor,M,0,professor,0.9932,0.8869,0.1063,"professor, college, college, veterinary, university",5
35918,professor,M,0,professor,0.9981,0.9961,0.002,"dissertation, university, phd, prize, 2004",5
93030,professor,M,0,professor,0.9991,0.9987,0.0004,"university, university, press, press, articles",5
864,professor,F,0,professor,0.9935,0.1943,0.7992,"research, phd, syracuse, include, interests",5
35077,professor,M,0,professor,0.9987,0.6155,0.3832,"research, interests, prize, include, the",5
74373,model,F,12,model,0.999,0.9844,0.0146,"born, ranked, gallery, was, freeones",5
69715,professor,M,0,professor,0.8816,0.4024,0.4791,"grants, research, research, research, journals",5
10642,accountant,M,16,accountant,0.9689,0.1994,0.7695,"auditing, finance, practices, finance, director",5
74063,physician,F,1,physician,0.9996,0.9971,0.0025,"medicine, practices, disease, pa, harrisburg",5
1459,physician,M,1,physician,0.9995,0.9927,0.0069,"medicine, narcisse, elmhurst, medical, narcisse",5
17811,teacher,F,7,teacher,0.982,0.4688,0.5132,"students, teachers, children, the, lack",5
40242,psychologist,M,6,psychologist,0.9725,0.8025,0.17,"dynamics, takes, traumatize, anger, parent",5
57302,professor,F,0,professor,0.9816,0.5736,0.4081,"general, adolescent, students, psychiatry, child",5
7707,nurse,F,5,nurse,0.9993,0.7874,0.2119,"nurse, in, practitioner, honors, especially",5
90933,surgeon,M,9,surgeon,0.9851,0.9771,0.008,"hospital, surgery, surgeons, aesthetic, surgery",5
50361,model,M,12,model,0.239,0.0442,0.1948,"performed, has, in, alert, capacities",5
81786,professor,F,0,professor,0.5567,0.0434,0.5134,"mokwon, received, mfa, university, exhibitions",5
24370,painter,M,11,painter,0.9849,0.9492,0.0357,"paintings, canvas, oil, are, museum",5
90408,painter,M,11,painter,0.9885,0.953,0.0355,"painting, gallery, shown, gallery, art",5
49212,teacher,F,7,teacher,0.3788,0.175,0.2037,"happiest, lot, enjoys, and, spare",5
55566,attorney,F,2,attorney,0.8011,0.057,0.7441,"firm, the, technology, clients, consumer",5
24744,teacher,M,7,teacher,0.9659,0.7461,0.2198,"previously, ed, school, university, school",5
73269,teacher,M,7,teacher,0.9932,0.9598,0.0333,"teachers, teachers, classroom, teacher, teachers",5
10380,teacher,F,7,teacher,0.9907,0.9176,0.0731,"teaching, principal, taught, holds, five",5
19688,journalist,M,4,journalist,0.9788,0.9821,-0.0033,"publications, international, appeared, work, regional",5
20392,surgeon,M,9,surgeon,0.9151,0.0156,0.8995,"hospital, silicon, by, founded, silicon",5
59969,journalist,M,4,journalist,0.3248,0.1882,0.1366,"drivers, at, at, the, pepitone",5
47561,painter,F,11,painter,0.9512,0.4105,0.5407,"art, figurative, subjects, application, bfa",5
52066,attorney,M,2,attorney,0.9991,0.9984,0.0007,"firm, litigation, litigation, alex, courtroom",5
31828,professor,F,0,professor,0.9994,0.9982,0.0012,"phd, university, cornell, from, global",5
24002,psychologist,M,6,psychologist,0.9982,0.0427,0.9555,"psychologist, clinical, robert, medical, diverse",5
40216,attorney,M,2,attorney,0.9974,0.986,0.0115,"courtroom, arbitrator, disputes, application, resolves",5
49616,photographer,F,3,photographer,0.9948,0.0912,0.9036,"samanthafortenberryphotography, work, work, latest, series",5
65820,physician,M,1,physician,0.9992,0.9349,0.0642,"md, 1114026846, california, professional, g70593",5
68988,professor,F,0,professor,0.999,0.9982,0.0008,"university, ph, duquesne, information, courses",5
82424,photographer,F,3,photographer,0.9749,0.0277,0.9471,"photography, photography, about, inspiration, for",5
95395,professor,F,0,professor,0.1744,0.057,0.1173,"university, strategy, consultant, engineering, johns",5
45431,professor,M,0,professor,0.9989,0.9976,0.0014,"phd, research, interests, current, postdoctoral",5
56953,professor,F,0,professor,0.9592,0.257,0.7022,"educational, investigates, programming, bonstewart, intersections",5
31513,professor,F,0,professor,0.9978,0.9962,0.0016,"univerity, author, the, industrial, the",5
17901,psychologist,F,6,psychologist,0.9252,0.9094,0.0158,"psychology, in, behavior, adolescents, helped",5
54890,professor,F,0,professor,0.9945,0.9901,0.0044,"research, focuses, agroecosystems, program, food",5
17066,professor,F,0,professor,0.9974,0.1271,0.8703,"research, lab, chemist, college, chemistry",5
65009,physician,F,1,physician,0.9982,0.2832,0.715,"physician, physician, hospital, assistants, health",5
29506,teacher,F,7,teacher,0.987,0.8647,0.1223,"teach, aims, lesson, teaching, preparing",5
82437,nurse,F,5,nurse,0.9985,0.6812,0.3173,"nursing, oncology, 2001, since, worked",5
23830,professor,M,0,professor,0.9913,0.9331,0.0583,"faculty, 25, the, years, has",5
42543,professor,M,0,professor,0.8975,0.3642,0.5333,"chemistry, energy, car, programs, cells",5
46013,dentist,F,8,dentist,0.9573,0.9476,0.0097,"dental, dental, sciences, institute, dental",5
78915,dentist,M,8,dentist,0.9962,0.9856,0.0105,"dentist, dr, years, practising, 20",5
60842,physician,M,1,physician,0.889,0.0593,0.8298,"affiliated, hospital, hospital, is, 64",5
53065,attorney,M,2,attorney,0.9994,0.9989,0.0005,"focuses, court, disputes, well, practice",5
10290,journalist,F,4,journalist,0.6643,0.0305,0.6338,"by, dreams, radio, univision, nostalgia",5
11528,photographer,F,3,photographer,0.9953,0.9952,0.0001,"photography, photography, shooting, photos, photography",5
52893,professor,F,0,professor,0.9994,0.9993,0.0001,"university, scholar, carney, studies, journal",5
85243,professor,F,0,professor,0.9544,0.6836,0.2708,"dr, hatz, publications, school, public",5
53654,attorney,M,2,attorney,0.9952,0.9878,0.0073,"davis, underwritten, department, trial, families",5
68777,teacher,M,7,teacher,0.9306,0.6518,0.2788,"lecturer, teachers, education, education, singapore",5
89847,professor,F,0,professor,0.9709,0.8756,0.0953,"focuses, research, geriatrics, neuropsychology, dr",5
91005,software engineer,M,15,software engineer,0.9429,0.9206,0.0223,"software, source, linux, open, projects",5
48497,dentist,M,8,dentist,0.9285,0.0581,0.8704,"dental, jitesh, dr, bds, hospital",5
20401,professor,M,0,professor,0.9994,0.9991,0.0002,"research, doctorate, university, journal, development",5
55783,psychologist,F,6,psychologist,0.6188,0.4262,0.1926,"techniques, used, interrogating, stressful, testified",5
26982,nurse,F,5,nurse,0.9373,0.9045,0.0328,"nursing, nursing, nursing, currently, nursing",5
14561,professor,M,0,professor,0.9417,0.9736,-0.0319,"author, articles, company, 2001, performances",5
76071,professor,M,0,professor,0.9988,0.9708,0.028,"research, focuses, narrative, the, difficulty",5
22292,professor,F,0,professor,0.9888,0.1778,0.811,"research, examines, impact, communication, the",5
87534,software engineer,M,15,software engineer,0.9533,0.9269,0.0264,"computer, users, systems, search, facebook",5
87841,professor,M,0,professor,0.7963,0.0309,0.7654,"mba, rotman, the, of, three",5
17263,professor,F,0,professor,0.999,0.991,0.008,"phd, seismology, received, supercomputers, seismology",5
74549,professor,M,0,professor,0.9994,0.9993,0.0001,"research, journal, university, review, of",5
74895,teacher,M,7,teacher,0.1686,0.1607,0.0079,"that, tables, dreams, and, black",5
29205,professor,M,0,professor,0.4457,0.1313,0.3144,"history, on, writing, armed, forces",5
2371,physician,F,1,physician,0.8981,0.7505,0.1476,"medicine, medical, graduated, and, medical",5
42684,photographer,M,3,photographer,0.9962,0.5113,0.4849,"photographer, photographer, outdoor, work, olympus",5
4212,professor,M,0,professor,0.9996,0.9993,0.0002,"research, primary, at, cover, university",5
58758,dentist,F,8,dentist,0.9974,0.0003,0.997,"licence, dmd, apo, 1225445067, of",5
63624,professor,M,0,professor,0.9966,0.6005,0.396,"research, includes, area, computing, phd",5
86794,filmmaker,F,14,filmmaker,0.957,0.1235,0.8335,"films, short, films, dakar, screenplay",5
71446,professor,M,0,professor,0.9874,0.5656,0.4219,"expert, doseoptics, imaging, is, an",5
59152,physician,F,1,physician,0.9995,0.9764,0.0231,"medicine, practices, medical, flint, specializes",5
47905,attorney,M,2,attorney,0.9701,0.9719,-0.0017,"verdicts, jury, 1997, meyers, highest",5
40649,teacher,F,7,teacher,0.9141,0.0357,0.8784,"taught, schools, primary, graduated, schools",5
13922,dietitian,F,18,dietitian,0.9972,0.005,0.9922,"dietitian, registered, nutrition, doctors, or",5
48089,surgeon,F,9,surgeon,0.5105,0.0394,0.471,"breast, starting, accomplishments, evans, medical",5
17491,teacher,F,7,teacher,0.4836,0.5318,-0.0482,"university, fiction, writer, also, completed",5
47421,professor,F,0,professor,0.9912,0.9568,0.0344,"phd, university, did, teaching, teaching",5
56896,teacher,F,7,teacher,0.5851,0.3353,0.2499,"students, teaches, academy, science, frequently",5
22711,surgeon,M,9,surgeon,0.9524,0.2089,0.7435,"orthopaedic, orthopaedic, surgery, university, medicine",5
34105,dentist,F,8,dentist,0.8541,0.9137,-0.0596,"dental, sangeeta, dr, dr, patil",5
38376,professor,M,0,professor,0.9983,0.9974,0.0009,"include, corpus, interests, linguistics, linguistics",5
19826,physician,F,1,physician,0.8634,0.8135,0.0499,"chiropractic, pediatric, care, care, pregnancy",5
42516,professor,F,0,professor,0.9983,0.9972,0.0011,"doctorate, research, university, history, university",5
7674,professor,M,0,professor,0.9974,0.8033,0.1941,"research, research, recent, personal, uf",5
76486,photographer,M,3,photographer,0.9913,0.9478,0.0435,"work, focuses, focuses, that, streets",5
66021,professor,F,0,professor,0.9884,0.048,0.9404,"lab, research, the, examines, of",5
44460,photographer,F,3,photographer,0.9971,0.6567,0.3404,"photography, portrait, advertising, and, fashion",5
20173,professor,M,0,professor,0.1453,0.0844,0.0609,"indian, tribe, the, supai, history",5
7836,professor,F,0,professor,0.962,0.0152,0.9468,"research, teachers, focuses, on, inquiry",5
88173,attorney,M,2,attorney,0.9986,0.9993,-0.0006,"litigation, law, matters, attorney, probate",5
86739,poet,M,13,poet,0.713,0.4713,0.2417,"poetry, several, published, urdu, been",5
51004,nurse,F,5,nurse,0.311,0.3879,-0.0769,"tom, york, and, the, they",5
91623,professor,F,0,professor,0.5219,0.0415,0.4804,"pharmacy, bs, and, harding, college",5
55356,dentist,M,8,dentist,0.9881,0.9856,0.0025,"dental, dental, dental, rudinilo, dental",5
56236,photographer,M,3,photographer,0.9443,0.0326,0.9118,"series, instagram, reflect, phmuseum, upon",5
6581,physician,M,1,physician,0.9026,0.9548,-0.0522,"medicine, dr, attended, health, hospital",5
50156,professor,M,0,professor,0.9981,0.9963,0.0018,"funding, research, phd, university, consortium",5
90445,dietitian,F,18,dietitian,0.463,0.1995,0.2635,"wine, meals, prepare, food, ed",5
94275,physician,M,1,physician,0.9991,0.8081,0.191,"medicine, mooresville, otolaryngology, medical, affiliated",5
78408,professor,F,0,professor,0.9974,0.9956,0.0018,"program, comparative, princeton, philosophy, director",5
30526,physician,M,1,physician,0.3427,0.0048,0.3378,"medicine, in, careers, believes, begin",5
90427,photographer,M,3,photographer,0.9897,0.1743,0.8154,"photography, the, images, artist, inspired",5
44681,professor,M,0,professor,0.9694,0.9378,0.0316,"university, research, articles, essays, articles",5
92309,professor,M,0,professor,0.7831,0.1232,0.6599,"courses, both, instructed, wisconsin, energy",5
56324,poet,F,13,poet,0.7508,0.874,-0.1232,"with, narrators, playing, meanings, is",5
3301,physician,F,1,physician,0.9995,0.9719,0.0276,"medicine, practices, medicine, mcgaha, hendersonville",5
19025,professor,M,0,professor,0.9979,0.9976,0.0003,"professor, dissertation, university, the, research",5
26346,professor,M,0,professor,0.9988,0.9335,0.0653,"research, commodity, are, university, ph",5
54997,photographer,M,3,photographer,0.9957,0.8075,0.1882,"shoots, wedding, wedding, sole, the",5
42389,attorney,F,2,attorney,0.9885,0.4053,0.5833,"lawyers, association, immigration, author, immigrant",5
37278,model,F,12,model,0.9989,0.9963,0.0025,"model, models, runway, born, the",5
10792,professor,F,0,professor,0.9995,0.9994,0.0001,"research, misarti, college, research, oceanographic",5
32800,professor,M,0,professor,0.9925,0.1074,0.8851,"scholarship, teachers, addresses, pedagogy, to",5
61445,physician,F,1,physician,0.9996,0.982,0.0176,"medicine, yucaipa, medicine, escobal, hospital",5
42048,attorney,M,2,attorney,0.9778,0.0803,0.8974,"llm, jd, university, university, university",5
41708,model,F,12,model,0.2717,0.1127,0.159,"mannequins, film, and, cute, and",5
25913,attorney,M,2,attorney,0.9964,0.262,0.7344,"legal, executes, formulates, requirements, business",5
45873,physician,M,1,physician,0.9967,0.7411,0.2555,"md, apo, dr, license, r71672",5
74281,psychologist,M,6,psychologist,0.7996,0.7513,0.0483,"to, research, practitioners, involvement, abilities",5
74877,professor,M,0,professor,0.5634,0.0381,0.5253,"doctor, alleghany, university, is, university",5
23306,professor,F,0,professor,0.9715,0.9022,0.0693,"ecologist, policy, economists, effects, where",5
67021,software engineer,M,15,software engineer,0.9413,0.9122,0.0292,"windows, engineering, codemine, processes, solutions",5
60464,attorney,M,2,attorney,0.9904,0.5239,0.4665,"law, justice, review, graduated, criminal",5
51426,physician,M,1,physician,0.88,0.0547,0.8253,"dr, medical, mittal, patient, graduated",5
9035,professor,M,0,professor,0.9042,0.8234,0.0807,"computer, university, univesity, received, technical",5
55478,physician,M,1,physician,0.9781,0.4956,0.4825,"medical, dr, doctor, nvd, indian",5
25968,psychologist,M,6,psychologist,0.9984,0.008,0.9903,"psychologist, clinical, 1992, doctors, experiences",5
6932,professor,M,0,professor,0.9993,0.9985,0.0008,"research, explores, phd, boston, sociology",5
20987,professor,F,0,professor,0.9974,0.945,0.0525,"university, review, theory, 2016, book",5
54390,dentist,M,8,dentist,0.9649,0.8541,0.1108,"dr, patients, desai, choice, rated",5
88993,painter,M,11,painter,0.9819,0.9683,0.0135,"paint, studio, design, continues, artists",5
27793,professor,F,0,professor,0.9923,0.9849,0.0074,"professor, associate, committee, research, is",5
41574,dentist,F,8,dentist,0.9364,0.9164,0.02,"dental, dr, dental, research, bushra",5
55022,professor,F,0,professor,0.9978,0.9711,0.0267,"research, department, interests, research, visualization",5
74088,model,F,12,model,0.9985,0.4422,0.5563,"modelling, job, usa, brunette, mainly",5
86539,physician,M,1,physician,0.8852,0.8438,0.0413,"medicine, studied, at, dr, soppe",5
28579,journalist,M,4,journalist,0.9959,0.9904,0.0054,"correspondent, reported, has, corporation, on",5
26091,professor,M,0,professor,0.9983,0.9402,0.0581,"journal, managerial, research, topics, research",5
60862,professor,F,0,professor,0.9987,0.9781,0.0206,"research, university, organizational, current, received",5
85552,teacher,F,7,teacher,0.9953,0.3349,0.6604,"teacher, teaches, 11th, grade, honors",5
53127,nurse,F,5,nurse,0.99,0.517,0.4731,"nurse, nursing, bsn, nursing, nursing",5
20493,physician,F,1,physician,0.8695,0.7916,0.0779,"practice, 1912994054, cermak, hyderi, registry",5
87474,attorney,F,2,attorney,0.3954,0.415,-0.0196,"younts, 877, com, shaneannyounts, 2567",5
17828,professor,M,0,professor,0.993,0.2115,0.7814,"program, research, measurement, specializes, in",5
72464,attorney,M,2,attorney,0.9987,0.9926,0.0061,"professionals, business, law, owners, estate",5
75043,nurse,F,5,nurse,0.9994,0.9451,0.0544,"nurse, in, practitioner, medical, honors",5
17005,photographer,F,3,photographer,0.9937,0.9965,-0.0028,"photography, photography, shoots, pictures, photography",5
52771,software engineer,F,15,software engineer,0.6879,0.6219,0.066,"at, engineering, engineer, worked, icccn15",5
45576,professor,F,0,professor,0.9997,0.9997,0.0,"focuses, research, fellowship, phd, research",5
55414,physician,M,1,physician,0.9719,0.9683,0.0036,"medicine, studied, medicine, at, baylor",5
10077,professor,F,0,professor,0.9945,0.9798,0.0147,"university, studies, doctoral, also, dr",5
94683,physician,M,1,physician,0.8009,0.0086,0.7922,"medicine, professor, currently, hematology, medicine",5
32125,professor,M,0,professor,0.9996,0.9994,0.0001,"nanotechnology, faculty, fellowship, investigator, publications",5
59771,photographer,M,3,photographer,0.6925,0.4641,0.2283,"camera, artist, 4culture, project, of",5
71491,dietitian,F,18,dietitian,0.9958,0.8784,0.1174,"nutrition, diet, food, practices, nutrition",5
53634,professor,M,0,professor,0.9975,0.9954,0.0021,"ph, history, metaphysics, perspectives, fellowships",5
55169,photographer,F,3,photographer,0.9973,0.9801,0.0172,"work, shoot, ballet, photo, architecture",5
26560,painter,M,11,painter,0.9103,0.0196,0.8907,"paintings, crippling, compromised, life, creative",5
12059,professor,F,0,professor,0.9567,0.0219,0.9349,"dr, levy, university, texan, is",5
46336,comedian,M,19,comedian,0.9938,0.9926,0.0013,"comedy, perform, performing, comedy, laughs",5
42650,professor,M,0,professor,0.4405,0.0243,0.4163,"examine, to, or, incentive, not",5
85433,professor,F,0,professor,0.9966,0.9948,0.0018,"catharines, dialogism, author, 2000, specializing",5
78446,photographer,M,3,photographer,0.9891,0.0227,0.9664,"photography, photographic, photographs, studied, of",5
65196,attorney,F,2,attorney,0.9988,0.9978,0.001,"federal, multimillion, courts, clients, trials",5
40720,nurse,F,5,nurse,0.9994,0.8732,0.1262,"nurse, in, practitioner, honors, especially",5
67546,professor,F,0,professor,0.937,0.185,0.752,"professor, history, research, university, is",5
91210,professor,M,0,professor,0.99,0.8435,0.1465,"laboratory, received, laboratory, chemists, laboratory",5
74416,professor,F,0,professor,0.9002,0.0717,0.8285,"teaching, are, neuropsychological, approved, interests",5
69366,architect,M,10,architect,0.9923,0.4133,0.579,"architecture, architect, school, design, of",5
68821,professor,M,0,professor,0.9996,0.9961,0.0036,"energy, studies, environmental, research, regulation",5
11689,professor,F,0,professor,0.7562,0.1904,0.5658,"research, danceforms, dance, ballet, books",5
71219,painter,M,11,painter,0.9783,0.9612,0.0171,"painting, painting, painter, paintings, mfa",5
94572,software engineer,M,15,software engineer,0.7017,0.4766,0.2251,"javascript, framework, play, php, projects",5
88412,dietitian,F,18,dietitian,0.9932,0.039,0.9542,"nutrition, nutrition, graduate, ohio, gi",5
21711,journalist,M,4,journalist,0.5274,0.0494,0.4781,"issues, editor, about, writes, editor",5
73550,professor,F,0,professor,0.9987,0.9969,0.0017,"research, focuses, global, early, comparative",5
15447,attorney,M,2,attorney,0.9992,0.6225,0.3767,"law, practice, to, addition, serves",5
22029,psychologist,F,6,psychologist,0.5279,0.0984,0.4294,"psychologically, patients, dr, murdered, relationship",5
25040,journalist,M,4,journalist,0.7609,0.2246,0.5363,"book, moguls, reporter, harvey, weinstein",5
74511,psychologist,M,6,psychologist,0.8518,0.1799,0.6719,"psychology, psychology, masters, research, figurehead",5
54393,professor,M,0,professor,0.9981,0.9927,0.0054,"doctorate, professor, program, department, state",5
74851,physician,F,1,physician,0.9995,0.8787,0.1208,"medicine, endocrinology, practices, poceta, san",5
43933,physician,F,1,physician,0.6579,0.5602,0.0977,"dr, medical, maternity, gupta, practices",5
63844,professor,M,0,professor,0.9995,0.9992,0.0003,"research, focus, journal, interests, journal",5
20289,model,F,12,model,0.999,0.992,0.007,"14781th, born, freeones, ranked, gallery",5
40860,filmmaker,F,14,filmmaker,0.9955,0.9816,0.0139,"filmfestival, directed, films, film, short",5
61380,physician,F,1,physician,0.6419,0.5483,0.0936,"practice, blythe, blythe, 1912058017, is",5
78146,dentist,M,8,dentist,0.9435,0.9488,-0.0052,"dental, indian, tooth, subhvasant, teeth",5
19049,physician,M,1,physician,0.9918,0.001,0.9907,"physician, school, in, graduated, 2013",5
42320,painter,F,11,painter,0.9914,0.0407,0.9507,"paints, technique, wypych, work, viewer",5
90687,attorney,F,2,attorney,0.9989,0.9976,0.0014,"arizona, legal, law, licensed, specializes",5
12462,model,F,12,model,0.999,0.9977,0.0014,"newport, ranked, freeones, gallery, currently",5
57103,professor,F,0,professor,0.6843,0.3024,0.3819,"university, orangutan, research, philosophy, department",5
19390,surgeon,F,9,surgeon,0.9974,0.0185,0.9789,"medicine, practice, clinic, dr, dr",5
21342,journalist,F,4,journalist,0.6772,0.3536,0.3236,"broadcast, cafe, espn, world, prestigious",5
85401,photographer,M,3,photographer,0.996,0.2045,0.7915,"photographs, photos, shots, surreal, series",5
86730,professor,M,0,professor,0.9974,0.9903,0.0071,"research, focuses, press, professor, university",5
35260,photographer,M,3,photographer,0.9953,0.3991,0.5962,"photography, photographs, hoangnguyenphoto, defining, com",5
91229,physician,M,1,physician,0.9991,0.9984,0.0007,"1225085608, alabama, 25370, license, birmingham",5
29007,software engineer,M,15,software engineer,0.9452,0.8775,0.0677,"building, is, event, on, technological",5
60447,attorney,F,2,attorney,0.9982,0.9985,-0.0003,"law, disciplinary, attorneys, focuses, practice",5
48315,professor,F,0,professor,0.9984,0.9837,0.0147,"examines, research, quarterly, published, opinion",5
35781,professor,M,0,professor,0.639,0.0423,0.5967,"investigator, haematologist, the, haematological, the",5
28492,professor,F,0,professor,0.9807,0.0683,0.9123,"addition, research, in, to, organizations",5
76024,physician,M,1,physician,0.945,0.9647,-0.0197,"dr, medicine, graduated, medicare, school",5
44881,journalist,M,4,journalist,0.9019,0.98,-0.0781,"parting, columnist, well, for, shots",5
82975,nurse,F,5,nurse,0.9995,0.8835,0.1159,"nurse, in, practitioner, honors, medical",5
78727,accountant,F,16,accountant,0.997,0.2607,0.7362,"accounting, instructor, office, starkville, adjunct",5
94525,nurse,F,5,nurse,0.8561,0.0049,0.8512,"nursing, an, the, in, to",5
62663,dentist,M,8,dentist,0.8733,0.9333,-0.06,"dental, dental, kataria, indian, dental",5
11646,attorney,F,2,attorney,0.9988,0.9979,0.0009,"law, law, weinrib, degree, school",5
26545,professor,F,0,professor,0.8233,0.1078,0.7155,"education, academia, education, and, how",5
76100,professor,M,0,professor,0.9984,0.9953,0.0031,"research, current, intersection, university, university",5
77060,professor,M,0,professor,0.9972,0.9952,0.002,"courses, journal, leadership, teaches, human",5
64659,professor,M,0,professor,0.9789,0.008,0.9709,"research, interests, are, computer, diwakar",5
39811,journalist,M,4,journalist,0.9968,0.9746,0.0222,"media, writer, writing, 1999, staff",5
93129,physician,F,1,physician,0.5032,0.7154,-0.2122,"practice, 1003879388, kristi, years, registry",5
85523,professor,M,0,professor,0.9991,0.9906,0.0086,"dr, doctorate, associate, consults, business",5
8271,accountant,M,16,accountant,0.9961,0.008,0.9882,"accounting, 2007, rob, cfo, clickandpledge",5
83871,composer,M,17,composer,0.972,0.1844,0.7876,"stravinsky, music, the, projects, timbrally",5
70609,journalist,M,4,journalist,0.5241,0.1012,0.4228,"protests, mohamed, tortured, describes, decade",5
82045,journalist,F,4,journalist,0.9971,0.9866,0.0105,"journalism, editor, london, entertainment, writer",5
77864,professor,F,0,professor,0.9952,0.5612,0.434,"research, phd, interests, pathology, university",5
14842,physician,M,1,physician,0.9063,0.55,0.3563,"attended, medicine, medicare, insurance, honors",5
69703,teacher,F,7,teacher,0.8433,0.8371,0.0063,"students, weber, teaching, enjoys, art",5
55971,psychologist,F,6,psychologist,0.9852,0.8761,0.1091,"clients, collaborates, develop, fulfilling, personal",5
31706,professor,M,0,professor,0.9995,0.9989,0.0006,"research, university, interests, fio, tettey",5
2731,dietitian,F,18,dietitian,0.8233,0.0157,0.8076,"digestive, wellness, cardiovascular, and, gut",5
85516,professor,M,0,professor,0.9824,0.6416,0.3408,"phd, entitled, thesis, edited, to",5
10447,professor,M,0,professor,0.9976,0.9802,0.0175,"journal, studies, journal, appeared, southern",5
42944,psychologist,M,6,psychologist,0.2871,0.1894,0.0977,"using, with, early, the, basic",5
26378,professor,F,0,professor,0.9996,0.9993,0.0002,"professor, previously, princeton, physical, was",5
57872,professor,F,0,professor,0.9986,0.984,0.0146,"microbiology, environmental, is, bioprospecting, anaerobic",5
77931,professor,F,0,professor,0.9951,0.9589,0.0363,"university, scied458, education, majors, science",5
37397,architect,M,10,architect,0.9939,0.9906,0.0034,"architect, sensibilities, materials, buildings, houses",5
15403,attorney,M,2,attorney,0.9883,0.0871,0.9013,"law, transactions, partner, financial, the",5
69114,teacher,F,7,teacher,0.7216,0.0109,0.7107,"classroom, education, science, background, stem",5
63399,nurse,F,5,nurse,0.9885,0.0704,0.918,"nursing, clinic, basic, care, san",5
12789,professor,M,0,professor,0.9768,0.8674,0.1095,"interactive, thinkers, of, course, calculus",5
12844,accountant,M,16,accountant,0.4692,0.0218,0.4475,"firm, completing, business, requirements, were",5
13944,comedian,M,19,comedian,0.9921,0.0166,0.9755,"comedy, sketches, stand, dave, performs",5
2514,professor,F,0,professor,0.9961,0.9534,0.0427,"professor, research, began, visiting, phd",5
63619,physician,F,1,physician,0.9954,0.9947,0.0007,"dr, infertility, endometriosis, medicine, dr",5
33192,physician,M,1,physician,0.9995,0.9173,0.0822,"medicine, practices, orthopaedic, specializes, campbell",5
87259,photographer,M,3,photographer,0.9964,0.9237,0.0727,"photography, photos, models, working, different",5
11641,comedian,M,19,comedian,0.5303,0.3032,0.2272,"bio, zeleny, also, twitter, as",5
84649,physician,M,1,physician,0.9972,0.9895,0.0077,"affiliations, cataract, medicine, medical, medicine",5
77255,accountant,M,16,accountant,0.9968,0.7532,0.2435,"accounting, audits, returns, firms, and",5
57256,journalist,F,4,journalist,0.598,0.0633,0.5347,"the, leadership, graduate, communication, 2015",5
38988,attorney,M,2,attorney,0.9989,0.998,0.0009,"counsel, firm, judge, representing, practice",5
9964,professor,F,0,professor,0.9982,0.995,0.0032,"university, ballet, book, essays, dr",5
81140,photographer,F,3,photographer,0.2941,0.2825,0.0115,"enigmatic, who, is, to, after",5
22301,physician,F,1,physician,0.9824,0.7584,0.224,"physicians, practices, medicine, for, ma",5
12931,attorney,F,2,attorney,0.9523,0.9894,-0.0371,"human, pension, magazine, central, of",5
90304,professor,M,0,professor,0.9986,0.996,0.0026,"comparative, investigator, research, genomics, cyberinfrastructure",5
22732,nurse,F,5,nurse,0.9994,0.9411,0.0582,"nurse, hospital, in, practitioner, honors",5
2164,professor,M,0,professor,0.9988,0.9914,0.0074,"research, publications, contaminant, interests, contaminants",5
62876,professor,M,0,professor,0.9935,0.3478,0.6457,"studies, published, dickens, dickens, in",5
64373,photographer,F,3,photographer,0.9924,0.015,0.9774,"photography, subjects, 1952, germany, art",5
62934,professor,F,0,professor,0.9972,0.9956,0.0016,"ferruccio, includes, published, completing, dance",5
6069,professor,F,0,professor,0.9981,0.9975,0.0006,"bioethics, university, johns, 2005, cognition",5
69674,comedian,M,19,comedian,0.9473,0.6347,0.3126,"pranks, stunt, orchestrated, television, ontario",5
2131,poet,F,13,poet,0.9818,0.9633,0.0185,"poetry, chapbook, mfa, chapbook, work",5
9568,surgeon,M,9,surgeon,0.9971,0.9952,0.0019,"surgical, in, practice, medicine, specializes",5
88252,physician,M,1,physician,0.4287,0.091,0.3377,"medical, medical, received, from, the",5
92420,architect,M,10,architect,0.9946,0.4676,0.527,"architectural, architecture, kuala, lumpur, space",5
24167,professor,M,0,professor,0.9959,0.0709,0.925,"of, chicana, studies, ph, students",5
64550,dentist,M,8,dentist,0.9705,0.0223,0.9482,"has, practicing, dr, old, years",5
90320,professor,M,0,professor,0.9959,0.9617,0.0341,"research, doctoral, journal, interests, editor",5
78290,surgeon,M,9,surgeon,0.9972,0.0222,0.9751,"dr, oconnor, practices, practices, practice",5
10249,attorney,F,2,attorney,0.9985,0.9984,0.0001,"disputes, primary, property, real, matters",5
61381,professor,F,0,professor,0.9301,0.0144,0.9156,"investigators, the, university, hr, these",5
19307,surgeon,M,9,surgeon,0.7817,0.6275,0.1542,"studies, surgical, premedical, surgery, medical",5
94496,painter,M,11,painter,0.9808,0.76,0.2208,"paintings, paintings, exhibited, by, art",5
76812,photographer,F,3,photographer,0.9969,0.2559,0.741,"photography, photographer, photography, fotografie, freelance",5
88145,professor,F,0,professor,0.9992,0.9986,0.0006,"university, received, research, university, focuses",5
48991,filmmaker,M,14,filmmaker,0.9699,0.8899,0.08,"film, awards, 1999, screened, feature",5
12526,surgeon,M,9,surgeon,0.8238,0.0358,0.788,"neurosurgery, neurosurgeon, dr, medical, medicine",5
30184,professor,M,0,professor,0.9994,0.9983,0.0011,"research, university, geophysics, ph, yale",5
21782,professor,M,0,professor,0.9729,0.5148,0.4581,"currently, is, contemporary, researching, of",5
35400,professor,F,0,professor,0.9993,0.2885,0.7108,"schroeder, dr, chair, kentucky, dr",5
19671,filmmaker,M,14,filmmaker,0.8685,0.9605,-0.092,"film, directorial, films, has, project",5
28839,professor,F,0,professor,0.9976,0.8969,0.1007,"phd, teaches, mcmaster, 2006, msl",5
58977,physician,F,1,physician,0.5728,0.3706,0.2022,"patients, musculoskeletal, clinic, medical, suffering",5
59046,professor,M,0,professor,0.9852,0.4266,0.5586,"author, ph, abortion, earned, theology",5
4615,professor,F,0,professor,0.9994,0.9993,0.0001,"university, courses, universita©, journal, teaches",5
13637,filmmaker,F,14,filmmaker,0.9937,0.9861,0.0076,"film, directed, films, filmmaker, short",5
54584,journalist,M,4,journalist,0.9733,0.987,-0.0137,"reporting, international, chief, beijing, bureau",5
11015,physician,F,1,physician,0.999,0.8337,0.1652,"physician, assistant, patients, washington, health",5
22434,physician,M,1,physician,0.9178,0.9703,-0.0526,"doctor, dr, kamble, hospital, services",5
65733,professor,M,0,professor,0.9979,0.9286,0.0694,"engineering, university, phd, received, defended",5
22767,attorney,F,2,attorney,0.9991,0.999,0.0002,"clients, experience, law, insurance, clients",5
15059,professor,F,0,professor,0.9944,0.9919,0.0025,"chair, associate, research, department, instruction",5
68356,professor,M,0,professor,0.9989,0.4954,0.5034,"research, author, book, innovation, interests",5
36540,composer,M,17,composer,0.9945,0.9908,0.0036,"conservatory, hall, commissions, orchestra, projects",5
91822,professor,M,0,professor,0.9992,0.9719,0.0273,"postdoctoral, fellow, institute, previously, phd",5
13520,psychologist,M,6,psychologist,0.4985,0.2708,0.2277,"programs, appearing, evaluation, storyteller, involved",5
93134,dentist,M,8,dentist,0.9971,0.9861,0.011,"dentist, dr, dental, saheli, hospital",5
72974,physician,F,1,physician,0.9993,0.8611,0.1382,"medicine, practices, medical, menomonee, affiliated",5
13224,photographer,F,3,photographer,0.9948,0.7375,0.2573,"photography, portraiture, photography, professional, puyallup",5
75838,photographer,M,3,photographer,0.9969,0.9745,0.0224,"shot, portraits, numerous, malraux, corbusier",5
3774,surgeon,M,9,surgeon,0.9966,0.8241,0.1725,"practice, center, medical, doctors, medical",5
79838,professor,M,0,professor,0.9607,0.0737,0.887,"organisational, research, change, include, interests",5
68822,physician,F,1,physician,0.8692,0.6896,0.1796,"medicine, amy, medicine, physician, hospitals",5
35640,professor,M,0,professor,0.9958,0.2892,0.7066,"research, focuses, assessment, design, the",5
92403,model,M,12,model,0.9944,0.9806,0.0138,"model, rajeev, for, famous, roles",5
27618,photographer,M,3,photographer,0.9949,0.9424,0.0525,"photographer, editorial, photo, pictures, focuses",5
5403,professor,M,0,professor,0.9989,0.0071,0.9918,"faculty, professor, before, lyons, areas",5
4860,journalist,M,4,journalist,0.4257,0.0433,0.3824,"college, the, student, fighter, press",5
35927,professor,M,0,professor,0.8938,0.6047,0.2891,"scholarship, career, journals, that, research",5
95167,psychologist,M,6,psychologist,0.9108,0.9069,0.004,"psychopathy, psychopaths, extensively, psychopaths, and",5
33833,physician,M,1,physician,0.9581,0.9739,-0.0159,"medicine, school, dr, wisconsin, attended",5
93556,professor,M,0,professor,0.9986,0.9288,0.0698,"current, research, examines, the, author",5
57404,attorney,F,2,attorney,0.9992,0.9989,0.0003,"nesselbush, attorney, legal, career, clients",5
25995,attorney,F,2,attorney,0.9956,0.511,0.4846,"clients, advocacy, rights, justice, speaks",5
83943,professor,F,0,professor,0.9761,0.6565,0.3196,"phd, degree, 2001, social, with",5
84790,attorney,F,2,attorney,0.9991,0.9986,0.0005,"law, firm, law, 2015, practicing",5
74528,attorney,M,2,attorney,0.9946,0.9954,-0.0008,"litigation, lawyers, lawyers, cases, verdict",5
33996,psychologist,F,6,psychologist,0.8648,0.5731,0.2917,"associate, psychology, psychology, yale, joint",5
62016,poet,M,13,poet,0.988,0.9476,0.0403,"poem, pen, lyrics, puts, whether",5
28689,professor,F,0,professor,0.9991,0.999,0.0002,"education, phd, research, university, adult",5
95374,nurse,F,5,nurse,0.4599,0.0644,0.3954,"carina, nanny, miscarriage, an, accept",5
61784,professor,F,0,professor,0.9955,0.9938,0.0017,"courses, student, courses, range, composition",5
15444,nurse,F,5,nurse,0.998,0.9074,0.0906,"nursing, degree, nursing, the, from",5
65633,professor,M,0,professor,0.5969,0.0536,0.5433,"mfa, visiting, university, visiting, critic",5
4764,physician,F,1,physician,0.9996,0.9402,0.0593,"medicine, practices, medicine, medical, kansas",5
14918,professor,M,0,professor,0.872,0.0891,0.7829,"publications, been, international, published, work",5
4172,journalist,F,4,journalist,0.968,0.0039,0.9641,"reported, covered, editors, syria, kosovo",5
2790,professor,F,0,professor,0.9976,0.4273,0.5703,"research, research, projects, interests, multilevel",5
56247,professor,M,0,professor,0.9991,0.9893,0.0098,"university, doctoral, from, degree, colorado",5
23413,surgeon,M,9,surgeon,0.7998,0.8891,-0.0893,"cerebrovascular, neurosurgery, surgery, md, practice",5
48447,model,F,12,model,0.9986,0.4748,0.5237,"modeling, models, career, featured, crowned",5
49646,physician,F,1,physician,0.9987,0.4748,0.5239,"md, 1003013616, professional, credentials, carolina",5
80636,professor,F,0,professor,0.9994,0.1578,0.8416,"academia, doctoral, before, professor, dr",5
24128,composer,M,17,composer,0.9934,0.0485,0.9449,"scored, music, music, music, music",5
28171,professor,F,0,professor,0.9947,0.9306,0.0641,"research, published, articles, the, include",5
66933,professor,F,0,professor,0.6054,0.012,0.5934,"research, been, out, welfare, on",5
74783,attorney,F,2,attorney,0.9981,0.004,0.9941,"legal, courts, representation, practice, texas",5
57020,nurse,F,5,nurse,0.9993,0.8359,0.1634,"nurse, in, hospitals, especially, 1993",5
54800,attorney,M,2,attorney,0.9975,0.0239,0.9736,"law, loyola, superlawers, firm, history",5
38171,dentist,F,8,dentist,0.9873,0.0847,0.9026,"sujata, mumbai, com, dr, associated",5
45824,photographer,F,3,photographer,0.8694,0.0217,0.8476,"photography, earned, in, at, media",5
58662,psychologist,F,6,psychologist,0.4859,0.219,0.267,"2001, began, asylum, seekers, with",5
56683,professor,F,0,professor,0.9994,0.9939,0.0055,"research, publications, interests, the, edu",5
64033,journalist,M,4,journalist,0.9968,0.996,0.0008,"worked, editor, radio, hungarian, 2011",5
26994,psychologist,F,6,psychologist,0.9839,0.9917,-0.0078,"coping, counselor, worked, private, crisis",5
15915,professor,F,0,professor,0.9403,0.6556,0.2847,"conducts, craniofacial, craniofacial, craniofacial, drs",5
91593,professor,F,0,professor,0.9985,0.9976,0.0009,"published, book, examines, book, articles",5
68571,physician,F,1,physician,0.8776,0.0098,0.8679,"medical, solo, patients, practice, dr",5
79788,nurse,F,5,nurse,0.9957,0.0643,0.9314,"nurse, arnp, practitioner, specializing, care",5
51415,architect,M,10,architect,0.9958,0.9849,0.0109,"architectural, design, design, background, planning",5
51280,professor,M,0,professor,0.9985,0.9852,0.0133,"before, researcher, phd, university, oxford",5
24881,professor,F,0,professor,0.9994,0.9987,0.0007,"professor, theoretical, is, computer, mit",5
33467,dentist,M,8,dentist,0.9951,0.6802,0.3149,"dentist, dr, dental, endodontics, patients",5
66467,physician,M,1,physician,0.8961,0.2539,0.6422,"medical, dr, medicine, attended, gilmartin",5
71724,professor,M,0,professor,0.9993,0.9971,0.0022,"baylor, research, before, the, university",5
22782,professor,M,0,professor,0.999,0.9987,0.0003,"criminological, classes, teaches, vigilantism, research",5
53423,dentist,M,8,dentist,0.9901,0.0982,0.8919,"has, dr, practicing, years, old",5
27711,photographer,M,3,photographer,0.9909,0.9831,0.0078,"photography, photography, photography, camera, was",5
59019,journalist,M,4,journalist,0.3209,0.0947,0.2262,"bush, piece, commentary, of, political",5
70650,journalist,F,4,journalist,0.8036,0.5356,0.2679,"kurdish, mainly, european, work, global",5
81855,professor,M,0,professor,0.9954,0.9499,0.0455,"journal, articles, lab, physics, association",5
32976,surgeon,M,9,surgeon,0.8328,0.8201,0.0127,"neurosurgical, invasive, osteoarthritis, spinal, surgery",5
57583,journalist,M,4,journalist,0.9758,0.3564,0.6194,"editor, newspaper, chief, ghana, business",5
66893,physician,M,1,physician,0.9824,0.3609,0.6215,"naturopathic, national, graduated, medicine, experience",5
81089,physician,F,1,physician,0.9995,0.9826,0.0169,"medicine, medicine, hillsboro, practices, specializes",5
34967,professor,F,0,professor,0.9931,0.3727,0.6204,"doctorate, awarded, studies, university, honor",5
53138,journalist,M,4,journalist,0.2404,0.2684,-0.028,"diatribe, german, retail, ehrenfeld, sexy",5
80520,physician,F,1,physician,0.9996,0.9637,0.0358,"medicine, practices, immunology, hospital, oklahoma",5
44725,professor,F,0,professor,0.8959,0.0962,0.7997,"research, dr, university, received, sociometric",5
1136,professor,M,0,professor,0.9976,0.9681,0.0296,"research, security, focuses, university, department",5
86471,professor,M,0,professor,0.9991,0.9338,0.0653,"research, research, multifunctional, technologist, interests",5
92918,photographer,F,3,photographer,0.9483,0.0104,0.9379,"photographing, traveling, project, nations, visited",5
23422,software engineer,M,15,software engineer,0.8795,0.8564,0.0231,"ibm, leader, programming, engineers, team",5
84801,composer,M,17,composer,0.9947,0.1797,0.815,"music, articulates, kandinsky, the, arts",5
58105,nurse,M,5,nurse,0.9912,0.0862,0.905,"nurse, the, new, on, and",5
66721,painter,F,11,painter,0.9752,0.4227,0.5525,"painting, the, received, landscapes, bfa",5
60260,professor,F,0,professor,0.9978,0.9975,0.0003,"graduate, phonological, courses, teaches, research",5
6298,psychologist,M,6,psychologist,0.9703,0.8683,0.1019,"person, depression, about, explaining, effective",5
39899,filmmaker,F,14,filmmaker,0.9927,0.6673,0.3254,"filmmaking, films, short, film, creating",5
5039,teacher,F,7,teacher,0.1881,0.1811,0.007,"manages, awesome, family, family, friendships",5
79859,model,F,12,model,0.7991,0.1045,0.6946,"hands, designers, cruel, and, photographers",5
45488,professor,M,0,professor,0.9107,0.6443,0.2664,"university, ph, american, blog, is",5
40779,professor,F,0,professor,0.997,0.9781,0.019,"faculty, research, paper, scientific, economics",5
43535,composer,M,17,composer,0.9544,0.158,0.7963,"music, albums, many, bulgarian, published",5
64464,nurse,F,5,nurse,0.993,0.9896,0.0034,"nursing, nurse, college, el, nursing",5
76396,software engineer,F,15,software engineer,0.8818,0.7111,0.1707,"analysis, team, development, database, systems",5
67435,professor,M,0,professor,0.9959,0.995,0.0009,"research, essays, interests, author, include",5
10467,professor,F,0,professor,0.908,0.1775,0.7305,"focuses, research, epidemiological, development, the",5
4239,teacher,M,7,teacher,0.9897,0.9855,0.0042,"course, from, english, grade, taught",5
16304,attorney,F,2,attorney,0.9972,0.9738,0.0233,"law, general, corporations, representing, focuses",5
18769,nurse,F,5,nurse,0.9954,0.5834,0.412,"nurse, program, caring, at, how",5
63117,physician,F,1,physician,0.9867,0.9387,0.048,"biopsychosocial, medicine, osteopathic, medicine, medicine",5
30885,surgeon,M,9,surgeon,0.9465,0.0569,0.8895,"surgery, general, certified, surgery, with",5
19751,professor,F,0,professor,0.9967,0.9382,0.0584,"research, scholar, grants, areas, research",5
94584,filmmaker,M,14,filmmaker,0.9754,0.2006,0.7748,"film, film, the, describing, exploration",5
27721,professor,M,0,professor,0.9984,0.9535,0.045,"research, focuses, influence, are, investigates",5
55862,professor,F,0,professor,0.9707,0.8428,0.1279,"research, on, project, previously, studies",5
37468,professor,M,0,professor,0.9986,0.9244,0.0742,"research, concerns, cognitive, epistemology, philosophy",5
82798,professor,F,0,professor,0.9994,0.9994,0.0,"studies, received, mcgill, political, fellow",5
3623,attorney,M,2,attorney,0.9982,0.031,0.9671,"law, law, startups, law, degree",5
89814,professor,F,0,professor,0.9984,0.9237,0.0747,"research, interests, research, lie, cepr",5
13824,teacher,F,7,teacher,0.9697,0.6425,0.3272,"students, homework, supervision, supports, hobbies",5
9391,journalist,F,4,journalist,0.9726,0.6937,0.2789,"twitter, caribbean, industry, social, up",5
16087,professor,M,0,professor,0.9009,0.8776,0.0233,"lab, author, scientific, articles, eye",5
79514,professor,F,0,professor,0.9991,0.9987,0.0005,"research, examines, is, currently, sentencing",5
3831,physician,M,1,physician,0.8281,0.9574,-0.1293,"medical, performed, medicine, cataracts, ophthalmology",5
51714,physician,F,1,physician,0.2016,0.1311,0.0705,"medical, dying, cure, sacrifice, refuses",5
60965,professor,M,0,professor,0.9962,0.4795,0.5167,"fellowship, anatomic, pathology, and, pathology",5
46029,photographer,F,3,photographer,0.9957,0.214,0.7817,"photography, fine, seattle, thesis, art",5
32338,software engineer,M,15,software engineer,0.9492,0.0263,0.9229,"code, skills, honing, the, devops",5
47170,nurse,F,5,nurse,0.9993,0.3521,0.6472,"nurse, in, medical, honors, especially",5
70021,professor,M,0,professor,0.9807,0.237,0.7437,"research, main, are, analysis, corpus",5
75330,professor,M,0,professor,0.9977,0.9865,0.0112,"research, interests, faculty, mit, include",5
5581,painter,M,11,painter,0.5072,0.0169,0.4904,"painting, painting, award, years, work",5
62528,professor,F,0,professor,0.9569,0.0913,0.8656,"science, neurodevelopment, fellowship, genetics, students",5
3380,professor,M,0,professor,0.8948,0.2592,0.6357,"research, interests, categorisation, include, examining",5
57264,attorney,M,2,attorney,0.9972,0.1652,0.832,"represented, experience, companies, agencies, managers",5
38775,attorney,F,2,attorney,0.9988,0.9992,-0.0003,"attorney, cases, racketeer, firm, fiduciary",5
79048,professor,F,0,professor,0.9952,0.9897,0.0055,"research, interests, review, include, in",5
20028,journalist,F,4,journalist,0.9144,0.7211,0.1933,"works, freelancers, african, durban, shapiro",5
11985,physician,F,1,physician,0.7875,0.5905,0.197,"practice, 1609152065, 54915, location, registry",5
48283,poet,F,13,poet,0.9842,0.0899,0.8943,"poetry, poetry, poetry, focuses, work",5
95315,professor,F,0,professor,0.9987,0.998,0.0008,"courses, undergraduate, teaching, research, program",5
68934,software engineer,M,15,software engineer,0.9107,0.9101,0.0006,"technology, heuristics, committer, distributed, optimized",5
67649,professor,M,0,professor,0.9993,0.9989,0.0003,"phd, university, academic, teaching, review",5
62575,attorney,M,2,attorney,0.9981,0.4716,0.5265,"attorney, lawyer, law, employment, list",5
71744,professor,F,0,professor,0.9843,0.674,0.3103,"linkages, social, on, anthropology, specialisation",5
26922,physician,F,1,physician,0.9762,0.9485,0.0276,"medicine, myeloid, callahan, affiliations, dr",5
67032,composer,M,17,composer,0.9907,0.7295,0.2613,"choreographers, works, include, music, music",5
81542,professor,M,0,professor,0.9993,0.997,0.0023,"received, university, professor, university, prior",5
87321,photographer,F,3,photographer,0.996,0.9943,0.0017,"photography, photography, photographers, professional, advertising",5
82736,physician,M,1,physician,0.9036,0.8784,0.0252,"practice, 1215902978, location, 56377, registry",5
41193,professor,F,0,professor,0.733,0.2148,0.5182,"thinking, teaches, creativity, and, chair",5
30361,architect,M,10,architect,0.9831,0.0779,0.9052,"architecture, director, firms, uk, poulson",5
48659,photographer,M,3,photographer,0.9961,0.937,0.0591,"photographer, shoots, documentary, capture, the",5
68589,photographer,M,3,photographer,0.9934,0.0102,0.9832,"photography, photography, photographing, photographer, photographs",5
74271,professor,M,0,professor,0.9984,0.048,0.9504,"research, social, include, interests, media",5
18241,dietitian,F,18,dietitian,0.991,0.2927,0.6983,"diets, nutritional, science, unique, goals",5
40210,professor,F,0,professor,0.9988,0.9952,0.0037,"school, research, faculty, faculty, interprofessional",5
57244,painter,F,11,painter,0.6623,0.0794,0.5828,"portraits, subjects, biblical, portraits, figures",5
92019,teacher,M,7,teacher,0.9262,0.9002,0.026,"academy, school, at, started, and",5
25340,software engineer,M,15,software engineer,0.9781,0.9747,0.0034,"php, javascript, android, developing, blogging",5
6379,photographer,F,3,photographer,0.7354,0.0029,0.7326,"photography, photography, work, photography, photography",5
66181,psychologist,F,6,psychologist,0.9868,0.5477,0.4392,"depression, families, individuals, helped, couples",5
81388,professor,M,0,professor,0.9388,0.2959,0.6429,"recognized, health, expert, an, spoken",5
89321,psychologist,F,6,psychologist,0.9863,0.4845,0.5018,"psychiatry, psychology, lecturer, at, from",5
88197,architect,M,10,architect,0.9943,0.4941,0.5001,"architecture, design, architecture, planning, lectures",5
46791,dentist,M,8,dentist,0.997,0.9913,0.0057,"dentist, dr, years, experience, of",5
14423,professor,M,0,professor,0.8841,0.1078,0.7764,"doctoral, university, study, swansea, graduated",5
75570,accountant,M,16,accountant,0.9205,0.9243,-0.0038,"recruit, working, joined, acquired, resourcing",5
91312,professor,F,0,professor,0.9973,0.9262,0.0711,"dr, the, duties, performances, choruses",5
67570,dentist,F,8,dentist,0.9585,0.5318,0.4267,"dr, patient, placed, choice, carriers",5
61351,teacher,F,7,teacher,0.6583,0.374,0.2843,"experiences, michelle, takes, seriously, colleague",5
38051,physician,F,1,physician,0.6871,0.4964,0.1907,"practice, hytrek, 1265648372, registry, 90806",5
53207,painter,M,11,painter,0.864,0.0047,0.8593,"paintings, realist, life, the, the",5
43190,journalist,M,4,journalist,0.6522,0.0373,0.6149,"journalists, journalism, editor, became, 2012",5
55934,model,F,12,model,0.9964,0.9557,0.0407,"pose, model, acted, macpherson, fashion",5
62577,attorney,M,2,attorney,0.9667,0.9124,0.0544,"attorney, lobbyist, registered, corporations, is",5
40194,physician,F,1,physician,0.6818,0.5987,0.0832,"conyers, practice, 1407873086, ia, elizabeth",5
66406,nurse,F,5,nurse,0.9993,0.4641,0.5352,"nurse, hospitals, in, especially, practitioner",5
40125,professor,F,0,professor,0.9989,0.9867,0.0123,"actuarial, teaches, undergraduate, courses, graduate",5
27486,painter,M,11,painter,0.9905,0.9768,0.0137,"painting, oil, gallery, oil, exhibitions",5
10119,professor,M,0,professor,0.999,0.9978,0.0012,"has, international, research, advances, journal",5
12161,photographer,F,3,photographer,0.9957,0.1912,0.8045,"subjects, portraits, concentrates, atlanta, natural",5
36319,architect,M,10,architect,0.5913,0.0016,0.5897,"architecture, of, the, at, series",5
32860,photographer,M,3,photographer,0.9965,0.5973,0.3992,"photographey, shoots, outdoor, in, weddings",5
5530,attorney,F,2,attorney,0.999,0.999,0.0,"law, supreme, tracks, birnbaum, briefs",5
47371,journalist,F,4,journalist,0.9961,0.2716,0.7245,"journalists, media, has, years, research",5
95004,accountant,F,16,accountant,0.9703,0.0428,0.9274,"tax, expertise, 1986, practicing, and",5
69035,attorney,F,2,attorney,0.9976,0.995,0.0026,"attorney, law, specializing, electronic, issues",5
57334,surgeon,M,9,surgeon,0.7939,0.0377,0.7562,"dr, named, surgery, has, the",5
49219,professor,F,0,professor,0.9954,0.9932,0.0022,"research, undergraduate, focuses, currently, teaches",5
74339,model,F,12,model,0.999,0.9966,0.0024,"evansville, freeones, ranked, 102th, gallery",5
57648,professor,M,0,professor,0.9345,0.1563,0.7782,"fiction, interdisciplinary, nonfiction, work, journals",5
60417,professor,F,0,professor,0.9968,0.9977,-0.0008,"research, published, articles, edited, education",5
66922,professor,F,0,professor,0.998,0.9863,0.0116,"pedagogical, university, phd, bilingual, university",5
81825,surgeon,M,9,surgeon,0.9978,0.9957,0.0021,"surgery, aguillon, practices, dr, residency",5
69717,physician,M,1,physician,0.9566,0.8835,0.0731,"medicine, medicine, carbohydrate, medical, immunodepression",5
78780,software engineer,M,15,software engineer,0.8992,0.7792,0.12,"platforms, games, based, the, industry",5
7542,photographer,M,3,photographer,0.9929,0.0048,0.9882,"photograph, images, photographer, photo, published",5
87975,surgeon,M,9,surgeon,0.6528,0.0598,0.5931,"dr, veterinary, practices, science, clinic",5
62624,software engineer,M,15,software engineer,0.9529,0.8782,0.0748,"linux, architecture, app, linux, currently",5
82597,physician,F,1,physician,0.8502,0.8139,0.0363,"practice, hospital, emergency, christina, 1750319638",5
17292,physician,F,1,physician,0.6302,0.7454,-0.1152,"medicare, dr, medical, affiliated, dr",5
49736,nurse,F,5,nurse,0.999,0.0144,0.9846,"nurse, in, graduated, especially, medical",5
59842,psychologist,F,6,psychologist,0.9915,0.991,0.0006,"clinical, therapists, includes, diverse, phd",5
67818,attorney,M,2,attorney,0.9989,0.999,-0.0,"litigation, litigation, litigation, litigation, california",5
25803,professor,M,0,professor,0.9687,0.951,0.0178,"university, johns, university, senior, hopkins",5
31326,software engineer,M,15,software engineer,0.6968,0.0664,0.6304,"architecture, deployment, oriented, focus, automation",5
63957,professor,M,0,professor,0.9864,0.7994,0.187,"publications, extensive, innovations, models, forecasting",5
28185,attorney,F,2,attorney,0.9993,0.9983,0.001,"represents, probate, trustees, executors, matters",5
33509,professor,M,0,professor,0.9573,0.7914,0.1659,"student, fellowship, medical, emergency, university",5
56678,professor,M,0,professor,0.9985,0.5471,0.4514,"phd, engineering, ieee, obtained, research",5
14886,professor,M,0,professor,0.5198,0.2143,0.3055,"doctor, many, missionary, serving, including",5
23390,attorney,F,2,attorney,0.9993,0.9102,0.0891,"practice, focuses, moy, represents, credit",5
54914,nurse,F,5,nurse,0.9992,0.0062,0.993,"nurse, in, graduated, especially, experiences",5
16794,professor,M,0,professor,0.9898,0.9478,0.0419,"computer, research, doctoral, lab, ph",5
92564,nurse,M,5,nurse,0.9995,0.1105,0.8889,"nurse, in, medical, doctors, especially",5
23442,filmmaker,M,14,filmmaker,0.6069,0.0065,0.6003,"cinema, studied, media, media, video",5
56747,photographer,M,3,photographer,0.9969,0.6711,0.3258,"photography, portrait, viewer, subject, street",5
3813,teacher,M,7,teacher,0.9671,0.0976,0.8695,"schools, are, state, district, state",5
56920,model,F,12,model,0.9986,0.9918,0.0067,"model, is, appearance, playboy, best",5
39768,attorney,M,2,attorney,0.9992,0.9959,0.0033,"probates, attorney, handles, suits, law",5
53126,attorney,M,2,attorney,0.9991,0.9982,0.0009,"law, practiced, mehring, transactions, has",5
19720,psychologist,F,6,psychologist,0.6406,0.0384,0.6022,"psychologist, psychology, currently, is, earned",5
62153,attorney,F,2,attorney,0.4161,0.5302,-0.1142,"child, academy, book, family, university",5
2288,physician,M,1,physician,0.9996,0.7897,0.2099,"medicine, medicine, practices, hospital, medical",5
55771,filmmaker,M,14,filmmaker,0.7221,0.0041,0.718,"film, festivals, documentary, releases, feature",5
44516,professor,F,0,professor,0.999,0.9979,0.0011,"phd, carnegie, university, mellon, geopolitical",5
47786,painter,M,11,painter,0.9878,0.9231,0.0647,"painting, from, exhibited, art, gallery",5
89197,professor,F,0,professor,0.9964,0.9863,0.0101,"phd, postdoctoral, joseph, information, research",5
85648,filmmaker,M,14,filmmaker,0.9599,0.2114,0.7485,"director, films, production, founded, festivals",5
81248,attorney,F,2,attorney,0.721,0.7328,-0.0118,"rights, rights, director, nonprofit, co",5
13523,physician,F,1,physician,0.9992,0.9975,0.0016,"dr, license, apo, 1255484069, a98283",5
21322,dietitian,F,18,dietitian,0.993,0.0548,0.9382,"diet, nutrition, helping, nutrition, physical",5
22834,accountant,F,16,accountant,0.6864,0.0863,0.6001,"business, specializes, businesses, over, years",5
42590,attorney,F,2,attorney,0.999,0.2402,0.7588,"counsel, matters, experience, house, dealing",5
92863,photographer,M,3,photographer,0.9957,0.9297,0.0661,"photographies, aviary, feature, serie, this",5
54919,model,F,12,model,0.3026,0.1578,0.1449,"perfectionist, benefits, the, fit, passion",5
28163,attorney,M,2,attorney,0.9933,0.9176,0.0757,"law, litigation, putney, employment, represents",5
1991,surgeon,F,9,surgeon,0.5193,0.0189,0.5004,"dr, medical, wound, wound, certified",5
95384,dietitian,F,18,dietitian,0.9735,0.8229,0.1506,"dietetistes, dietitians, treatment, specializes, regroupement",5
48500,professor,F,0,professor,0.9967,0.9858,0.0109,"university, rhetoric, ph, university, communication",5
21188,professor,F,0,professor,0.9985,0.9905,0.008,"research, focuses, century, literary, nineteenth",5
81882,professor,M,0,professor,0.9838,0.3261,0.6578,"phd, university, raised, northwest, cybernetics",5
85609,physician,F,1,physician,0.9176,0.8898,0.0278,"hospital, medical, professionally, medical, trained",5
70044,physician,M,1,physician,0.988,0.1145,0.8736,"medicine, medical, hospitals, school, patients",5
47220,psychologist,M,6,psychologist,0.9937,0.6025,0.3912,"psychology, counseling, ph, affiliated, carolinas",5
11064,model,F,12,model,0.998,0.9579,0.0401,"modeling, pippen, former, larsa, star",5
28093,teacher,F,7,teacher,0.9749,0.949,0.0259,"students, students, students, students, students",5
94619,nurse,M,5,nurse,0.6663,0.4301,0.2362,"attached, was, emergency, the, medical",5
49414,professor,M,0,professor,0.9905,0.7084,0.282,"faculty, the, neurology, johns, native",5
81729,software engineer,M,15,software engineer,0.8961,0.6895,0.2066,"computer, electrical, degrees, engineering, masters",5
22196,composer,F,17,composer,0.9883,0.9857,0.0025,"textures, may, also, it, cello",5
88330,professor,F,0,professor,0.9975,0.9208,0.0767,"teaching, physical, psychology, focus, physical",5
24925,professor,M,0,professor,0.7999,0.124,0.6759,"professors, university, assistant, of, nursing",5
7891,model,F,12,model,0.9926,0.7202,0.2724,"born, karla, paloma, was, hania",5
95305,professor,M,0,professor,0.9992,0.9977,0.0016,"university, academic, previous, dr, researcher",5
1259,physician,F,1,physician,0.9995,0.9963,0.0032,"medicine, practices, medicine, specializes, emergency",5
94280,nurse,F,5,nurse,0.9974,0.3686,0.6288,"nurse, hospital, career, women, bedside",5
48548,teacher,F,7,teacher,0.7192,0.1609,0.5583,"curriculum, bachelor, teaching, science, biology",5
34256,professor,M,0,professor,0.9698,0.9115,0.0582,"various, motivate, examines, seemingly, work",5
38595,physician,M,1,physician,0.968,0.6097,0.3583,"paediatrics, patients, hospital, at, general",5
58496,journalist,F,4,journalist,0.5616,0.0315,0.5301,"interviewed, directors, has, feature, tangerine",5
72718,photographer,F,3,photographer,0.9861,0.0295,0.9566,"photo, work, subject, work, processed",5
74832,filmmaker,F,14,filmmaker,0.9851,0.1153,0.8698,"films, film, experimental, directed, has",5
84387,nurse,M,5,nurse,0.9993,0.0411,0.9582,"nurse, graduated, especially, in, honors",5
26171,accountant,M,16,accountant,0.9975,0.9957,0.0017,"accounting, firms, 10, international, for",5
22517,professor,M,0,professor,0.9976,0.9802,0.0174,"university, the, courses, been, teaching",5
42732,accountant,M,16,accountant,0.9978,0.9623,0.0355,"financial, reporting, financial, treasury, control",5
54506,nurse,F,5,nurse,0.996,0.9913,0.0046,"alabama, professional, credentials, practices, 1215294764",5
13402,attorney,M,2,attorney,0.9959,0.9955,0.0003,"litigation, practice, defense, criminal, civil",5
34277,professor,M,0,professor,0.9981,0.5198,0.4783,"doctorate, science, social, university, shippensburg",5
31629,professor,F,0,professor,0.9982,0.0082,0.99,"research, teaching, and, interests, include",5
85805,dentist,M,8,dentist,0.9156,0.945,-0.0294,"dental, dentistry, dental, siroya, dental",5
18759,model,F,12,model,0.999,0.9922,0.0069,"born, freeones, ranked, gallery, was",5
86661,dentist,M,8,dentist,0.7107,0.7922,-0.0814,"dental, dental, madhukar, dr, udupa",5
85575,professor,M,0,professor,0.9959,0.0065,0.9895,"yale, author, anthropocene, articles, book",5
18154,software engineer,M,15,software engineer,0.8096,0.6424,0.1672,"ranges, software, virtualization, architecture, of",5
21831,physician,M,1,physician,0.9105,0.96,-0.0495,"medicine, at, studied, medicine, dr",5
80642,filmmaker,M,14,filmmaker,0.7586,0.0091,0.7494,"filmmaker, when, though, situational, amrutham",5
95364,professor,M,0,professor,0.9113,0.8131,0.0982,"hematology, research, fellowship, completed, phd",5
16552,professor,M,0,professor,0.9975,0.9899,0.0076,"research, primary, statistical, pedigree, include",5
65562,professor,M,0,professor,0.9989,0.9967,0.0022,"microscopes, development, research, microenvironments, physiologically",5
10011,professor,M,0,professor,0.9969,0.6521,0.3448,"distributed, research, university, phd, solving",5
12460,professor,F,0,professor,0.9994,0.999,0.0004,"articles, violence, research, dr, published",5
29989,professor,F,0,professor,0.9969,0.9903,0.0066,"chinese, studies, university, ph, university",5
31044,attorney,M,2,attorney,0.9933,0.993,0.0002,"litigation, defense, criminal, civil, degree",5
57,professor,M,0,professor,0.9993,0.9992,0.0,"university, university, published, ph, history",5
22647,photographer,F,3,photographer,0.9919,0.0161,0.9758,"photographer, photographed, working, bucharest, career",5
72227,journalist,M,4,journalist,0.9094,0.3131,0.5963,"mixed, arts, martial, music, twitter",5
3875,photographer,F,3,photographer,0.992,0.8631,0.1289,"images, project, work, subject, of",5
85687,professor,M,0,professor,0.975,0.2457,0.7293,"studies, network, publication, member, 2003",5
38032,software engineer,M,15,software engineer,0.9663,0.953,0.0132,"drivers, device, code, development, career",5
6275,professor,M,0,professor,0.9991,0.9679,0.0312,"research, bayesian, interests, include, models",5
45977,poet,F,13,poet,0.8756,0.7871,0.0885,"poetry, chapbook, forthcoming, length, press",5
52150,professor,F,0,professor,0.4417,0.2696,0.1721,"art, historical, presidents, federal, on",5
15721,attorney,M,2,attorney,0.9974,0.603,0.3944,"jeff, program, affordable, act, litigation",5
70849,professor,M,0,professor,0.9596,0.6509,0.3087,"research, research, research, dr, is",5
57060,physician,M,1,physician,0.9933,0.9908,0.0025,"hospital, medicine, graduated, gropper, clinical",5
21776,model,F,12,model,0.1955,0.0989,0.0966,"heiress, an, goals, tang, family",5
77013,professor,F,0,professor,0.9984,0.3657,0.6327,"dr, investigates, how, environmental, chemistry",5
41393,surgeon,M,9,surgeon,0.9977,0.9965,0.0013,"dr, practices, dr, currently, medicine",5
21337,teacher,M,7,teacher,0.3405,0.2519,0.0886,"degree, arts, two, history, concentration",5
49352,poet,M,13,poet,0.7127,0.2006,0.512,"poem, poems, and, collection, ampersand",5
82517,attorney,F,2,attorney,0.9942,0.8905,0.1037,"to, law, graduate, graduate, george",5
56691,professor,M,0,professor,0.992,0.8584,0.1336,"phd, information, career, doc, digitization",5
41260,attorney,M,2,attorney,0.999,0.9989,0.0001,"includes, law, clients, disputes, estate",5
12456,professor,F,0,professor,0.8846,0.8718,0.0128,"fellows, pediatrics, director, research, associate",5
13991,dentist,F,8,dentist,0.9946,0.2202,0.7744,"dental, dr, associated, clinic, bhosari",5
85198,poet,F,13,poet,0.8523,0.4303,0.422,"poetry, published, poetry, new, abluzioni",5
8310,photographer,F,3,photographer,0.9969,0.0663,0.9306,"photography, photography, digital, since, images",5
84202,photographer,M,3,photographer,0.9975,0.9948,0.0027,"digitalphotopro, americanphoto, publications, applied, advertising",5
74964,filmmaker,F,14,filmmaker,0.9767,0.9857,-0.009,"film, videotexts, film, documentary, film",5
7156,attorney,M,2,attorney,0.9988,0.9991,-0.0002,"legal, law, regulatory, centers, law",5
82487,nurse,F,5,nurse,0.4148,0.1991,0.2157,"past, pharmaceutical, holistic, body, path",5
32959,surgeon,M,9,surgeon,0.9609,0.1732,0.7878,"surgical, orthopedics, experience, deformities, deformity",5
73404,surgeon,M,9,surgeon,0.4867,0.1116,0.375,"treated, treated, schumacher, doctors, schumacher",5
52160,professor,F,0,professor,0.6791,0.1539,0.5252,"university, director, education, program, nurses",5
17632,physician,M,1,physician,0.3903,0.0626,0.3277,"medical, advisory, of, training, of",5
27723,attorney,M,2,attorney,0.8721,0.0954,0.7767,"advice, legal, enterprises, financial, contacts",5
36313,accountant,M,16,accountant,0.6784,0.7851,-0.1067,"mba, the, paychex®, previously, various",5
13028,professor,M,0,professor,0.9874,0.7298,0.2577,"doing, research, microbiology, journals, publications",5
90630,surgeon,F,9,surgeon,0.9631,0.9272,0.0359,"dr, sulochana, surgeries, surgeries, an",5
83219,model,F,12,model,0.9956,0.9919,0.0036,"busty, pose, weighs, squishy, european",5
79718,professor,F,0,professor,0.5754,0.0833,0.4921,"dr, conducting, clanton, research, the",5
46704,professor,M,0,professor,0.7592,0.0292,0.73,"research, sinus, clinical, understanding, alveolar",5
36275,physician,M,1,physician,0.9147,0.4369,0.4778,"dr, mishra, diabetes, mbbs, practices",5
61518,photographer,M,3,photographer,0.9894,0.1279,0.8615,"photography, and, nature, chromatic, kubota",5
82255,physician,M,1,physician,0.9072,0.789,0.1182,"medicine, hospital, boruszak, residency, attended",5
22004,dentist,F,8,dentist,0.9103,0.004,0.9063,"dental, chiropractors, had, from, where",5
80,attorney,M,2,attorney,0.998,0.5007,0.4974,"litigates, cases, 2015, joined, protect",5
83880,nurse,F,5,nurse,0.9994,0.1369,0.8625,"nurse, in, especially, lynette, practitioner",5
35544,professor,M,0,professor,0.964,0.4345,0.5295,"funded, projects, students, studies, research",5
59926,painter,F,11,painter,0.9827,0.5939,0.3888,"painter, art, fine, art, painting",5
70146,dentist,M,8,dentist,0.9935,0.7999,0.1936,"dr, has, practicing, years, horswell",5
90382,filmmaker,M,14,filmmaker,0.9843,0.8677,0.1166,"filmmaker, documentary, worked, projects, directed",5
87825,surgeon,M,9,surgeon,0.9901,0.023,0.9671,"clinically, and, patients, techniques, breast",5
53422,professor,M,0,professor,0.999,0.9963,0.0027,"research, professor, valadez, dr, researcher",5
46773,physician,M,1,physician,0.9996,0.9871,0.0125,"medicine, hostetter, practices, medicine, hospital",5
26415,surgeon,M,9,surgeon,0.9978,0.9963,0.0015,"dr, medicine, dr, surgical, practices",5
66964,model,M,12,model,0.9988,0.998,0.0007,"modelling, runway, fashion, model, commercial",5
82512,professor,M,0,professor,0.999,0.9969,0.0021,"faculty, western, the, 2014, prior",5
26369,nurse,F,5,nurse,0.9975,0.0179,0.9797,"nursing, health, hiv, nurse, care",5
36120,physician,F,1,physician,0.9958,0.6669,0.3289,"medical, dr, degree, santa, reviews",5
63662,dietitian,F,18,dietitian,0.9971,0.0023,0.9949,"dietitian, registered, nutrition, nutrition, or",5
49814,teacher,F,7,teacher,0.9946,0.9408,0.0538,"teacher, taught, teacher, has, language",5
13724,professor,M,0,professor,0.9527,0.5458,0.4069,"research, devoted, observatories, lead, register",5
6748,professor,M,0,professor,0.9667,0.3022,0.6645,"at, university, focuses, robotics, laboratory",5
55449,attorney,F,2,attorney,0.9979,0.9894,0.0085,"occ, legal, defense, law, law",5
77069,professor,F,0,professor,0.9995,0.9976,0.0018,"research, journal, organizational, systems, university",5
28170,attorney,M,2,attorney,0.9993,0.9993,0.0001,"court, attorney, appeals, counsel, focuses",5
26595,surgeon,F,9,surgeon,0.3624,0.0055,0.3569,"medical, journals, profession, research, professional",5
44554,professor,F,0,professor,0.9995,0.9994,0.0001,"research, nanotechnology, chair, metamaterial, editor",5
56806,attorney,M,2,attorney,0.9983,0.3313,0.667,"bachelor, law, juris, law, clients",5
28500,architect,M,10,architect,0.995,0.2193,0.7756,"architectural, design, full, building, residential",5
43560,teacher,M,7,teacher,0.5942,0.3793,0.2148,"high, tutoring, students, in, received",5
13843,journalist,M,4,journalist,0.9719,0.894,0.0779,"are, africani, features, focused, italy",5
73255,dentist,M,8,dentist,0.9927,0.0733,0.9195,"dentistry, dental, dentist, teeth, oral",5
35919,physician,F,1,physician,0.8207,0.3002,0.5205,"medicine, dr, family, shackelton, practices",5
77756,professor,M,0,professor,0.7891,0.8486,-0.0595,"at, public, university, murrow, university",5
27849,professor,M,0,professor,0.9995,0.9797,0.0198,"research, economics, research, ongoing, studies",5
40757,painter,M,11,painter,0.9896,0.7907,0.199,"painting, paintings, studio, portraiture, drawing",5
6157,professor,F,0,professor,0.9984,0.9982,0.0003,"articles, published, adoption, feminist, is",5
90642,professor,M,0,professor,0.9977,0.9766,0.0211,"phd, academic, management, positions, dhbw",5
44473,poet,M,13,poet,0.3293,0.0847,0.2446,"chesterton, insight, ably, madmen, is",5
20250,photographer,F,3,photographer,0.8712,0.6117,0.2596,"stills, and, artist, art, award",5
95322,physician,M,1,physician,0.9955,0.0111,0.9844,"medicine, medical, physician, dr, patients",5
71658,professor,F,0,professor,0.7384,0.098,0.6405,"research, academic, focuses, awards, effects",5
23325,professor,M,0,professor,0.9996,0.9991,0.0005,"university, teaching, research, received, idaho",5
10176,physician,M,1,physician,0.9277,0.9643,-0.0366,"medicine, preventive, gan, hospital, dr",5
44619,photographer,M,3,photographer,0.9958,0.358,0.6377,"photographic, exhibition, finnish, exhibition, northern",5
31752,professor,F,0,professor,0.9933,0.9578,0.0355,"research, focuses, university, dr, received",5
62242,professor,F,0,professor,0.9005,0.6995,0.201,"research, clinical, studying, university, dr",5
55410,poet,M,13,poet,0.4631,0.2778,0.1853,"poetry, an, english, has, writing",5
35723,professor,M,0,professor,0.9809,0.0559,0.9251,"faculty, university, doctor, holds, indiana",5
28165,photographer,M,3,photographer,0.5295,0.0081,0.5214,"images, captures, filipinos, labrador, series",5
95258,professor,M,0,professor,0.9993,0.999,0.0003,"university, huizenga, business, academic, entrepreneurship",5
94661,physician,M,1,physician,0.9987,0.9931,0.0056,"medicine, graduate, medicare, lieppman, ophthalmology",5
42943,professor,M,0,professor,0.9979,0.9776,0.0203,"examines, judgment, research, journal, research",5
72940,painter,F,11,painter,0.678,0.0769,0.6011,"art, artist, the, eliot, curator",5
41816,physician,F,1,physician,0.9996,0.9282,0.0713,"practices, medicine, pocatello, affiliated, in",5
50274,journalist,M,4,journalist,0.4772,0.1117,0.3655,"leftdom, questions, settled, something, prejudices",5
42660,professor,F,0,professor,0.9949,0.5281,0.4668,"studies, project, 16, politics, history",5
69340,journalist,M,4,journalist,0.5364,0.2244,0.312,"waxpak, card, the, column, cards",5
89890,professor,M,0,professor,0.9992,0.9991,0.0002,"research, focuses, international, conflict, cooperation",5
50484,physician,F,1,physician,0.9994,0.9872,0.0122,"medicine, hospital, aleibar, gynecology, specializes",5
18373,composer,M,17,composer,0.9917,0.9582,0.0335,"composition, orchestration, music, music, composers",5
66567,professor,M,0,professor,0.9994,0.9994,0.0001,"research, academic, teaches, ph, macroeconomics",5
25632,psychologist,F,6,psychologist,0.9983,0.018,0.9803,"psychologist, psychologist, dr, in, experiences",5
13729,professor,F,0,professor,0.9988,0.9904,0.0085,"research, department, chemistry, prior, project",5
12883,photographer,M,3,photographer,0.9791,0.0213,0.9579,"photographic, camera, panoramic, panorama, images",5
16551,professor,M,0,professor,0.9947,0.9739,0.0207,"scientific, phd, career, department, started",5
34061,painter,M,11,painter,0.9844,0.9886,-0.0041,"paintings, paintings, painting, painting, impressionist",5
47475,professor,F,0,professor,0.9902,0.0921,0.8981,"mfa, education, alliance, theatre, colorado",5
23393,painter,M,11,painter,0.9923,0.9924,-0.0001,"painted, paint, painter, photographs, began",5
78137,photographer,F,3,photographer,0.9948,0.1528,0.842,"photography, in, london, lisbon, london",5
67230,teacher,F,7,teacher,0.9867,0.969,0.0177,"academy, teacher, education, emphasis, special",5
7467,professor,F,0,professor,0.7563,0.042,0.7143,"nursing, courses, teaches, field, fundamental",5
19443,dentist,M,8,dentist,0.9937,0.9614,0.0323,"dental, dr, ahuja, shalimar, associated",5
69582,professor,F,0,professor,0.9996,0.9971,0.0024,"phd, rachna, university, management, mathematics",5
54653,psychologist,F,6,psychologist,0.9983,0.0613,0.937,"psychologist, doctors, clinical, medical, patricia",5
46048,professor,M,0,professor,0.9898,0.7814,0.2084,"radiologic, science, college, programs, health",5
29071,professor,M,0,professor,0.9995,0.9981,0.0014,"professor, research, university, economics, received",5
69868,professor,M,0,professor,0.9992,0.9988,0.0004,"phd, macroeconomics, faculty, research, fellow",5
42356,professor,F,0,professor,0.9976,0.9927,0.0049,"phd, studies, performance, university, editor",5
29006,photographer,F,3,photographer,0.9915,0.4143,0.5772,"pictures, taking, habit, region, regular",5
6984,poet,M,13,poet,0.935,0.2942,0.6408,"poetry, poetry, composing, at, english",5
42592,attorney,F,2,attorney,0.9975,0.99,0.0076,"law, law, law, practice, law",5
18919,physician,F,1,physician,0.9176,0.9031,0.0145,"medicine, pediatrics, hospital, dr, residency",5
92234,professor,M,0,professor,0.9993,0.9974,0.0019,"research, include, areas, journal, lecturer",5
34481,professor,M,0,professor,0.9993,0.9386,0.0606,"research, phd, electronic, current, projects",5
4821,physician,F,1,physician,0.9996,0.6574,0.3422,"waxahachie, medicine, medicine, practices, medical",5
91297,professor,M,0,professor,0.9982,0.9589,0.0393,"courses, teaches, decision, professor, analysis",5
79721,software engineer,M,15,software engineer,0.9098,0.8665,0.0433,"build, devops, management, web, development",5
70538,physician,F,1,physician,0.9996,0.9802,0.0194,"medicine, practices, sacramento, hospital, disease",5
53000,surgeon,M,9,surgeon,0.9882,0.9116,0.0766,"dr, craniofacial, surgery, surgeons, surgeons",5
57530,attorney,F,2,attorney,0.9508,0.0349,0.9159,"law, graduate, law, school, boston",5
164,professor,M,0,professor,0.9995,0.9991,0.0003,"university, postdoctoral, research, focuses, nanotechnology",5
63980,poet,M,13,poet,0.9636,0.9186,0.045,"poetry, writing, studied, shortlisted, published",5
45422,professor,M,0,professor,0.9992,0.9975,0.0017,"phd, 2005, mit, research, at",5
24481,professor,F,0,professor,0.9704,0.4853,0.4851,"research, interests, emotional, behavioral, include",5
74779,photographer,M,3,photographer,0.9772,0.6517,0.3256,"photography, centres, an, around, in",5
2585,professor,F,0,professor,0.9966,0.9409,0.0557,"journals, published, papers, conferences, academic",5
5609,photographer,M,3,photographer,0.9939,0.7982,0.1956,"photography, leica, photographer, reuters, creative",5
37614,professor,F,0,professor,0.9252,0.2059,0.7192,"professor, associate, research, an, of",5
26875,professor,M,0,professor,0.9983,0.4978,0.5004,"research, geopolitical, interaction, interests, anthropology",5
89608,professor,F,0,professor,0.9975,0.9976,-0.0001,"at, edited, journals, volumes, childhood",5
37642,surgeon,M,9,surgeon,0.9923,0.8345,0.1578,"dr, orthopaedics, orthopaedics, clinical, surgery",5
15017,photographer,F,3,photographer,0.9969,0.2935,0.7034,"photographer, shooting, photocommincations, the, clients",5
53095,professor,M,0,professor,0.996,0.8758,0.1202,"research, are, entrepreneur, interests, area",5
12380,professor,F,0,professor,0.9929,0.8038,0.1892,"research, include, ontario, interests, university",5
83515,physician,M,1,physician,0.869,0.9535,-0.0844,"medicine, dr, medicine, dr, at",5
23074,physician,F,1,physician,0.9973,0.9963,0.001,"medical, medical, anemia, clinical, affiliated",5
56672,psychologist,M,6,psychologist,0.9847,0.9898,-0.0052,"psychologists, psychologist, psychologist, malaysian, psychological",5
3781,professor,M,0,professor,0.9954,0.9679,0.0275,"comparative, university, university, literature, degree",5
19794,dentist,F,8,dentist,0.9292,0.8833,0.0459,"dental, dental, dental, dental, tooth",5
88720,physician,M,1,physician,0.9996,0.9585,0.0411,"medicine, dermatology, medical, practices, panama",5
66631,attorney,M,2,attorney,0.4606,0.5013,-0.0407,"council, organization, currently, transportation, director",5
46622,attorney,F,2,attorney,0.9988,0.9987,0.0002,"partner, firm, firm, been, supreme",5
68666,nurse,M,5,nurse,0.9373,0.4116,0.5257,"nursing, career, work, health, community",5
31094,poet,F,13,poet,0.923,0.2285,0.6945,"poetry, poetry, of, poetry, award",5
46957,model,F,12,model,0.5894,0.6954,-0.106,"avoided, duet, risqua©, and, dance",5
94188,painter,F,11,painter,0.9586,0.9024,0.0562,"painting, painting, bfa, art, swain",5
69997,professor,M,0,professor,0.9995,0.9994,0.0001,"public, research, journal, leadership, public",5
89783,physician,M,1,physician,0.5322,0.1793,0.3529,"treats, woodlands, community, conditions, of",5
93670,teacher,F,7,teacher,0.9742,0.2659,0.7083,"teachers, resignation, learn, imposed, letter",5
60505,nurse,M,5,nurse,0.9994,0.014,0.9854,"nurse, in, especially, experiences, 2009",5
58910,physician,F,1,physician,0.9995,0.9521,0.0475,"medicine, medicine, lemes, hospital, specializes",5
74352,photographer,M,3,photographer,0.9853,0.1631,0.8222,"capture, portraits, first, to, the",5
94925,model,F,12,model,0.9984,0.997,0.0013,"model, redondo, runway, raised, currently",5
71383,professor,M,0,professor,0.9753,0.8443,0.131,"chair, programs, research, also, national",5
80993,attorney,M,2,attorney,0.9979,0.9958,0.0021,"disputes, clients, juries, supreme, defended",5
89679,psychologist,M,6,psychologist,0.9746,0.7576,0.217,"psychological, possibilities, cultivating, empower, the",5
29769,photographer,F,3,photographer,0.9794,0.4308,0.5486,"photography, in, at, london, exhibitions",5
35120,physician,F,1,physician,0.8504,0.891,-0.0406,"medicine, school, shreveport, louisiana, state",5
60096,journalist,M,4,journalist,0.353,0.5028,-0.1498,"bright, driving, phone, tv, front",5
2914,teacher,F,7,teacher,0.936,0.1372,0.7988,"student, class, by, life, wicked",5
7696,physician,M,1,physician,0.8632,0.243,0.6202,"medicine, graduated, school, science, health",5
51919,professor,M,0,professor,0.4164,0.0602,0.3562,"parish, liturgically, chicago, minister, atonement",5
60927,professor,M,0,professor,0.9975,0.9133,0.0842,"doctoral, university, management, university, fellow",5
37455,photographer,M,3,photographer,0.9833,0.8329,0.1505,"photographic, opportunities, fred, the, foreign",5
81165,physician,M,1,physician,0.9995,0.9242,0.0754,"medicine, medicine, medical, specializes, orange",5
77874,photographer,M,3,photographer,0.9897,0.4785,0.5111,"photographs, lens, locations, photography, uk",5
36396,accountant,M,16,accountant,0.9955,0.0374,0.9581,"accounting, bachelors, accountancy, senior, degree",5
77709,professor,M,0,professor,0.987,0.0014,0.9857,"phd, university, operation, the, research",5
71458,photographer,F,3,photographer,0.5147,0.5938,-0.0791,"were, houtte, of, tagwalk, space",5
83209,physician,F,1,physician,0.9995,0.9983,0.0013,"medicine, practices, marcotte, gynecology, chelmsford",5
95325,journalist,M,4,journalist,0.994,0.9932,0.0007,"publications, written, several, organisation, international",5
42326,attorney,M,2,attorney,0.9994,0.9993,0.0001,"litigation, counsel, kondrla, focuses, matters",5
36977,professor,M,0,professor,0.9996,0.9963,0.0033,"research, research, aerospace, phd, sectors",5
43157,painter,M,11,painter,0.4367,0.2192,0.2175,"modern, when, at, separating, the",5
32590,professor,M,0,professor,0.9964,0.994,0.0025,"pharmacology, hematopathology, fellow, baylor, university",5
67243,professor,M,0,professor,0.9623,0.1203,0.842,"phd, university, studies, before, the",5
95066,attorney,F,2,attorney,0.9892,0.9962,-0.007,"appellate, advocacy, practice, law, law",5
9225,photographer,F,3,photographer,0.4871,0.5273,-0.0402,"exhibited, recent, exhibited, wonderland, work",5
41884,physician,M,1,physician,0.9966,0.9937,0.0029,"medicine, medical, sackler, problems, affiliated",5
11099,professor,F,0,professor,0.9951,0.9902,0.0049,"taught, princeton, has, researched, university",5
24149,painter,M,11,painter,0.9821,0.694,0.2882,"painting, works, paris, exhibited, works",5
37303,teacher,M,7,teacher,0.5376,0.0796,0.458,"aramaic, daleallenhoffman, director, circle, international",5
64984,accountant,M,16,accountant,0.9936,0.4235,0.5702,"cfo, controller, been, mark, economy",5
40979,attorney,F,2,attorney,0.9962,0.9966,-0.0004,"law, estate, real, transactions, ohio",5
76479,attorney,F,2,attorney,0.9886,0.3142,0.6744,"law, professionally, practiced, edwards, democratic",5
93412,attorney,M,2,attorney,0.9973,0.7707,0.2266,"matters, divorce, law, devoted, courts",5
21390,professor,M,0,professor,0.8657,0.632,0.2337,"research, focus, assisted, performed, the",5
37381,professor,F,0,professor,0.576,0.0179,0.5581,"student, professional, minorities, national, leadership",5
63763,attorney,M,2,attorney,0.9966,0.6241,0.3725,"marriage, protections, work, legal, includes",5
34156,teacher,F,7,teacher,0.8463,0.4744,0.3719,"teaching, prior, educators, graduate, educators",5
65604,dentist,M,8,dentist,0.9943,0.8842,0.1101,"dental, dr, dr, dakshineswar, pradip",5
77368,professor,M,0,professor,0.999,0.3973,0.6017,"research, published, topics, holds, ph",5
64905,model,F,12,model,0.9986,0.994,0.0047,"modeling, model, seventeen, top, debut",5
81521,professor,M,0,professor,0.9978,0.5433,0.4545,"economics, research, public, work, focuses",5
73816,physician,M,1,physician,0.5105,0.6243,-0.1138,"medicine, feliz, hospital, school, dr",5
73620,professor,M,0,professor,0.998,0.9977,0.0002,"lectured, informatics, articles, published, and",5
65883,photographer,F,3,photographer,0.9012,0.1255,0.7757,"photography, workshops, with, and, 12",5
5187,physician,F,1,physician,0.7846,0.3052,0.4794,"medical, medical, community, henrico, jails",5
79683,professor,M,0,professor,0.8862,0.9052,-0.019,"internal, tendinopathies, musculoskeletal, internship, professor",5
8480,poet,M,13,poet,0.3395,0.1912,0.1483,"told, the, long, ode, much",5
49065,physician,F,1,physician,0.6079,0.0007,0.6072,"medical, and, health, the, doctors",5
28068,journalist,F,4,journalist,0.8005,0.705,0.0955,"majoring, currently, international, is, transitional",5
58117,professor,F,0,professor,0.9964,0.9959,0.0005,"criminology, focuses, research, entanglements, researcher",5
95153,physician,M,1,physician,0.9989,0.9991,-0.0002,"meds7087, 1376766154, alaska, dr, fairbanks",5
49846,accountant,M,16,accountant,0.997,0.9947,0.0023,"accounting, tax, pricewaterhousecoopers, career, bachelor",5
54789,model,F,12,model,0.9957,0.8103,0.1853,"born, acting, fashion, bollywood, 15",5
7173,professor,F,0,professor,0.9863,0.9523,0.0341,"also, executive, courses, university, students",5
7984,attorney,M,2,attorney,0.9986,0.9987,-0.0001,"lawyer, litigation, trial, clients, clients",5
52999,dietitian,F,18,dietitian,0.6373,0.0211,0.6162,"nutrition, plant, weight, health, diabetes",5
71249,professor,M,0,professor,0.9974,0.9944,0.003,"doctorate, received, university, emory, university",5
53249,photographer,F,3,photographer,0.9815,0.0291,0.9524,"photographs, photojournalist, competitions, work, work",5
14858,surgeon,M,9,surgeon,0.9854,0.9932,-0.0078,"cardiothoracic, medical, surgery, fellow, dr",5
50260,dentist,M,8,dentist,0.8547,0.8144,0.0403,"dental, dental, abhijith, dr, clinic",5
42634,photographer,M,3,photographer,0.9858,0.9548,0.031,"photography, camera, lens, passion, was",5
66259,professor,M,0,professor,0.9996,0.9996,0.0,"neuromuscular, research, university, the, postdoctoral",5
59391,surgeon,M,9,surgeon,0.9972,0.9972,0.0,"kimbrell, surgery, dr, dr, kimbrell",5
45155,physician,M,1,physician,0.8363,0.0609,0.7755,"dr, medicine, health, canales, community",5
53990,painter,F,11,painter,0.9936,0.2643,0.7293,"paintings, style, works, nihonga, one",5
80526,software engineer,M,15,software engineer,0.9759,0.9649,0.011,"software, engineering, instantiations, computer, projects",5
64571,attorney,F,2,attorney,0.956,0.0024,0.9535,"law, to, as, school, get",5
89357,journalist,F,4,journalist,0.9968,0.2259,0.771,"sky, starting, news, canberra, bureau",5
36910,professor,F,0,professor,0.9937,0.0052,0.9885,"doctorate, certified, accountant, with, mba",5
78230,journalist,F,4,journalist,0.9749,0.9924,-0.0175,"journalism, calendarmusicrestaurants, citydicksonrobertsonrutherfordsumnerwilsonentertainmentevent, has, years",5
4487,dentist,M,8,dentist,0.9934,0.7136,0.2797,"dental, dr, practising, thukral, powai",5
74474,psychologist,F,6,psychologist,0.989,0.8439,0.1451,"psychology, working, forensic, studies, within",5
17846,dentist,M,8,dentist,0.8069,0.6784,0.1285,"dental, dental, tooth, dental, dr",5
10556,photographer,M,3,photographer,0.9952,0.6531,0.3421,"photography, photography, pictures, career, captured",5
79155,professor,M,0,professor,0.9869,0.9295,0.0574,"peer, varambally, scholar, research, journals",5
77488,attorney,M,2,attorney,0.9992,0.4187,0.5805,"litigation, injury, law, liability, main",5
84467,teacher,M,7,teacher,0.6875,0.2552,0.4323,"philosophy, geography, subjects, upgrade, ethics",5
79232,professor,M,0,professor,0.9956,0.6666,0.329,"dr, extensive, journal, canada, has",5
3744,surgeon,M,9,surgeon,0.8908,0.5557,0.3351,"arthroplasty, orthopaedic, is, of, surgery",5
22449,professor,M,0,professor,0.9992,0.9923,0.0068,"research, university, interests, econometrics, ph",5
6120,attorney,F,2,attorney,0.9986,0.8363,0.1623,"defends, cases, employers, federal, discrimination",5
40124,professor,F,0,professor,0.9824,0.5346,0.4478,"research, focuses, students, eventual, evolution",5
87081,professor,M,0,professor,0.9996,0.9987,0.0009,"research, focuses, understanding, wildlife, cornell",5
45879,dentist,M,8,dentist,0.9926,0.0281,0.9645,"dentistry, dr, practice, patients, caredash",5
22685,painter,M,11,painter,0.9062,0.0213,0.8849,"gallery, gallery, gallery, represented, tallahassee",5
70188,professor,F,0,professor,0.9991,0.9974,0.0017,"visualization, students, research, data, focuses",5
46951,dentist,F,8,dentist,0.957,0.8431,0.1139,"dentists, implantocogists, oral, jain, international",5
57666,model,F,12,model,0.6292,0.0457,0.5835,"star, child, cheeriness, once, fanfare",5
83645,photographer,M,3,photographer,0.9949,0.0372,0.9577,"photography, photographer, from, works, 1989",5
12952,psychologist,F,6,psychologist,0.9901,0.8578,0.1323,"psychologist, psychologist, and, works, worked",5
6712,nurse,F,5,nurse,0.9993,0.6681,0.3313,"nurse, in, hospitals, 2009, especially",5
28399,psychologist,F,6,psychologist,0.9981,0.008,0.9901,"psychologist, neuropsychological, in, honors, experiences",5
4761,filmmaker,M,14,filmmaker,0.968,0.4655,0.5024,"film, films, scripts, production, shot",5
64529,dentist,M,8,dentist,0.9973,0.8517,0.1456,"dentist, dr, multispeciality, dental, patients",5
83008,composer,M,17,composer,0.9893,0.0304,0.9589,"musical, compositions, by, is, the",5
78626,professor,M,0,professor,0.9994,0.999,0.0003,"research, lie, ieee, current, computer",5
93657,professor,M,0,professor,0.9975,0.9939,0.0036,"faculty, press, professor, academic, professor",5
48718,psychologist,F,6,psychologist,0.9864,0.6277,0.3587,"therapists, survivors, specializes, lecturer, working",5
80265,attorney,M,2,attorney,0.8282,0.001,0.8272,"law, district, affiliated, john, legal",5
76232,physician,F,1,physician,0.9444,0.972,-0.0277,"dr, medicare, medicine, patient, hessel",5
75806,software engineer,M,15,software engineer,0.7737,0.8333,-0.0596,"engineer, enterprise, author, ibm, engineer",5
39269,photographer,M,3,photographer,0.9975,0.8563,0.1412,"photographers, created, editorials, fashion, fashion",5
76216,painter,F,11,painter,0.9089,0.8419,0.067,"painting, painting, focus, fine, made",5
23263,teacher,M,7,teacher,0.9175,0.0222,0.8953,"teachers, teachers, currently, program, school",5
19118,professor,M,0,professor,0.9984,0.1337,0.8646,"research, interactive, interests, phd, technologies",5
89848,attorney,F,2,attorney,0.9989,0.4736,0.5252,"firm, lawyer, legal, law, office",5
52698,psychologist,F,6,psychologist,0.9663,0.7428,0.2234,"psycho, psychology, three, minds, books",5
20421,professor,F,0,professor,0.9991,0.999,0.0002,"research, interests, bilingualism, include, penn",5
82680,professor,M,0,professor,0.5266,0.0186,0.5079,"writings, science, semantics, clarkfeusier, is",5
71272,professor,M,0,professor,0.9936,0.1339,0.8597,"journals, authored, articles, studies, communication",5
37931,teacher,F,7,teacher,0.9442,0.7928,0.1514,"teacher, specialist, fine, has, adults",5
14258,teacher,F,7,teacher,0.661,0.1049,0.5561,"students, mindless, is, into, stop",5
27075,painter,M,11,painter,0.8722,0.0166,0.8556,"paintings, thrift, them, the, touches",5
17055,photographer,M,3,photographer,0.9951,0.1045,0.8906,"photography, works, clients, appear, media",5
33809,physician,F,1,physician,0.9959,0.9625,0.0334,"medicine, menopause, dr, medical, expertise",5
90235,poet,F,13,poet,0.4884,0.0399,0.4485,"wordpress, thelondonpaper, music, artists, cultureparty",5
16487,professor,M,0,professor,0.9991,0.1003,0.8988,"dr, researcher, dr, sociales, dr",5
76633,nurse,F,5,nurse,0.6518,0.3978,0.254,"newsletters, of, the, all, safeguarding",5
19692,journalist,M,4,journalist,0.6227,0.212,0.4107,"gaming, gaming, movies, games, writing",5
91150,teacher,F,7,teacher,0.9547,0.3181,0.6365,"taught, teacher, training, psychology, different",5
84983,teacher,F,7,teacher,0.8539,0.4078,0.4461,"school, teaching, deadlines, during, art",5
50241,physician,F,1,physician,0.9996,0.7788,0.2208,"medicine, medicine, castaneda, medical, practices",5
75946,professor,M,0,professor,0.9977,0.9569,0.0407,"phonology, linguistics, is, interested, phonology",5
783,professor,M,0,professor,0.9994,0.9985,0.0009,"research, interests, university, include, cslu",5
62927,attorney,M,2,attorney,0.9973,0.9627,0.0346,"william, law, bar, foreclosure, graduate",5
90892,comedian,M,19,comedian,0.9933,0.0441,0.9492,"comedy, comedy, awards, won, raw",5
58601,professor,M,0,professor,0.997,0.981,0.016,"biostatistics, university, research, interest, received",5
3790,attorney,M,2,attorney,0.9935,0.2952,0.6983,"specializes, law, llm, yoram, and",5
4233,professor,F,0,professor,0.9961,0.5539,0.4421,"published, turkey, journals, reviewed, nobel",5
29434,professor,F,0,professor,0.9404,0.7973,0.1431,"research, conducts, factors, on, on",5
42298,attorney,F,2,attorney,0.9969,0.9962,0.0007,"graduate, in, eva, litigation, clients",5
49119,professor,F,0,professor,0.9025,0.173,0.7295,"research, interests, are, mimicry, interpersonal",5
85310,nurse,F,5,nurse,0.9994,0.2773,0.722,"nurse, in, hospitals, hospital, 2013",5
34688,physician,F,1,physician,0.9996,0.9983,0.0012,"medicine, willenborg, roseville, gynecology, practices",5
40299,physician,F,1,physician,0.9734,0.9896,-0.0162,"dr, medicine, medical, surgery, herrera",5
25837,professor,F,0,professor,0.8742,0.3022,0.572,"fellowship, editorial, interests, journals, institute",5
44703,architect,M,10,architect,0.3193,0.689,-0.3697,"is, cafe, vegetarian, subjects, sale",5
56534,physician,M,1,physician,0.8623,0.9322,-0.0699,"medicine, dr, graduated, medical, school",5
89896,physician,F,1,physician,0.9996,0.9918,0.0078,"medicine, medical, disease, clearwater, lenyo",5
43777,attorney,M,2,attorney,0.9985,0.9976,0.0009,"law, practices, electronic, emerging, corporate",5
44566,teacher,M,7,teacher,0.5142,0.0304,0.4838,"teaches, development, theatre, the, clarity",5
61556,professor,M,0,professor,0.9672,0.9552,0.012,"suicide, been, has, research, funded",5
41558,accountant,F,16,accountant,0.9978,0.6898,0.308,"accounting, accounting, years, in, 20",5
92577,nurse,F,5,nurse,0.674,0.0826,0.5914,"nurse, hospitals, and, combination, has",5
41013,photographer,M,3,photographer,0.9951,0.0193,0.9758,"photography, images, depicting, props, wei",5
67299,photographer,M,3,photographer,0.8656,0.9829,-0.1174,"design, books, in, annual, design",5
53168,attorney,M,2,attorney,0.987,0.5263,0.4607,"addition, the, courts, malpractice, verdicts",5
87511,physician,F,1,physician,0.883,0.9212,-0.0382,"hospital, medicare, residency, dr, darie",5
44911,professor,F,0,professor,0.9974,0.9982,-0.0008,"historiography, research, classroom, pedagogy, specializations",5
31571,nurse,F,5,nurse,0.9994,0.8371,0.1623,"nurse, in, practitioner, 1987, especially",5
7453,comedian,M,19,comedian,0.959,0.8402,0.1188,"fool, season, 2003, april, perhaps",5
29251,journalist,F,4,journalist,0.9846,0.6847,0.2999,"reporting, journalism, writing, reporting, newspaper",5
27958,professor,F,0,professor,0.9845,0.7546,0.23,"biostatistics, phd, epidemiology, holds, heterogeneity",5
6198,attorney,F,2,attorney,0.9988,0.9494,0.0494,"legal, cases, representing, families, clients",5
22015,professor,M,0,professor,0.9814,0.9264,0.055,"fellowship, undergraduate, hematology, university, molecular",5
71617,professor,M,0,professor,0.9963,0.9899,0.0065,"lab, epigenetic, focuses, bioinformatics, reviewed",5
3136,professor,F,0,professor,0.5435,0.1018,0.4417,"mfa, regionally, of, received, at",5
23468,physician,M,1,physician,0.8952,0.9689,-0.0737,"medical, dr, patient, medical, training",5
14326,photographer,M,3,photographer,0.9916,0.0256,0.9661,"photographers, photo, steveboylephoto, photographer, steveboylephoto",5
65840,nurse,M,5,nurse,0.975,0.0186,0.9564,"nursing, of, experience, lakeview, hospital",5
28615,photographer,F,3,photographer,0.9709,0.7151,0.2558,"photography, photojournalism, skyphoto, photojournalism, photographers",5
29309,professor,F,0,professor,0.999,0.9986,0.0005,"courses, anthropology, undergraduate, political, research",5
72211,professor,F,0,professor,0.998,0.9865,0.0115,"neuropsychologist, faculty, wallace, research, child",5
55093,nurse,F,5,nurse,0.9994,0.3053,0.6941,"nurse, in, especially, practitioner, medicine",5
78862,photographer,M,3,photographer,0.993,0.9522,0.0408,"photographs, work, have, exhibitions, magazines",5
11504,professor,F,0,professor,0.9279,0.2074,0.7205,"doctorate, mechanical, teaching, dissertation, research",5
15761,professor,M,0,professor,0.9989,0.9969,0.002,"econometrics, applied, econometrics, journal, journal",5
78708,physician,M,1,physician,0.6417,0.5318,0.11,"medicine, graduate, hospital, gastrointestinal, areas",5
23431,composer,M,17,composer,0.9959,0.9674,0.0285,"electroacoustic, music, composition, works, sound",5
41414,journalist,M,4,journalist,0.1684,0.1334,0.035,"liberating, having, but, mind, dice",5
6856,photographer,F,3,photographer,0.9335,0.0055,0.928,"photo, several, produced, stories, into",5
29136,dentist,F,8,dentist,0.9941,0.1978,0.7963,"dentistry, maxillofacial, specialties, dr, oral",5
26818,attorney,F,2,attorney,0.7402,0.2025,0.5378,"legal, 367, adviser, environmental, program",5
72465,professor,F,0,professor,0.991,0.9634,0.0276,"dermatology, dermatology, pediatric, dermatology, dermatology",5
87037,dentist,M,8,dentist,0.9445,0.0043,0.9402,"dental, attended, university, dr, and",5
84344,professor,F,0,professor,0.9944,0.9833,0.0111,"education, research, general, institute, research",5
89515,teacher,M,7,teacher,0.8817,0.1368,0.7449,"classes, meditation, school, hosting, classes",5
41751,software engineer,F,15,software engineer,0.4952,0.0013,0.4939,"symantec, architecture, user, at, experience",5
53572,professor,F,0,professor,0.9701,0.0606,0.9095,"professor, university, associate, ritchey, of",5
54462,physician,F,1,physician,0.8354,0.6765,0.1589,"practice, estep, 1336290477, taylor, va",5
19963,professor,F,0,professor,0.2123,0.0563,0.1559,"division, women, innovation, the, helm",5
67083,professor,M,0,professor,0.9968,0.986,0.0107,"holds, endicott, rhode, prior, university",5
46299,professor,F,0,professor,0.99,0.7256,0.2645,"biotechnology, courses, university, science, experience",5
58434,professor,F,0,professor,0.9988,0.9972,0.0016,"scholar, university, visiting, university, research",5
9004,attorney,F,2,attorney,0.9994,0.9802,0.0192,"transactional, regulatory, practice, brendel, matters",5
89722,dietitian,F,18,dietitian,0.9963,0.9541,0.0423,"nutrition, diet, diet, dietitics, nutrition",5
7208,poet,M,13,poet,0.8971,0.2486,0.6486,"poetry, poetry, published, translated, eagerly",5
15906,photographer,F,3,photographer,0.9956,0.0196,0.976,"photos, work, while, exhibited, contemporary",5
81148,photographer,M,3,photographer,0.981,0.1226,0.8584,"photography, career, exhibitions, 1982, worldwide",5
57251,professor,M,0,professor,0.8682,0.1299,0.7383,"software, interested, topics, engineering, like",5
6833,psychologist,F,6,psychologist,0.9693,0.8927,0.0766,"clinician, health, treatment, editor, specializes",5
64024,journalist,M,4,journalist,0.8297,0.394,0.4357,"writer, city, nominee, association, rolling",5
56889,psychologist,M,6,psychologist,0.9983,0.0192,0.9791,"psychologist, clinical, honors, in, especially",5
32202,surgeon,M,9,surgeon,0.8663,0.6807,0.1856,"dr, residency, medical, surgery, surgery",5
61766,professor,F,0,professor,0.9989,0.9937,0.0052,"studies, mathras, cultural, teaching, behavior",5
85810,photographer,M,3,photographer,0.9889,0.1753,0.8136,"photography, photographs, photographs, focuses, towards",5
58694,physician,M,1,physician,0.9996,0.9762,0.0234,"medicine, practices, pediatrics, immunology, san",5
90889,attorney,F,2,attorney,0.9606,0.9508,0.0097,"legal, law, legal, college, kentucky",5
52252,physician,M,1,physician,0.7116,0.6312,0.0804,"northsidearthritis, 667, center, 4337, arthritis",5
70681,professor,M,0,professor,0.9987,0.9944,0.0043,"dr, behavior, iliev, political, studies",5
32000,professor,F,0,professor,0.9633,0.8202,0.1431,"scholarly, psychology, research, doctorate, university",5
55747,painter,F,11,painter,0.9151,0.5086,0.4065,"paintings, work, collections, mixed, artist",5
71791,filmmaker,M,14,filmmaker,0.2742,0.0528,0.2214,"repurposes, props, detritus, museum, obtuse",5
29589,attorney,F,2,attorney,0.9978,0.0444,0.9534,"law, representing, transactions, specializes, pllc",5
62787,professor,F,0,professor,0.9994,0.9989,0.0005,"research, holds, university, fellow, ph",5
8575,professor,M,0,professor,0.7808,0.7828,-0.0021,"teaching, faculty, teaching, phd, award",5
28190,professor,F,0,professor,0.9979,0.9949,0.003,"teaching, research, focus, in, and",5
90290,physician,F,1,physician,0.8746,0.9451,-0.0705,"physicians, medicine, medical, dr, dr",5
67700,professor,F,0,professor,0.9466,0.9137,0.0329,"funding, practitioner, nursing, neonatal, national",5
93357,filmmaker,M,14,filmmaker,0.9849,0.9403,0.0446,"filmmaker, films, film, films, festivals",5
10416,journalist,M,4,journalist,0.5391,0.508,0.0312,"abulfaz, to, elchibey, negotiations, aide",5
55877,model,F,12,model,0.9982,0.9878,0.0103,"model, followers, has, instagram, million",5
68114,physician,F,1,physician,0.9988,0.1358,0.863,"md, md14414, dr, professional, 1013259308",5
30770,physician,F,1,physician,0.9992,0.9976,0.0016,"1932170297, alaska, 2600, license, dr",5
35251,photographer,M,3,photographer,0.9967,0.9968,-0.0002,"photography, a7rii, cameras, nikon, sony",5
90743,poet,F,13,poet,0.9626,0.9314,0.0312,"poetry, poetry, published, chapbook, poetry",5
83698,journalist,M,4,journalist,0.9608,0.9404,0.0205,"reporter, media, strategy, pulitzer, editor",5
19330,professor,M,0,professor,0.7871,0.1878,0.5993,"phd, the, thesis, universiteit, updated",5
36656,dentist,F,8,dentist,0.4079,0.1052,0.3027,"dr, patient, choice, professionally, for",5
88484,teacher,M,7,teacher,0.987,0.1416,0.8453,"students, love, recipe, also, technique",5
8374,teacher,F,7,teacher,0.9905,0.9907,-0.0002,"teachers, students, practical, faculty, pedagogy",5
80564,professor,F,0,professor,0.9985,0.9954,0.0031,"interested, methods, is, nanoscale, of",5
30619,architect,M,10,architect,0.9977,0.9943,0.0034,"architect, architecture, design, licensed, retail",5
6770,physician,M,1,physician,0.9019,0.976,-0.0742,"hospital, dr, medical, attended, trained",5
44620,professor,M,0,professor,0.9987,0.9744,0.0243,"university, university, science, materials, engineering",5
69417,professor,M,0,professor,0.9771,0.7699,0.2072,"research, current, doctoral, psychophysiological, of",5
84312,nurse,F,5,nurse,0.9992,0.0031,0.9961,"nurse, in, experiences, hospitals, especially",5
35604,painter,M,11,painter,0.977,0.4392,0.5379,"brush, seascapes, bold, environs, strokes",5
21923,professor,M,0,professor,0.8863,0.2861,0.6002,"university, mycobacterium, epidemiologist, health, 2005",5
10631,dentist,M,8,dentist,0.9933,0.949,0.0444,"dentistry, dental, dentist, dental, tools",5
71180,poet,F,13,poet,0.9871,0.7954,0.1917,"poet, poems, passionate, poems, cognizant",5
16426,physician,F,1,physician,0.8835,0.5294,0.3541,"medical, medicine, years, experience, treat",5
58582,professor,F,0,professor,0.9593,0.9313,0.028,"gynecologists, endocrinology, university, gynecology, graduating",5
55426,physician,F,1,physician,0.5604,0.4357,0.1247,"erway, practice, 1346286887, dr, registry",5
33363,architect,F,10,architect,0.8484,0.58,0.2684,"home, techniques, heralds, australian, efficiency",5
68107,professor,M,0,professor,0.9985,0.997,0.0015,"research, rhetorical, current, theory, include",5
48894,professor,F,0,professor,0.9645,0.1836,0.7809,"students, scholars, the, visualizing, understand",5
53018,nurse,F,5,nurse,0.9994,0.0215,0.9778,"nurse, especially, experiences, practitioner, cooperates",5
53616,teacher,F,7,teacher,0.9848,0.9174,0.0675,"special, education, degree, heart, special",5
21619,physician,F,1,physician,0.9794,0.0114,0.9679,"medicine, assistant, professor, medicine, medical",5
59328,professor,M,0,professor,0.999,0.9987,0.0003,"research, journal, research, editorial, college",5
13754,dentist,M,8,dentist,0.9486,0.8899,0.0588,"dr, patients, rated, warring, choice",5
54052,photographer,M,3,photographer,0.9896,0.5949,0.3946,"photographer, photography, photography, canon, digital",5
9490,filmmaker,M,14,filmmaker,0.9883,0.9856,0.0027,"films, filmmaking, screened, short, feature",5
50882,teacher,M,7,teacher,0.9846,0.0879,0.8967,"math, school, mathcraftplc, curriculum, written",5
19877,physician,F,1,physician,0.9991,0.8103,0.1888,"medicine, practices, medical, plano, otolaryngology",5
50605,journalist,F,4,journalist,0.992,0.276,0.7159,"news, articles, publications, investigations, coup",5
64584,nurse,F,5,nurse,0.997,0.1798,0.8172,"nurse, ontario, linda, nurse, nursing",5
3338,nurse,F,5,nurse,0.9993,0.9367,0.0626,"nurse, midwife, certified, medical, in",5
40310,photographer,M,3,photographer,0.9916,0.5206,0.4711,"photographer, photographer, photographers, photography, asian",5
51386,professor,F,0,professor,0.4488,0.0953,0.3535,"research, transformative, learning, centers, integral",5
73295,painter,F,11,painter,0.9503,0.9282,0.0221,"paintings, curiosities, hobart, whimsical, poignant",5
72374,photographer,M,3,photographer,0.6813,0.0091,0.6722,"artist, grew, printing, of, being",5
59743,architect,M,10,architect,0.5969,0.2888,0.3081,"bookings, systems, platform, management, provide",5
75273,architect,M,10,architect,0.9226,0.0929,0.8296,"design, started, intern, construction, partner",5
90941,comedian,M,19,comedian,0.9777,0.9622,0.0155,"performed, emmy, venues, won, children",5
64996,attorney,M,2,attorney,0.9784,0.9903,-0.0119,"attorney, litigation, corporations, civil, specializing",5
18885,professor,F,0,professor,0.9815,0.1824,0.7991,"scholar, learning, research, and, president",5
46390,surgeon,M,9,surgeon,0.9976,0.9979,-0.0002,"orthopaedic, blankenship, medical, surgery, medicine",5
16030,physician,M,1,physician,0.8916,0.7914,0.1002,"medicine, hydronephrosis, flechner, graduate, graduate",5
58517,professor,M,0,professor,0.9991,0.9982,0.0008,"professor, published, areas, university, research",5
90439,nurse,F,5,nurse,0.998,0.4153,0.5826,"nurse, abortions, nurse, women, helps",5
4144,photographer,M,3,photographer,0.8374,0.1688,0.6685,"work, france, immigrants, new, showed",5
31527,professor,F,0,professor,0.9987,0.9976,0.001,"research, professor, university, lasso, professor",5
74370,psychologist,F,6,psychologist,0.9765,0.9886,-0.0122,"psychology, clinical, encompasses, psychological, behavioral",5
25900,professor,M,0,professor,0.9993,0.999,0.0004,"research, journal, gakushuin, university, journal",5
21855,dentist,M,8,dentist,0.8721,0.0142,0.8579,"dental, chitradurga, dental, bds, vara",5
4954,professor,M,0,professor,0.9983,0.8028,0.1954,"research, deals, computational, algorithms, with",5
88811,dentist,M,8,dentist,0.9963,0.1643,0.8319,"dentistry, dental, dentist, compatible, care",5
54214,journalist,M,4,journalist,0.9026,0.077,0.8256,"reported, about, book, wildlife, conflicts",5
30222,professor,M,0,professor,0.9903,0.8773,0.113,"studies, impact, the, digital, strong",5
4878,architect,F,10,architect,0.4005,0.0303,0.3702,"installations, collaborated, in, at, has",5
93162,professor,M,0,professor,0.9993,0.9989,0.0004,"scholarly, dr, focus, interests, dr",5
15877,physician,M,1,physician,0.9961,0.9289,0.0672,"medicine, cataracts, wayne, medical, dr",5
55444,physician,F,1,physician,0.9996,0.998,0.0016,"medicine, medicine, brackbill, practices, health",5
27462,photographer,F,3,photographer,0.6427,0.1039,0.5388,"schiesser, studio, land, the, said",5
39062,surgeon,M,9,surgeon,0.9919,0.9831,0.0088,"microsurgery, dr, hospitals, surgery, reconstructive",5
1429,attorney,F,2,attorney,0.9989,0.9966,0.0023,"appeals, casey, court, llp, clerked",5
36348,comedian,F,19,comedian,0.9673,0.7457,0.2216,"comedian, mtv, adam, debut, shows",5
62632,professor,M,0,professor,0.892,0.1409,0.751,"york, oxford, issueinterviewssyllabireadingsvideoarchiveartforumsubscribeadvertiseaboutcontact, new, bookforum",5
38544,psychologist,F,6,psychologist,0.9984,0.0078,0.9906,"psychologist, clinical, doctors, especially, experiences",5
79665,attorney,M,2,attorney,0.9979,0.9924,0.0055,"attorney, snoco, litigation, served, justice",5
73120,attorney,M,2,attorney,0.9975,0.992,0.0055,"clients, legal, counsel, laws, end",5
64975,surgeon,M,9,surgeon,0.9977,0.9974,0.0002,"dr, haverbush, dr, residency, surgery",5
79461,professor,F,0,professor,0.9978,0.9971,0.0007,"dr, research, public, dr, martin",5
24612,attorney,F,2,attorney,0.9845,0.9776,0.0068,"circuit, litigation, court, arbitrations, cases",5
85939,psychologist,F,6,psychologist,0.9876,0.9437,0.0439,"psychology, psychoanalytic, clinical, counseling, psychology",5
33734,professor,F,0,professor,0.9984,0.9947,0.0037,"university, ph, university, science, science",5
89990,journalist,F,4,journalist,0.9917,0.9954,-0.0037,"journalist, journalism, reporting, news, 2011",5
5412,poet,F,13,poet,0.9858,0.8143,0.1715,"poetry, irish, poetry, anthologies, late",5
43130,poet,F,13,poet,0.9806,0.9524,0.0282,"poetry, poetry, poems, write, whimsical",5
82664,professor,F,0,professor,0.9923,0.0058,0.9865,"pharmacology, teaches, healthy, fnp, nurse",5
19498,journalist,F,4,journalist,0.9941,0.4279,0.5662,"journalism, intercept, news, worked, the",5
84253,physician,M,1,physician,0.8479,0.1821,0.6658,"epo, provider, network, several, carriers",5
84686,attorney,M,2,attorney,0.9952,0.1811,0.8141,"attorney, practices, winemaker, children, two",5
20508,photographer,M,3,photographer,0.9962,0.9828,0.0134,"photography, photographer, photography, photographs, advertising",5
47901,attorney,F,2,attorney,0.9993,0.7818,0.2176,"represents, law, providers, ashley, disputes",5
75755,software engineer,M,15,software engineer,0.9666,0.9645,0.0021,"linux, aix, eclipse, analyzer, performance",5
88358,psychologist,F,6,psychologist,0.8668,0.401,0.4658,"work, cases, able, works, families",5
45443,attorney,F,2,attorney,0.9943,0.2013,0.793,"jd, english, legal, cds, received",5
7455,physician,F,1,physician,0.911,0.7665,0.1444,"practice, 1427277730, jimmie, tx, dallas",5
3825,surgeon,M,9,surgeon,0.9975,0.2579,0.7396,"florman, specializes, practice, surgery, practices",5
17237,attorney,M,2,attorney,0.9971,0.9181,0.079,"lawyer, before, law, graduating, court",5
70373,surgeon,M,9,surgeon,0.8951,0.7681,0.127,"surgery, medicine, aneurysm, surgery, milan",5
25960,physician,F,1,physician,0.563,0.3948,0.1682,"dermabrasion, medical, medical, clinical, center",5
74562,photographer,F,3,photographer,0.9888,0.7215,0.2673,"photos, maternity, sample, viewing, newborn",5
91273,professor,M,0,professor,0.959,0.6763,0.2827,"palgrave, author, macmillanlanguage, the, studies",5
11998,surgeon,F,9,surgeon,0.9205,0.9526,-0.0322,"cancer, surgery, gastrointestinal, in, multidisciplinary",5
86920,dietitian,F,18,dietitian,0.5752,0.0245,0.5507,"diseases, food, clients, stephanie, healthier",5
49883,poet,F,13,poet,0.891,0.0326,0.8584,"poetry, english, forthcoming, review, in",5
83414,nurse,F,5,nurse,0.9994,0.8551,0.1443,"nurse, in, practitioner, especially, specialists",5
52180,architect,M,10,architect,0.949,0.2259,0.7232,"architect, architecture, building, design, urban",5
74890,journalist,M,4,journalist,0.9917,0.9501,0.0416,"editor, proremodeler, at, contributing, voices",5
71299,physician,F,1,physician,0.9562,0.6539,0.3023,"medicine, rotation, clinic, clinical, creek",5
8040,painter,F,11,painter,0.8121,0.1664,0.6457,"galleries, work, has, shows, with",5
65329,professor,F,0,professor,0.9789,0.8813,0.0977,"university, pitpitan, research, research, focuses",5
24428,attorney,M,2,attorney,0.998,0.9989,-0.0009,"attorney, attorney, attorney, clients, plaintiffs",5
9155,photographer,M,3,photographer,0.9924,0.7598,0.2326,"photos, in, landscapes, the, for",5
87433,attorney,M,2,attorney,0.9782,0.6118,0.3664,"jhall, social, issues, com, disability",5
23283,photographer,M,3,photographer,0.9314,0.043,0.8885,"photo, exhibit, the, current, the",5
44398,professor,M,0,professor,0.9339,0.2274,0.7065,"author, american, rothafel, is, cinema",5
64134,professor,M,0,professor,0.999,0.9989,0.0001,"research, theology, articles, interests, review",5
34768,surgeon,F,9,surgeon,0.951,0.0556,0.8954,"surgeon, medical, known, studying, is",5
89700,psychologist,F,6,psychologist,0.9956,0.9851,0.0105,"psychology, psychotherapy, psychiatric, tutoring, provides",5
71790,model,F,12,model,0.8926,0.7122,0.1804,"mga, swim, siya, pagmamahal, na",5
80529,attorney,M,2,attorney,0.7348,0.7239,0.0109,"republican, race, endorsement, 2016, carla",5
64808,accountant,M,16,accountant,0.9895,0.3463,0.6432,"accounting, public, financial, firm, 40",5
84750,professor,F,0,professor,0.9981,0.9506,0.0474,"theatre, directing, holds, mfa, an",5
37775,nurse,M,5,nurse,0.7078,0.0092,0.6986,"nursing, nursing, emergency, experiences, current",5
80432,painter,F,11,painter,0.8761,0.1772,0.6989,"art, gallery, work, is, are",5
57875,teacher,M,7,teacher,0.5057,0.2704,0.2353,"school, jmu, students, residence, school",5
59739,teacher,M,7,teacher,0.9866,0.9551,0.0314,"teacher, students, ryerson, workshops, students",5
57842,journalist,F,4,journalist,0.9913,0.9934,-0.0021,"reporting, publications, cover, london, guardian",5
58704,model,M,12,model,0.993,0.9145,0.0785,"model, commercials, career, started, bhangra",5
85426,dentist,M,8,dentist,0.9977,0.1306,0.8672,"dentistry, dr, specialties, general, of",5
19544,professor,M,0,professor,0.961,0.6168,0.3443,"unc, directs, program, health, program",5
57092,physician,F,1,physician,0.9994,0.9689,0.0305,"medicine, endocrinology, pediatric, specializes, practices",5
69577,physician,M,1,physician,0.7099,0.8382,-0.1283,"medicine, dr, graduated, affiliations, hospital",5
7186,professor,F,0,professor,0.4146,0.168,0.2466,"launched, animals, originially, sheltering, alliephillips",5
11029,professor,M,0,professor,0.9973,0.8844,0.1128,"researcher, phd, university, university, research",5
21034,professor,M,0,professor,0.5493,0.0118,0.5376,"pediatrics, interest, clinical, philadelphia, has",5
77061,attorney,F,2,attorney,0.9989,0.9982,0.0007,"uscis, dixon, immigration, created, circuit",5
37903,poet,F,13,poet,0.9813,0.9839,-0.0026,"poetry, from, bluebirds, writing, poetics",5
12417,journalist,F,4,journalist,0.3604,0.198,0.1623,"column, of, general, the, at",5
83181,professor,M,0,professor,0.9815,0.017,0.9645,"school, faculty, dr, miller, university",5
83804,dentist,M,8,dentist,0.9553,0.9336,0.0217,"dentistry, dentistry, graduate, university, florida",5
4283,professor,M,0,professor,0.4955,0.0527,0.4428,"perspective, sites, paleoconservative, at, economic",5
17772,professor,F,0,professor,0.8587,0.8015,0.0572,"research, teaching, faculty, program, teaching",5
18294,professor,F,0,professor,0.9975,0.9833,0.0142,"phd, rhetoric, university, composition, louisville",5
12925,professor,F,0,professor,0.9979,0.995,0.0029,"phd, press, article, university, studio",5
8954,professor,F,0,professor,0.9444,0.3709,0.5735,"anesthesiologist, anesthesiology, doctorate, anesthesiology, medical",5
33958,teacher,M,7,teacher,0.905,0.3559,0.5491,"teacher, chartered, history, pilot, the",5
92660,dentist,M,8,dentist,0.9772,0.0015,0.9757,"periodontal, clinical, include, dr, gum",5
43009,dentist,F,8,dentist,0.9824,0.9657,0.0166,"dental, dr, kolhe, clinic, maharashtra",5
85745,photographer,F,3,photographer,0.9942,0.1214,0.8728,"photography, common, the, limelight, say",5
74411,photographer,F,3,photographer,0.992,0.0422,0.9498,"photography, photography, art, professor, currently",5
18781,professor,M,0,professor,0.8806,0.5005,0.3801,"009492, registered, psychologist, prof, prof",5
10576,surgeon,M,9,surgeon,0.7809,0.4778,0.3032,"dr, opportunities, international, educational, completed",5
4465,professor,M,0,professor,0.997,0.9975,-0.0004,"publications, education, monographs, philosophy, ethiopia",5
7387,professor,M,0,professor,0.971,0.0356,0.9354,"literary, poetry, review, fiction, american",5
54536,accountant,F,16,accountant,0.9971,0.9731,0.024,"accounting, cpas, cpas, financial, undergraduate",5
70702,physician,M,1,physician,0.9348,0.857,0.0777,"osteopathic, medicine, southeastern, university, doctor",5
63040,photographer,M,3,photographer,0.877,0.0508,0.8262,"shoot, images, images, are, production",5
45266,attorney,M,2,attorney,0.9992,0.9993,-0.0001,"represented, clients, represented, nonimmigrant, represented",5
24618,professor,M,0,professor,0.9991,0.998,0.0012,"university, joined, research, interests, troisieme",5
6346,professor,F,0,professor,0.8726,0.0175,0.8551,"physician, the, also, dr, dr",5
55176,professor,M,0,professor,0.9987,0.9977,0.0011,"research, university, scholar, university, social",5
38809,physician,F,1,physician,0.9994,0.9758,0.0236,"medicine, practices, medical, medical, las",5
63510,attorney,M,2,attorney,0.9945,0.4472,0.5473,"negotiating, clients, been, assisting, feedstock",5
75056,attorney,M,2,attorney,0.4884,0.1786,0.3098,"in, advocacy, american, is, delegation",5
87604,software engineer,M,15,software engineer,0.971,0.6354,0.3357,"computer, and, science, tech, before",5
87742,nurse,F,5,nurse,0.9991,0.8462,0.1529,"nurse, midwife, certified, hospitals, honors",5
51719,software engineer,M,15,software engineer,0.5508,0.1719,0.3789,"3dsignals, predictive, founder, based, company",5
4027,professor,M,0,professor,0.6231,0.0123,0.6108,"emergency, section, division, medical, ems",5
47867,accountant,F,16,accountant,0.9944,0.5822,0.4121,"accountant, financial, working, an, the",5
84805,professor,M,0,professor,0.9622,0.003,0.9593,"professor, journal, editor, uml, rsds",5
70566,professor,F,0,professor,0.9884,0.5825,0.4059,"research, interests, pedagogy, include, experiential",5
58523,architect,M,10,architect,0.9786,0.9896,-0.011,"architecture, architecture, offices, built, as",5
29727,professor,M,0,professor,0.5987,0.0286,0.5701,"faculty, teacher, university, state, bishop",5
35329,nurse,F,5,nurse,0.3428,0.3477,-0.0049,"victim, and, parents, domestic, violence",5
8142,photographer,F,3,photographer,0.3557,0.0912,0.2646,"unique, first, story, grew, oyotunji",5
18531,physician,M,1,physician,0.9498,0.9267,0.0232,"medicine, affiliated, minneapolis, medicare, medicine",5
37692,software engineer,M,15,software engineer,0.3041,0.1027,0.2014,"playstation, with, not, while, online",5
79440,professor,M,0,professor,0.9994,0.9994,0.0,"sesquicentennial, review, research, research, journal",5
72885,photographer,M,3,photographer,0.9964,0.9963,0.0001,"photography, photography, portraiture, photography, the",5
76890,physician,F,1,physician,0.9995,0.9069,0.0926,"medicine, medicine, practices, east, syracuse",5
80761,dentist,M,8,dentist,0.9938,0.2141,0.7797,"dr, has, practicing, years, old",5
22050,physician,F,1,physician,0.9629,0.9825,-0.0196,"medicine, deshmukh, dr, studied, affiliated",5
86903,composer,M,17,composer,0.9907,0.9766,0.0141,"music, music, music, electronic, the",5
70026,physician,M,1,physician,0.9283,0.9686,-0.0403,"dr, miramar, onocology, hospital, epo",5
975,photographer,F,3,photographer,0.9843,0.4022,0.5821,"photography, the, always, milan, graphic",5
73753,attorney,F,2,attorney,0.9978,0.4935,0.5043,"law, juris, civil, undergraduate, doctorate",5
80862,nurse,F,5,nurse,0.9993,0.1011,0.8983,"nurse, in, especially, virginia, practitioner",5
89316,professor,M,0,professor,0.9987,0.9972,0.0015,"research, university, publications, postdictatorial, dr",5
39376,attorney,M,2,attorney,0.9992,0.9993,-0.0001,"litigation, law, foreclosure, law, pepperdine",5
29410,model,F,12,model,0.9342,0.0513,0.8828,"fans, male, many, of, beauty",5
25578,journalist,F,4,journalist,0.9457,0.7883,0.1575,"previously, canada´s, wrote, jenniferhros, jenniferhros",5
40753,nurse,F,5,nurse,0.9907,0.0779,0.9129,"nurse, hospital, excellence, experience, at",5
39188,journalist,M,4,journalist,0.9945,0.8999,0.0946,"journalist, somali, and, origin, opinion",5
49387,physician,F,1,physician,0.9996,0.4421,0.5574,"medicine, practices, medicine, mcadams, hospital",5
25694,professor,M,0,professor,0.9969,0.9681,0.0288,"epistemology, published, specialty, dr, epistemology",5
43496,composer,M,17,composer,0.8655,0.0066,0.859,"music, creative, technology, college, music",5
84531,photographer,M,3,photographer,0.9886,0.0161,0.9726,"photographic, includes, coverage, media, portfolio",5
6587,professor,M,0,professor,0.9986,0.9872,0.0114,"research, university, interests, foursquare, research",5
39640,professor,F,0,professor,0.9957,0.3009,0.6948,"research, explores, research, relationship, conducting",5
14955,physician,M,1,physician,0.9443,0.9921,-0.0478,"medicine, hospital, affiliations, dr, hospital",5
39496,filmmaker,M,14,filmmaker,0.8924,0.321,0.5714,"documentary, speciesism, visual, interviewed, film",5
37520,professor,M,0,professor,0.9465,0.3601,0.5864,"psychophysiology, research, for, interests, intergroup",5
64966,surgeon,F,9,surgeon,0.9222,0.9591,-0.0369,"dr, orthopaedic, kelleher, surgeons, dr",5
9343,physician,M,1,physician,0.9904,0.9968,-0.0065,"medicine, studied, at, dr, hospital",5
46445,attorney,F,2,attorney,0.973,0.0078,0.9653,"attending, law, litigation, school, malpractice",5
6762,dentist,F,8,dentist,0.9312,0.9649,-0.0336,"dental, denture, dental, dental, dental",5
63977,physician,F,1,physician,0.9996,0.983,0.0166,"medicine, practices, pediatric, exton, urology",5
13916,painter,F,11,painter,0.9943,0.1358,0.8585,"painting, depicted, directly, work, aims",5
49944,comedian,M,19,comedian,0.9929,0.9891,0.0038,"performed, comedians, comedy, comedy, comedy",5
70554,dentist,M,8,dentist,0.9297,0.967,-0.0373,"dental, dental, dental, indian, fillings",5
34849,professor,M,0,professor,0.9993,0.9991,0.0003,"how, currently, biofuels, published, article",5
31116,attorney,M,2,attorney,0.9993,0.999,0.0004,"lawsuits, works, defending, draft, enforceable",5
43018,professor,F,0,professor,0.6816,0.1866,0.4951,"psychologist, also, teacher, teacher, literacy",5
35683,physician,F,1,physician,0.9971,0.9761,0.021,"medicine, dr, hospital, graduated, patients",5
40499,professor,M,0,professor,0.994,0.9873,0.0067,"research, doctoral, university, social, funding",5
90011,journalist,M,4,journalist,0.9914,0.7263,0.2651,"reportage, reporter, writing, concentrates, iraq",5
73419,professor,M,0,professor,0.9994,0.9963,0.0031,"education, ph, research, mathai, university",5
834,surgeon,F,9,surgeon,0.9956,0.9378,0.0578,"hospital, surgery, dr, multispeciality, practices",5
11512,attorney,M,2,attorney,0.9984,0.1115,0.8869,"case, client, representation, case, facts",5
61698,physician,M,1,physician,0.6817,0.0894,0.5923,"medicine, medicine, focuses, medicine, puts",5
59979,professor,F,0,professor,0.9994,0.9993,0.0,"scholar, studies, university, visiting, global",5
29578,professor,M,0,professor,0.9285,0.0815,0.8471,"yale, mfa, painting, university, 1997",5
35590,dentist,M,8,dentist,0.9718,0.0104,0.9614,"dds, patients, patients, practice, cursory",5
81210,dentist,F,8,dentist,0.9552,0.9759,-0.0207,"orthodontic, zankhana, dental, indian, dental",5
60481,attorney,M,2,attorney,0.4118,0.0596,0.3522,"solve, thinking, service, perry, personal",5
73971,surgeon,M,9,surgeon,0.9878,0.7839,0.2039,"dr, orthopedic, medical, residency, medical",5
93730,professor,F,0,professor,0.9971,0.9551,0.042,"ph, defended, university, thesis, research",5
8125,accountant,M,16,accountant,0.9979,0.9874,0.0104,"accounting, westernzagros, financial, finance, company",5
65036,psychologist,M,6,psychologist,0.9004,0.1225,0.778,"psychology, clinical, brodeur, counseling, doctorate",5
4226,dentist,M,8,dentist,0.9393,0.4497,0.4896,"dentistry, practices, dental, dr, heng",5
56870,professor,F,0,professor,0.9967,0.9484,0.0482,"uncovers, research, builds, book, theories",5
78908,composer,M,17,composer,0.9943,0.9831,0.0112,"composer, projects, music, director, symphony",5
44577,professor,M,0,professor,0.9957,0.2357,0.76,"phd, research, doctoral, fellow, undergraduate",5
10364,nurse,F,5,nurse,0.7258,0.5136,0.2122,"volunteer, lisa, chronic, serious, or",5
75955,professor,F,0,professor,0.9992,0.8148,0.1845,"studies, sedimentary, studies, that, and",5
73784,dentist,M,8,dentist,0.9911,0.9484,0.0427,"dentistry, dr, cosmetic, makeover, veneers",5
40148,attorney,M,2,attorney,0.9994,0.9948,0.0047,"practice, matters, representing, disputes, medicaid",5
35152,software engineer,M,15,software engineer,0.8643,0.8227,0.0416,"mpeg, 3d, areas, 2d, development",5
89440,photographer,F,3,photographer,0.9745,0.3202,0.6543,"photography, shooting, photoshop, camera, camera",5
87553,filmmaker,M,14,filmmaker,0.8757,0.0207,0.855,"film, films, studios, festival, plata",5
11780,professor,M,0,professor,0.9935,0.8512,0.1424,"the, studies, which, optimized, ways",5
83242,professor,F,0,professor,0.999,0.9957,0.0034,"professor, chemistry, nanomaterials, university, cloud",5
624,professor,M,0,professor,0.9993,0.9968,0.0025,"phd, faculty, prof, obtained, iisc",5
78215,nurse,F,5,nurse,0.9549,0.1352,0.8197,"nursing, nurse, in, of, joined",5
2004,professor,M,0,professor,0.9993,0.9833,0.016,"research, stochastic, lab, achieve, director",5
94448,professor,M,0,professor,0.5617,0.184,0.3777,"faculty, dr, research, psychology, research",5
27957,professor,M,0,professor,0.5406,0.2362,0.3043,"four, novellas, the, novel, stories",5
24135,model,F,12,model,0.5303,0.4224,0.1079,"playboy, stronger, from, performances, guest",5
52191,dietitian,F,18,dietitian,0.9943,0.0253,0.969,"nutrition, clinical, nutrition, nutrition, nutrition",5
90895,physician,F,1,physician,0.7161,0.1245,0.5916,"years, 13, hospital, affiliated, practicing",5
48076,professor,F,0,professor,0.9959,0.9703,0.0257,"research, interest, theory, feminist, includes",5
33322,professor,M,0,professor,0.9992,0.9988,0.0004,"instructor, research, teaching, interests, adjunct",5
67619,software engineer,M,15,software engineer,0.9627,0.8879,0.0749,"computer, degree, mozilla, machine, science",5
37219,software engineer,M,15,software engineer,0.9293,0.91,0.0193,"intel, intel, developers, intel, developer",5
68170,professor,F,0,professor,0.6625,0.5642,0.0984,"course, experiential, students, guided, learning",5
79648,poet,M,13,poet,0.9608,0.7535,0.2073,"poetry, omnidawn, quartet, prize, first",5
68605,professor,M,0,professor,0.996,0.9955,0.0005,"research, research, current, examines, major",5
71427,software engineer,F,15,software engineer,0.9771,0.9704,0.0068,"project, several, source, developing, sdks",5
76782,dentist,M,8,dentist,0.957,0.0163,0.9407,"dentistry, dental, dr, dental, numerous",5
82096,photographer,M,3,photographer,0.9961,0.9689,0.0272,"geographic, work, clients, with, has",5
77248,physician,F,1,physician,0.9809,0.6384,0.3425,"affiliations, dr, medicine, medicine, attended",5
62631,surgeon,M,9,surgeon,0.9876,0.9701,0.0175,"surgical, dr, extremity, conditions, patient",5
46074,model,F,12,model,0.999,0.9804,0.0186,"freeones, born, ranked, was, gallery",5
31350,physician,F,1,physician,0.7745,0.1465,0.628,"medical, advisory, board, efforts, vhp",5
63715,accountant,M,16,accountant,0.9963,0.9928,0.0036,"accounting, cfo, degree, worked, 13",5
49755,physician,M,1,physician,0.9781,0.9502,0.0279,"dr, physician, doctor, dr, hospital",5
72920,software engineer,M,15,software engineer,0.8666,0.3898,0.4768,"computer, science, masters, science, development",5
22898,physician,M,1,physician,0.5918,0.0709,0.5209,"physician, professor, medical, sacks, product",5
77668,nurse,F,5,nurse,0.9667,0.0066,0.9601,"nurse, practitioner, program, training, medicine",5
94429,professor,F,0,professor,0.9992,0.999,0.0003,"honours, phd, university, yale, society",5
57358,poet,F,13,poet,0.4363,0.0452,0.391,"programme, creative, writing, graduate, on",5
42112,professor,F,0,professor,0.9978,0.7355,0.2622,"research, the, interests, include, teaching",5
51291,teacher,M,7,teacher,0.9919,0.9602,0.0317,"teaching, classroom, from, diploma, of",5
31318,attorney,M,2,attorney,0.8874,0.2343,0.6531,"national, certification, trayvon, impact, agrees",5
27507,surgeon,M,9,surgeon,0.7918,0.0078,0.784,"dr, surgery, freemyer, medicine, board",5
15741,professor,M,0,professor,0.9984,0.965,0.0334,"professor, associate, studies, conflict, department",5
14953,photographer,M,3,photographer,0.9976,0.9938,0.0038,"photographs, photographers, conceptual, photos, fashion",5
65802,surgeon,M,9,surgeon,0.9919,0.0822,0.9098,"dr, surgeons, plastic, medical, surgery",5
29367,journalist,M,4,journalist,0.4839,0.0501,0.4338,"communications, degree, university, from, readers",5
66357,professor,M,0,professor,0.9779,0.9531,0.0248,"oncology, university, board, dr, chemistry",5
66487,attorney,M,2,attorney,0.9886,0.8281,0.1605,"counsel, counsel, general, secretary, served",5
52801,teacher,M,7,teacher,0.8963,0.132,0.7643,"teaches, class, of, have, who",5
21866,journalist,F,4,journalist,0.9167,0.2809,0.6358,"communications, in, competition, competition, competitive",5
52041,professor,F,0,professor,0.9937,0.7557,0.238,"geisler, centers, research, dr, linguistically",5
30954,professor,M,0,professor,0.9994,0.9995,-0.0001,"of, cambridge, research, sits, research",5
80824,professor,F,0,professor,0.9985,0.9821,0.0163,"dr, doctorate, organizations, evaluation, behavior",5
18965,physician,M,1,physician,0.9438,0.9477,-0.0039,"medical, frederique, graduate, dr, suny",5
42924,dentist,F,8,dentist,0.8839,0.8651,0.0188,"dental, dentistry, dental, indian, dr",5
59672,teacher,F,7,teacher,0.5534,0.1891,0.3643,"children, often, illustrator, first, book",5
75666,professor,F,0,professor,0.8762,0.0338,0.8424,"additionally, student, psychiatry, consults, inpatient",5
7899,dietitian,F,18,dietitian,0.9926,0.0262,0.9664,"nutrition, medical, creates, nutrition, natural",5
21870,nurse,M,5,nurse,0.6428,0.7792,-0.1365,"safety, chairperson, the, society, the",5
35686,painter,F,11,painter,0.9737,0.2297,0.7439,"painting, drawing, art, 1977, florence",5
11092,psychologist,F,6,psychologist,0.9922,0.8654,0.1268,"psychology, psychological, spectrum, integrates, timeless",5
51080,nurse,F,5,nurse,0.9994,0.0955,0.9039,"nurse, in, practitioner, hospital, especially",5
10490,painter,M,11,painter,0.7918,0.0021,0.7897,"painting, drawing, work, studio, from",5
8838,teacher,F,7,teacher,0.6776,0.4776,0.2001,"students, metis, coordinator, events, christine",5
83683,nurse,F,5,nurse,0.9978,0.639,0.3588,"nursing, nurse, nursing, loma, training",5
80467,professor,M,0,professor,0.9657,0.8686,0.097,"university, ph, shcolar, university, law",5
45144,physician,F,1,physician,0.9996,0.875,0.1245,"medicine, practices, medicine, scholl, hospital",5
9832,photographer,M,3,photographer,0.9932,0.8831,0.1101,"camera, shoot, even, photographer, jurassic",5
70318,filmmaker,F,14,filmmaker,0.8971,0.0024,0.8946,"film, feature, documentary, that, forthcoming",5
67830,professor,M,0,professor,0.9996,0.9988,0.0008,"research, ph, interests, university, center",5
92116,professor,M,0,professor,0.9991,0.9985,0.0006,"articles, director, studies, project, associate",5
53768,professor,M,0,professor,0.9696,0.5904,0.3792,"dermatology, dr, fellow, college, certified",5
23867,professor,M,0,professor,0.9991,0.9987,0.0004,"research, moral, theology, doctoral, focuses",5
84565,composer,M,17,composer,0.9086,0.8262,0.0824,"musical, electronica, music, jazz, based",5
86002,nurse,F,5,nurse,0.9994,0.1106,0.8889,"nurse, in, especially, practitioner, nina",5
79289,professor,M,0,professor,0.6542,0.0082,0.6461,"online, student, doctoral, university, teaches",5
49863,physician,F,1,physician,0.936,0.9575,-0.0215,"medical, sczepanski, dr, medicine, dr",5
21164,professor,F,0,professor,0.9987,0.9682,0.0304,"research, grants, electrolytes, received, nanostructured",5
30982,professor,M,0,professor,0.9951,0.9811,0.014,"philosophy, professor, teaches, law, sociology",5
78494,painter,M,11,painter,0.9008,0.5947,0.3061,"drawing, painting, painting, namur, devotes",5
56972,professor,F,0,professor,0.9874,0.9844,0.003,"focuses, research, developing, clinical, cessation",5
22585,professor,F,0,professor,0.9818,0.5447,0.4371,"beauchesne, research, years, also, tourism",5
59062,teacher,M,7,teacher,0.9844,0.8527,0.1318,"classroom, classes, classes, lessons, are",5
59996,physician,M,1,physician,0.5702,0.8539,-0.2837,"medical, hemodialysis, kidney, director, medical",5
73108,surgeon,M,9,surgeon,0.9979,0.0298,0.968,"medicine, practice, abouzeid, been, dr",5
10726,dentist,M,8,dentist,0.997,0.0674,0.9296,"oral, dentistry, specialties, dr, dr",5
75650,poet,M,13,poet,0.9845,0.0116,0.9729,"poem, ode, is, famous, and",5
15819,psychologist,M,6,psychologist,0.98,0.8005,0.1795,"psychology, jung, jung, test, the",5
74584,dentist,M,8,dentist,0.9961,0.9542,0.0419,"dentist, dr, dental, patients, experience",5
3386,poet,F,13,poet,0.9684,0.9274,0.041,"poetry, poems, poetry, poetry, published",5
42897,professor,F,0,professor,0.9976,0.9965,0.0012,"articles, author, authored, ethnographic, religion",5
13548,physician,M,1,physician,0.9986,0.9981,0.0005,"1740223825, michigan, license, dr, 5101014899",5
18601,psychologist,F,6,psychologist,0.5276,0.1288,0.3988,"psychology, psychology, studied, social, interventions",5
78155,psychologist,F,6,psychologist,0.9686,0.9883,-0.0196,"cognitive, behavioral, therapy, trauma, therapy",5
82772,psychologist,F,6,psychologist,0.9938,0.9897,0.0041,"psychologist, psychologist, srivastva, psychologist, psychologist",5
67925,nurse,F,5,nurse,0.9108,0.0779,0.8329,"nurse, nursing, cardiology, the, practitioner",5
72052,psychologist,F,6,psychologist,0.9793,0.7204,0.2589,"psychology, clinical, clinic, ph, psychological",5
42108,professor,M,0,professor,0.8918,0.6175,0.2742,"design, biomimetics, parametric, behance, design",5
89858,physician,M,1,physician,0.9995,0.9001,0.0994,"medicine, practices, orthopaedic, hospital, in",5
84069,surgeon,F,9,surgeon,0.8675,0.0087,0.8588,"dr, practice, dr, 1629049846, pinson",5
29828,psychologist,M,6,psychologist,0.5837,0.6156,-0.0319,"computer, sam, algorithm, soulmates, help",5
4162,dentist,M,8,dentist,0.9424,0.1046,0.8378,"dental, denticare, veneers, at, doctor",5
32955,filmmaker,M,14,filmmaker,0.9681,0.8083,0.1598,"film, film, director, film, screened",5
71426,architect,M,10,architect,0.993,0.0821,0.9109,"architectural, ellenzweig, works, firm, designers",5
25343,teacher,F,7,teacher,0.5065,0.3139,0.1926,"busy, climbs, travel, is, foundation",5
82091,physician,F,1,physician,0.9412,0.975,-0.0338,"hospital, medical, medstar, patient, medical",5
31495,composer,M,17,composer,0.9733,0.8041,0.1692,"commissioned, choir, music, international, festival",5
69362,attorney,M,2,attorney,0.964,0.345,0.619,"law, practiced, political, of, firm",5
27332,architect,M,10,architect,0.3836,0.0817,0.3018,"techno, bin, wadi, institute, start",5
2919,professor,M,0,professor,0.9969,0.9886,0.0082,"journal, papers, university, published, hellenic",5
66591,attorney,M,2,attorney,0.9991,0.9986,0.0005,"dui, practice, defense, focuses, crimes",5
44355,photographer,F,3,photographer,0.961,0.2325,0.7284,"photographic, photo, foto, director, studio",5
70756,journalist,F,4,journalist,0.317,0.21,0.1071,"prey, fallen, penmanship, jacqueline, biography",5
27466,comedian,M,19,comedian,0.3163,0.1166,0.1997,"youtube, entertaining, takes, appearances, the",5
69387,dentist,M,8,dentist,0.958,0.5371,0.4209,"dr, patients, rated, choice, is",5
91274,architect,M,10,architect,0.8874,0.893,-0.0056,"meticulously, design, tradesman, job, project",5
8458,professor,M,0,professor,0.999,0.995,0.004,"within, crime, examines, university, deviance",5
86532,professor,M,0,professor,0.9994,0.9989,0.0005,"university, dphil, doctoral, oxford, academic",5
48049,teacher,M,7,teacher,0.9714,0.8573,0.1141,"standards, student, grades, bachelors, teaching",5
31978,dentist,M,8,dentist,0.9306,0.7822,0.1484,"dental, dr, swapnil, dr, azamshah",5
76206,professor,F,0,professor,0.9985,0.9811,0.0174,"phd, ucla, statistics, university, biological",5
65631,photographer,M,3,photographer,0.9944,0.8885,0.1058,"photographs, documents, shot, exhibition, art",5
53017,attorney,M,2,attorney,0.9994,0.9988,0.0006,"injured, counsel, clients, representing, jury",5
20664,physician,M,1,physician,0.9427,0.5758,0.3669,"chiropractic, schroeder, graduate, science, is",5
15494,model,F,12,model,0.4778,0.4695,0.0083,"imai, comes, grandparents, the, paternal",5
73373,attorney,F,2,attorney,0.9966,0.9915,0.0051,"attorney, judge, appeals, roles, bar",5
76564,psychologist,F,6,psychologist,0.8187,0.0039,0.8147,"intensity, emotional, gifted, in, books",5
6173,professor,M,0,professor,0.9985,0.9941,0.0043,"neurophysiology, research, expertise, dr, university",5
33450,professor,F,0,professor,0.9203,0.759,0.1613,"kreher, phd, university, kreher, dr",5
66699,teacher,M,7,teacher,0.9734,0.0637,0.9097,"school, of, aboriginal, sharing, address",5
2779,teacher,M,7,teacher,0.9895,0.9327,0.0568,"classroom, teacher, teaching, education, student",5
35504,physician,F,1,physician,0.9995,0.9866,0.0129,"medicine, medicine, mcallen, practices, specializes",5
43902,architect,F,10,architect,0.9853,0.0043,0.9809,"architecture, architects, architectural, autodesk, society",5
33679,attorney,M,2,attorney,0.998,0.9979,0.0001,"litigation, litigation, litigation, practice, law",5
89290,physician,M,1,physician,0.9979,0.9819,0.016,"affiliated, medical, medical, degree, practicing",5
71809,software engineer,M,15,software engineer,0.93,0.9327,-0.0026,"apache, apache, projects, software, engineer",5
64000,psychologist,M,6,psychologist,0.8902,0.5648,0.3254,"npr, facilitating, working, twenty, jack",5
59792,psychologist,F,6,psychologist,0.9944,0.7756,0.2188,"psychological, therapy, cognitive, behavioral, conducting",5
39803,physician,F,1,physician,0.9996,0.944,0.0555,"medicine, sisko, practices, immunology, affiliated",5
245,attorney,F,2,attorney,0.9989,0.9948,0.0042,"focuses, litigation, workers, defense, clients",5
89252,attorney,M,2,attorney,0.9994,0.7222,0.2772,"bankruptcy, law, estate, real, lally",5
58322,dentist,M,8,dentist,0.7314,0.3054,0.426,"dental, dental, jayaprakash, dento, ittigi",5
57740,comedian,M,19,comedian,0.9925,0.0044,0.9881,"jokes, performed, tig, material, the",5
86193,physician,F,1,physician,0.9838,0.9481,0.0357,"clinic, medicine, dr, mbbs, medicine",5
34905,professor,M,0,professor,0.9992,0.9993,-0.0002,"dissertation, hardersen, faculty, doctoral, work",5
45638,journalist,M,4,journalist,0.9709,0.987,-0.016,"producer, correspondent, reporting, radio, television",5
13183,surgeon,M,9,surgeon,0.9816,0.1971,0.7845,"surgery, laparoscopic, patients, endoscopic, treatment",5
85929,comedian,M,19,comedian,0.9936,0.9599,0.0337,"stand, comedy, up, shows, parodies",5
14184,psychologist,M,6,psychologist,0.9684,0.7886,0.1799,"psychotherapy, psychological, ph, psychological, psycho",5
70458,professor,F,0,professor,0.9994,0.9989,0.0005,"research, focuses, studies, american, doctoral",5
14328,professor,M,0,professor,0.9918,0.7015,0.2903,"focuses, epistemology, research, on, healing",5
77683,professor,F,0,professor,0.6709,0.7131,-0.0422,"training, service, strathmore, certificates, images",5
48570,professor,F,0,professor,0.9994,0.9837,0.0157,"research, courses, teaches, ricker, interests",5
79141,attorney,F,2,attorney,0.9881,0.9773,0.0108,"law, degree, law, received, ucla",5
53091,filmmaker,M,14,filmmaker,0.5864,0.0064,0.58,"movie, camera, database, voice, business",5
50420,professor,F,0,professor,0.9953,0.9838,0.0115,"faculty, fellows, research, students, investigator",5
29471,psychologist,F,6,psychologist,0.8711,0.3036,0.5675,"mental, health, gottman, coaching, infant",5
2845,professor,M,0,professor,0.981,0.9281,0.0529,"dr, sarsour, research, translational, presented",5
53455,dentist,M,8,dentist,0.9128,0.0313,0.8815,"dentistry, dr, dental, giusti, residency",5
22090,surgeon,M,9,surgeon,0.9781,0.0026,0.9755,"dr, surgeries, surgeries, performed, cleft",5
74330,journalist,F,4,journalist,0.8945,0.1746,0.7199,"when, not, is, food, writing",5
54674,professor,M,0,professor,0.9989,0.9961,0.0027,"earned, university, from, prior, programs",5
54248,professor,M,0,professor,0.9865,0.0116,0.9749,"bancks, composer, student, bmi, composer",5
14883,professor,F,0,professor,0.9982,0.9976,0.0006,"press, university, scholarly, fellowships, debates",5
33443,journalist,F,4,journalist,0.8898,0.0079,0.8818,"journalism, writing, the, university, creative",5
76700,journalist,F,4,journalist,0.9975,0.9952,0.0024,"reporting, politics, reported, mada, working",5
74232,surgeon,M,9,surgeon,0.9927,0.1571,0.8356,"surgery, surgeons, dentistry, deformities, facial",5
71797,physician,F,1,physician,0.9995,0.9387,0.0608,"medicine, practices, gelfand, hospital, orthopaedic",5
7918,accountant,M,16,accountant,0.9943,0.0006,0.9937,"accounting, accounting, company, in, edik",5
11482,professor,F,0,professor,0.9985,0.9968,0.0017,"research, interdisciplinary, chemistry, conducts, using",5
49090,professor,F,0,professor,0.7379,0.008,0.7298,"for, scientists, researcher, department, student",5
51074,teacher,F,7,teacher,0.9565,0.0255,0.9309,"education, and, art, bachelors, ceramics",5
41317,professor,F,0,professor,0.9938,0.8013,0.1925,"author, modernism, articles, journals, memory",5
14637,physician,F,1,physician,0.9995,0.693,0.3065,"medicine, westerville, shuff, practices, orthopaedic",5
51377,photographer,F,3,photographer,0.9939,0.9939,-0.0001,"photography, photography, photography, work, subjects",5
43417,professor,F,0,professor,0.9956,0.9627,0.0329,"doctorate, curriculum, university, earned, instruction",5
48755,nurse,F,5,nurse,0.4068,0.2633,0.1436,"sock, debbie, debbie, done, knitting",5
28623,attorney,M,2,attorney,0.9981,0.9943,0.0038,"tried, cases, in, courts, attorneys",5
74635,professor,M,0,professor,0.9899,0.9681,0.0218,"dr, biology, has, carcinogenicity, transduction",5
56945,architect,M,10,architect,0.9813,0.99,-0.0087,"architecture, architecture, modelling, building, computation",5
82660,architect,M,10,architect,0.9837,0.0014,0.9823,"architecture, of, kuleuven, school, at",5
64675,professor,M,0,professor,0.951,0.0916,0.8595,"cardiology, 26, dr, has, interventional",5
95255,professor,F,0,professor,0.2309,0.0312,0.1997,"research, and, non, archivism, of",5
61338,teacher,F,7,teacher,0.9749,0.7068,0.268,"education, teacher, schools, schools, deputy",5
79873,dentist,F,8,dentist,0.9509,0.9576,-0.0066,"dental, dr, dental, pnito, dental",5
56027,photographer,M,3,photographer,0.9976,0.8002,0.1973,"photographic, this, image, series, magazines",5
58659,physician,M,1,physician,0.5445,0.922,-0.3775,"medical, dr, medical, training, patient",5
58747,dentist,M,8,dentist,0.9981,0.0287,0.9694,"dentistry, dr, specialties, of, include",5
25335,professor,M,0,professor,0.9984,0.9568,0.0416,"constitutionalism, reconstruction, study, democratization, comparative",5
75419,dietitian,F,18,dietitian,0.9968,0.0021,0.9947,"dietitian, registered, nutrition, doctors, specialists",5
92386,professor,F,0,professor,0.9947,0.9608,0.0339,"neurotrophic, research, interests, include, neuronal",5
35832,model,F,12,model,0.9984,0.3652,0.6331,"modeling, model, outfits, likes, club",5
92404,attorney,M,2,attorney,0.9989,0.0197,0.9793,"attorney, attorney, an, clientele, consulting",5
37007,attorney,F,2,attorney,0.8815,0.7179,0.1637,"law, international, law, law, health",5
21320,comedian,M,19,comedian,0.9911,0.0146,0.9765,"comedy, crowd, the, since, been",5
76924,professor,M,0,professor,0.9365,0.6838,0.2527,"research, current, autism, mundy, cognitive",5
45539,teacher,F,7,teacher,0.9935,0.7591,0.2345,"teaching, teaching, teaching, certification, been",5
42218,professor,M,0,professor,0.9987,0.9584,0.0403,"phd, research, published, universities, colonial",5
73847,physician,F,1,physician,0.9943,0.9957,-0.0014,"medicine, dr, hiv, interests, medicine",5
2692,attorney,F,2,attorney,0.9928,0.5992,0.3936,"juris, graduated, susan, doctor, degree",5
29438,professor,F,0,professor,0.9948,0.0207,0.9741,"phd, university, university, 2012, literacy",5
73417,physician,M,1,physician,0.9969,0.9765,0.0203,"medicine, ophthalmology, studied, cataracts, dr",5
28048,photographer,F,3,photographer,0.4235,0.4631,-0.0396,"journalism, arts, art, work, visual",5
17794,surgeon,M,9,surgeon,0.9979,0.0666,0.9313,"orthopaedic, practices, practice, surgeons, dr",5
34918,attorney,F,2,attorney,0.9966,0.9934,0.0031,"law, earned, graduated, federal, cardozo",5
41515,teacher,M,7,teacher,0.8875,0.1799,0.7075,"learner, the, supportive, player, feels",5
58664,physician,M,1,physician,0.9766,0.9963,-0.0197,"hospital, magnetic, dr, attended, medical",5
74123,surgeon,F,9,surgeon,0.9955,0.9917,0.0038,"dr, surgery, professor, hospital, hannan",5
7458,software engineer,F,15,software engineer,0.9672,0.6025,0.3647,"code2040, tech, engineering, computer, engineer",5
18971,physician,F,1,physician,0.9995,0.7673,0.2323,"medicine, practices, blouin, rheumatology, hospital",5
79432,professor,M,0,professor,0.9997,0.9996,0.0001,"research, computer, has, researcher, dr",5
45354,filmmaker,F,14,filmmaker,0.9176,0.7949,0.1228,"documentary, directed, videographer, daria, documentary",5
12748,dentist,M,8,dentist,0.837,0.933,-0.096,"dental, mandla, indian, dental, dr",5
40937,photographer,F,3,photographer,0.8545,0.0014,0.8531,"photographing, responsible, for, member, events",5
69143,surgeon,M,9,surgeon,0.9705,0.9587,0.0119,"surgeries, dr, procedures, osteoarthritis, erez",5
20278,nurse,F,5,nurse,0.999,0.9585,0.0406,"nurse, nurse, nurse, rehabilitation, manager",5
69572,professor,M,0,professor,0.9922,0.6963,0.2959,"research, role, and, both, teaching",5
74054,journalist,M,4,journalist,0.4795,0.1684,0.3111,"newspapers, syndicated, readers, cnn, robertson",5
95389,dentist,F,8,dentist,0.8941,0.0002,0.8939,"dental, dentistry, dental, barry, pediatric",5
81129,professor,M,0,professor,0.9944,0.9511,0.0433,"university, ph, university, received, university",5
50087,attorney,M,2,attorney,0.9984,0.9837,0.0147,"plaintiffs, counsel, certified, companies, lead",5
22240,attorney,F,2,attorney,0.9985,0.9991,-0.0005,"attorneys, appeals, immigration, law, oklahoma",5
45115,physician,F,1,physician,0.9636,0.9813,-0.0177,"medicine, sclerosis, peraza, dr, affiliated",5
22504,professor,M,0,professor,0.9981,0.9927,0.0054,"macroeconomics, microeconomics, department, teaching, is",5
569,teacher,F,7,teacher,0.9934,0.321,0.6724,"teacher, teacher, student, students, students",5
64493,dietitian,F,18,dietitian,0.9955,0.4148,0.5807,"dietetic, nutrition, food, nutrition, internship",5
17001,professor,F,0,professor,0.9994,0.9988,0.0006,"edited, scholarship, dr, teaching, college",5
56627,attorney,F,2,attorney,0.5344,0.1994,0.335,"consumers, addictions, disorder, in, substance",5
48514,composer,M,17,composer,0.9962,0.0958,0.9004,"musicians, approach, audio, composition, has",5
19938,attorney,M,2,attorney,0.9991,0.9991,0.0,"litigation, law, defense, election, kennedy",5
32298,surgeon,F,9,surgeon,0.9888,0.9649,0.0239,"blepharoplasty, surgery, performing, surgery, surgical",5
43629,journalist,M,4,journalist,0.6632,0.6022,0.061,"palace, about, is, salzburg, salzburg",5
79093,journalist,M,4,journalist,0.9974,0.9686,0.0288,"journalism, politics, financial, written, guardian",5
60236,attorney,F,2,attorney,0.999,0.9984,0.0007,"litigation, dedicates, estate, guardianship, families",5
49776,journalist,F,4,journalist,0.9885,0.1306,0.858,"journalist, reports, more, languages, the",5
85411,poet,M,13,poet,0.9665,0.8915,0.075,"readings, english, german, dublin, county",5
19266,accountant,M,16,accountant,0.3257,0.0819,0.2439,"work, business, week, grew, schedule",5
16332,filmmaker,M,14,filmmaker,0.9175,0.5833,0.3342,"movie, is, underbelly, tackles, officer",5
2560,professor,M,0,professor,0.9948,0.2294,0.7655,"dr, master, teaches, research, research",5
38473,professor,M,0,professor,0.9377,0.7065,0.2313,"cui, language, university, analysis, courses",5
41643,professor,F,0,professor,0.998,0.9968,0.0012,"university, religion, classical, american, expertise",5
71894,teacher,M,7,teacher,0.8114,0.1753,0.6361,"school, class, class, of, the",5
28778,composer,M,17,composer,0.9943,0.0017,0.9926,"music, composing, been, film, popularity",5
69107,photographer,F,3,photographer,0.9963,0.0366,0.9596,"photography, art, portfolio, antonelli, awards",5
2453,physician,F,1,physician,0.9995,0.9205,0.0791,"medicine, medicine, practices, lodi, affiliated",5
55875,professor,M,0,professor,0.9995,0.6112,0.3883,"nanotechnology, ph, examines, research, teaches",5
13468,architect,F,10,architect,0.9952,0.2676,0.7276,"architecture, business, architecture, experienced, techniques",5
45926,professor,F,0,professor,0.9992,0.9989,0.0003,"teaches, courses, research, journals, journal",5
79496,attorney,F,2,attorney,0.5982,0.5773,0.0209,"nfwa, fight, association, migrant, workers",5
32638,surgeon,M,9,surgeon,0.9664,0.0023,0.9641,"dr, orthopedic, patient, extremity, of",5
86922,journalist,F,4,journalist,0.9187,0.9388,-0.0201,"work, appeared, has, herald, york",5
14825,photographer,M,3,photographer,0.986,0.0371,0.9489,"camera, photography, cinematographer, exhibition, and",5
33261,professor,M,0,professor,0.9975,0.9886,0.0089,"research, computer, simulations, are, teaching",5
79679,journalist,M,4,journalist,0.9946,0.9892,0.0054,"editor, newspaper, editor, journalist, edited",5
8650,professor,F,0,professor,0.9806,0.9759,0.0047,"gastroenterology, fellowship, hepatology, university, medical",5
47709,professor,M,0,professor,0.9897,0.6724,0.3173,"faculty, department, dr, social, dr",5
44371,professor,M,0,professor,0.9993,0.996,0.0033,"research, courses, centre, studies, dr",5
88810,comedian,F,19,comedian,0.9513,0.0295,0.9218,"comedy, violence, nussbaum, festivals, that",5
13438,professor,M,0,professor,0.7388,0.0203,0.7185,"university, received, university, in, knoxville",5
51724,nurse,F,5,nurse,0.9993,0.0836,0.9157,"nurse, in, linda, medical, experiences",5
55538,photographer,M,3,photographer,0.8865,0.0084,0.8781,"photographic, works, monograph, such, from",5
26115,painter,F,11,painter,0.8668,0.1157,0.7512,"studio, art, transplanted, works, topics",5
28272,teacher,M,7,teacher,0.9682,0.0316,0.9366,"students, classes, classes, think, critically",5
14232,professor,M,0,professor,0.9938,0.0363,0.9575,"professor, professor, is, theory, university",5
36486,dietitian,M,18,dietitian,0.9861,0.0065,0.9796,"nutrition, nutritional, addressing, concerns, in",5
5411,photographer,M,3,photographer,0.8177,0.2382,0.5795,"focused, work, has, striped, fishing",5
43440,attorney,F,2,attorney,0.9992,0.9989,0.0002,"legal, juris, attorney, dealing, specializes",5
36515,professor,F,0,professor,0.9982,0.9976,0.0006,"director, faculty, research, of, focuses",5
80502,physician,F,1,physician,0.9996,0.8006,0.1989,"medicine, clovis, medical, practices, medicine",5
29319,psychologist,F,6,psychologist,0.9983,0.0487,0.9496,"psychologist, psychological, clinical, experiences, diverse",5
50590,architect,M,10,architect,0.9963,0.9869,0.0095,"architectural, architecture, designed, architectural, firm",5
16645,composer,M,17,composer,0.9939,0.0004,0.9936,"composed, soundtrack, composing, the, score",5
2123,physician,F,1,physician,0.9995,0.7363,0.2632,"medicine, practices, in, hospital, moyer",5
171,teacher,M,7,teacher,0.8077,0.1692,0.6385,"grades, elementary, educators, teaches, lessons",5
72933,photographer,F,3,photographer,0.9937,0.14,0.8538,"photography, photo, each, work, in",5
36627,dentist,F,8,dentist,0.7329,0.2423,0.4906,"dental, dental, tooth, indian, practices",5
83093,poet,M,13,poet,0.9883,0.9633,0.0249,"poet, writing, english, professor, collection",5
9833,surgeon,M,9,surgeon,0.5737,0.0608,0.5129,"hospital, patients, to, practice, another",5
13202,psychologist,F,6,psychologist,0.9524,0.9905,-0.0381,"psychology, psychologist, doctorate, licensed, clinical",5
85643,attorney,M,2,attorney,0.995,0.0646,0.9304,"law, before, nearly, years, school",5
