id,profession,gender,pred_class_idx,pred_label,pred_prob_original,pred_prob_erased,faithfulness,tokens_erased,n_tokens_erased
12781,nurse,F,5,nurse,0.9995,0.3479,0.6516,"nursing, studies, her, the, she",5
34470,photographer,M,3,photographer,0.9979,0.6784,0.3195,"photography, photographer, photographic, nudes, are",5
9342,professor,M,0,professor,0.9981,0.996,0.0021,"faculty, award, publications, academic, faculty",5
30362,professor,M,0,professor,0.9675,0.9718,-0.0044,"software, ieee, chairs, radio, defined",5
90967,professor,M,0,professor,0.9998,0.9996,0.0003,"ph, materials, editorial, journals, reviewed",5
13344,software engineer,M,15,software engineer,0.2537,0.0812,0.1725,"passion, stories, he, pursue, his",5
6239,journalist,M,4,journalist,0.9991,0.9944,0.0047,"reported, markets, has, turkey, twitter",5
42028,attorney,F,2,attorney,0.3579,0.2825,0.0754,"food, also, enjoys, country, pbs",5
90212,architect,F,10,architect,0.995,0.0344,0.9606,"architectural, design, construction, buildings, progressive",5
43953,teacher,F,7,teacher,0.9953,0.936,0.0592,"students, students, hashtag, gafe4littles, learning",5
27966,professor,F,0,professor,0.9992,0.9984,0.0008,"ph, assistant, she, professor, endodontics",5
41556,teacher,M,7,teacher,0.8154,0.1927,0.6227,"curriculum, school, traveled, school, german",5
43148,professor,M,0,professor,0.9993,0.9989,0.0004,"research, interests, haissam, ph, instructor",5
93200,professor,F,0,professor,0.9989,0.9989,0.0,"methodologies, courses, interests, in, education",5
46307,physician,F,1,physician,0.9991,0.0005,0.9985,"physician, studies, assistant, paramedic, bachelor",5
61841,teacher,F,7,teacher,0.9921,0.9765,0.0156,"bustillos, teachers, educators, and, outstanding",5
23333,teacher,F,7,teacher,0.9987,0.9888,0.0099,"education, elementary, reggio, bachelor, education",5
15551,attorney,F,2,attorney,0.9997,0.9479,0.0518,"law, juris, of, degree, bachelor",5
90631,journalist,F,4,journalist,0.9985,0.9979,0.0006,"contributor, cape, media, ubuntu, and",5
54445,professor,F,0,professor,0.9952,0.979,0.0162,"fellowship, biochemical, ucla, genetics, sch",5
93903,professor,M,0,professor,0.6041,0.8907,-0.2867,"editor, emergency, valani, also, university",5
16348,physician,F,1,physician,0.9998,0.5717,0.4281,"medicine, medicine, medical, practices, milwaukee",5
46287,professor,F,0,professor,0.9348,0.7687,0.1661,"interests, research, examining, york, reading",5
72503,physician,M,1,physician,0.9784,0.9939,-0.0155,"medical, medicine, prolapse, schifter, hospital",5
4602,physician,F,1,physician,0.9998,0.991,0.0088,"medicine, practices, croteau, hospital, with",5
49360,psychologist,M,6,psychologist,0.6437,0.7067,-0.063,"parent, autism, child, professional, maximize",5
42951,professor,M,0,professor,0.6381,0.1082,0.5299,"has, funded, science, training, the",5
77124,professor,M,0,professor,0.9998,0.9994,0.0004,"sharakhov, phd, cytogenetics, he, leads",5
39711,dentist,M,8,dentist,0.9954,0.0341,0.9613,"dentist, dr, patient, practice, in",5
30282,teacher,M,7,teacher,0.6806,0.2302,0.4505,"focuses, adult, strategy, cufaude, facilitation",5
33409,professor,M,0,professor,0.9328,0.423,0.5099,"physician, consultant, is, pittsburgh, also",5
36561,model,M,12,model,0.9989,0.2236,0.7754,"model, professional, 185cm, name, born",5
10637,professor,M,0,professor,0.9277,0.4837,0.444,"arts, university, lecturing, started, the",5
24817,journalist,F,4,journalist,0.4682,0.5733,-0.1051,"much, new, she, doesn, come",5
31505,software engineer,M,15,software engineer,0.9736,0.52,0.4537,"development, application, driven, web, system",5
58312,journalist,F,4,journalist,0.999,0.9989,0.0001,"newspapers, hungarian, news, graduating, started",5
42143,psychologist,M,6,psychologist,0.9991,0.9693,0.0298,"psychotherapy, psychotherapeutic, psychology, counsellor, humanistic",5
4145,attorney,F,2,attorney,0.9975,0.9708,0.0267,"law, ohio, degree, majored, university",5
64458,filmmaker,M,14,filmmaker,0.7374,0.0043,0.7331,"film, move, direction, art, commercial",5
74377,psychologist,M,6,psychologist,0.5701,0.3351,0.235,"recuperating, current, bill, ordinary, bill",5
20281,professor,M,0,professor,0.9952,0.9955,-0.0002,"he, pharmacogenomics, of, the, received",5
55020,photographer,M,3,photographer,0.9821,0.7072,0.2749,"studios, currently, studios, area, models",5
74809,psychologist,F,6,psychologist,0.9448,0.6049,0.3399,"counselling, body, image, offering, she",5
27933,professor,M,0,professor,0.9994,0.9995,-0.0001,"ucla, professor, arrival, faculty, studies",5
11662,professor,F,0,professor,0.9998,0.9998,0.0,"research, faculty, ph, interests, dokuz",5
83094,professor,M,0,professor,0.9963,0.9899,0.0064,"research, interests, studies, program, his",5
42156,physician,M,1,physician,0.9605,0.9571,0.0034,"medical, university, minnesota, school, affiliations",5
15615,software engineer,M,15,software engineer,0.5952,0.4472,0.148,"based, the, startup, microsystems, management",5
79286,nurse,F,5,nurse,0.9862,0.49,0.4962,"instructor, nurse, she, nurse, nursing",5
43044,photographer,F,3,photographer,0.9954,0.3485,0.647,"capturing, work, small, happiness, keen",5
79135,professor,F,0,professor,0.9992,0.9939,0.0053,"philosophy, doctorate, tulane, specialty, literature",5
17636,professor,M,0,professor,0.9992,0.9983,0.0009,"research, ph, postdoctoral, investigating, his",5
54221,poet,M,13,poet,0.9858,0.5925,0.3933,"poets, literature, writer, critical, foremost",5
73575,photographer,M,3,photographer,0.9903,0.1369,0.8534,"photographs, director, clients, magazines, sunwear",5
13578,journalist,M,4,journalist,0.9814,0.43,0.5513,"news, newspapers, zine, magazines, publishes",5
5448,professor,F,0,professor,0.9982,0.7875,0.2108,"researcher, organization, studies, as, an",5
80601,architect,M,10,architect,0.993,0.9948,-0.0018,"architects, architectural, design, architect, institute",5
43877,nurse,F,5,nurse,0.9952,0.8299,0.1653,"scope, health, aging, practice, her",5
44557,professor,M,0,professor,0.9998,0.9998,0.0,"his, ph, microeconomics, completed, university",5
61558,software engineer,M,15,software engineer,0.5362,0.1115,0.4247,"experience, software, and, extensive, he",5
12480,professor,M,0,professor,0.9887,0.2162,0.7725,"areas, work, prior, coordinator, teri",5
37372,dentist,F,8,dentist,0.9948,0.9433,0.0515,"dental, surgery, dr, especially, carriers",5
48225,professor,F,0,professor,0.7596,0.3339,0.4257,"earned, her, her, residency, netherlands",5
35423,composer,F,17,composer,0.9807,0.9919,-0.0113,"composers, ensemble, saxophone, american, ensembles",5
4598,teacher,M,7,teacher,0.999,0.6172,0.3818,"ratemyteachers, teacher, leave, average, review",5
76006,journalist,F,4,journalist,0.9913,0.8711,0.1202,"work, of, has, fact, knucklebone",5
52486,physician,F,1,physician,0.9996,0.9189,0.0808,"md, 1093920274, alabama, professional, credentials",5
702,professor,M,0,professor,0.988,0.9883,-0.0003,"chicago, published, tachycardias, law, fellow",5
71994,journalist,F,4,journalist,0.9986,0.9978,0.0008,"publications, indigenous, both, mail, news",5
29015,attorney,F,2,attorney,0.9996,0.9995,0.0001,"counsel, law, as, serves, legal",5
93020,professor,M,0,professor,0.9998,0.9996,0.0002,"tufts, joining, prior, harvard, microfluidic",5
24289,professor,F,0,professor,0.9995,0.997,0.0025,"she, bachelor, princeton, grant, faculty",5
85541,professor,F,0,professor,0.9991,0.9972,0.0019,"scholar, papers, scholarly, nationally, internationally",5
42719,professor,M,0,professor,0.999,0.8897,0.1092,"doctorate, received, sociolinguistics, linguistics, university",5
50174,architect,F,10,architect,0.9984,0.8882,0.1102,"architecture, architects, documenting, heinrich, architecture",5
14729,psychologist,M,6,psychologist,0.9942,0.0312,0.9631,"psychopathology, interventions, evaluated, developmental, educational",5
84291,physician,M,1,physician,0.9682,0.4653,0.5029,"professor, member, association, carolina, medical",5
11815,journalist,F,4,journalist,0.9941,0.982,0.012,"columns, who, being, published, com",5
65795,professor,F,0,professor,0.9996,0.9993,0.0003,"minnesota, research, reviewer, university, teaches",5
70364,professor,F,0,professor,0.9938,0.249,0.7448,"research, ph, main, her, interests",5
22347,journalist,F,4,journalist,0.9985,0.3474,0.6511,"australian, media, cover, rules, football",5
39122,professor,F,0,professor,0.994,0.9429,0.0511,"she, has, lecturer, at, the",5
31046,model,F,12,model,0.9994,0.923,0.0764,"photoshoots, modeling, professionalism, her, photoshoot",5
33201,professor,F,0,professor,0.9995,0.9993,0.0002,"areas, ph, her, program, research",5
34406,physician,M,1,physician,0.8986,0.9117,-0.0132,"medicine, trained, hospital, health, graduate",5
74946,professor,M,0,professor,0.806,0.0668,0.7392,"interests, community, his, in, intellectual",5
84715,architect,F,10,architect,0.9958,0.1932,0.8026,"architect, the, the, london, dover",5
11351,painter,M,11,painter,0.7605,0.0331,0.7274,"exhibition, studio, art, public, at",5
436,physician,M,1,physician,0.9944,0.9972,-0.0028,"medicine, medicine, graduate, saporito, dr",5
6302,physician,M,1,physician,0.5809,0.0288,0.5521,"2002, clinic, there, medical, patients",5
72269,physician,M,1,physician,0.877,0.1474,0.7296,"medicine, university, program, medical, michigan",5
24338,journalist,F,4,journalist,0.9978,0.9878,0.01,"journalist, times, bbc, print, covering",5
55848,dentist,M,8,dentist,0.9888,0.9682,0.0206,"dr, patients, gave, rating, him",5
79663,journalist,F,4,journalist,0.9318,0.6607,0.2711,"her, broken, wildlife, india, second",5
50546,nurse,F,5,nurse,0.9993,0.0087,0.9906,"nursing, degree, clinical, her, degree",5
19540,physician,M,1,physician,0.8914,0.9582,-0.0668,"medicine, medical, dr, at, school",5
30143,professor,M,0,professor,0.9983,0.5228,0.4755,"previously, mailman, consultant, editor, an",5
88326,professor,F,0,professor,0.9621,0.442,0.5201,"research, focuses, her, nurse, students",5
42175,professor,F,0,professor,0.9995,0.9991,0.0004,"ethnographic, research, ethnography, her, research",5
16410,nurse,F,5,nurse,0.9997,0.8218,0.1779,"nurse, experiences, practitioner, 2013, in",5
16813,accountant,F,16,accountant,0.9972,0.1175,0.8798,"accounts, aged, works, mainly, area",5
2321,architect,F,10,architect,0.9805,0.7897,0.1908,"implementations, automotive, global, sap, sap",5
61142,physician,F,1,physician,0.9814,0.9364,0.045,"medicine, at, dr, of, baylor",5
52916,attorney,M,2,attorney,0.9988,0.9994,-0.0006,"counsel, nwirp, practice, immigration, practices",5
53976,professor,M,0,professor,0.999,0.9366,0.0624,"faculty, he, january, joining, missouri",5
51899,photographer,F,3,photographer,0.9976,0.6193,0.3783,"photo, fame, attempted, impressive, her",5
47145,surgeon,M,9,surgeon,0.6649,0.4375,0.2274,"focused, he, surgery, surgery, surgery",5
75696,professor,M,0,professor,0.8368,0.3542,0.4826,"department, professor, sabbatical, at, associate",5
94259,professor,M,0,professor,0.9997,0.9996,0.0,"ph, rhetoric, published, journals, university",5
46960,journalist,M,4,journalist,0.9991,0.9954,0.0038,"reported, publications, from, globalpost, times",5
93000,attorney,M,2,attorney,0.9986,0.9992,-0.0006,"bar, practiced, law, law, law",5
46505,professor,M,0,professor,0.9989,0.9975,0.0014,"multidisciplinary, lab, developing, currently, chemoproteomic",5
68349,physician,F,1,physician,0.9641,0.973,-0.0089,"medicine, graduate, health, dr, interests",5
42600,physician,F,1,physician,0.9998,0.8954,0.1044,"practices, medicine, charleston, in, medical",5
30588,professor,F,0,professor,0.9973,0.9968,0.0005,"journalism, mfa, nonfiction, fellowship, appeared",5
40257,professor,F,0,professor,0.9993,0.603,0.3963,"dyslipidemia, academia, dr, pharmacy, emphasis",5
66822,accountant,M,16,accountant,0.9984,0.4814,0.517,"financial, finance, positions, director, he",5
41479,physician,M,1,physician,0.9996,0.999,0.0006,"no, degree, his, southside, virginia",5
22425,accountant,M,16,accountant,0.9982,0.0297,0.9685,"accountants, financial, accounts, public, pennsylvania",5
11945,attorney,M,2,attorney,0.6699,0.908,-0.2381,"attain, volunteer, officio, member, activities",5
89703,attorney,F,2,attorney,0.9996,0.9996,-0.0,"matters, reinsurance, insurance, she, reinsurance",5
85218,filmmaker,M,14,filmmaker,0.9926,0.9906,0.002,"film, film, tribeca, feature, first",5
51511,composer,M,17,composer,0.9969,0.959,0.038,"composing, he, mastering, producing, years",5
47791,software engineer,M,15,software engineer,0.8907,0.1463,0.7444,"intel, hosting, roles, development, web",5
45238,attorney,M,2,attorney,0.9997,0.9986,0.0012,"represents, clients, businesses, he, disputes",5
79600,filmmaker,M,14,filmmaker,0.9856,0.9352,0.0504,"filmmaker, film, documentary, working, as",5
66457,professor,M,0,professor,0.9761,0.9452,0.0309,"research, dr, musculoskeletal, osteoporosis, algorithms",5
19907,physician,F,1,physician,0.9996,0.9991,0.0004,"0101233200, 1821027434, dr, professional, credentials",5
25606,journalist,F,4,journalist,0.7325,0.4675,0.265,"book, bikepsych, longtime, lives, rides",5
46063,filmmaker,F,14,filmmaker,0.9939,0.9839,0.0101,"documentaries, videos, films, been, films",5
82848,attorney,M,2,attorney,0.9996,0.9997,-0.0001,"sandra, prosecuting, attorney, works, associate",5
57242,journalist,M,4,journalist,0.9983,0.4673,0.5311,"journalists, other, surprise, contact, keep",5
29759,surgeon,M,9,surgeon,0.9918,0.2178,0.7739,"surgery, university, surgery, plastic, plastic",5
28025,professor,F,0,professor,0.9997,0.9996,0.0002,"doctorate, earned, she, research, studies",5
2878,nurse,F,5,nurse,0.9997,0.9034,0.0963,"nurse, graduated, honors, experiences, practitioner",5
36532,dietitian,F,18,dietitian,0.9985,0.022,0.9765,"dietitian, nutrition, registered, experiences, 1999",5
94939,surgeon,M,9,surgeon,0.999,0.9987,0.0003,"medicine, graduated, indiana, dr, dr",5
85031,photographer,F,3,photographer,0.9981,0.9842,0.0139,"portraits, portraiture, photographer, the, sees",5
29515,photographer,M,3,photographer,0.9977,0.1157,0.882,"photography, photography, studied, gopalpur, photography",5
60123,nurse,M,5,nurse,0.9903,0.0783,0.9119,"nursing, and, masters, presented, australian",5
87861,physician,M,1,physician,0.8821,0.64,0.2421,"medical, st, degree, medical, center",5
7856,poet,M,13,poet,0.9947,0.984,0.0107,"poetry, poetry, poetry, born, writing",5
6655,surgeon,M,9,surgeon,0.5131,0.0435,0.4697,"aneurysm, medical, endarterectomy, thoracoabdominal, dr",5
85177,nurse,F,5,nurse,0.4834,0.0121,0.4713,"she, myelopathy, myelopathy, patients, blog",5
43831,professor,M,0,professor,0.9993,0.9986,0.0006,"ph, undergraduate, major, master¹s, phd",5
30012,dentist,M,8,dentist,0.9981,0.3739,0.6242,"dentists, dn19353, 78, florida, medical",5
56328,physician,M,1,physician,0.8931,0.1648,0.7283,"medicine, physical, certified, rehabilitation, examiner",5
29403,professor,F,0,professor,0.9924,0.9725,0.02,"oncoplastic, she, also, cerrahpasa, is",5
95197,photographer,M,3,photographer,0.9928,0.9824,0.0104,"photographs, photographs, where, from, working",5
89401,professor,M,0,professor,0.9994,0.9994,-0.0001,"university, studies, ortiz, author, press",5
51435,professor,M,0,professor,0.9994,0.999,0.0004,"mit, primary, research, phenomenological, 2001",5
52937,psychologist,M,6,psychologist,0.9988,0.9946,0.0041,"depression, following, stress, management, expertise",5
29236,professor,M,0,professor,0.9997,0.0323,0.9674,"faculty, specializes, university, prior, undergraduates",5
34825,dentist,M,8,dentist,0.9886,0.8352,0.1534,"practising, lybrate, he, com, at",5
78327,attorney,M,2,attorney,0.9903,0.1026,0.8877,"school, law, soccer, university, chicago",5
93723,professor,M,0,professor,0.996,0.9969,-0.0009,"research, british, interest, he, has",5
75691,professor,M,0,professor,0.9568,0.6157,0.341,"doctoral, 2005, his, faculty, directs",5
92636,physician,F,1,physician,0.999,0.9979,0.0011,"medicine, medicine, medicine, kuang, for",5
31199,dentist,F,8,dentist,0.9987,0.9929,0.0058,"dentistry, maxillofacial, specialties, and, dr",5
38464,teacher,F,7,teacher,0.8727,0.2998,0.5729,"educators, nysape, early, education, board",5
50763,software engineer,M,15,software engineer,0.9725,0.9646,0.0078,"dbus, projects, bluetooth, kernel, past",5
18312,physician,F,1,physician,0.5299,0.4688,0.061,"practice, 1255510053, ms, location, dolstein",5
71970,professor,M,0,professor,0.9876,0.5082,0.4794,"research, evaluating, interventions, research, effectiveness",5
78380,professor,M,0,professor,0.5614,0.4575,0.1039,"genomics, currently, pine, problems, mapping",5
60161,journalist,F,4,journalist,0.999,0.9976,0.0014,"journalism, school, civic, moscow, state",5
82402,professor,M,0,professor,0.9979,0.9919,0.0059,"ph, novosibirsk, dr, adenoviral, academic",5
14691,poet,M,13,poet,0.9535,0.0456,0.9079,"poems, 20x20, he, poetry, released",5
91561,professor,F,0,professor,0.7308,0.908,-0.1772,"doctorate, earned, physics, publications, passionate",5
6664,photographer,M,3,photographer,0.9959,0.9454,0.0506,"documents, sites, of, organically, inhabited",5
13852,professor,F,0,professor,0.9996,0.9989,0.0008,"phd, published, wisconsin, research, industrial",5
84153,psychologist,F,6,psychologist,0.9984,0.0034,0.995,"psychotherapy, counselling, transactional, integrative, towards",5
52651,journalist,M,4,journalist,0.9893,0.0367,0.9526,"news, ophthalmic, also, as, is",5
22417,professor,M,0,professor,0.9997,0.9997,0.0,"research, journals, main, economics, phd",5
84895,professor,F,0,professor,0.9867,0.9133,0.0733,"ph, fellowship, doctoral, her, behavior",5
11717,attorney,M,2,attorney,0.9994,0.9972,0.0022,"firm, texas, law, clients, accidents",5
59641,nurse,F,5,nurse,0.9923,0.0439,0.9484,"nursing, the, at, she, health",5
52246,professor,M,0,professor,0.9939,0.66,0.3339,"scientific, focuses, research, his, machine",5
94896,surgeon,M,9,surgeon,0.5185,0.972,-0.4535,"otolaryngology, medical, surgery, board, reconstructive",5
39234,professor,F,0,professor,0.994,0.9123,0.0817,"edu, director, stereotype, the, she",5
78969,teacher,F,7,teacher,0.7882,0.9887,-0.2005,"teacher, teachers, course, instructor, and",5
86259,teacher,F,7,teacher,0.7994,0.0258,0.7735,"schools, includes, children, imprisoned, prisoners",5
85634,architect,M,10,architect,0.9977,0.0288,0.9689,"architecture, architecture, advanced, ricardo, the",5
82926,professor,F,0,professor,0.9948,0.9795,0.0153,"dr, oncology, newman, chair, focuses",5
32501,professor,F,0,professor,0.9997,0.9985,0.0012,"courses, teaches, research, focuses, in",5
34205,poet,F,13,poet,0.9882,0.9886,-0.0005,"poet, poetry, poetry, masters, poetry",5
65797,journalist,M,4,journalist,0.9771,0.082,0.8951,"tunisian, covered, bahraini, news, award",5
58689,photographer,M,3,photographer,0.996,0.02,0.976,"camera, photography, images, bloody, of",5
86967,journalist,M,4,journalist,0.9956,0.977,0.0186,"editor, bbc, news, correspondent, decade",5
86329,physician,F,1,physician,0.725,0.483,0.242,"california, license, berkeley, 1003008780, practices",5
26151,professor,F,0,professor,0.9977,0.8712,0.1265,"received, phd, she, university, dissertation",5
60167,nurse,F,5,nurse,0.9997,0.761,0.2387,"nurse, practitioner, graduated, honors, 1985",5
25483,teacher,M,7,teacher,0.8296,0.261,0.5685,"erich, puzzles, puzzles, on, lovely",5
23270,nurse,F,5,nurse,0.9792,0.3045,0.6746,"nurse, nurses, australia, registered, michelle",5
52297,physician,M,1,physician,0.9998,0.8476,0.1522,"medicine, practices, orthopaedic, dasnoit, in",5
6860,nurse,F,5,nurse,0.9997,0.9778,0.0219,"nurse, practitioner, 2013, honors, experiences",5
199,professor,F,0,professor,0.9983,0.9665,0.0319,"research, examines, sciences, editorial, applied",5
76157,photographer,F,3,photographer,0.9767,0.0007,0.976,"photo, photo, projects, put, many",5
7540,professor,F,0,professor,0.9987,0.996,0.0027,"published, stanford, research, press, diaspora",5
3207,physician,M,1,physician,0.9937,0.9842,0.0095,"medical, expertise, physician, school, medical",5
38122,physician,M,1,physician,0.9998,0.9006,0.0992,"medicine, monteleone, practices, dermatology, specializes",5
53129,nurse,M,5,nurse,0.9886,0.0099,0.9787,"nurses, and, healthcare, bgs, professionals",5
72555,professor,M,0,professor,0.9998,0.9997,0.0001,"faculty, the, the, prior, at",5
72583,architect,M,10,architect,0.9369,0.9919,-0.055,"computing, cloud, computing, computer, foundation",5
79884,physician,F,1,physician,0.9998,0.9346,0.0652,"medicine, practices, pediatrics, in, specializes",5
76575,teacher,M,7,teacher,0.9097,0.2322,0.6775,"the, meetings, at, nctm, midschoolmath",5
83665,attorney,F,2,attorney,0.9996,0.9984,0.0013,"legal, clients, law, litigation, firm",5
10587,composer,F,17,composer,0.9947,0.9664,0.0283,"compositions, conducting, conduct, have, conductor",5
47866,nurse,F,5,nurse,0.9997,0.9161,0.0836,"nurse, graduated, practitioner, 1996, experiences",5
313,professor,M,0,professor,0.9998,0.9995,0.0003,"redmond, strahlenchemie, dr, bsc, phd",5
87658,model,F,12,model,0.3683,0.0486,0.3197,"credited, she, in, left, remained",5
527,professor,F,0,professor,0.9995,0.9949,0.0046,"earned, phd, university, kinesiology, she",5
27434,professor,F,0,professor,0.9997,0.9996,0.0001,"research, sociology, primary, book, ethnographic",5
10082,professor,F,0,professor,0.9774,0.9039,0.0735,"biology, davila, helicobacter, she, university",5
75175,physician,M,1,physician,0.9996,0.9921,0.0074,"degree, medical, medicine, medical, practicing",5
86883,dentist,M,8,dentist,0.6401,0.7111,-0.071,"dr, patients, choice, he, medical",5
70995,professor,F,0,professor,0.9724,0.0572,0.9152,"focuses, alcohol, related, research, alabama",5
37066,attorney,M,2,attorney,0.9994,0.5247,0.4747,"association, bar, the, president, posts",5
75949,teacher,M,7,teacher,0.999,0.0387,0.9603,"teacher, students, teaching, style, earned",5
78990,architect,M,10,architect,0.6056,0.0256,0.58,"efficient, solutions, provide, webassembly, secure",5
82304,dentist,M,8,dentist,0.9224,0.3783,0.5441,"currently, dr, associated, appointment, dr",5
5058,professor,M,0,professor,0.9998,0.9994,0.0004,"scholarly, research, journals, primary, award",5
57502,psychologist,F,6,psychologist,0.3764,0.2121,0.1643,"take, diagnosis, found, use, fathers",5
41823,model,F,12,model,0.9958,0.1287,0.8671,"playboy, appeared, playmate, selected, be",5
28206,attorney,F,2,attorney,0.998,0.9988,-0.0008,"law, counsel, bachelor, college, law",5
39579,professor,F,0,professor,0.9995,0.9992,0.0003,"research, studies, scholarship, acuff, chair",5
69270,physician,M,1,physician,0.9835,0.7636,0.2198,"medical, school, education, medicine, school",5
61835,professor,F,0,professor,0.9998,0.9997,0.0001,"meteorologist, studies, research, 1994, works",5
62639,journalist,M,4,journalist,0.996,0.1392,0.8569,"journalist, professor, journalism, currently, assistant",5
93365,professor,M,0,professor,0.9993,0.9976,0.0017,"research, journal, studies, appeared, cities",5
16315,professor,F,0,professor,0.9951,0.9954,-0.0002,"law, she, cambridge, history, had",5
57070,professor,F,0,professor,0.9994,0.9959,0.0035,"teaches, she, information, symposium, external",5
57612,professor,F,0,professor,0.9994,0.9987,0.0007,"research, focuses, reading, her, on",5
47862,photographer,F,3,photographer,0.9946,0.0358,0.9589,"photographs, photography, time, interests, reflect",5
5869,professor,M,0,professor,0.9995,0.4643,0.5353,"phd, brook, year, computer, researcher",5
79826,photographer,M,3,photographer,0.9969,0.9354,0.0616,"photography, camera, lens, passion, sports",5
16505,professor,F,0,professor,0.9995,0.9976,0.0019,"palgrave, published, essays, 9780230109551look, she",5
55992,professor,M,0,professor,0.9566,0.0449,0.9118,"editorial, economics, cerm, the, member",5
39707,nurse,F,5,nurse,0.8228,0.3652,0.4576,"helping, team, doing, aquatic, joining",5
82386,architect,F,10,architect,0.9938,0.0025,0.9913,"architects, board, architectural, the, of",5
31942,dentist,F,8,dentist,0.9285,0.1781,0.7503,"dental, dental, bds, dr, preeti",5
14518,photographer,F,3,photographer,0.9987,0.9727,0.0259,"photography, shoot, ballet, combining, series",5
6952,professor,M,0,professor,0.9957,0.9088,0.0869,"research, algorithms, 2003, carnegie, obtained",5
29369,professor,F,0,professor,0.9986,0.9982,0.0004,"academia, she, 2009, undergrad, member",5
56991,professor,F,0,professor,0.9993,0.9209,0.0784,"examines, phd, work, ethnic, disparities",5
45248,psychologist,M,6,psychologist,0.9376,0.9512,-0.0136,"psychology, interests, mindfulness, stigma, his",5
44868,physician,M,1,physician,0.9914,0.9346,0.0568,"physician, 1255366696, professional, utah, bountiful",5
89093,professor,M,0,professor,0.802,0.0761,0.7259,"review, harper, eloquence, is, books",5
91091,professor,M,0,professor,0.9944,0.4743,0.5202,"scholarship, focuses, studies, his, education",5
27303,attorney,F,2,attorney,0.9994,0.9811,0.0184,"representing, courts, kentucky, trucking, advises",5
53371,professor,M,0,professor,0.9991,0.9988,0.0003,"phd, economics, research, determinants, the",5
26474,surgeon,M,9,surgeon,0.9968,0.9952,0.0017,"surgeries, invasive, performed, dr, minimally",5
40556,professor,M,0,professor,0.9979,0.9975,0.0004,"physicist, he, professor, particle, collider",5
56089,nurse,F,5,nurse,0.991,0.6259,0.3651,"nurse, nurse, staff, nurse, years",5
47268,attorney,F,2,attorney,0.995,0.5396,0.4554,"represents, cases, domestic, she, survivors",5
89046,psychologist,F,6,psychologist,0.9994,0.0299,0.9695,"psychologist, in, experiences, erin, book",5
40636,professor,F,0,professor,0.9985,0.9989,-0.0004,"creative, phd, she, earned, tutors",5
4183,journalist,F,4,journalist,0.9817,0.9843,-0.0026,"writer, writing, publications, times, msnbc",5
74029,professor,M,0,professor,0.9984,0.9944,0.004,"environmental, history, research, activehistory, consequences",5
36066,journalist,M,4,journalist,0.9969,0.9829,0.014,"covered, variety, sports, authored, news",5
14092,professor,M,0,professor,0.9898,0.4143,0.5755,"disproportionate, research, include, interests, minority",5
5715,painter,M,11,painter,0.9947,0.9873,0.0074,"paintings, exhibitions, paintings, new, shown",5
33429,professor,M,0,professor,0.9924,0.8834,0.109,"tehran, ph, university, linguistics, received",5
67912,physician,M,1,physician,0.9887,0.9899,-0.0012,"dr, clinical, parkinson, interests, training",5
2076,professor,F,0,professor,0.8565,0.3136,0.5429,"narrative, published, interested, education, methodology",5
24607,filmmaker,M,14,filmmaker,0.9961,0.9152,0.081,"films, film, screened, animation, award",5
68747,attorney,M,2,attorney,0.9997,0.9996,0.0001,"attorney, criminal, attorney, utah, defense",5
35881,dentist,F,8,dentist,0.9875,0.5588,0.4287,"associated, dr, sandhya, clinic, kandivali",5
52567,photographer,F,3,photographer,0.996,0.7338,0.2622,"photographing, photography, practising, art, stunning",5
77797,professor,F,0,professor,0.9305,0.9175,0.013,"immunotherapy, immunotherapy, has, lymphoid, nih",5
88595,professor,F,0,professor,0.9886,0.9878,0.0008,"graduated, cardiology, medicine, cardiology, residency",5
86494,psychologist,F,6,psychologist,0.9994,0.0022,0.9971,"psychologist, in, experiences, doctors, especially",5
90729,professor,M,0,professor,0.9996,0.9994,0.0002,"ph, research, interests, publications, studies",5
22308,journalist,F,4,journalist,0.9834,0.9383,0.0451,"organisations, feminist, in, works, masters",5
93139,attorney,F,2,attorney,0.9998,0.9997,0.0001,"counsel, litigation, litigation, focuses, law",5
94587,professor,M,0,professor,0.9909,0.9847,0.0062,"author, studies, the, memory, bernard",5
44329,nurse,F,5,nurse,0.9997,0.4544,0.5453,"nurse, practitioner, experiences, graduated, she",5
28268,filmmaker,M,14,filmmaker,0.9865,0.8028,0.1838,"film, debut, has, directed, award",5
36863,psychologist,F,6,psychologist,0.9923,0.9494,0.0429,"psychology, clinical, psychology, doctorate, from",5
21705,professor,F,0,professor,0.6553,0.1469,0.5084,"programs, also, uplift, she, is",5
23419,photographer,M,3,photographer,0.995,0.6272,0.3678,"photography, photography, photos, photography, with",5
12822,professor,F,0,professor,0.8178,0.2151,0.6027,"phd, receiving, before, 1992, social",5
76369,professor,M,0,professor,0.7874,0.5669,0.2205,"publication, education, research, his, linguistics",5
90580,professor,F,0,professor,0.9953,0.8886,0.1067,"based, book, her, ashgate, dissertation",5
12023,dietitian,F,18,dietitian,0.9984,0.8851,0.1133,"nutrition, healthlinkbc, provides, nutrition, where",5
36518,physician,M,1,physician,0.9997,0.9577,0.0419,"md, 1588633150, alaska, professional, credentials",5
88947,attorney,F,2,attorney,0.9927,0.0118,0.9809,"rights, criminal, law, legal, practices",5
32260,professor,M,0,professor,0.9998,0.9993,0.0005,"research, criminology, sociology, phd, robinson",5
60193,journalist,F,4,journalist,0.4515,0.1062,0.3452,"challenges, moldova, many, perpetrators, in",5
76809,professor,M,0,professor,0.8954,0.819,0.0764,"research, epidemiology, specializes, burn, interests",5
56521,attorney,F,2,attorney,0.9984,0.9965,0.0018,"degree, practicing, earn, jodie, mom",5
53363,professor,M,0,professor,0.9994,0.999,0.0004,"biomedical, ph, anesthesiology, neuroscience, the",5
76667,dentist,M,8,dentist,0.9846,0.9779,0.0067,"patients, carriers, his, he, highly",5
71468,comedian,M,19,comedian,0.9968,0.9344,0.0624,"comedians, comedy, reviewed, stand, album",5
93003,physician,F,1,physician,0.9682,0.0113,0.9569,"medicine, physician, lead, academic, department",5
26758,psychologist,M,6,psychologist,0.6288,0.5184,0.1104,"dr, the, anxiety, respected, disorders",5
33632,nurse,F,5,nurse,0.9997,0.946,0.0537,"nurse, practitioner, honors, experiences, she",5
21267,physician,F,1,physician,0.9999,0.9094,0.0904,"medicine, medicine, oxnard, practices, family",5
17139,physician,F,1,physician,0.9998,0.7422,0.2576,"medicine, practices, stanford, in, ms",5
91255,filmmaker,M,14,filmmaker,0.9951,0.8334,0.1616,"documentaries, feature, producing, films, short",5
4016,comedian,M,19,comedian,0.4885,0.1499,0.3387,"his, of, and, 2017, 2016",5
83781,filmmaker,M,14,filmmaker,0.9977,0.9955,0.0022,"filmmaking, filmmakers, film, uk, production",5
60744,journalist,M,4,journalist,0.9987,0.1822,0.8165,"journalism, reporter, news, writer, univision",5
6281,surgeon,M,9,surgeon,0.999,0.9497,0.0492,"currently, pletcher, medical, practice, practices",5
41214,professor,F,0,professor,0.8336,0.6938,0.1398,"academy, legal, religion, department, at",5
33498,surgeon,M,9,surgeon,0.999,0.9937,0.0053,"dentistry, medicine, practice, currently, practices",5
88467,professor,F,0,professor,0.9994,0.9983,0.0012,"phd, research, college, behavior, department",5
17392,professor,F,0,professor,0.9991,0.9983,0.0008,"palgrave, teaching, scholarship, author, religion",5
23666,nurse,F,5,nurse,0.9989,0.9986,0.0003,"nursing, in, science, bachelor, from",5
94907,filmmaker,M,14,filmmaker,0.9166,0.0075,0.909,"video, film, and, freelance, producer",5
365,teacher,M,7,teacher,0.4189,0.0241,0.3947,"texts, samadhi, journals, magazines, anthologies",5
83624,dentist,M,8,dentist,0.9982,0.1123,0.8859,"prosthodontics, his, specialties, dr, of",5
46796,professor,M,0,professor,0.9968,0.0375,0.9592,"research, his, ph, interests, include",5
92257,attorney,M,2,attorney,0.9955,0.9714,0.0242,"dermot, law, firm, dermot, school",5
49539,dentist,M,8,dentist,0.9987,0.9946,0.004,"dentistry, dr, maxillofacial, specialties, his",5
90617,photographer,M,3,photographer,0.9947,0.9643,0.0304,"photography, uses, understand, to, currently",5
32341,physician,F,1,physician,0.9998,0.5851,0.4147,"medicine, dermatology, medical, tuomey, practices",5
42652,attorney,M,2,attorney,0.9997,0.9997,0.0,"practice, legal, courtrooms, defending, trademarks",5
26638,physician,M,1,physician,0.997,0.9768,0.0202,"physician, general, dr, dr, individuals",5
65490,physician,M,1,physician,0.9974,0.001,0.9965,"professor, medicine, harvard, internal, is",5
69683,professor,M,0,professor,0.9991,0.998,0.0011,"expert, research, argument, the, author",5
64609,professor,M,0,professor,0.9981,0.9308,0.0673,"teaches, capstone, professor, until, in",5
6886,professor,F,0,professor,0.9506,0.6262,0.3244,"research, her, cognitive, interests, include",5
54290,photographer,F,3,photographer,0.9863,0.0145,0.9718,"photography, collapsed, vocational, her, business",5
2509,photographer,M,3,photographer,0.9986,0.9985,0.0001,"photographer, photographs, based, city, be",5
90074,physician,M,1,physician,0.9157,0.7993,0.1165,"school, obtained, training, his, harvard",5
51522,professor,M,0,professor,0.9978,0.9621,0.0357,"phd, research, editorial, journals, information",5
5242,attorney,M,2,attorney,0.9995,0.9984,0.0011,"attorney, bono, an, graduated, graduated",5
89223,professor,M,0,professor,0.95,0.2903,0.6596,"he, said, report, science, aap",5
59158,professor,M,0,professor,0.9997,0.9995,0.0002,"research, current, ieee, focus, database",5
52230,composer,M,17,composer,0.9982,0.0116,0.9866,"composer, music, to, cannes, residence",5
46126,photographer,F,3,photographer,0.998,0.8196,0.1784,"photographs, photokina, com, photography, photomonitor",5
69355,photographer,M,3,photographer,0.9985,0.9926,0.0059,"photography, cameraman, photography, motion, rafiel",5
2788,photographer,F,3,photographer,0.9492,0.8579,0.0913,"photographs, is, kimbra, her, an",5
51786,psychologist,F,6,psychologist,0.9994,0.0102,0.9892,"psychologist, clinical, jean, experiences, school",5
77215,photographer,F,3,photographer,0.9973,0.101,0.8962,"photography, photography, bfa, from, her",5
11549,photographer,F,3,photographer,0.9972,0.9007,0.0965,"photography, shoots, photography, photography, parisi",5
51662,professor,M,0,professor,0.9998,0.9996,0.0002,"ph, economics, university, economics, research",5
92899,physician,M,1,physician,0.9577,0.781,0.1767,"medicine, at, hmo, medicine, studied",5
24261,nurse,M,5,nurse,0.9997,0.0035,0.9962,"nurse, experiences, practitioner, graduated, honors",5
52753,professor,F,0,professor,0.9994,0.8696,0.1298,"previously, california, research, policy, she",5
6013,photographer,M,3,photographer,0.9932,0.8898,0.1034,"visual, passion, mark, search, style",5
21442,professor,M,0,professor,0.9997,0.9994,0.0004,"phd, research, science, systems, articles",5
28480,teacher,M,7,teacher,0.9764,0.2589,0.7175,"teaching, teachers, students, coordinator, over",5
11359,attorney,F,2,attorney,0.9998,0.989,0.0108,"represents, she, held, individual, matters",5
6551,professor,M,0,professor,0.9993,0.9977,0.0016,"ph, award, kharagpur, degree, 2007",5
21851,architect,M,10,architect,0.855,0.8987,-0.0437,"technical, developers, company, technical, evangelist",5
13697,professor,F,0,professor,0.9349,0.6602,0.2747,"appointments, clinical, her, endocrinology, densitometrist",5
93111,professor,F,0,professor,0.998,0.2151,0.7829,"education, counselor, earned, ph, her",5
8842,professor,M,0,professor,0.9983,0.9725,0.0257,"research, year, there, and, interests",5
90522,psychologist,M,6,psychologist,0.9993,0.0364,0.9629,"psychologist, experiences, psychological, in, clinical",5
36900,dietitian,F,18,dietitian,0.9986,0.0168,0.9817,"dietitian, nutrition, registered, experiences, 1998",5
36808,physician,F,1,physician,0.9996,0.9945,0.0051,"md, professional, 1497048672, montebello, california",5
32143,nurse,F,5,nurse,0.9997,0.6553,0.3445,"nurse, practitioner, experiences, cooperates, 2015",5
91070,attorney,M,2,attorney,0.9996,0.9994,0.0002,"firm, law, firm, law, law",5
40409,professor,M,0,professor,0.531,0.0095,0.5215,"krassovski, oceanographic, is, implemented, creation",5
72554,nurse,F,5,nurse,0.996,0.9959,0.0001,"she, anchorage, practices, professional, alaska",5
71862,professor,M,0,professor,0.9999,0.9997,0.0002,"academic, career, research, grants, focuses",5
70410,journalist,F,4,journalist,0.984,0.0168,0.9672,"journalism, fellowships, aru, supported, alesund",5
51306,photographer,F,3,photographer,0.5163,0.6779,-0.1617,"communications, heads, about, professor, two",5
89998,professor,M,0,professor,0.9999,0.9998,0.0001,"professor, university, research, prior, postdoctoral",5
60351,surgeon,M,9,surgeon,0.9988,0.0813,0.9175,"dr, practice, cristini, he, dr",5
48840,professor,F,0,professor,0.9996,0.9975,0.0021,"department, 2013, texas, ph, university",5
23239,psychologist,M,6,psychologist,0.9781,0.8996,0.0784,"neuropsychological, adolescence, theories, learning, children",5
8846,professor,F,0,professor,0.9891,0.9953,-0.0062,"author, contributor, active, american, been",5
75434,teacher,F,7,teacher,0.7782,0.8153,-0.0371,"ordained, path, an, interfaith, conviction",5
38657,professor,M,0,professor,0.9996,0.8308,0.1689,"lab, focuses, his, understanding, scholar",5
53116,dietitian,F,18,dietitian,0.9969,0.7733,0.2236,"nutrition, diets, diets, pregnancy, nutritional",5
12684,teacher,F,7,teacher,0.8045,0.6898,0.1148,"been, writing, dance, she, study",5
10473,physician,F,1,physician,0.9998,0.8103,0.1896,"medicine, practices, zamora, in, medical",5
58717,physician,M,1,physician,0.9239,0.861,0.0629,"dr, medicine, vora, hospital, problems",5
24191,professor,F,0,professor,0.9477,0.7645,0.1832,"director, postdoctoral, phd, scholar, she",5
17997,journalist,F,4,journalist,0.9978,0.9979,-0.0001,"correspondent, agence, editor, newspapers, hurriyet",5
4740,nurse,M,5,nurse,0.9494,0.0065,0.9429,"nurse, nursing, nursing, family, practitioner",5
86810,nurse,F,5,nurse,0.8359,0.0017,0.8341,"nursing, nursing, degrees, her, nurse",5
29741,professor,F,0,professor,0.9934,0.9822,0.0113,"methods, research, she, she, developing",5
92639,professor,F,0,professor,0.9991,0.9991,0.0,"research, narratology, interests, film, include",5
82485,surgeon,M,9,surgeon,0.867,0.491,0.376,"dr, matheson, challenges, wellington, kidney",5
55751,composer,M,17,composer,0.9945,0.0024,0.992,"score, film, electropop, anvil, uk",5
39398,attorney,M,2,attorney,0.9997,0.9998,-0.0,"litigation, law, matters, he, fairhaven",5
52336,nurse,F,5,nurse,0.5385,0.1073,0.4313,"and, someone, record, partner, her",5
6314,psychologist,F,6,psychologist,0.7442,0.3359,0.4083,"approaches, for, and, organisational, brighton",5
84578,photographer,F,3,photographer,0.6726,0.4046,0.268,"archaeology, documenting, art, worked, artefacts",5
76345,professor,M,0,professor,0.9968,0.196,0.8008,"his, involves, project, faculty, colleagues",5
62658,photographer,M,3,photographer,0.8001,0.4321,0.368,"his, misty, landscapes, be, nature",5
91491,photographer,F,3,photographer,0.7865,0.9616,-0.1751,"trees, watches, wildflowers, of, noting",5
84097,professor,M,0,professor,0.9974,0.024,0.9734,"leadership, graduate, research, is, programme",5
85047,architect,M,10,architect,0.9966,0.9855,0.0111,"architect, architects, diploma, designed, gained",5
68131,physician,F,1,physician,0.9998,0.8601,0.1397,"medicine, gastroenterology, hilal, practices, maitland",5
27881,professor,M,0,professor,0.9976,0.9952,0.0024,"researching, signal, has, practicing, years",5
68489,journalist,F,4,journalist,0.996,0.0041,0.9919,"writing, pop, about, writing, after",5
33093,teacher,M,7,teacher,0.257,0.1926,0.0644,"relationship, relationships, hearted, man, girlfriends",5
84896,dentist,M,8,dentist,0.9548,0.96,-0.0051,"dental, prashant, dental, bds, indian",5
88437,photographer,M,3,photographer,0.9451,0.0002,0.9449,"photography, communication, both, and, artists",5
65579,surgeon,M,9,surgeon,0.7612,0.1491,0.6121,"medical, medical, dr, texas, graduated",5
50563,physician,F,1,physician,0.9994,0.8664,0.133,"physician, especially, she, medicine, experiences",5
46302,dentist,F,8,dentist,0.975,0.005,0.97,"dental, her, owning, she, practice",5
15309,attorney,M,2,attorney,0.9513,0.892,0.0594,"businesses, has, deductible, owners, business",5
22867,professor,F,0,professor,0.9986,0.9919,0.0067,"phd, wiersma, career, at, university",5
62621,psychologist,F,6,psychologist,0.9987,0.9987,0.0001,"adults, mental, adolescents, addressing, training",5
15452,composer,M,17,composer,0.9965,0.9884,0.008,"music, conservatoire, composition, fugue, studying",5
51695,professor,F,0,professor,0.999,0.9959,0.0031,"research, faculty, primary, epidemiology, 2007",5
94756,photographer,M,3,photographer,0.9131,0.6507,0.2624,"show, for, upcoming, series, gallery",5
57456,photographer,M,3,photographer,0.988,0.9795,0.0086,"takes, also, producing, taking, but",5
59259,professor,M,0,professor,0.9972,0.8601,0.1371,"ph, research, received, information, interests",5
23455,professor,F,0,professor,0.9995,0.9824,0.0171,"research, her, centers, mardis, on",5
13699,professor,M,0,professor,0.9996,0.9913,0.0083,"doctoral, faculty, 2004, business, of",5
38984,architect,M,10,architect,0.3645,0.1945,0.17,"thejournal, space, can, thing, that",5
86605,professor,M,0,professor,0.9997,0.9981,0.0016,"papers, research, published, lies, international",5
38637,attorney,F,2,attorney,0.9998,0.9997,0.0001,"firm, services, law, she, juris",5
18779,photographer,M,3,photographer,0.9643,0.8723,0.092,"national, portrait, his, and, in",5
85658,dentist,M,8,dentist,0.9978,0.0028,0.9949,"licence, 1124280466, dr, of, professional",5
10208,psychologist,F,6,psychologist,0.9988,0.9975,0.0014,"psychology, clinical, degree, help, psychological",5
66909,accountant,F,16,accountant,0.9496,0.0124,0.9372,"financial, families, families, understands, ends",5
68771,dentist,F,8,dentist,0.962,0.1249,0.8371,"dental, clinic, kawatra, bds, dr",5
36766,attorney,F,2,attorney,0.9882,0.9715,0.0168,"planning, use, wisconsin, olson, counties",5
76580,professor,M,0,professor,0.9995,0.9995,-0.0,"phd, his, applied, journals, mathematics",5
13838,model,F,12,model,0.9995,0.7311,0.2684,"freeones, gallery, 3971th, she, born",5
9735,physician,M,1,physician,0.9997,0.9997,0.0,"md00024073, washington, professional, credentials, dr",5
51513,professor,M,0,professor,0.6048,0.0249,0.58,"he, oncological, other, he, rica",5
63979,physician,M,1,physician,0.9586,0.5054,0.4532,"medical, graduate, medicine, of, medical",5
25862,physician,F,1,physician,0.9998,0.8406,0.1593,"medicine, practices, nephrology, in, florida",5
57974,surgeon,M,9,surgeon,0.9438,0.9935,-0.0497,"arthroplasty, arthroplasty, patellofemoral, extremity, surgery",5
38603,professor,F,0,professor,0.9915,0.9926,-0.0011,"dr, smith, evaluation, maltreatment, research",5
49942,professor,M,0,professor,0.9998,0.9997,0.0,"faculty, postdoctoral, laurea, in, fellow",5
65346,software engineer,M,15,software engineer,0.9831,0.9768,0.0062,"performance, machine, high, focus, received",5
82854,dentist,M,8,dentist,0.9974,0.8311,0.1662,"dentist, dental, dr, dental, bds",5
33142,professor,M,0,professor,0.9986,0.9724,0.0262,"ph, software, specializes, in, sweden",5
50356,filmmaker,F,14,filmmaker,0.9951,0.9942,0.0008,"documentary, film, filmmaker, film, sundance",5
14592,attorney,F,2,attorney,0.9967,0.5977,0.399,"legal, and, seminar, directors, worked",5
93860,professor,F,0,professor,0.9996,0.999,0.0006,"author, romanticism, project, literature, working",5
67756,psychologist,M,6,psychologist,0.9989,0.9603,0.0386,"therapy, dr, depression, anxiety, therapy",5
4394,journalist,M,4,journalist,0.9879,0.7851,0.2028,"from, hosts, newspaper, radio, writes",5
64038,physician,F,1,physician,0.9965,0.6039,0.3927,"physicians, medical, graduate, kasturba, college",5
78385,attorney,M,2,attorney,0.9995,0.9971,0.0024,"legal, florida, practicing, career, clients",5
79403,attorney,M,2,attorney,0.9998,0.9998,-0.0,"matters, appeals, firm, clients, parekh",5
90392,journalist,F,4,journalist,0.3608,0.2461,0.1147,"her, unfair, samoa, because, held",5
17588,professor,F,0,professor,0.9997,0.9996,0.0001,"interests, harjusola, research, ph, include",5
24140,nurse,F,5,nurse,0.9995,0.7824,0.217,"nurse, nursing, pediatric, prior, community",5
14646,physician,M,1,physician,0.9998,0.6463,0.3534,"medicine, orthopaedic, practices, specializes, in",5
17841,photographer,F,3,photographer,0.9987,0.9976,0.0011,"photographic, photography, photographer, posing, colour",5
65415,professor,M,0,professor,0.9998,0.9984,0.0013,"demographer, strong, funding, research, he",5
58919,professor,F,0,professor,0.9996,0.9993,0.0002,"she, expertise, inservice, has, issues",5
42060,physician,F,1,physician,0.9998,0.9971,0.0027,"medicine, medical, center, specializes, in",5
83381,professor,M,0,professor,0.9993,0.9979,0.0014,"area, is, his, of, scientifically",5
16917,physician,F,1,physician,0.9838,0.038,0.9458,"assistant, physician, she, physiology, exercise",5
79689,professor,M,0,professor,0.9997,0.9994,0.0003,"research, cornell, university, interests, ph",5
28718,psychologist,M,6,psychologist,0.9299,0.1297,0.8002,"sister, come, counsel, ruth, are",5
73209,professor,F,0,professor,0.9995,0.8336,0.166,"canadian, she, researches, modernity, society",5
17265,physician,M,1,physician,0.9823,0.4002,0.5821,"medicine, emergency, management, authority, credits™",5
55102,architect,M,10,architect,0.9957,0.9968,-0.0011,"architecture, design, of, parametric, with",5
556,professor,M,0,professor,0.9998,0.9996,0.0002,"scholar, ph, stanford, research, university",5
24634,professor,F,0,professor,0.9996,0.9993,0.0003,"research, ph, interests, stanford, university",5
27305,journalist,M,4,journalist,0.8873,0.1162,0.7711,"publish, book, challenges, grasmere, runners",5
11784,physician,M,1,physician,0.9961,0.96,0.0361,"attended, wright, smolak, at, and",5
659,physician,M,1,physician,0.5209,0.2949,0.226,"association, practices, dr, bhatt, clinic",5
7190,physician,M,1,physician,0.9869,0.903,0.0839,"volk, graduate, medicine, osteopathic, dr",5
24430,journalist,M,4,journalist,0.9428,0.7666,0.1762,"student, net, creativity, bbc, 2008",5
17726,attorney,M,2,attorney,0.9996,0.9461,0.0535,"legal, unions, advisor, michael, 2011",5
7550,professor,M,0,professor,0.9998,0.9972,0.0026,"courses, research, teaches, political, doctoral",5
25200,attorney,M,2,attorney,0.9324,0.0653,0.8672,"trial, jury, of, hyperbolic, 2001",5
15166,attorney,M,2,attorney,0.9984,0.975,0.0233,"year, says, eviction, he, eviction",5
95147,professor,F,0,professor,0.9998,0.9997,0.0001,"prof, huie, huie, research, interest",5
81678,surgeon,F,9,surgeon,0.6564,0.101,0.5554,"practices, dr, mbbs, medical, ganesh",5
81212,physician,F,1,physician,0.997,0.8906,0.1064,"medical, medicine, residency, physicians, medicare",5
79306,photographer,M,3,photographer,0.9983,0.9624,0.0359,"photography, lens, portraits, subject, climbing",5
3546,composer,F,17,composer,0.9972,0.9632,0.034,"scores, music, ambient, discography, sound",5
52495,photographer,M,3,photographer,0.9761,0.3735,0.6026,"camera, work, captures, dslr, has",5
53791,professor,F,0,professor,0.9996,0.9989,0.0007,"book, publications, race, racial, imaging",5
81987,professor,F,0,professor,0.4161,0.055,0.3612,"accompanied, diab, she, establishing, was",5
22627,professor,M,0,professor,0.9995,0.962,0.0375,"research, editor, receiving, spans, ph",5
29398,professor,M,0,professor,0.9998,0.9998,0.0001,"phd, served, research, professor, publications",5
10165,professor,M,0,professor,0.996,0.9908,0.0052,"elkouss, ph, paristech, dissertation, ph",5
28947,physician,F,1,physician,0.9998,0.9658,0.0341,"buenviaje, medicine, practices, in, hematology",5
6696,poet,M,13,poet,0.6831,0.6142,0.0689,"published, cultural, oxford, song, ascent",5
5053,architect,M,10,architect,0.9887,0.3628,0.6259,"design, bruxelles, influenced, practice, exhibition",5
35842,professor,F,0,professor,0.9992,0.9906,0.0087,"completed, she, currently, ethnographic, ph",5
31623,physician,M,1,physician,0.9997,0.9995,0.0002,"1316965692, professional, alaska, credentials, license",5
40083,professor,M,0,professor,0.9997,0.9982,0.0015,"phd, undergraduate, civil, received, degree",5
19737,journalist,F,4,journalist,0.9983,0.9777,0.0206,"articles, appeared, her, post, in",5
75878,architect,M,10,architect,0.9881,0.4165,0.5716,"architecture, architecture, architecture, of, studied",5
23744,professor,F,0,professor,0.4378,0.0321,0.4057,"publications, she, ackermann, law, american",5
70198,physician,F,1,physician,0.9979,0.9965,0.0013,"medicine, dr, expertise, hospital, clinic",5
22714,professor,F,0,professor,0.9954,0.9287,0.0668,"investigator, whose, dr, clinician, is",5
91970,physician,F,1,physician,0.8333,0.4579,0.3753,"practice, ms, location, thomas, years",5
11852,filmmaker,M,14,filmmaker,0.9938,0.5412,0.4525,"directed, the, he, documentary, the",5
85341,professor,M,0,professor,0.9774,0.2249,0.7524,"he, an, faculty, background, the",5
12989,poet,M,13,poet,0.9917,0.1406,0.851,"poetry, merges, poetry, emcee, lyrics",5
72533,professor,M,0,professor,0.9994,0.8688,0.1306,"research, program, focuses, of, his",5
66765,professor,M,0,professor,0.9977,0.9839,0.0138,"oncologist, staff, steering, genomics, research",5
58171,dentist,F,8,dentist,0.9614,0.9668,-0.0055,"dental, mamta, bds, dental, dental",5
30463,attorney,M,2,attorney,0.986,0.0117,0.9744,"clients, trial, other, other, kathryn",5
20226,professor,F,0,professor,0.9667,0.9675,-0.0007,"endocrinology, her, gynecology, medical, medical",5
49323,filmmaker,M,14,filmmaker,0.997,0.6632,0.3338,"film, productions, started, created, graduation",5
45080,attorney,M,2,attorney,0.9997,0.9982,0.0015,"represented, mr, both, tarantino, private",5
46062,professor,M,0,professor,0.9987,0.9808,0.0179,"ph, research, seoul, university, interests",5
89904,physician,F,1,physician,0.9998,0.9278,0.0721,"medicine, practices, dearborn, orthopaedic, in",5
59741,professor,F,0,professor,0.9966,0.6268,0.3698,"research, focuses, her, heterogeneity, her",5
78122,nurse,F,5,nurse,0.9969,0.9509,0.046,"nursing, nursing, president, services, degree",5
19856,software engineer,M,15,software engineer,0.9605,0.8264,0.1342,"ibm, the, websphere, worked, developing",5
91371,physician,M,1,physician,0.9998,0.9872,0.0127,"medicine, medicine, specializes, medical, mr",5
55854,photographer,M,3,photographer,0.9757,0.8865,0.0892,"photography, and, camera, college, passion",5
88894,comedian,M,19,comedian,0.7415,0.6054,0.1361,"comics, the, journal, scrawling, him",5
88794,attorney,F,2,attorney,0.8923,0.9403,-0.0479,"victim, murdered, ghost, connects, was",5
27882,professor,M,0,professor,0.9892,0.9912,-0.002,"erik, award, responsiveness, research, students",5
41261,professor,F,0,professor,0.9984,0.9978,0.0006,"she, interests, classroom, primary, research",5
804,painter,F,11,painter,0.8719,0.9261,-0.0542,"ar, received, paint, of, abstract",5
34895,software engineer,M,15,software engineer,0.843,0.8761,-0.0331,"websphere, laboratory, informatics, execution, process",5
44078,photographer,M,3,photographer,0.4692,0.0927,0.3765,"35mm, shooting, enjoys, he, too",5
40146,professor,M,0,professor,0.9476,0.8137,0.1339,"student, teaching, project, to, invaluable",5
18559,photographer,F,3,photographer,0.9937,0.9934,0.0003,"photographs, photographer, photographs, inspirational, images",5
60063,psychologist,F,6,psychologist,0.9828,0.0883,0.8945,"psychology, psychological, forensic, interests, for",5
55905,physician,M,1,physician,0.9824,0.6572,0.3252,"graduate, midwestern, medicine, osteopathic, honors",5
13482,teacher,F,7,teacher,0.9645,0.8098,0.1547,"schools, habilitation, lifeprep, colleen, she",5
51135,surgeon,M,9,surgeon,0.6919,0.3527,0.3392,"surgery, medicine, tummy, dermabrasion, tuck",5
87508,physician,M,1,physician,0.9768,0.0007,0.9761,"medicine, dr, of, unc, unc",5
10650,model,F,12,model,0.9991,0.998,0.0012,"model, fashion, jeter, american, jeter",5
83149,professor,F,0,professor,0.7318,0.6494,0.0824,"been, prize, living, 2003, theatre",5
25348,physician,F,1,physician,0.9998,0.9496,0.0502,"medicine, medicine, practices, saint, wisby",5
20822,physician,F,1,physician,0.6387,0.4648,0.1738,"practice, ms, 0515, 1316940737, ms",5
43622,journalist,M,4,journalist,0.9825,0.9817,0.0007,"small, west, thinks, area, pace",5
73713,professor,M,0,professor,0.9863,0.7362,0.2501,"minnis, empirically, research, methods, includes",5
8349,professor,M,0,professor,0.9995,0.9992,0.0003,"research, teaching, interests, press, and",5
52335,filmmaker,F,14,filmmaker,0.9973,0.966,0.0313,"writing, film, melissa, film, to",5
74945,comedian,M,19,comedian,0.4964,0.2753,0.2211,"fringe, traveled, part, festivalas, new",5
43961,physician,F,1,physician,0.9998,0.9026,0.0973,"medicine, practices, medicine, midwest, medical",5
5299,physician,F,1,physician,0.9998,0.6312,0.3687,"medicine, hubacek, practices, saint, orthopaedic",5
14999,professor,M,0,professor,0.9966,0.9874,0.0092,"research, focuses, organizational, his, managerial",5
56088,professor,M,0,professor,0.5214,0.2039,0.3175,"debakey, of, department, surgeries, reconstructive",5
39268,filmmaker,F,14,filmmaker,0.997,0.996,0.001,"short, film, directed, best, film",5
69189,professor,M,0,professor,0.9988,0.9976,0.0012,"concentrates, social, has, psychosocial, he",5
23039,teacher,F,7,teacher,0.9985,0.631,0.3674,"teaching, first, students, dartmouth, this",5
7990,professor,M,0,professor,0.922,0.3531,0.5689,"prize, american, berggruen, philosophy, university",5
11187,professor,M,0,professor,0.9996,0.9864,0.0132,"research, phd, teaching, investigating, received",5
44299,professor,M,0,professor,0.9998,0.9994,0.0004,"doctoral, lab, his, uses, postdoctoral",5
56139,photographer,M,3,photographer,0.9928,0.14,0.8528,"photos, stunning, book, eric, is",5
37888,psychologist,F,6,psychologist,0.9987,0.0287,0.97,"counselling, graduate, degree, the, from",5
40533,physician,F,1,physician,0.9877,0.8229,0.1648,"medicine, prior, medicine, tiffany, practices",5
59052,photographer,M,3,photographer,0.2151,0.0966,0.1186,"strom, works, curating, promoter, grindcore",5
10913,professor,M,0,professor,0.9952,0.828,0.1672,"studies, ph, social, social, lgbt",5
60691,nurse,F,5,nurse,0.9994,0.9835,0.0159,"nurse, nurse, womana€™s, nursing, practitioners",5
34862,professor,F,0,professor,0.9998,0.9998,0.0,"ph, 2016, professor, postdoctoral, dakota",5
68434,attorney,M,2,attorney,0.9998,0.9974,0.0023,"attorney, counsel, medicaid, wills, powers",5
4680,professor,M,0,professor,0.9889,0.9971,-0.0081,"doctorate, scientific, nutrition, received, dr",5
51896,photographer,F,3,photographer,0.8043,0.124,0.6803,"bills, coffee, posing, fountain, 101",5
43110,physician,F,1,physician,0.9998,0.9288,0.071,"medicine, san, practices, in, medicine",5
36580,dietitian,F,18,dietitian,0.7997,0.0492,0.7505,"digestive, sees, issues, exhaustion, practice",5
88684,physician,F,1,physician,0.9891,0.9776,0.0115,"she, graduated, medicine, western, california",5
23742,professor,F,0,professor,0.9996,0.9983,0.0012,"research, her, focuses, upon, essays",5
91201,professor,F,0,professor,0.9996,0.9995,0.0001,"social, research, courses, university, cornell",5
22214,nurse,F,5,nurse,0.5499,0.0103,0.5397,"specializes, gynecological, 2005, medicine, in",5
44,professor,F,0,professor,0.9986,0.9935,0.0051,"disparities, holds, community, nih, she",5
58334,software engineer,M,15,software engineer,0.9917,0.9671,0.0246,"software, development, after, graduation, hopes",5
66927,physician,M,1,physician,0.5765,0.0234,0.5531,"doctor, process, application, leave, middle",5
47567,professor,F,0,professor,0.9998,0.9997,0.0001,"research, phd, focuses, university, majors",5
90150,professor,F,0,professor,0.9994,0.9941,0.0053,"research, her, education, background, participatory",5
92726,physician,F,1,physician,0.9998,0.9645,0.0354,"medicine, practices, loma, specializes, surgery",5
61193,professor,M,0,professor,0.9997,0.976,0.0237,"research, focuses, his, nanomaterials, engineered",5
62831,poet,F,13,poet,0.9695,0.8666,0.1029,"writing, poemmemoirstory, mfa, poetry, from",5
93775,physician,M,1,physician,0.9358,0.2851,0.6507,"medicine, dr, graduate, of, dr",5
37255,software engineer,M,15,software engineer,0.8808,0.8903,-0.0095,"an, expert, java, php, management",5
79446,attorney,M,2,attorney,0.9994,0.0501,0.9493,"transactional, law, practices, franchise, corporate",5
43925,professor,F,0,professor,0.9822,0.4057,0.5765,"professors, phd, areas, lu, level",5
89663,physician,F,1,physician,0.9998,0.7852,0.2147,"medicine, kochmeier, kochmeier, ms, practices",5
35758,physician,F,1,physician,0.9998,0.7121,0.2876,"practices, medicine, hospital, medicine, specializes",5
61034,professor,M,0,professor,0.9996,0.9988,0.0008,"xiaofang, denmark, doctoral, postdoc, prof",5
13527,psychologist,F,6,psychologist,0.9973,0.2609,0.7364,"psychological, variety, topics, television, national",5
35951,dentist,F,8,dentist,0.9982,0.094,0.9042,"dentist, bds, neethu, dental, shukoor",5
62296,architect,M,10,architect,0.9323,0.4151,0.5173,"microsoft, interactions, solutions, partner, products",5
26643,professor,M,0,professor,0.9987,0.9963,0.0024,"old, areas, perspectives, expertise, judaism",5
47029,dentist,M,8,dentist,0.9979,0.9921,0.0058,"dentist, practising, years, 22, dr",5
1941,accountant,M,16,accountant,0.9991,0.4528,0.5462,"accounting, offices, finance, accounting, financial",5
91298,teacher,F,7,teacher,0.527,0.0386,0.4884,"teacher, inspired, she, latest, her",5
41803,professor,M,0,professor,0.9483,0.63,0.3183,"progressive, book, business, american, oxford",5
19971,photographer,M,3,photographer,0.999,0.9904,0.0086,"shoot, to, available, portraits, dmv",5
87426,filmmaker,M,14,filmmaker,0.8349,0.6835,0.1514,"co, andrew, profiled, installation, awards",5
11600,journalist,M,4,journalist,0.997,0.0064,0.9906,"journalist, first, investigate, death, enter",5
61710,professor,F,0,professor,0.9979,0.9985,-0.0006,"her, studies, teaching, and, focus",5
64760,professor,F,0,professor,0.9997,0.9978,0.0019,"research, her, include, interests, in",5
54748,filmmaker,F,14,filmmaker,0.9977,0.9975,0.0002,"films, reflect, ba, filmmaker, explore",5
44498,attorney,M,2,attorney,0.9997,0.999,0.0007,"practice, focuses, law, school, matters",5
68474,nurse,F,5,nurse,0.8956,0.6121,0.2835,"her, professional, she, expects, nube",5
16218,physician,M,1,physician,0.8634,0.5615,0.3019,"medical, smoot, graduate, doctors, texas",5
22467,physician,F,1,physician,0.9998,0.7997,0.2001,"medicine, practices, medicine, internal, obst",5
17099,professor,F,0,professor,0.9997,0.9998,-0.0,"program, focuses, understanding, research, laboratory",5
48852,photographer,M,3,photographer,0.9976,0.9966,0.0011,"photography, filming, portraiture, images, shooting",5
8607,professor,F,0,professor,0.9996,0.9573,0.0424,"ph, she, university, justice, holds",5
49710,professor,F,0,professor,0.9994,0.9968,0.0026,"westernesque, interested, examines, current, work",5
38611,dentist,M,8,dentist,0.8327,0.9603,-0.1276,"dr, affiliated, insurance, rehabilitation, residency",5
12083,professor,F,0,professor,0.9996,0.9985,0.0012,"ph, trimmer, university, dr, researches",5
70054,physician,F,1,physician,0.8986,0.9008,-0.0022,"practice, 1639334170, merchant, 6136, years",5
76239,attorney,M,2,attorney,0.9696,0.995,-0.0254,"counsel, lead, counsel, incarceration, annucci",5
75866,professor,F,0,professor,0.9991,0.9953,0.0037,"research, phd, grants, degree, interests",5
20541,attorney,F,2,attorney,0.9895,0.989,0.0005,"mediator, hong, arbitration, resolution, usa",5
31598,journalist,F,4,journalist,0.9987,0.9986,0.0001,"times, york, stories, publications, contributes",5
70094,professor,F,0,professor,0.9998,0.9996,0.0002,"pharmaceutics, research, interests, alabama, nanoparticles",5
66486,photographer,M,3,photographer,0.9826,0.7451,0.2374,"capturing, work, traveled, images, images",5
77151,software engineer,M,15,software engineer,0.9492,0.1848,0.7644,"electrical, engineering, preceded, in, graduated",5
45097,photographer,M,3,photographer,0.9947,0.9977,-0.003,"publications, works, glamorous, editing, photographs",5
74778,professor,F,0,professor,0.9993,0.9991,0.0002,"research, edited, her, publications, theorizing",5
78276,nurse,F,5,nurse,0.9991,0.1797,0.8194,"nurse, prior, cardiothoracic, care, critical",5
3712,physician,F,1,physician,0.9997,0.8912,0.1085,"medicine, practices, specializes, medicine, in",5
23116,professor,M,0,professor,0.9996,0.9992,0.0004,"islamism, research, contemporary, interests, include",5
26726,accountant,F,16,accountant,0.999,0.9978,0.0012,"accounting, accounting, auditing, tax, auditing",5
31052,model,M,12,model,0.7938,0.416,0.3778,"lebron, reportedly, re, will, while",5
5094,composer,F,17,composer,0.8419,0.0955,0.7464,"music, albums, report, described, world",5
47502,attorney,M,2,attorney,0.5706,0.3846,0.186,"franke, the, associated, public, board",5
80560,poet,F,13,poet,0.6438,0.0433,0.6005,"professor, english, poetry, books, guy",5
90982,composer,M,17,composer,0.9941,0.989,0.0051,"music, sinfonia, has, philharmonic, octandre",5
59486,professor,M,0,professor,0.9997,0.9991,0.0005,"research, doctorate, university, focuses, at",5
9307,professor,M,0,professor,0.9016,0.863,0.0386,"research, research, engineering, directorate, experience",5
58861,professor,F,0,professor,0.9955,0.9131,0.0823,"is, strong, investigator, she, the",5
3342,teacher,M,7,teacher,0.5325,0.102,0.4305,"history, currently, history, university, master",5
14098,psychologist,F,6,psychologist,0.864,0.7915,0.0725,"tools, author, development, social, lead",5
74224,physician,F,1,physician,0.9915,0.6522,0.3393,"medicine, mbbs, dr, she, indraprastha",5
89030,professor,F,0,professor,0.9994,0.9971,0.0023,"faculty, undergraduate, degree, research, ucsf",5
78493,psychologist,F,6,psychologist,0.9937,0.6611,0.3326,"psychotherapy, hypnosis, relational, focusing, her",5
29428,professor,F,0,professor,0.9985,0.9978,0.0006,"teaching, media, research, global, faculty",5
52407,attorney,M,2,attorney,0.9996,0.9523,0.0473,"litigation, his, appeals, handled, courts",5
42222,physician,F,1,physician,0.5314,0.0135,0.5179,"trainees, trains, medical, clinical, she",5
34155,architect,M,10,architect,0.7661,0.0812,0.6849,"office, not, in, or, unhealthy",5
21167,professor,F,0,professor,0.993,0.5421,0.4509,"research, phd, depaul, understanding, sociocultural",5
43208,architect,M,10,architect,0.8493,0.054,0.7953,"architecture, masters, in, architecture, year",5
54699,architect,F,10,architect,0.9987,0.9547,0.044,"architect, design, architecture, cmdesign, consultancy",5
38674,professor,F,0,professor,0.9952,0.9076,0.0875,"theology, analysis, bonhoeffer, she, american",5
48772,professor,F,0,professor,0.9991,0.6958,0.3033,"phd, biostatistics, she, 2006, her",5
68259,attorney,M,2,attorney,0.9603,0.9594,0.0009,"bachelor, law, university, law, financial",5
86480,physician,M,1,physician,0.9925,0.0172,0.9753,"healthcare, medical, prior, biotechnology, his",5
90130,poet,F,13,poet,0.9868,0.9832,0.0036,"poetry, mfa, writing, cosmonauts, an",5
74765,architect,M,10,architect,0.998,0.1728,0.8252,"architectural, architects, using, publisher, contributor",5
93978,composer,F,17,composer,0.9976,0.9943,0.0033,"electronic, composed, music, music, polyphonic",5
87867,professor,M,0,professor,0.9986,0.9825,0.0161,"marketing, expert, areas, is, with",5
48180,attorney,M,2,attorney,0.9998,0.9998,0.0,"matters, law, focuses, firm, estate",5
32972,teacher,F,7,teacher,0.359,0.3191,0.0399,"activities, thenationalparksgirl, skiing, has, outdoor",5
32711,nurse,F,5,nurse,0.9237,0.5203,0.4035,"she, officers, center, described, bayfront",5
6673,accountant,M,16,accountant,0.9961,0.089,0.9071,"accounting, accounting, bachelor, in, and",5
80434,attorney,F,2,attorney,0.9997,0.5697,0.43,"law, exclusively, labor, practices, employment",5
38333,professor,M,0,professor,0.9996,0.9994,0.0003,"research, teaching, focus, history, his",5
25059,professor,F,0,professor,0.9996,0.9997,-0.0001,"interests, include, targeted, ambika, her",5
5645,professor,M,0,professor,0.9305,0.1555,0.775,"edu, review, udayton, hemman, llp",5
92516,journalist,F,4,journalist,0.998,0.5408,0.4572,"reported, from, pulitzer, she, afghanistan",5
27554,psychologist,F,6,psychologist,0.9988,0.9983,0.0005,"psychotherapy, psychotherapy, depression, psychodynamic, therapy",5
36109,photographer,M,3,photographer,0.9946,0.0566,0.938,"photography, his, previous, was, book",5
64205,model,F,12,model,0.9948,0.9856,0.0092,"films, hindi, debut, 11, her",5
53421,architect,F,10,architect,0.9968,0.9875,0.0093,"understanding, practices, certification, building, hydroponic",5
26682,physician,F,1,physician,0.9987,0.9868,0.0119,"school, thyroid, interests, problems, dr",5
26737,attorney,M,2,attorney,0.9987,0.0431,0.9556,"practicing, methodology, legal, law, matters",5
7858,professor,F,0,professor,0.984,0.7266,0.2574,"degrees, doctorate, philology, education, education",5
61696,professor,F,0,professor,0.9997,0.9996,0.0001,"professor, research, pittsburgh, joining, graduate",5
20441,filmmaker,M,14,filmmaker,0.9173,0.9851,-0.0678,"first, alexis, strindberg, direct, theatre",5
42200,professor,M,0,professor,0.9989,0.9959,0.003,"has, irapuato, higher, his, monterrey",5
18732,nurse,F,5,nurse,0.9996,0.9658,0.0338,"nurse, nursing, nursing, bsn, school",5
78654,psychologist,F,6,psychologist,0.9994,0.0029,0.9965,"psychologist, in, experiences, cooperates, doctors",5
11156,physician,F,1,physician,0.9794,0.8973,0.082,"medical, network, dr, medicine, affiliated",5
77846,attorney,F,2,attorney,0.7749,0.9942,-0.2194,"medicine, and, actions, clients, include",5
48658,professor,M,0,professor,0.9996,0.9993,0.0003,"journals, studies, studies, published, journal",5
30942,psychologist,M,6,psychologist,0.8509,0.2893,0.5615,"psychology, psychology, ph, at, in",5
43983,attorney,M,2,attorney,0.7258,0.1254,0.6004,"hurt, hill, executive, in, world",5
44544,attorney,M,2,attorney,0.9997,0.9982,0.0016,"litigation, focused, tort, practice, mass",5
85952,professor,M,0,professor,0.9992,0.4173,0.582,"professor, economics, prior, remains, associate",5
62170,teacher,M,7,teacher,0.4067,0.1191,0.2876,"games, educate, peer, has, work",5
89370,filmmaker,F,14,filmmaker,0.9681,0.9845,-0.0164,"first, film, feature, filmmaking, premiered",5
18158,attorney,M,2,attorney,0.9987,0.9993,-0.0006,"counsel, clients, disputes, represents, litigation",5
77201,professor,M,0,professor,0.9997,0.9997,0.0001,"phd, phd, research, interests, modeling",5
52820,psychologist,M,6,psychologist,0.9987,0.857,0.1416,"psychology, psychological, interventions, career, correctional",5
45176,professor,M,0,professor,0.9979,0.9976,0.0004,"chemistry, mentorship, ph, materials, engineering",5
58044,physician,M,1,physician,0.9998,0.8976,0.1022,"medicine, practices, in, practice, medical",5
56744,professor,M,0,professor,0.9997,0.9996,0.0001,"faculty, white, bioengineering, ph, postdoctoral",5
28898,composer,M,17,composer,0.9905,0.8876,0.1029,"music, musicians, timeless, performed, had",5
16998,professor,M,0,professor,0.999,0.435,0.5639,"pharmacy, pharm, program, teaches, cardiology",5
3594,dentist,M,8,dentist,0.9852,0.9698,0.0155,"dental, bds, dr, dental, general",5
13086,professor,F,0,professor,0.9853,0.7616,0.2237,"publications, authored, peer, biomechanics, authored",5
53396,physician,F,1,physician,0.9997,0.9582,0.0416,"medicine, medicine, geriatrics, practices, in",5
77747,professor,F,0,professor,0.9827,0.3612,0.6215,"dr, training, fellowship, oncology, is",5
33641,attorney,F,2,attorney,0.2648,0.1252,0.1395,"why, decides, is, then, she",5
85216,nurse,F,5,nurse,0.9997,0.7415,0.2582,"nurse, 2013, experiences, she, honors",5
75410,professor,F,0,professor,0.9991,0.9982,0.0008,"ph, economics, economics, university, economics",5
40115,professor,F,0,professor,0.9996,0.9944,0.0053,"research, studies, pakaluk, doctorate, professor",5
7580,professor,M,0,professor,0.9997,0.9989,0.0008,"research, kaltenbrunner, phd, interests, lab",5
93321,professor,M,0,professor,0.9883,0.4626,0.5257,"research, current, psychology, projects, victimization",5
63339,physician,F,1,physician,0.9998,0.809,0.1908,"medicine, oklahoma, practices, ms, neurology",5
63073,nurse,M,5,nurse,0.9997,0.1498,0.8499,"nurse, practitioner, experiences, graduated, 2013",5
34254,dietitian,F,18,dietitian,0.9797,0.0003,0.9794,"nutrition, their, health, nutrition, all",5
7648,teacher,F,7,teacher,0.9981,0.5778,0.4203,"teacher, teacher, school, ranking, hillsborough",5
55753,professor,F,0,professor,0.9993,0.9988,0.0005,"chinese, recognized, sculpture, courses, she",5
28785,physician,M,1,physician,0.9883,0.7974,0.1909,"medicine, medical, osteopathic, attended, school",5
79050,accountant,M,16,accountant,0.9983,0.7045,0.2938,"accountant, for, had, jam, left",5
11919,physician,F,1,physician,0.9922,0.9653,0.0269,"she, medical, attended, patients, her",5
45556,professor,F,0,professor,0.9998,0.9997,0.0001,"research, her, interests, include, sociotechnical",5
8066,dentist,M,8,dentist,0.9798,0.22,0.7598,"dental, dental, maunik, clinic, bds",5
76638,psychologist,F,6,psychologist,0.4529,0.0963,0.3566,"moms, helped, women, she, stay",5
65408,professor,F,0,professor,0.9869,0.4758,0.5111,"research, her, focus, in, on",5
6324,psychologist,F,6,psychologist,0.9973,0.1771,0.8202,"depression, desensitization, clinical, adolescent, issues",5
31209,professor,M,0,professor,0.811,0.7407,0.0703,"research, gerontechnology, main, treatment, focused",5
80536,software engineer,F,15,software engineer,0.9044,0.9258,-0.0215,"scalable, data, pipelines, contributor, dba",5
35655,accountant,F,16,accountant,0.9989,0.9986,0.0003,"accounting, and, accounting, years, experience",5
38095,dentist,M,8,dentist,0.9977,0.9889,0.0088,"dentist, practising, dr, years, he",5
59230,software engineer,M,15,software engineer,0.9857,0.9406,0.0451,"developer, developer, worked, works, has",5
382,physician,F,1,physician,0.9978,0.4926,0.5053,"pa, pa, montana, pelton, degree",5
56052,photographer,F,3,photographer,0.9986,0.0497,0.9489,"photography, photographic, shoots, documentary, photos",5
29029,physician,F,1,physician,0.9998,0.5104,0.4894,"medicine, nephrology, practices, gettman, ms",5
64880,poet,F,13,poet,0.9234,0.6193,0.3042,"litnimage, her, minor, spindle, like",5
29684,attorney,M,2,attorney,0.9997,0.9997,0.0,"represents, trial, litigation, businesses, litigation",5
28007,professor,M,0,professor,0.9995,0.9994,0.0002,"research, his, postdoctoral, technology, core",5
7715,professor,M,0,professor,0.987,0.9532,0.0337,"findings, initial, works, transformation, value",5
83057,physician,M,1,physician,0.84,0.0081,0.8319,"physician, weill, spine, physician, annual",5
31656,nurse,F,5,nurse,0.9951,0.9965,-0.0014,"nurse, honed, nurse, she, clinical",5
24198,journalist,M,4,journalist,0.9988,0.9966,0.0022,"articles, written, years, communication, media",5
75006,nurse,F,5,nurse,0.9997,0.1149,0.8848,"nurse, experience, graduated, 2003, she",5
85460,surgeon,M,9,surgeon,0.9989,0.999,-0.0,"surgery, meharry, currently, practices, orthopaedic",5
85436,photographer,F,3,photographer,0.9962,0.8996,0.0966,"photography, photograph, began, photograph, photography",5
46201,attorney,M,2,attorney,0.3897,0.2409,0.1488,"returned, kids, still, illinois, raised",5
16118,physician,M,1,physician,0.9036,0.6302,0.2734,"medicine, instructor, expertise, oncology, dr",5
78796,professor,M,0,professor,0.8593,0.2969,0.5625,"professor, as, has, has, legal",5
8643,journalist,M,4,journalist,0.999,0.9987,0.0003,"journalism, writing, magazine, experience, affairs",5
22362,professor,M,0,professor,0.974,0.6768,0.2972,"israeli, projects, consulted, environmental, batsheva",5
69278,professor,M,0,professor,0.9162,0.9667,-0.0505,"in, internship, graduated, and, alabama",5
9803,professor,M,0,professor,0.9997,0.9993,0.0004,"research, examines, how, agency, northwestern",5
63303,psychologist,F,6,psychologist,0.9959,0.9354,0.0605,"psychoanalytic, psychotherapist, psychotherapy, psychiatrist, jung",5
69772,architect,M,10,architect,0.2547,0.0171,0.2376,"oregon, alerted, deck, replaced, teenagers",5
80465,journalist,M,4,journalist,0.9964,0.9959,0.0005,"investigated, mh17, syrian, he, knowledge",5
32928,physician,F,1,physician,0.9039,0.0852,0.8188,"group, dr, medical, miller, dean",5
38052,professor,M,0,professor,0.9986,0.9933,0.0053,"author, inequality, kalman, the, author",5
56174,nurse,F,5,nurse,0.9997,0.8722,0.1276,"nurse, practitioner, honors, she, experiences",5
7564,attorney,M,2,attorney,0.9997,0.9997,0.0,"clients, development, law, scott, represents",5
45840,physician,M,1,physician,0.7028,0.1437,0.559,"medicine, division, professional, the, benefits",5
41134,professor,M,0,professor,0.9993,0.9989,0.0004,"ph, scholar, interests, research, with",5
56216,physician,M,1,physician,0.5336,0.6027,-0.0691,"medicine, graduate, dr, college, hospital",5
63796,professor,F,0,professor,0.7344,0.0053,0.7291,"therapist, decades, students, marriage, insight",5
59833,attorney,M,2,attorney,0.9994,0.0038,0.9955,"cases, clients, private, handled, practice",5
24281,professor,F,0,professor,0.9982,0.1101,0.8881,"focus, her, interfaces, research, research",5
84369,professor,M,0,professor,0.9997,0.999,0.0007,"research, interests, agritourism, courses, include",5
65064,professor,F,0,professor,0.9992,0.9992,0.0,"author, difference, routledge, studies, forthcoming",5
61172,teacher,F,7,teacher,0.9499,0.4277,0.5222,"teaching, she, peisong, teaching, she",5
9792,photographer,F,3,photographer,0.3579,0.2008,0.1571,"nats, transplanted, dc, humidity, in",5
80335,teacher,F,7,teacher,0.9941,0.0551,0.9391,"teacher, textbook, school, pay, week",5
26220,professor,F,0,professor,0.9984,0.9955,0.0029,"earned, she, university, reconfigurations, dilemmas",5
21266,professor,M,0,professor,0.999,0.998,0.0009,"philosophic, interested, interests, articles, ethics",5
11550,professor,M,0,professor,0.9962,0.9745,0.0217,"islamic, formerly, is, associate, professor",5
49347,professor,F,0,professor,0.9985,0.9923,0.0062,"school, hawaiʻi, professor, burkett, university",5
5419,journalist,M,4,journalist,0.9644,0.9268,0.0376,"journalism, covered, state, editor, city",5
63833,attorney,F,2,attorney,0.9984,0.9973,0.0012,"graduated, evansville, degree, she, valparaiso",5
87350,attorney,M,2,attorney,0.9478,0.9844,-0.0366,"obama, president, barack, obama, obama",5
15937,photographer,M,3,photographer,0.9982,0.9922,0.0061,"portraits, working, stunning, of, americans",5
7490,psychologist,F,6,psychologist,0.5982,0.1275,0.4707,"emotional, granddaughters, book, went, has",5
70964,nurse,F,5,nurse,0.9994,0.2682,0.7312,"nursing, nurse, nurse, nursing, in",5
8246,dentist,M,8,dentist,0.998,0.9873,0.0108,"dentist, dental, practising, practicing, dr",5
349,professor,M,0,professor,0.9993,0.9993,-0.0,"research, interests, focus, his, articles",5
30395,physician,M,1,physician,0.8654,0.7585,0.1069,"medicine, interests, school, of, university",5
32124,attorney,F,2,attorney,0.9998,0.9998,0.0,"kayser, cases, juris, defended, doctorate",5
4087,attorney,M,2,attorney,0.9997,0.9982,0.0015,"chapter, attorney, bankruptcy, practice, mr",5
87967,dentist,F,8,dentist,0.9906,0.9752,0.0154,"dental, dental, dr, comprehensive, association",5
8815,nurse,F,5,nurse,0.9997,0.1008,0.8989,"nurse, practitioner, graduated, experiences, 2013",5
56005,photographer,M,3,photographer,0.9983,0.9924,0.0059,"faces, shot, captures, funny, shot",5
64139,professor,M,0,professor,0.9966,0.9947,0.0019,"ethnography, classifying, christians, frankel, heresiology",5
7668,professor,M,0,professor,0.9994,0.9247,0.0747,"his, ph, received, fulbright, mit",5
23866,professor,M,0,professor,0.9988,0.9989,-0.0001,"phd, completed, columbia, his, interests",5
12173,professor,F,0,professor,0.5949,0.1382,0.4567,"author, architect, on, an, she",5
84415,photographer,M,3,photographer,0.9947,0.0064,0.9883,"photography, photography, shoot, luminant, images",5
15028,physician,F,1,physician,0.9997,0.9608,0.039,"gastroenterology, medicine, specializes, practices, negnew",5
56990,professor,M,0,professor,0.9998,0.9997,0.0001,"research, economics, economics, economist, ph",5
6244,teacher,F,7,teacher,0.9988,0.9985,0.0003,"tutor, there, degree, teaching, 2007",5
28254,surgeon,M,9,surgeon,0.9526,0.0549,0.8977,"surgery, medicine, medical, his, dr",5
9193,attorney,F,2,attorney,0.9667,0.9733,-0.0066,"skirnick, graduate, school, legal, llp",5
56651,psychologist,F,6,psychologist,0.5035,0.2987,0.2049,"interplay, depressive, depression, interest, emotional",5
50008,teacher,F,7,teacher,0.9106,0.4302,0.4805,"classes, teaches, she, certification, student",5
83557,physician,F,1,physician,0.5442,0.7752,-0.231,"neurosurgery, pediatric, 1174822993, 53226, 6435",5
21282,surgeon,M,9,surgeon,0.9989,0.9988,0.0001,"neurosurgery, neurosurgery, practices, medicine, currently",5
42003,physician,M,1,physician,0.9998,0.9903,0.0095,"medicine, san, practices, mr, in",5
49062,architect,F,10,architect,0.6027,0.0006,0.6022,"sustainable, design, asheville, aia, worked",5
64719,journalist,F,4,journalist,0.9984,0.9927,0.0057,"editor, newspaper, the, news, web",5
67616,attorney,F,2,attorney,0.9997,0.9996,0.0,"firms, legal, law, clients, private",5
69080,nurse,F,5,nurse,0.9997,0.8481,0.1516,"nurse, practitioner, graduated, experiences, she",5
91850,professor,F,0,professor,0.9407,0.1508,0.79,"rhinology, base, her, oakley, in",5
41795,accountant,M,16,accountant,0.6845,0.7731,-0.0886,"served, previously, finance, he, president",5
75906,professor,F,0,professor,0.9988,0.9819,0.0169,"experiential, teaching, she, education, of",5
94457,professor,F,0,professor,0.9996,0.9939,0.0056,"scientist, research, current, program, she",5
57688,physician,M,1,physician,0.9856,0.0715,0.9141,"medicine, medical, medical, of, physician",5
11490,photographer,M,3,photographer,0.981,0.0566,0.9244,"picture, took, when, happened, many",5
95328,attorney,M,2,attorney,0.9997,0.9473,0.0524,"litigation, practice, corporate, involving, complex",5
73785,attorney,M,2,attorney,0.998,0.9987,-0.0007,"litigator, courts, proceedings, federal, trial",5
94573,composer,M,17,composer,0.9983,0.9592,0.0391,"composition, music, music, north, carolina",5
62660,model,F,12,model,0.9989,0.9975,0.0014,"model, australian, an, of, greek",5
86393,psychologist,M,6,psychologist,0.9958,0.8345,0.1613,"psychologist, psychology, psychologist, psychology, psychologists",5
43557,psychologist,F,6,psychologist,0.994,0.9971,-0.0031,"psychology, supervisor, psychology, university, undergraduate",5
75997,attorney,M,2,attorney,0.9996,0.9997,-0.0001,"franjo, clients, counsel, represented, counsel",5
20208,professor,F,0,professor,0.9921,0.8679,0.1242,"researcher, research, cognitive, gerontology, awards",5
24872,psychologist,M,6,psychologist,0.9838,0.9759,0.0079,"assessments, developing, measurement, his, evaluate",5
71137,physician,F,1,physician,0.9933,0.9855,0.0078,"professionally, affiliated, school, includes, training",5
45700,physician,M,1,physician,0.8911,0.7025,0.1887,"medicine, and, arthroscopic, problems, sciences",5
57717,professor,F,0,professor,0.9273,0.0017,0.9255,"analysis, dr, grant, camtasia, pmba",5
62117,architect,F,10,architect,0.6738,0.005,0.6688,"professor, construction, chair, in, show",5
6330,professor,F,0,professor,0.9986,0.9931,0.0056,"researched, 2005, has, the, since",5
91861,professor,M,0,professor,0.7168,0.0627,0.6541,"actively, students, black, in, engineers",5
87153,dietitian,F,18,dietitian,0.9831,0.5854,0.3977,"working, nutritional, years, requirements, spent",5
20681,professor,M,0,professor,0.9997,0.9998,-0.0,"sociology, published, courses, sociology, articles",5
40725,professor,M,0,professor,0.9992,0.9961,0.0031,"brannstrom, research, audiologist, interests, phd",5
4070,professor,F,0,professor,0.8752,0.13,0.7452,"faculty, students, maintains, aria, past",5
46750,professor,F,0,professor,0.9993,0.9984,0.0009,"postdoctoral, researcher, she, phd, degree",5
51309,dentist,M,8,dentist,0.9917,0.9814,0.0103,"dental, degree, dental, dental, his",5
13748,professor,M,0,professor,0.9991,0.9919,0.0073,"dr, research, challenging, dr, speak",5
46471,nurse,F,5,nurse,0.9971,0.2516,0.7454,"nurse, working, her, clinical, certifications",5
45131,journalist,M,4,journalist,0.9968,0.1109,0.886,"journalism, degree, school, lives, columbia",5
10612,journalist,M,4,journalist,0.9911,0.2914,0.6997,"articles, written, magazine, photography, official",5
69809,physician,F,1,physician,0.9942,0.6722,0.322,"medicine, graduate, school, caribbean, university",5
80915,teacher,F,7,teacher,0.4841,0.2664,0.2177,"umea, with, passionate, home, she",5
38659,surgeon,M,9,surgeon,0.9945,0.374,0.6205,"surgeon, orthopedic, practice, private, bombay",5
11242,professor,M,0,professor,0.9282,0.8765,0.0517,"fellow, sports, and, residency, earned",5
18948,dentist,M,8,dentist,0.9846,0.8671,0.1175,"orthodontic, sachdeva, centre, dr, dental",5
57573,teacher,M,7,teacher,0.9981,0.9979,0.0002,"academic, learning, teachers, learners, director",5
47849,dentist,M,8,dentist,0.9985,0.9974,0.0011,"dentist, years, dr, bds, he",5
31195,journalist,M,4,journalist,0.45,0.0013,0.4488,"undercover, work, his, maria, allegedly",5
55492,surgeon,M,9,surgeon,0.999,0.999,0.0,"practice, medicine, yeshiva, medicine, sports",5
74262,architect,M,10,architect,0.9883,0.0839,0.9044,"design, design, drawings, architectural, internationally",5
67093,attorney,M,2,attorney,0.9849,0.4862,0.4987,"legal, judge, law, policy, uc",5
86895,psychologist,M,6,psychologist,0.8464,0.9299,-0.0835,"health, body, body, addictions, specialties",5
69250,teacher,F,7,teacher,0.9754,0.0393,0.9362,"schools, columbus, she, has, senate",5
3094,professor,M,0,professor,0.5523,0.1007,0.4516,"research, masculinity, factors, has, identified",5
86240,photographer,M,3,photographer,0.9605,0.0095,0.951,"photography, professional, magazines, for, numerous",5
64821,attorney,M,2,attorney,0.9977,0.992,0.0057,"bar, association, massachusetts, bar, bar",5
81106,professor,M,0,professor,0.9994,0.9992,0.0002,"interested, book, slavery, centers, is",5
61438,psychologist,F,6,psychologist,0.9731,0.0407,0.9324,"psychology, and, her, permission, teach",5
94318,nurse,F,5,nurse,0.5229,0.0485,0.4744,"healthcare, roles, over, competence, years",5
9403,psychologist,F,6,psychologist,0.9986,0.9804,0.0182,"therapy, depression, behavioral, coddington, disorder",5
4979,dentist,M,8,dentist,0.9972,0.7483,0.2489,"dentists, of, dental, refrains, toxicology",5
30426,architect,M,10,architect,0.9368,0.6032,0.3336,"architects, the, currently, adf, and",5
6454,dentist,M,8,dentist,0.9862,0.0245,0.9617,"dentistry, standards, only, using, preventative",5
65450,psychologist,M,6,psychologist,0.9781,0.997,-0.019,"healthcare, clinical, treatment, effective, in",5
23595,nurse,F,5,nurse,0.9997,0.7114,0.2884,"nurse, in, medicine, patricia, practitioner",5
39166,professor,M,0,professor,0.9921,0.9325,0.0596,"research, investigator, his, director, immunology",5
80720,professor,M,0,professor,0.9988,0.9894,0.0094,"phd, researcher, research, 1998, he",5
33130,professor,F,0,professor,0.9756,0.9798,-0.0043,"inflammation, lab, include, studies, laboratory",5
82211,professor,F,0,professor,0.9971,0.9294,0.0677,"students, her, optimization, tools, in",5
45411,poet,M,13,poet,0.9938,0.9787,0.0151,"poetry, poetry, poet, poems, canterbury",5
16879,professor,M,0,professor,0.9997,0.9997,-0.0,"austin, postdoctoral, research, ph, nanostructures",5
57041,surgeon,M,9,surgeon,0.9537,0.8967,0.0571,"surgeon, breidenbach, who, dr, pioneered",5
32301,teacher,M,7,teacher,0.6141,0.2076,0.4065,"boys, women, beautiful, of, world",5
77310,software engineer,M,15,software engineer,0.9921,0.9919,0.0002,"product, recommendations, fhir, healthcare, mathematics",5
78686,painter,F,11,painter,0.9934,0.7799,0.2135,"painting, painting, paintings, mfa, professor",5
39046,painter,M,11,painter,0.9924,0.0985,0.894,"paintings, deceptively, his, are, artist",5
57330,journalist,F,4,journalist,0.9952,0.1,0.8952,"articles, sharp, media, usually, her",5
91347,attorney,M,2,attorney,0.9997,0.9994,0.0003,"attorney, district, attorneys, lawyers, handled",5
67845,professor,M,0,professor,0.997,0.9953,0.0018,"ph, kearns, received, he, years",5
6653,teacher,F,7,teacher,0.5828,0.1875,0.3953,"skills, nihhc, mariana, mariana, communication",5
11831,professor,M,0,professor,0.973,0.0151,0.9578,"phd, nyu, and, his, he",5
31133,teacher,F,7,teacher,0.9986,0.9658,0.0328,"teachers, students, lessons, teaches, strong",5
56423,professor,M,0,professor,0.9997,0.9743,0.0254,"boudewijn, research, focusses, boudewijn, behavior",5
9141,professor,M,0,professor,0.9996,0.9992,0.0004,"phd, kyoto, his, professor, catalysts",5
34992,teacher,M,7,teacher,0.9619,0.0393,0.9226,"teaches, toronto, also, technique, technique",5
88564,journalist,F,4,journalist,0.6864,0.9295,-0.2431,"magazines, writer, time, stories, of",5
76312,attorney,M,2,attorney,0.9832,0.9512,0.032,"author, matters, of, issues, rights",5
11348,teacher,F,7,teacher,0.9952,0.9987,-0.0035,"principal, assistant, grade, student, educational",5
20332,attorney,M,2,attorney,0.9988,0.6693,0.3295,"law, graduated, school, university, advocate",5
4715,professor,F,0,professor,0.9995,0.995,0.0046,"research, examines, the, her, intersections",5
2010,professor,M,0,professor,0.9998,0.2081,0.7917,"phd, faculty, engineering, mit, research",5
11117,photographer,M,3,photographer,0.996,0.3152,0.6809,"photography, photographer, exhibited, has, and",5
84579,professor,F,0,professor,0.9068,0.3848,0.522,"has, miller, through, has, computer",5
57891,filmmaker,M,14,filmmaker,0.9905,0.0009,0.9896,"film, short, films, error, bypassing",5
37802,physician,M,1,physician,0.8684,0.8148,0.0536,"graduate, mcp, arthroscopic, blue, of",5
32697,professor,M,0,professor,0.9997,0.9988,0.001,"prof, he, research, korea, graduate",5
48213,professor,M,0,professor,0.9979,0.9883,0.0096,"challenges, research, operations, in, data",5
1387,teacher,F,7,teacher,0.998,0.9817,0.0162,"curriculum, tukwila, teaching, university, taught",5
10391,poet,F,13,poet,0.831,0.9543,-0.1233,"poetry, poetry, poetry, press, anthologies",5
12097,photographer,M,3,photographer,0.9915,0.9633,0.0282,"photography, photographic, digiscopers, dslrs, equipment",5
79091,professor,M,0,professor,0.9992,0.9992,0.0001,"interests, teaching, research, studies, and",5
37338,physician,F,1,physician,0.9998,0.9684,0.0314,"medicine, practices, ms, evanston, obstetrics",5
57964,journalist,F,4,journalist,0.9697,0.707,0.2628,"journalists, cover, sports, snapchat, athletes",5
72950,accountant,M,16,accountant,0.6196,0.0801,0.5395,"firm, survivor, for, the, temporary",5
16247,photographer,M,3,photographer,0.9902,0.1928,0.7974,"project, working, on, where, americas",5
25115,psychologist,M,6,psychologist,0.9993,0.9984,0.0009,"psychologist, passion, psychological, therapy, is",5
45909,professor,F,0,professor,0.8972,0.563,0.3342,"author, theatre, of, arts, philosophy",5
48644,attorney,M,2,attorney,0.9996,0.9995,0.0001,"legal, practice, estate, law, florida",5
65372,nurse,F,5,nurse,0.9974,0.9036,0.0938,"nursing, nurses, commitment, college, nursing",5
26272,professor,F,0,professor,0.999,0.9983,0.0007,"teaches, she, courses, learning, service",5
61375,physician,F,1,physician,0.9998,0.9745,0.0253,"medicine, practices, in, gynecology, obstetrics",5
33140,physician,M,1,physician,0.2186,0.1225,0.096,"virginia, wife, convention, his, every",5
88253,model,F,12,model,0.9991,0.4249,0.5742,"freeones, gallery, she, barcelona, born",5
49653,professor,F,0,professor,0.9994,0.9993,0.0001,"research, focuses, modern, her, contemporary",5
65947,composer,M,17,composer,0.994,0.0683,0.9257,"composition, from, music, czernowin, university",5
2854,professor,F,0,professor,0.9685,0.9575,0.011,"areas, her, nutritional, of, value",5
82139,nurse,F,5,nurse,0.9997,0.9437,0.056,"nurse, practitioner, experiences, honors, 2001",5
37671,professor,M,0,professor,0.8086,0.1893,0.6194,"peter, his, received, and, multidisciplinary",5
7084,photographer,M,3,photographer,0.998,0.7005,0.2974,"photograph, to, gallery, around, art",5
71189,attorney,M,2,attorney,0.9998,0.9996,0.0001,"practices, bar, firearms, defense, law",5
26071,journalist,F,4,journalist,0.996,0.9755,0.0205,"journalism, column, career, in, landing",5
79348,model,F,12,model,0.9995,0.9978,0.0017,"freeones, she, born, she, oakland",5
86781,photographer,M,3,photographer,0.97,0.3698,0.6002,"photography, photo, photography, tours, passion",5
27634,professor,M,0,professor,0.9964,0.994,0.0024,"1983, received, he, 1989, university",5
37370,surgeon,M,9,surgeon,0.9918,0.8975,0.0943,"neurosurgeon, neurosurgeons, surgeries, consultant, performed",5
1417,teacher,F,7,teacher,0.9816,0.6055,0.3761,"pupils, the, founded, stress, help",5
83374,photographer,M,3,photographer,0.874,0.2487,0.6253,"work, has, his, been, tracks",5
82987,journalist,M,4,journalist,0.9063,0.995,-0.0887,"journalism, career, editor, arts, beginning",5
51213,physician,F,1,physician,0.9969,0.9796,0.0173,"school, trained, for, insurance, czech",5
87481,painter,F,11,painter,0.8563,0.0565,0.7997,"and, illustrators, school, graduate, design",5
94981,journalist,M,4,journalist,0.8673,0.0474,0.8199,"author, books, four, mystery, uncovering",5
67490,professor,M,0,professor,0.9279,0.7561,0.1717,"holds, ph, research, neuropsychology, neuropsychology",5
91163,journalist,F,4,journalist,0.9985,0.6,0.3985,"reporting, press, comes, president, pesky",5
78130,dentist,M,8,dentist,0.9496,0.937,0.0126,"dentistry, bds, dental, dental, cosmetic",5
62471,filmmaker,F,14,filmmaker,0.9909,0.9748,0.0161,"screened, her, filmmaker, canadian, films",5
84529,dentist,M,8,dentist,0.9978,0.013,0.9848,"dentist, dental, bds, dental, 1999",5
18793,accountant,M,16,accountant,0.8905,0.0025,0.888,"taxes, and, audits, irs, dealing",5
64410,professor,M,0,professor,0.9997,0.9992,0.0004,"kruger, doctorate, taught, electrical, hydroscience",5
50844,software engineer,F,15,software engineer,0.9497,0.4666,0.4831,"ibm, joined, processing, language, nlp",5
13425,professor,M,0,professor,0.9997,0.9995,0.0002,"meteorology, faculty, professor, meteorology, the",5
48553,psychologist,F,6,psychologist,0.9804,0.8751,0.1053,"psychometrist, children, adolescents, aapa, testing",5
12352,photographer,M,3,photographer,0.9787,0.5545,0.4241,"on, assignment, magazine, for, leading",5
84228,journalist,M,4,journalist,0.9656,0.3069,0.6587,"about, enthusiast, who, or, or",5
86148,journalist,F,4,journalist,0.9958,0.9959,-0.0001,"intern, be, editorial, magazine, new",5
57774,attorney,M,2,attorney,0.8505,0.4978,0.3527,"florida, hone, management, south, degree",5
91025,attorney,M,2,attorney,0.9938,0.9967,-0.0029,"attorney, attorney, in, chartered, ellis",5
35496,professor,M,0,professor,0.6378,0.1512,0.4866,"specializes, university, programs, history, under",5
29376,professor,F,0,professor,0.997,0.8696,0.1275,"book, haunthenticity, university, plutonium, her",5
11657,attorney,M,2,attorney,0.25,0.1576,0.0923,"cherries, smells, keeps, lakers, loves",5
23327,poet,F,13,poet,0.9637,0.6977,0.266,"poems, prose, barlow, examples, from",5
85519,architect,F,10,architect,0.9967,0.951,0.0457,"architecture, architect, degree, from, designer",5
48435,professor,F,0,professor,0.9719,0.4039,0.5679,"conducted, published, research, migration, inclusion",5
16838,professor,M,0,professor,0.9996,0.9996,-0.0,"ph, courses, program, teaching, teaches",5
49754,attorney,M,2,attorney,0.9998,0.9986,0.0011,"represented, litigation, has, avanesian, bankruptcy",5
20309,surgeon,M,9,surgeon,0.8115,0.9945,-0.183,"surgery, thoracic, medical, degree, specializes",5
43066,professor,M,0,professor,0.9984,0.9957,0.0026,"research, focuses, research, researches, education",5
65961,photographer,F,3,photographer,0.9835,0.9674,0.0162,"worked, stories, clients, projects, video",5
83021,physician,M,1,physician,0.4347,0.0296,0.4051,"and, medicine, blog, his, public",5
62957,painter,M,11,painter,0.993,0.9704,0.0226,"paintings, paintings, oil, figuration, art",5
83135,attorney,F,2,attorney,0.9963,0.5902,0.4061,"juris, doctor, law, university, review",5
51702,professor,F,0,professor,0.9997,0.9994,0.0002,"literature, research, pedagogy, theatre, she",5
36195,professor,M,0,professor,0.9315,0.2506,0.6809,"relationship, research, analysis, nature, unique",5
9024,teacher,F,7,teacher,0.8529,0.5487,0.3042,"students, grade, students, trip, park",5
24391,professor,M,0,professor,0.9983,0.2801,0.7182,"phd, research, degrees, cover, network",5
78248,poet,F,13,poet,0.9884,0.0168,0.9716,"poetry, poems, her, from, situations",5
61546,software engineer,M,15,software engineer,0.7298,0.7057,0.0241,"scalability, contribute, virtualization, opencontrail, api",5
83798,physician,M,1,physician,0.8558,0.8378,0.0181,"medical, medicine, dr, school, attended",5
35096,photographer,F,3,photographer,0.9955,0.4762,0.5193,"photography, specializes, flowers, the, she",5
73473,professor,M,0,professor,0.9997,0.9987,0.0009,"academic, canadian, research, economics, agricultural",5
36810,software engineer,M,15,software engineer,0.9557,0.9173,0.0384,"involved, graphics, caustic, tracing, ray",5
16319,professor,F,0,professor,0.9667,0.6517,0.315,"phd, university, her, rice, she",5
6583,psychologist,M,6,psychologist,0.9966,0.9004,0.0962,"neurotherapy, psychophysiology, neurofeedback, specialized, the",5
45741,photographer,M,3,photographer,0.9943,0.4755,0.5187,"shoots, he, fashion, major, such",5
29212,attorney,F,2,attorney,0.3508,0.2912,0.0596,"author, fairfield, capes, deck, family",5
38598,attorney,F,2,attorney,0.3283,0.0125,0.3157,"dixie, south, deliver, 2012, delivery",5
63768,professor,M,0,professor,0.853,0.4729,0.3801,"among, research, melancon, interests, are",5
68503,painter,F,11,painter,0.9432,0.3008,0.6424,"colors, susannefriedman, the, vertigoangielena, these",5
15032,physician,F,1,physician,0.9998,0.9875,0.0123,"medicine, practices, kingsport, tricities, ms",5
90520,photographer,M,3,photographer,0.9078,0.2322,0.6756,"photograph, to, photography, desire, moments",5
78317,professor,M,0,professor,0.999,0.9686,0.0304,"intellectual, research, current, areas, of",5
89764,professor,M,0,professor,0.9995,0.9983,0.0012,"academic, career, australia, interests, his",5
27550,professor,M,0,professor,0.9998,0.9995,0.0003,"grants, research, he, study, alamos",5
19987,model,F,12,model,0.9991,0.9931,0.006,"modeling, career, her, role, mtv",5
93414,professor,M,0,professor,0.9996,0.9993,0.0003,"ph, researcher, visiting, mechatronic, and",5
48079,dentist,M,8,dentist,0.9975,0.001,0.9965,"dds, dr, holds, professional, licence",5
23447,physician,M,1,physician,0.9996,0.0009,0.9987,"physician, assistant, spanish, career, minored",5
15205,psychologist,F,6,psychologist,0.9993,0.0178,0.9816,"psychologist, experiences, in, doctors, especially",5
80166,attorney,F,2,attorney,0.9996,0.1016,0.898,"divorce, law, practice, on, family",5
76081,professor,M,0,professor,0.9999,0.9998,0.0,"gurtua, ph, ryerson, university, wisconsin",5
70032,journalist,M,4,journalist,0.7007,0.5161,0.1846,"interests, wildlife, history, subjects, he",5
93786,model,M,12,model,0.9873,0.1019,0.8854,"modeling, in, events, his, calendar",5
52286,attorney,M,2,attorney,0.9996,0.9993,0.0002,"litigation, attorney, probate, legal, appellate",5
54051,surgeon,F,9,surgeon,0.9366,0.0329,0.9037,"dr, dr, practice, npi, the",5
58078,professor,F,0,professor,0.9983,0.9965,0.0018,"dr, ph, her, pardo, publications",5
48893,physician,F,1,physician,0.9999,0.6858,0.314,"medicine, medicine, medical, practices, specializes",5
15227,architect,F,10,architect,0.9979,0.9985,-0.0005,"interior, design, design, design, sydney",5
25267,professor,M,0,professor,0.9998,0.9995,0.0003,"research, focuses, his, project, book",5
37621,surgeon,M,9,surgeon,0.3592,0.0033,0.3559,"surgery, dermatologic, dr, vein, president",5
63007,professor,F,0,professor,0.9758,0.9716,0.0042,"specializes, doctorate, gottfredson, her, unc",5
8914,physician,F,1,physician,0.9988,0.9756,0.0232,"graduate, medicine, affiliated, psoriatic, physician",5
75787,physician,F,1,physician,0.9878,0.3299,0.658,"medicine, graduate, network, of, hahnemann",5
88425,professor,M,0,professor,0.9995,0.9972,0.0023,"working, he, book, is, global",5
49788,attorney,F,2,attorney,0.9997,0.9586,0.0411,"attorney, assistant, illinois, starting, practice",5
58638,attorney,F,2,attorney,0.9993,0.05,0.9492,"juris, doctorate, she, born, graduate",5
61987,physician,F,1,physician,0.9707,0.9533,0.0174,"her, medical, obtained, physicians, dr",5
81868,journalist,F,4,journalist,0.9297,0.8637,0.0661,"journalists, editor, 2014, reporters, the",5
38356,surgeon,M,9,surgeon,0.9549,0.9277,0.0272,"surgical, medical, specialty, he, surgical",5
66696,accountant,M,16,accountant,0.9984,0.9861,0.0124,"accounts, finance, financial, accounts, heading",5
81401,professor,M,0,professor,0.9987,0.9904,0.0083,"professor, award, program, levine, faculty",5
93520,painter,F,11,painter,0.9772,0.9897,-0.0126,"paintings, galleries, paintings, her, exhibits",5
47694,nurse,F,5,nurse,0.9334,0.2065,0.7269,"nurse, labor, she, clients, former",5
91173,nurse,F,5,nurse,0.9992,0.9263,0.0728,"nursing, worked, exclusively, hubka, hubka",5
61576,professor,M,0,professor,0.9997,0.9992,0.0005,"research, his, data, include, interests",5
63793,psychologist,F,6,psychologist,0.9247,0.168,0.7568,"coping, gail, her, ph, stress",5
56743,physician,F,1,physician,0.9995,0.9746,0.0248,"medical, degree, medical, vijayawada, affiliated",5
70060,professor,F,0,professor,0.7025,0.5377,0.1648,"teaching, she, consider, to, likes",5
94502,professor,F,0,professor,0.9948,0.997,-0.0022,"hematopathology, diagnostic, areas, assays, expertise",5
85452,model,F,12,model,0.9926,0.0163,0.9763,"model, coordinator, mtv, there, suicide",5
76104,professor,F,0,professor,0.9939,0.9412,0.0527,"she, mfa, university, purdue, an",5
18534,journalist,F,4,journalist,0.9992,0.9955,0.0037,"journalism, graduated, she, central, content",5
82038,dietitian,F,18,dietitian,0.9984,0.0022,0.9962,"dietitian, nutrition, registered, 1999, experiences",5
22877,professor,M,0,professor,0.9995,0.9993,0.0002,"studies, nanometer, complex, laboratory, the",5
79524,teacher,M,7,teacher,0.9914,0.9386,0.0528,"teachers, lesson, teacher, teaching, professional",5
43975,professor,F,0,professor,0.7824,0.0857,0.6967,"choreography, dance, in, release, training",5
42132,journalist,F,4,journalist,0.9716,0.9146,0.057,"druckman, expanding, article, column, women",5
94052,attorney,M,2,attorney,0.9998,0.9993,0.0005,"law, firm, offenses, lawyer, criminal",5
36186,professor,F,0,professor,0.9993,0.976,0.0233,"research, technology, information, industrial, of",5
15649,surgeon,M,9,surgeon,0.9989,0.9986,0.0003,"practices, medicine, orthopedics, stefancin, dr",5
24896,photographer,M,3,photographer,0.8569,0.9533,-0.0965,"16, created, mm, in, projection",5
58389,attorney,M,2,attorney,0.9997,0.9997,0.0,"lawyers, attorneys, in, america, 2000",5
60975,psychologist,F,6,psychologist,0.2734,0.1577,0.1157,"child, one, atlanta, adopt, with",5
43795,professor,F,0,professor,0.9865,0.9743,0.0122,"cardiology, internal, residency, doytchinova, disease",5
48300,professor,M,0,professor,0.7267,0.0279,0.6988,"an, professor, is, arts, the",5
5417,professor,M,0,professor,0.9953,0.9827,0.0126,"professor, is, mccullough, university, hamlin",5
17379,physician,F,1,physician,0.8031,0.791,0.0121,"medicine, graduate, graduate, dr, wayne",5
57152,physician,F,1,physician,0.9998,0.878,0.1219,"medicine, practices, in, medical, orthopaedic",5
74032,professor,M,0,professor,0.9603,0.0327,0.9275,"research, group, networked, at, graduate",5
73636,attorney,M,2,attorney,0.9994,0.9987,0.0006,"attorney, attorney, legal, graduate, larimore",5
1506,surgeon,M,9,surgeon,0.9947,0.5391,0.4556,"surgery, neurosurgery, ophthalmic, australian, training",5
95080,professor,M,0,professor,0.9985,0.9926,0.0059,"phd, economics, his, obtained, studies",5
26395,attorney,F,2,attorney,0.9972,0.4548,0.5424,"attorneys, llm, section27, joined, human",5
49445,journalist,M,4,journalist,0.3788,0.4234,-0.0446,"influence, assasination, behind, interviewed, 11",5
72750,model,M,12,model,0.9991,0.0014,0.9977,"modelling, modelling, modelling, been, aside",5
75972,surgeon,M,9,surgeon,0.9969,0.1744,0.8225,"surgeon, professor, surgery, orthopaedic, within",5
44113,nurse,F,5,nurse,0.9997,0.9066,0.0932,"nurse, practitioner, 2012, honors, experiences",5
8413,dentist,M,8,dentist,0.9857,0.9887,-0.003,"bds, dental, dentures, dental, tooth",5
35477,professor,M,0,professor,0.9997,0.9977,0.002,"scientist, lab, anthropogenic, his, research",5
28765,professor,F,0,professor,0.9979,0.9545,0.0435,"ph, university, literature, her, methodology",5
53745,photographer,M,3,photographer,0.9979,0.9969,0.001,"photographer, staff, photographers, he, cinematographers",5
32835,physician,F,1,physician,0.4746,0.2456,0.229,"hospital, joined, team, 2016, she",5
26051,professor,F,0,professor,0.9943,0.9125,0.0818,"phd, neurology, for, is, neurology",5
67020,professor,F,0,professor,0.9974,0.9659,0.0315,"received, translational, biology, lab, neuropsychiatric",5
90358,poet,F,13,poet,0.9745,0.5985,0.376,"poetry, university, teaches, writing, son",5
44241,professor,M,0,professor,0.9998,0.9998,0.0,"ph, courses, teaches, towson, university",5
42646,composer,M,17,composer,0.9965,0.9926,0.0039,"music, music, music, vocal, composition",5
56344,physician,M,1,physician,0.9103,0.1222,0.7881,"graduate, dr, medical, epo, memorial",5
3542,photographer,M,3,photographer,0.9938,0.1317,0.8621,"photojournalism, photography, photography, documentary, landscape",5
48103,professor,M,0,professor,0.9996,0.9981,0.0015,"courses, university, research, teaches, anthropologists",5
49986,professor,M,0,professor,0.8785,0.8113,0.0672,"teaching, 1973, faculty, university, the",5
92854,software engineer,M,15,software engineer,0.9604,0.963,-0.0026,"he, teaches, including, of, languages",5
31729,poet,M,13,poet,0.9906,0.0093,0.9812,"lyricism, ability, known, is, pure",5
20249,professor,M,0,professor,0.9996,0.998,0.0016,"research, wing, has, that, hog",5
88575,professor,M,0,professor,0.9951,0.8173,0.1778,"scientists, president, for, australia, australia",5
1824,comedian,F,19,comedian,0.9642,0.0038,0.9604,"stand, up, local, she, best",5
86371,professor,M,0,professor,0.9997,0.9994,0.0003,"research, zach, his, ph, interests",5
73968,nurse,F,5,nurse,0.9997,0.9458,0.054,"nurse, in, practitioner, medicine, graduated",5
11229,attorney,F,2,attorney,0.976,0.9848,-0.0088,"bachelor, law, supreme, georgia, law",5
24830,professor,M,0,professor,0.9833,0.7209,0.2624,"doctorate, faculty, received, his, stanford",5
94999,dentist,M,8,dentist,0.3503,0.058,0.2923,"dr, hagopian, patients, new, by",5
86993,accountant,M,16,accountant,0.9835,0.2789,0.7046,"financial, operations, of, company, inc",5
19416,poet,F,13,poet,0.9599,0.9582,0.0018,"poetry, poetry, recently, reflects, literary",5
85089,physician,M,1,physician,0.8251,0.4265,0.3986,"wagenberg, medical, graduated, michigan, problems",5
39934,journalist,M,4,journalist,0.8574,0.3302,0.5272,"of, science, medical, journalists, association",5
26468,dentist,M,8,dentist,0.9921,0.8699,0.1222,"veneers, whitening, implants, offers, available",5
6570,model,F,12,model,0.9995,0.8971,0.1024,"freeones, she, gallery, freeones, 6312th",5
45269,professor,M,0,professor,0.9992,0.9957,0.0035,"professor, ph, visiting, he, nyu",5
29227,photographer,F,3,photographer,0.9624,0.3172,0.6452,"photo, based, california, the, her",5
27005,journalist,F,4,journalist,0.9989,0.9979,0.001,"writing, newspapers, weekly, local, after",5
8152,painter,F,11,painter,0.7977,0.0095,0.7882,"gallery, hierarchic, art, escaped, is",5
1431,nurse,F,5,nurse,0.956,0.4135,0.5425,"nursing, nursing, career, nurse, 2000",5
48761,teacher,F,7,teacher,0.9476,0.9942,-0.0466,"teacher, education, wrccc, classroom, development",5
85569,nurse,F,5,nurse,0.8166,0.7094,0.1071,"breastfeeding, consultants, assessor, to, hospital",5
81414,professor,M,0,professor,0.9996,0.394,0.6056,"phd, dr, umbc, his, firaxis",5
92176,psychologist,M,6,psychologist,0.999,0.0171,0.9819,"psychology, professional, graduated, psychology, adler",5
20218,journalist,F,4,journalist,0.82,0.5966,0.2234,"amal, movement, establishment, ridiculed, she",5
64102,professor,F,0,professor,0.9993,0.9978,0.0015,"phd, earned, science, phylogeography, she",5
25902,professor,M,0,professor,0.9978,0.9914,0.0063,"research, linguistics, interests, include, typology",5
58979,attorney,M,2,attorney,0.9996,0.9997,-0.0,"litigation, uspto, appeals, patent, uspto",5
54552,photographer,F,3,photographer,0.9918,0.7132,0.2786,"photojournalism, photography, photography, documentary, photographic",5
56561,architect,M,10,architect,0.9794,0.7389,0.2406,"architecture, patterns, enterprise, book, addison",5
92810,professor,M,0,professor,0.9998,0.9959,0.0039,"economist, harvard, johnson, work, affiliate",5
72082,professor,F,0,professor,0.999,0.9979,0.0011,"research, research, amy, cognitive, focus",5
34181,software engineer,F,15,software engineer,0.9542,0.3521,0.6021,"javascript, node, the, works, aspects",5
59375,physician,M,1,physician,0.623,0.0632,0.5598,"symptoms, he, gluten, so, believes",5
2439,professor,F,0,professor,0.9996,0.9986,0.001,"investigates, research, explores, research, does",5
16283,professor,M,0,professor,0.5264,0.4893,0.037,"his, son, filmmaker, giant, more",5
57383,professor,F,0,professor,0.9998,0.9997,0.0001,"research, research, postdoctoral, focus, examines",5
58249,professor,F,0,professor,0.9991,0.9976,0.0015,"received, currently, doctorate, research, investigating",5
20245,surgeon,M,9,surgeon,0.9989,0.8842,0.1146,"graduated, practice, medicine, school, university",5
35822,journalist,F,4,journalist,0.9879,0.0643,0.9236,"reporter, journalist, works, television, news",5
1667,accountant,M,16,accountant,0.9715,0.0507,0.9208,"stocks, trading, started, spreadsheets, wyckoff",5
12694,photographer,M,3,photographer,0.9985,0.9341,0.0643,"shooting, capture, photography, images, amazing",5
14215,professor,M,0,professor,0.9997,0.9997,-0.0,"professor, ph, research, visiting, university",5
4189,software engineer,M,15,software engineer,0.7701,0.7734,-0.0033,"design, hack, engineering, the, holds",5
63241,professor,M,0,professor,0.9998,0.9996,0.0002,"dr, brough, ph, his, research",5
41735,attorney,F,2,attorney,0.9997,0.999,0.0007,"focuses, litigation, matters, secrets, she",5
18024,surgeon,M,9,surgeon,0.9942,0.0058,0.9884,"professor, surgery, harvard, dr, virginia",5
25906,professor,F,0,professor,0.9965,0.9972,-0.0006,"neurodegenerative, oxidative, research, antioxidants, projects",5
9016,journalist,F,4,journalist,0.9985,0.9966,0.0019,"gothic, editor, bbc, publication, written",5
86076,surgeon,M,9,surgeon,0.6544,0.1703,0.484,"medical, tripathi, graduated, dr, from",5
20721,architect,M,10,architect,0.7569,0.0014,0.7555,"architectural, renderings, he, architecture, sketching",5
25635,psychologist,F,6,psychologist,0.9979,0.992,0.0059,"dr, settings, worked, of, physical",5
37285,photographer,F,3,photographer,0.9975,0.8684,0.1291,"photography, lifestyle, family, and, when",5
69828,professor,F,0,professor,0.999,0.9975,0.0015,"comparative, ph, she, literature, in",5
71062,professor,M,0,professor,0.9996,0.9008,0.0988,"doctorate, received, dr, edu, civil",5
86741,photographer,M,3,photographer,0.9976,0.9946,0.003,"photographs, images, taken, artistry, scott",5
57269,psychologist,F,6,psychologist,0.9405,0.5846,0.356,"adolescents, extensive, adults, she, with",5
11509,teacher,F,7,teacher,0.9962,0.9749,0.0213,"classes, taught, she, language, has",5
13738,photographer,M,3,photographer,0.9983,0.9966,0.0017,"photograph, to, models, and, telemundo",5
56172,psychologist,M,6,psychologist,0.6797,0.0177,0.662,"detectives, hires, when, philosopher, existential",5
58345,professor,F,0,professor,0.9995,0.9992,0.0003,"ethnohistory, studies, she, roman, portugal",5
56085,professor,M,0,professor,0.9997,0.9985,0.0012,"research, research, asks, focuses, macroeconomist",5
50387,professor,F,0,professor,0.9992,0.9986,0.0006,"tulane, ph, tulane, academic, studies",5
52874,software engineer,M,15,software engineer,0.8005,0.0005,0.8001,"diverse, engineering, software, satellite, communications",5
64391,professor,M,0,professor,0.9952,0.9439,0.0513,"faculty, carlos, degree, university, teaches",5
88120,professor,M,0,professor,0.9912,0.9317,0.0594,"university, he, also, edition, has",5
53160,teacher,F,7,teacher,0.8053,0.5739,0.2314,"readers, bonnie, as, website, pastor",5
77353,photographer,M,3,photographer,0.9909,0.0759,0.915,"photography, photography, photography, photo, work",5
20376,journalist,M,4,journalist,0.9971,0.3892,0.6078,"journalism, degree, rmit, reviewer, in",5
36370,physician,F,1,physician,0.7388,0.2677,0.4711,"medicine, medical, institutes, dr, sophomore",5
45290,attorney,M,2,attorney,0.9998,0.9952,0.0046,"counsel, litigation, ettinger, mr, serves",5
61676,journalist,F,4,journalist,0.415,0.3475,0.0675,"shotokan, novels, writing, scenes, karate",5
71901,professor,M,0,professor,0.9951,0.6662,0.3288,"dr, emphasis, highlighted, asc, findings",5
48593,physician,M,1,physician,0.9903,0.928,0.0623,"school, glaucoma, medical, attended, interests",5
77029,physician,F,1,physician,0.9984,0.1845,0.814,"physician, bachelor, degree, certification, specialize",5
62420,poet,M,13,poet,0.9887,0.0027,0.9859,"poetry, writing, guardian, poet, written",5
37155,professor,M,0,professor,0.9988,0.9834,0.0154,"bioinformatics, phd, isfahan, main, teknologi",5
23315,psychologist,M,6,psychologist,0.9964,0.9817,0.0147,"personality, specialising, therapy, disorders, worked",5
47360,painter,F,11,painter,0.9964,0.6179,0.3785,"paintings, bold, rendered, are, gallery",5
49966,professor,F,0,professor,0.9634,0.8514,0.112,"involved, for, rush, she, the",5
2931,attorney,M,2,attorney,0.7466,0.0083,0.7382,"representation, community, of, theft, criminal",5
81661,professor,F,0,professor,0.996,0.8978,0.0982,"stem, researching, in, various, topics",5
30135,filmmaker,M,14,filmmaker,0.5066,0.0073,0.4994,"show, film, will, open, harvard",5
14051,nurse,F,5,nurse,0.4583,0.0422,0.416,"kelley, from, house, sales, business",5
39889,nurse,F,5,nurse,0.9957,0.4124,0.5833,"np, of, palmer, the, the",5
72222,attorney,F,2,attorney,0.9997,0.9993,0.0004,"law, litigation, firm, immigration, spans",5
18097,nurse,F,5,nurse,0.9997,0.7872,0.2125,"nurse, honors, midwife, 1996, she",5
26318,psychologist,M,6,psychologist,0.9994,0.004,0.9954,"psychologist, clinical, experiences, especially, roderick",5
44430,surgeon,M,9,surgeon,0.5154,0.0751,0.4402,"surgery, fellowship, orthopaedic, fractures, medicine",5
12765,teacher,F,7,teacher,0.7367,0.5264,0.2103,"special, children, taught, skiing, adaptive",5
55981,physician,M,1,physician,0.7442,0.0307,0.7135,"medical, articles, american, on, numerous",5
70712,professor,F,0,professor,0.9992,0.99,0.0092,"community, articles, published, journal, education",5
32146,dentist,M,8,dentist,0.9973,0.0002,0.9972,"licence, dr, 1689058869, 9636, professional",5
46712,professor,M,0,professor,0.98,0.715,0.2651,"research, recommendation, areas, leser, systems",5
46382,physician,M,1,physician,0.9183,0.9244,-0.0062,"medicine, hmo, dr, health, wisconsin",5
14767,physician,M,1,physician,0.9975,0.997,0.0005,"medical, interests, problems, school, of",5
73514,professor,M,0,professor,0.9996,0.9936,0.0061,"research, research, focused, his, is",5
69652,professor,M,0,professor,0.9997,0.9996,0.0,"research, algorithms, editorial, intersts, ijcga",5
62460,nurse,F,5,nurse,0.9998,0.8368,0.163,"nurse, practitioner, california, graduated, she",5
36774,surgeon,M,9,surgeon,0.9989,0.9918,0.007,"medical, chabot, practice, practices, practices",5
1118,surgeon,M,9,surgeon,0.999,0.9987,0.0003,"medicine, specializes, surgery, currently, dr",5
14153,attorney,F,2,attorney,0.9996,0.5219,0.4776,"legal, law, involved, people, issues",5
32929,professor,F,0,professor,0.9998,0.9997,0.0001,"phd, received, professor, iowa, academic",5
56801,professor,M,0,professor,0.7538,0.0062,0.7476,"doctoral, degree, university, temple, been",5
94873,journalist,F,4,journalist,0.999,0.9973,0.0017,"journalism, journalism, reported, publications, published",5
85006,model,F,12,model,0.999,0.9849,0.0141,"runway, fashion, photoshoots, 175cm, born",5
45844,teacher,F,7,teacher,0.5014,0.0854,0.416,"area, gofundme, her, department, education",5
89542,physician,F,1,physician,0.9998,0.9446,0.0552,"practices, medicine, in, specializes, medical",5
9002,attorney,F,2,attorney,0.9981,0.9867,0.0115,"attorney, attorney, prosecutor, judicial, attorney",5
13398,professor,M,0,professor,0.9995,0.9309,0.0686,"bennet, faculty, ucsd, cryptographer, yee",5
43562,model,M,12,model,0.5763,0.2277,0.3486,"demonstrated, numerous, the, he, ability",5
67658,software engineer,M,15,software engineer,0.7026,0.5986,0.1039,"developer, hobbyist, interested, programmer, link",5
54613,journalist,M,4,journalist,0.4437,0.5514,-0.1077,"children, first, book, life, wasserman",5
95378,nurse,F,5,nurse,0.9991,0.8959,0.1033,"nurse, bank, at, gosh, worked",5
49302,surgeon,M,9,surgeon,0.999,0.9988,0.0002,"practices, currently, dr, paulson, medicine",5
36911,surgeon,F,9,surgeon,0.9053,0.8633,0.0421,"surgeries, reconstruction, surgeons, dr, orthopaedic",5
34097,architect,M,10,architect,0.9982,0.997,0.0011,"london, architecture, school, of, in",5
2782,composer,M,17,composer,0.998,0.9941,0.0038,"scoring, composition, music, composed, film",5
23671,professor,M,0,professor,0.9996,0.9975,0.0021,"research, primary, research, are, his",5
34655,professor,F,0,professor,0.9809,0.9035,0.0774,"relations, is, scholar, work, helen",5
88367,professor,M,0,professor,0.9991,0.5887,0.4104,"research, focuses, his, behaviors, contributions",5
44175,journalist,F,4,journalist,0.9984,0.3703,0.6281,"investigative, reporting, founded, project, freelancer",5
37239,physician,F,1,physician,0.9998,0.7021,0.2977,"medicine, pediatrics, practices, brockton, medical",5
92911,professor,M,0,professor,0.9952,0.9837,0.0115,"director, society, catheterization, serves, of",5
55575,nurse,F,5,nurse,0.9963,0.8216,0.1747,"rn, rn, nurse, nurse, supervisor",5
87432,attorney,F,2,attorney,0.999,0.9837,0.0152,"receiverships, amanda, legal, matters, is",5
53618,professor,M,0,professor,0.9987,0.9389,0.0598,"research, nuclear, past, experienced, experimentalist",5
77143,professor,M,0,professor,0.9997,0.9992,0.0005,"laboratory, dedicated, is, heterogeneous, micromechanics",5
46105,professor,M,0,professor,0.9995,0.9987,0.0008,"university, received, researcher, postdoctoral, his",5
47692,journalist,M,4,journalist,0.9575,0.6658,0.2917,"professor, murrow, is, newsman, press",5
40338,physician,M,1,physician,0.9294,0.4764,0.453,"medicine, medicine, hospital, graduated, medical",5
5476,professor,M,0,professor,0.97,0.9858,-0.0158,"to, at, studios, architects, teaching",5
77851,professor,F,0,professor,0.9972,0.9629,0.0343,"toronto, for, blanaid, dublin, she",5
85834,professor,F,0,professor,0.9987,0.8807,0.118,"specializes, she, reality, design, instructional",5
84466,painter,F,11,painter,0.9936,0.9913,0.0022,"paintings, painting, exhibited, oil, have",5
18723,accountant,M,16,accountant,0.9944,0.9622,0.0322,"pricewaterhousecoopers, valuations, valuations, partner, business",5
70746,professor,M,0,professor,0.9984,0.9986,-0.0002,"advanced, interests, has, research, dissertation",5
68572,physician,M,1,physician,0.4822,0.7302,-0.248,"residency, stanford, degree, university, university",5
82476,professor,M,0,professor,0.9994,0.7922,0.2072,"ethnography, journals, academic, volumes, in",5
22722,teacher,F,7,teacher,0.9991,0.9991,0.0,"kellie, writing, teach, grade, dyslexic",5
40192,accountant,M,16,accountant,0.9984,0.3038,0.6946,"kpmg, accountancy, graduated, degree, he",5
40975,photographer,M,3,photographer,0.9982,0.9834,0.0148,"photography, photography, study, photographic, plademunt",5
56887,attorney,M,2,attorney,0.9995,0.2292,0.7703,"law, success, clients, the, ability",5
33525,professor,M,0,professor,0.9992,0.999,0.0003,"research, approaches, focuses, biomolecules, research",5
80223,teacher,F,7,teacher,0.9669,0.1013,0.8657,"yoga, yoga, classes, ability, teacher",5
70546,professor,M,0,professor,0.9926,0.3889,0.6037,"european, interests, research, comparative, include",5
38181,dentist,M,8,dentist,0.9804,0.985,-0.0046,"dental, bds, prabhakar, dental, dental",5
24109,journalist,F,4,journalist,0.9825,0.971,0.0115,"writer, served, food, she, bridgettealacy",5
56995,model,F,12,model,0.9994,0.6245,0.3749,"freeones, she, gallery, born, tempe",5
72762,professor,F,0,professor,0.9995,0.9866,0.0128,"research, doctoral, her, focused, is",5
7487,filmmaker,M,14,filmmaker,0.9953,0.997,-0.0017,"films, in, directed, effects, films",5
81186,poet,M,13,poet,0.9916,0.478,0.5135,"poems, poems, his, are, love",5
49308,professor,F,0,professor,0.999,0.9498,0.0492,"university, author, feminism, scholar, book",5
40864,teacher,M,7,teacher,0.9933,0.0069,0.9864,"school, eventually, helped, catch, measles",5
72314,nurse,M,5,nurse,0.9997,0.2037,0.796,"nurse, graduated, practitioner, experiences, honors",5
92655,professor,M,0,professor,0.9944,0.9471,0.0474,"besides, classes, papers, articles, journal",5
53989,psychologist,F,6,psychologist,0.9986,0.9984,0.0003,"psychodynamic, therapies, therapeutic, style, cognitive",5
11073,professor,M,0,professor,0.9995,0.9975,0.002,"research, studies, explores, role, cinema",5
70018,dentist,F,8,dentist,0.9871,0.9831,0.0039,"dental, dental, anjana, dentistry, dentures",5
54003,professor,F,0,professor,0.999,0.9992,-0.0002,"conducts, she, empirical, research, accounting",5
1498,psychologist,F,6,psychologist,0.9088,0.209,0.6998,"florida, guidelines, association, resources, published",5
69008,nurse,F,5,nurse,0.9936,0.9338,0.0598,"nursing, nursing, career, nursing, her",5
91725,architect,F,10,architect,0.9965,0.0326,0.9639,"architecture, sculptural, architectural, architecture, blend",5
79902,professor,M,0,professor,0.9991,0.9979,0.0012,"research, earned, ph, interests, his",5
51401,professor,F,0,professor,0.9991,0.8961,0.103,"research, studies, purdue, doctorate, brigham",5
34108,dentist,M,8,dentist,0.9917,0.0003,0.9914,"dentistry, dentistry, dentistry, dentistry, pediatric",5
7325,professor,F,0,professor,0.9996,0.9138,0.0857,"research, current, her, focus, interests",5
78732,dentist,M,8,dentist,0.9786,0.401,0.5776,"dental, bds, arijit, clinic, science",5
22560,attorney,F,2,attorney,0.9996,0.9917,0.0079,"counsel, ms, counsel, joining, mikolashek",5
61736,professor,F,0,professor,0.7816,0.1843,0.5973,"university, counterterrorism, studies, in, ph",5
64977,painter,M,11,painter,0.9687,0.7848,0.1839,"paintings, paintings, artist, taught, historian",5
42882,teacher,M,7,teacher,0.8492,0.0002,0.849,"teaching, earned, newspaper, student, staff",5
40916,photographer,F,3,photographer,0.9987,0.5048,0.4939,"shooting, work, dream, destination, weddings",5
26182,psychologist,F,6,psychologist,0.9974,0.9958,0.0016,"psychotrauma, institute, therapy, exposure, works",5
60149,professor,F,0,professor,0.7787,0.0232,0.7556,"dr, educators, curriculum, nurses, nursing",5
15067,painter,F,11,painter,0.9514,0.0028,0.9486,"paintings, bfa, the, visual, first",5
57496,software engineer,M,15,software engineer,0.9531,0.9537,-0.0006,"db2, production, support, oriented, eclipse3",5
47310,dentist,M,8,dentist,0.9985,0.9005,0.098,"dentistry, specialties, he, his, general",5
45220,physician,M,1,physician,0.9989,0.9977,0.0012,"dermatitis, diseases, medicine, transmitted, professionally",5
30249,psychologist,F,6,psychologist,0.9915,0.0789,0.9126,"cultural, garnets, following, dr, coaching",5
1409,architect,M,10,architect,0.9969,0.9985,-0.0015,"schalk, architect, architects, architects, architectural",5
77777,professor,M,0,professor,0.9994,0.9994,0.0,"macroeconomics, prior, indian, sahoo, teaches",5
17307,composer,M,17,composer,0.9865,0.009,0.9775,"sounds, electronic, music, with, dynamic",5
15316,professor,F,0,professor,0.6587,0.4926,0.1661,"research, conducts, children, professor, anselmi",5
21780,attorney,F,2,attorney,0.9989,0.9945,0.0044,"bar, the, she, jersey, march",5
5532,nurse,F,5,nurse,0.9997,0.9902,0.0094,"nurse, practitioner, graduated, experiences, 1986",5
7709,physician,F,1,physician,0.7694,0.7361,0.0333,"practice, 1609253616, 35242, 2246, years",5
34890,composer,M,17,composer,0.9973,0.9921,0.0052,"orchestral, instruments, music, music, his",5
8454,professor,F,0,professor,0.9952,0.1444,0.8508,"research, agenda, framework, methodology, completed",5
64487,nurse,F,5,nurse,0.9997,0.9964,0.0033,"nurse, medicine, graduated, she, practitioner",5
84265,professor,F,0,professor,0.9994,0.9994,-0.0001,"areas, include, editor, criticism, african",5
29824,attorney,M,2,attorney,0.9995,0.9959,0.0036,"juris, bachelor, he, public, has",5
57659,professor,M,0,professor,0.998,0.9922,0.0058,"main, are, interests, ph, peer",5
91175,professor,F,0,professor,0.9106,0.1003,0.8103,"did, toronto, her, investigating, she",5
53327,physician,F,1,physician,0.9987,0.9968,0.0019,"medicine, preventive, graduated, survivorship, english",5
90361,professor,M,0,professor,0.9974,0.8565,0.1409,"phd, the, research, received, his",5
9399,physician,M,1,physician,0.8085,0.208,0.6005,"research, of, health, health, tools",5
72448,photographer,M,3,photographer,0.9811,0.0127,0.9684,"autodidactically, photography, photography, in, won",5
21794,nurse,F,5,nurse,0.9993,0.5354,0.4639,"nurse, career, nurse, practitioner, she",5
81832,surgeon,M,9,surgeon,0.741,0.0004,0.7406,"hospital, the, under, crime, agency",5
88791,attorney,M,2,attorney,0.9828,0.9948,-0.012,"counsel, cases, rapanos, counsel, appeals",5
91329,physician,M,1,physician,0.9997,0.9993,0.0004,"1073689527, credentials, california, professional, license",5
33727,software engineer,M,15,software engineer,0.9793,0.6176,0.3617,"programming, passion, new, paradigms, climbing",5
9703,attorney,F,2,attorney,0.9997,0.8417,0.158,"represents, subcontractors, she, dispute, mitigation",5
26066,filmmaker,F,14,filmmaker,0.9929,0.0943,0.8986,"filmmaking, national, sony, geographic, and",5
56982,professor,M,0,professor,0.9596,0.5907,0.3689,"pathologists, biostatistician, 1990s, committee, genomic",5
72927,photographer,M,3,photographer,0.9927,0.9757,0.017,"prints, exhibition, large, project, lance",5
71674,poet,M,13,poet,0.9944,0.14,0.8544,"poetry, shouts, anger, his, poetry",5
86954,professor,M,0,professor,0.9058,0.7956,0.1102,"book, wildflowers, short, in, his",5
50925,professor,F,0,professor,0.9997,0.9996,0.0001,"teaches, courses, she, ph, on",5
71711,attorney,F,2,attorney,0.9998,0.9998,-0.0,"litigations, lawyers, cases, alleging, malpractice",5
63125,physician,M,1,physician,0.9865,0.0008,0.9856,"and, school, school, education, medicine",5
60230,filmmaker,M,14,filmmaker,0.9654,0.0042,0.9612,"cinematographer, movies, more, one, danny",5
45751,architect,M,10,architect,0.9966,0.9711,0.0255,"architectural, acted, on, project, he",5
80716,attorney,M,2,attorney,0.512,0.1614,0.3507,"alliance, wrestling, philadelphia, state, lapsed",5
51423,comedian,F,19,comedian,0.9928,0.9701,0.0227,"comedy, was, her, crafted, puppy",5
86382,surgeon,M,9,surgeon,0.9898,0.9682,0.0215,"surgery, neurosurgery, neurosurgery, neurosurgery, neurosurgery",5
19101,journalist,M,4,journalist,0.5962,0.0767,0.5195,"include, business, due, property, editorial",5
61275,professor,M,0,professor,0.9998,0.9983,0.0015,"behavior, studies, political, visiting, he",5
58728,professor,F,0,professor,0.9995,0.9976,0.002,"research, focuses, institutionalism, university, stanford",5
78975,physician,M,1,physician,0.9264,0.8557,0.0707,"physicians, graduated, medicine, patient, florida",5
13943,attorney,F,2,attorney,0.9998,0.9997,0.0,"practice, courts, focuses, her, disputes",5
93798,professor,F,0,professor,0.9994,0.9987,0.0007,"university, journals, ph, research, fellow",5
47841,journalist,M,4,journalist,0.9985,0.998,0.0005,"contributed, he, indian, news, organisations",5
18289,psychologist,M,6,psychologist,0.5391,0.1854,0.3537,"psychiatric, clinic, dogris, experience, eeg",5
35401,surgeon,M,9,surgeon,0.9959,0.9951,0.0008,"cartilage, reconstruction, surgery, surgery, multiple",5
72876,professor,M,0,professor,0.9998,0.9997,0.0,"articles, comparative, ph, university, published",5
23724,professor,M,0,professor,0.9985,0.9897,0.0088,"stochastic, research, award, paper, recipient",5
40048,journalist,F,4,journalist,0.4465,0.1079,0.3386,"secrets, her, job, school, powered",5
47520,physician,F,1,physician,0.9998,0.9178,0.0821,"medicine, practices, medical, orthopaedic, in",5
91375,photographer,F,3,photographer,0.9984,0.9946,0.0038,"photography, photography, photographer, brussels, documentary",5
20563,teacher,F,7,teacher,0.982,0.5525,0.4295,"dickens, student, class, her, semester",5
16121,professor,M,0,professor,0.9694,0.9968,-0.0274,"postdoctoral, fellowship, health, also, biology",5
41721,painter,F,11,painter,0.9485,0.0173,0.9312,"art, in, born, newport, richmond",5
72599,professor,M,0,professor,0.9994,0.9889,0.0105,"studies, research, literature, focuses, african",5
78503,professor,M,0,professor,0.9951,0.3913,0.6038,"research, focuses, his, using, on",5
76583,nurse,F,5,nurse,0.9997,0.9084,0.0914,"nurse, practitioner, experiences, honors, she",5
93485,professor,M,0,professor,0.5143,0.0369,0.4774,"architecture, university, recognized, tsa, restoration",5
92804,nurse,F,5,nurse,0.9895,0.0074,0.9821,"nursing, practice, nurse, of, nurse",5
31756,attorney,M,2,attorney,0.9996,0.9996,0.0001,"law, received, college, of, from",5
5339,physician,F,1,physician,0.7175,0.5668,0.1508,"practice, mrs, 1740594928, 3301, va",5
17369,professor,F,0,professor,0.9997,0.9995,0.0001,"rhetorical, research, resistance, focuses, rhetoric",5
29215,painter,M,11,painter,0.9658,0.087,0.8788,"gallery, pollock, baumgold, arts, awards",5
91621,professor,M,0,professor,0.9971,0.2139,0.7832,"scholarship, educational, advising, student, mentoring",5
21564,teacher,F,7,teacher,0.5958,0.0005,0.5954,"cannabis, bs, cultural, economics, the",5
42365,professor,M,0,professor,0.9996,0.9992,0.0004,"research, interests, stomatitus, dr, hypotheses",5
65751,comedian,M,19,comedian,0.9967,0.9952,0.0015,"comedy, funny, comedians, vancouver, nbc",5
45725,dentist,F,8,dentist,0.9839,0.9812,0.0028,"dental, denture, bds, denture, clinic",5
64298,poet,M,13,poet,0.4396,0.5085,-0.0689,"duck, expressionless, his, work, neglected",5
43483,professor,F,0,professor,0.9995,0.9994,0.0001,"research, conducts, phd, recieved, revolve",5
63424,physician,F,1,physician,0.9998,0.6256,0.3742,"medicine, practices, medicine, kerman, medical",5
58878,attorney,F,2,attorney,0.9996,0.9997,-0.0001,"counsel, litigation, counsel, courts, arbitration",5
20692,attorney,F,2,attorney,0.9998,0.9997,0.0,"cases, matters, represents, disputes, secrets",5
4196,nurse,F,5,nurse,0.9997,0.1211,0.8786,"nurse, experience, especially, 2005, she",5
81725,architect,M,10,architect,0.9909,0.6873,0.3035,"architecting, architect, solution, solutions, sean",5
62396,poet,F,13,poet,0.5432,0.6818,-0.1386,"poetry, poems, poets, poetry, best",5
19034,professor,F,0,professor,0.9994,0.0446,0.9548,"research, her, include, areas, global",5
47719,poet,F,13,poet,0.9743,0.9834,-0.0091,"poetry, poets, creative, writing, mics",5
58574,physician,F,1,physician,0.9998,0.9289,0.0709,"medicine, zylstra, gynecology, obstetrics, ms",5
90188,software engineer,M,15,software engineer,0.8713,0.9462,-0.0749,"solutions, code, nearly, techniques, basic",5
74328,composer,M,17,composer,0.9411,0.8158,0.1253,"soundwalks, his, audio, muse, his",5
10987,physician,F,1,physician,0.9998,0.5907,0.4091,"practices, medicine, belleville, pediatrics, hospital",5
80873,composer,F,17,composer,0.9965,0.9921,0.0044,"quartet, electronic, ensemble, instruments, works",5
14097,professor,M,0,professor,0.9996,0.8529,0.1467,"dr, phd, bowen, earned, genetics",5
94832,attorney,M,2,attorney,0.9971,0.9935,0.0036,"law, litigation, concentrates, school, ll",5
37993,dietitian,F,18,dietitian,0.9985,0.0529,0.9456,"dietitian, registered, nutrition, 2001, experiences",5
93135,journalist,F,4,journalist,0.9935,0.2874,0.7061,"journalist, career, fiona, famous, life",5
49083,professor,M,0,professor,0.9996,0.9996,0.0001,"faculty, philosophy, the, focuses, marquette",5
68179,physician,M,1,physician,0.9995,0.9985,0.0009,"1861471591, 10040, apo, professional, california",5
28123,photographer,M,3,photographer,0.9822,0.19,0.7922,"photographs, exhibited, photographic, throughout, locations",5
1733,teacher,F,7,teacher,0.9383,0.1091,0.8292,"teaching, traveling, romania, basketball, earned",5
73699,attorney,M,2,attorney,0.9996,0.9997,-0.0001,"law, mr, practicing, appeals, appellate",5
35213,professor,M,0,professor,0.9992,0.9904,0.0089,"his, probability, degree, research, university",5
7907,psychologist,M,6,psychologist,0.968,0.9746,-0.0066,"time, hyperactivity, disorders, attention, effective",5
3350,professor,F,0,professor,0.9991,0.9986,0.0006,"phd, research, language, sociocultural, centers",5
32931,journalist,F,4,journalist,0.3756,0.2335,0.1421,"she, footballer, stoke, married, children",5
8265,physician,M,1,physician,0.9761,0.9569,0.0192,"medicine, hospital, residency, tennessee, affiliated",5
80341,teacher,F,7,teacher,0.865,0.4504,0.4146,"several, playing, music, been, sharing",5
43631,professor,F,0,professor,0.4829,0.0291,0.4538,"her, the, responsibilities, media, social",5
48054,journalist,M,4,journalist,0.8981,0.421,0.4771,"just, everything, about, gaming, playing",5
20787,dentist,M,8,dentist,0.9928,0.9945,-0.0017,"dental, dentistry, dental, dental, excellence",5
57761,psychologist,F,6,psychologist,0.9989,0.9981,0.0008,"psychodynamic, eclectic, adults, depression, emotional",5
13539,physician,M,1,physician,0.7561,0.8407,-0.0847,"medicine, dr, pittsburgh, medical, he",5
66096,nurse,F,5,nurse,0.486,0.3979,0.0881,"patients, she, town, des, has",5
5722,physician,F,1,physician,0.9979,0.1952,0.8027,"dermatology, dermatology, dr, pa, supervision",5
69531,physician,M,1,physician,0.9998,0.6078,0.392,"medicine, medicine, practices, specializes, in",5
927,professor,M,0,professor,0.997,0.9835,0.0135,"time, prior, his, lectured, yale",5
25023,nurse,F,5,nurse,0.9997,0.9669,0.0328,"nurse, practitioner, 2016, honors, experiences",5
6341,physician,M,1,physician,0.9403,0.7533,0.187,"medicine, he, dr, at, affiliations",5
59804,professor,F,0,professor,0.7877,0.0801,0.7076,"clinical, focus, is, her, cares",5
25092,physician,F,1,physician,0.9843,0.0002,0.9841,"physician, the, inaugural, medical, medical",5
94484,professor,F,0,professor,0.9982,0.9893,0.0089,"research, phd, interests, journals, earned",5
28177,teacher,F,7,teacher,0.7884,0.1371,0.6513,"childcare, center, graduated, development, her",5
85950,professor,F,0,professor,0.9981,0.3899,0.6082,"is, essay, edited, recent, origins",5
12597,psychologist,M,6,psychologist,0.9979,0.0543,0.9436,"psychology, psychology, therapist, professional, family",5
8126,composer,F,17,composer,0.9834,0.0001,0.9833,"scores, musical, scored, films, georgetown",5
76993,professor,F,0,professor,0.9993,0.9973,0.002,"research, explores, aspirational, recently, seminar",5
34022,professor,F,0,professor,0.9994,0.9937,0.0057,"economics, conducted, she, mathematics, in",5
18155,professor,F,0,professor,0.9977,0.9739,0.0238,"began, the, mit, melissa, career",5
85547,dietitian,F,18,dietitian,0.9984,0.0066,0.9919,"dietitian, nutrition, registered, 1991, experiences",5
27946,composer,M,17,composer,0.9757,0.0236,0.9521,"cinematic, melodic, arrangements, warm, he",5
74006,composer,M,17,composer,0.9979,0.9948,0.003,"scored, electronica, has, for, sounds",5
73994,dentist,F,8,dentist,0.9967,0.0386,0.9581,"dental, practising, dr, clinic, pune",5
53811,photographer,M,3,photographer,0.9974,0.976,0.0215,"photographer, 2010, photographer, landscape, dorset",5
36142,teacher,M,7,teacher,0.9958,0.9854,0.0104,"teaches, students, purification, currently, self",5
43655,physician,M,1,physician,0.9208,0.4896,0.4312,"medical, graduate, pediatric, texas, medical",5
75082,physician,M,1,physician,0.9665,0.9662,0.0003,"medicine, graduate, medicine, fairfax, hospital",5
29736,professor,M,0,professor,0.9998,0.9997,0.0001,"professor, ph, holds, assistant, business",5
78512,architect,M,10,architect,0.6821,0.3431,0.339,"company, tries, hard, microsoft, works",5
50243,professor,F,0,professor,0.6577,0.3384,0.3193,"professor, disorder, rascovsky, neuropsychology, assistant",5
39940,attorney,F,2,attorney,0.9996,0.9788,0.0208,"attorneys, practice, provide, probate, law",5
66166,professor,F,0,professor,0.9994,0.9966,0.0028,"phd, leatherman, dr, students, research",5
8363,nurse,F,5,nurse,0.999,0.1622,0.8368,"nursing, nurse, science, of, her",5
84273,filmmaker,M,14,filmmaker,0.995,0.9901,0.005,"filmmaking, screened, explore, to, uses",5
29595,filmmaker,F,14,filmmaker,0.9879,0.1379,0.85,"directorial, video, screen, triana, awards",5
24552,teacher,F,7,teacher,0.9771,0.9425,0.0346,"students, curriculum, students, guide, rewritten",5
26685,journalist,M,4,journalist,0.9801,0.14,0.8401,"stories, unjustly, of, covered, for",5
19334,surgeon,F,9,surgeon,0.995,0.9895,0.0055,"steinman, surgery, surgery, her, fellowships",5
10387,surgeon,F,9,surgeon,0.9989,0.9983,0.0005,"medicine, dr, krueger, surgical, she",5
32201,software engineer,M,15,software engineer,0.928,0.0333,0.8947,"data, designing, building, enjoys, systems",5
58282,professor,M,0,professor,0.9993,0.9977,0.0016,"dominguez, ph, regularly, teaches, courses",5
49035,photographer,F,3,photographer,0.9321,0.0482,0.8839,"photographer, behind, prize, is, the",5
23352,professor,F,0,professor,0.949,0.6897,0.2593,"assistant, organogenesis, organogenesis, the, she",5
90291,model,M,12,model,0.9237,0.0014,0.9222,"model, model, layout, scales, he",5
25358,nurse,F,5,nurse,0.4944,0.5298,-0.0353,"crucial, skill, that, or, is",5
76803,psychologist,M,6,psychologist,0.9984,0.995,0.0034,"parents, children, is, helping, cope",5
85590,professor,F,0,professor,0.9906,0.8382,0.1523,"professor, she, undergraduates, chair, university",5
28576,attorney,M,2,attorney,0.9997,0.9996,0.0001,"appellate, arizona, appeals, clients, court",5
74893,teacher,M,7,teacher,0.9828,0.0839,0.8989,"teach, teaching, style, intellectually, students",5
26200,professor,M,0,professor,0.9996,0.9986,0.001,"research, focuses, phd, his, textual",5
14885,professor,M,0,professor,0.9984,0.9429,0.0555,"doctoral, boston, research, his, stoicism",5
14442,architect,M,10,architect,0.8463,0.9552,-0.109,"computer, toolkit, years, industry, projects",5
83310,professor,F,0,professor,0.9994,0.9993,0.0001,"professor, copenhagen, research, macroeconomics, economics",5
21822,photographer,M,3,photographer,0.4204,0.004,0.4164,"images, are, interest, incredible, expertise",5
91539,professor,F,0,professor,0.996,0.9596,0.0364,"phonology, comparative, main, linguistics, are",5
47824,architect,M,10,architect,0.8738,0.7616,0.1122,"standards, area, interfaces, years, experience",5
94091,photographer,F,3,photographer,0.9969,0.0222,0.9747,"photographic, photography, as, documentary, reality",5
8694,nurse,F,5,nurse,0.9996,0.0006,0.999,"nurse, graduated, she, practitioner, honors",5
35999,attorney,M,2,attorney,0.9965,0.0512,0.9453,"legal, andrew, untrusted, sdk, talked",5
786,photographer,M,3,photographer,0.9642,0.0424,0.9218,"photographs, bbc, and, working, outdoor",5
22750,professor,F,0,professor,0.9992,0.9994,-0.0002,"articles, postcolonialism, published, romanian, bucharest",5
44270,professor,F,0,professor,0.9916,0.7988,0.1927,"religion, harvard, initiative, she, directs",5
34573,professor,M,0,professor,0.9996,0.9939,0.0057,"he, discuss, religion, can, edu",5
44670,professor,M,0,professor,0.9769,0.442,0.5349,"researches, oncology, cooperberg, practices, focus",5
26558,professor,F,0,professor,0.9991,0.9983,0.0008,"doctoral, university, fieldwork, grant, research",5
987,photographer,F,3,photographer,0.9767,0.9436,0.033,"biographies, attracted, inspiration, people, the",5
2171,attorney,F,2,attorney,0.9997,0.9995,0.0002,"vasquez, cases, law, 2016, lawyers",5
60868,professor,M,0,professor,0.9993,0.9888,0.0106,"counselor, educator, counselor, education, florida",5
22353,professor,F,0,professor,0.9979,0.7662,0.2317,"consults, phd, dr, research, interests",5
78455,professor,M,0,professor,0.9996,0.9979,0.0017,"resilience, teaches, on, infrastructure, he",5
34535,professor,M,0,professor,0.9997,0.0039,0.9958,"phd, academia, public, the, faculty",5
29494,professor,M,0,professor,0.9994,0.9279,0.0716,"research, his, multinationals, interests, include",5
6970,journalist,F,4,journalist,0.9948,0.6731,0.3217,"journalist, bbc, freelance, work, edited",5
81777,journalist,F,4,journalist,0.999,0.9982,0.0008,"news, journalism, editor, her, own",5
47944,professor,F,0,professor,0.9827,0.9221,0.0606,"translational, specializes, research, lymphoma, her",5
76092,surgeon,M,9,surgeon,0.9988,0.9985,0.0003,"surgery, medicine, california, dr, school",5
54765,painter,M,11,painter,0.5667,0.0349,0.5318,"illustrated, numerous, has, appeared, untitled",5
67872,teacher,F,7,teacher,0.9985,0.9966,0.002,"educator, tutored, classes, hobbies, tutors",5
49259,teacher,F,7,teacher,0.9332,0.2283,0.705,"presentations, learning, libs, circulates, enthusiasm",5
60181,professor,M,0,professor,0.9056,0.314,0.5916,"endocrinology, research, project, interests, clinical",5
75421,physician,M,1,physician,0.9245,0.3794,0.5451,"practices, dr, bachelor, bvms, science",5
51571,photographer,M,3,photographer,0.9977,0.0307,0.967,"photography, corporate, and, images, industrial",5
46365,physician,M,1,physician,0.9998,0.5556,0.4442,"medicine, dermatology, medical, in, practices",5
92126,comedian,M,19,comedian,0.9972,0.9603,0.0368,"comedy, comedic, his, television, ovations",5
52908,psychologist,M,6,psychologist,0.99,0.982,0.008,"psychology, in, master, counseling, degree",5
22107,poet,F,13,poet,0.9845,0.9614,0.0232,"poems, poetry, books, appeared, has",5
58186,psychologist,F,6,psychologist,0.9982,0.6123,0.3859,"therapists, schatten, dr, individual, therapy",5
14286,poet,M,13,poet,0.9859,0.1365,0.8494,"poem, long, reads, composed, rambling",5
4910,professor,F,0,professor,0.9995,0.9992,0.0003,"research, studying, her, interests, journal",5
61132,nurse,M,5,nurse,0.9997,0.2532,0.7465,"nurse, graduated, practitioner, experiences, honors",5
73112,attorney,M,2,attorney,0.9843,0.8565,0.1278,"attorney, lawyer, practicing, criminal, leo",5
62780,teacher,F,7,teacher,0.975,0.6695,0.3054,"workshops, teachers, course, kids, students",5
3296,professor,F,0,professor,0.9993,0.5943,0.405,"doctorate, her, holds, research, the",5
8700,professor,M,0,professor,0.9998,0.9996,0.0002,"nanotechnology, cornell, 2001, university, received",5
31704,journalist,F,4,journalist,0.999,0.999,0.0001,"journalism, editor, news, role, kong",5
46846,professor,F,0,professor,0.9997,0.9995,0.0001,"teaches, design, industrial, she, engineering",5
20452,professor,F,0,professor,0.9997,0.2088,0.7909,"anthropologist, recent, research, cultural, most",5
79309,composer,M,17,composer,0.998,0.08,0.918,"orchestral, trombone, composing, with, dynamic",5
93036,surgeon,M,9,surgeon,0.9991,0.9984,0.0007,"orthopaedic, medicine, practice, residency, science",5
82716,attorney,M,2,attorney,0.9998,0.9998,-0.0,"represents, smuro, nuptial, matrimonial, experience",5
28452,nurse,F,5,nurse,0.9997,0.2886,0.711,"nurse, experience, she, practitioner, 2013",5
87947,attorney,M,2,attorney,0.9329,0.3009,0.6321,"been, legal, law, llm, graduated",5
93024,photographer,M,3,photographer,0.9968,0.9884,0.0084,"shoot, shoots, can, subject, extremely",5
60324,teacher,M,7,teacher,0.9969,0.8186,0.1783,"students, students, music, activities, constantly",5
13325,dietitian,M,18,dietitian,0.7639,0.3931,0.3708,"weight, coach, holistic, preventive, expert",5
23984,physician,F,1,physician,0.9998,0.8436,0.1562,"medicine, medical, in, medicine, boston",5
26531,nurse,F,5,nurse,0.9997,0.6781,0.3216,"nurse, practitioner, 1999, experiences, honors",5
67454,dietitian,F,18,dietitian,0.9981,0.9818,0.0164,"nutrition, dietetic, nutritional, master, education",5
49420,physician,M,1,physician,0.865,0.0361,0.8289,"medicine, graduated, cincinnati, university, epo",5
8062,attorney,M,2,attorney,0.9993,0.9977,0.0016,"lawyers, immigration, board, association, county",5
12469,psychologist,F,6,psychologist,0.9694,0.0089,0.9605,"specialists, health, closely, behavioral, providers",5
72346,photographer,M,3,photographer,0.9731,0.0035,0.9696,"things, photographs, by, and, janek",5
18331,nurse,F,5,nurse,0.9997,0.7522,0.2475,"nurse, graduated, practitioner, hospital, experiences",5
88767,attorney,M,2,attorney,0.9974,0.9971,0.0003,"attorney, prosecuting, law, experience, including",5
39400,attorney,M,2,attorney,0.9998,0.9997,0.0001,"malpractice, memphis, clients, bar, legal",5
48409,filmmaker,M,14,filmmaker,0.5083,0.2737,0.2346,"director, liverpool, output, co, he",5
76478,professor,F,0,professor,0.9979,0.9792,0.0188,"oncologist, oncology, oncology, alberta, cci",5
67165,painter,F,11,painter,0.9553,0.009,0.9463,"paint, oils, studied, learned, art",5
12136,professor,F,0,professor,0.9973,0.5911,0.4062,"key, research, disability, middle, focus",5
9522,photographer,M,3,photographer,0.999,0.9456,0.0534,"shoots, portraits, images, he, evoking",5
73719,software engineer,M,15,software engineer,0.9531,0.9454,0.0077,"passion, has, technologies, javascript, jquery",5
54836,attorney,M,2,attorney,0.9998,0.9993,0.0005,"degree, focus, law, his, law",5
63994,attorney,M,2,attorney,0.9994,0.9412,0.0581,"attorney, admitted, licensed, estate, bar",5
59317,professor,F,0,professor,0.9993,0.9927,0.0066,"received, award, postdoctoral, kim, awards",5
78957,journalist,F,4,journalist,0.9973,0.988,0.0093,"german, einkaufsrevolution, consumerism, scandals, she",5
37861,software engineer,M,15,software engineer,0.8981,0.9318,-0.0337,"source, mentorship, agile, abstractions, developers",5
25082,professor,M,0,professor,0.9993,0.7921,0.2071,"research, focuses, previously, methods, was",5
33162,professor,M,0,professor,0.9822,0.789,0.1932,"author, epistemology, university, education, he",5
49786,nurse,F,5,nurse,0.8714,0.2969,0.5745,"nurse, practices, believes, nurse, director",5
25316,professor,M,0,professor,0.9987,0.9782,0.0205,"research, 3d, papers, interaction, interests",5
20348,dentist,M,8,dentist,0.9896,0.0001,0.9895,"dentistry, dentistry, dental, dentistry, dentistry",5
87988,professor,M,0,professor,0.9768,0.9319,0.0449,"phd, levels, teaches, taught, marketing",5
40392,psychologist,M,6,psychologist,0.85,0.5837,0.2663,"reactions, experiences, experiences, disorder, reported",5
43962,dietitian,F,18,dietitian,0.9984,0.0506,0.9478,"dietitian, nutrition, registered, nutrition, experiences",5
10189,physician,F,1,physician,0.9998,0.8323,0.1675,"medicine, practices, sioux, medical, medicine",5
976,professor,M,0,professor,0.999,0.9988,0.0001,"major, changing, area, work, his",5
48882,journalist,F,4,journalist,0.9988,0.8979,0.1008,"journalist, woman, won, year, best",5
39983,nurse,F,5,nurse,0.9997,0.965,0.0348,"nurse, graduated, medicine, she, practitioner",5
8780,attorney,F,2,attorney,0.9898,0.1661,0.8237,"prosecutors, association, twitter, blackprosecutors, director",5
90459,journalist,F,4,journalist,0.214,0.1157,0.0983,"education, art, is, missouri, creates",5
59603,professor,F,0,professor,0.9978,0.9923,0.0055,"research, postdoctoral, phd, focuses, she",5
36635,photographer,F,3,photographer,0.9849,0.7421,0.2428,"series, subject, matter, gambian, gambian",5
23311,professor,F,0,professor,0.9997,0.9989,0.0007,"phd, received, she, geog311, university",5
45869,journalist,F,4,journalist,0.8523,0.2343,0.618,"reading, she, in, in, guest",5
7300,psychologist,F,6,psychologist,0.9984,0.9959,0.0025,"cope, therapy, helping, clients, cognitive",5
92406,professor,M,0,professor,0.9998,0.9996,0.0003,"teaches, undergraduate, research, graduate, he",5
82327,surgeon,F,9,surgeon,0.8332,0.7212,0.112,"dr, dr, uchampp, aortic, aneurysms",5
73807,nurse,F,5,nurse,0.9675,0.0064,0.9611,"nurses, clinical, nursing, nursing, college",5
87485,teacher,M,7,teacher,0.6391,0.2387,0.4004,"stats, athletes, coach, of, imporve",5
91256,professor,M,0,professor,0.9995,0.9993,0.0003,"research, economics, professor, ph, papers",5
34057,journalist,F,4,journalist,0.9974,0.978,0.0195,"reporter, editor, an, investigative, and",5
7523,professor,F,0,professor,0.9975,0.9435,0.054,"professor, investigator, federally, articles, projects",5
92758,model,F,12,model,0.9993,0.3626,0.6367,"modeling, endorsement, she, and, brands",5
4538,dentist,M,8,dentist,0.9479,0.1425,0.8054,"dental, dental, sandeep, center, bds",5
82363,physician,M,1,physician,0.9766,0.2111,0.7655,"university, interests, migraine, polio, affiliated",5
60958,software engineer,M,15,software engineer,0.5169,0.3869,0.13,"development, enterprise, project, platform, has",5
18222,accountant,M,16,accountant,0.4238,0.5856,-0.1618,"while, clients, create, his, he",5
27732,journalist,M,4,journalist,0.9913,0.8928,0.0985,"journalism, of, school, papers, articles",5
40468,photographer,M,3,photographer,0.9982,0.601,0.3971,"photographing, began, born, exploration, project",5
65339,professor,F,0,professor,0.9714,0.9652,0.0063,"research, emotional, primary, conducts, iu",5
27545,physician,M,1,physician,0.9997,0.9997,0.0,"md600020968, alaska, professional, credentials, 1780729400",5
63096,photographer,M,3,photographer,0.9968,0.996,0.0008,"photography, photography, photography, from, love",5
69990,model,F,12,model,0.9994,0.9954,0.004,"freeones, she, 1989, born, she",5
67260,surgeon,M,9,surgeon,0.9764,0.0507,0.9257,"surgeons, maxillofacial, implants, grafting, maxillofacial",5
7782,comedian,M,19,comedian,0.9966,0.9961,0.0005,"comedians, funny, funniest, amazing, opened",5
87017,journalist,F,4,journalist,0.9963,0.7749,0.2214,"journalist, copywriter, content, self, english",5
43715,attorney,F,2,attorney,0.9992,0.5074,0.4918,"member, california, state, bar, ucsd",5
58782,comedian,M,19,comedian,0.9963,0.9911,0.0053,"resonates, comedy, satire, intelligent, his",5
24866,nurse,F,5,nurse,0.9986,0.6608,0.3378,"nurse, their, susan, hospital, private",5
59109,accountant,M,16,accountant,0.9979,0.3358,0.6621,"accountants, accountants, chartered, of, chartered",5
37253,professor,F,0,professor,0.9997,0.9997,0.0,"university, ph, literature, illinois, her",5
92515,architect,M,10,architect,0.9984,0.9821,0.0163,"architectural, architectural, designed, firm, firm",5
53310,professor,M,0,professor,0.999,0.0045,0.9945,"science, center, simulation, is, has",5
57561,photographer,M,3,photographer,0.9767,0.9839,-0.0071,"commissioned, addition, interested, social, exhibition",5
82790,attorney,F,2,attorney,0.9998,0.9997,0.0001,"ferrill, experience, her, practice, litigation",5
7482,professor,F,0,professor,0.9995,0.9966,0.0029,"mit, curator, from, 1960s, worked",5
12281,attorney,F,2,attorney,0.9997,0.9997,-0.0,"she, litigation, complex, focuses, represents",5
51055,journalist,F,4,journalist,0.9977,0.6413,0.3564,"reporting, in, uber, merger, media",5
86059,attorney,M,2,attorney,0.9997,0.912,0.0877,"litigation, clients, serves, damages, investigations",5
45785,photographer,M,3,photographer,0.8277,0.9389,-0.1112,"going, communities, project, on, on",5
57924,attorney,M,2,attorney,0.9997,0.9995,0.0003,"his, primarily, focuses, clients, practice",5
62994,professor,M,0,professor,0.9927,0.9972,-0.0045,"sinai, is, lymphomas, lab, lymphoma",5
67749,physician,M,1,physician,0.9993,0.9984,0.0009,"medical, electrophysiological, university, texas, graduated",5
18422,attorney,F,2,attorney,0.9994,0.996,0.0034,"law, hobbies, clients, cynthia, problems",5
4673,journalist,M,4,journalist,0.9992,0.9989,0.0003,"reported, articles, writing, freelancer, specialised",5
39686,dentist,M,8,dentist,0.9931,0.9039,0.0892,"dr, patients, rating, vomero, choice",5
55857,poet,M,13,poet,0.1953,0.0831,0.1122,"moods, ocean, many, matt, peace",5
17084,attorney,M,2,attorney,0.9996,0.9808,0.0188,"transactional, litigation, litigation, practice, divided",5
37889,professor,F,0,professor,0.9983,0.9848,0.0135,"award, research, careers, shen, research",5
71400,journalist,F,4,journalist,0.9989,0.9948,0.0041,"weekly, polish, jagiellonian, based, express",5
41070,teacher,M,7,teacher,0.997,0.0029,0.9941,"teachers, trainer, education, teachers, curriculum",5
81236,composer,M,17,composer,0.9649,0.2262,0.7387,"improvisation, music, his, audiences, bands",5
19356,teacher,F,7,teacher,0.8817,0.7401,0.1416,"classrooms, students, teaching, democratic, her",5
15812,journalist,M,4,journalist,0.9409,0.7603,0.1807,"focusing, news, illuminates, ambitious, book",5
47910,professor,F,0,professor,0.9839,0.9484,0.0355,"university, intellectual, in, law, comparative",5
79540,professor,M,0,professor,0.9985,0.977,0.0215,"lab, focuses, his, genetics, biology",5
83317,dentist,M,8,dentist,0.9977,0.9913,0.0065,"dentist, dental, patients, his, mds",5
69265,professor,F,0,professor,0.9993,0.9985,0.0008,"studies, teaches, gender, tduncan, courses",5
70434,professor,M,0,professor,0.9991,0.9767,0.0224,"university, faculty, teaches, internships, journalism",5
94550,professor,F,0,professor,0.8123,0.1642,0.6481,"author, fetner, scatterplot, how, the",5
82129,model,F,12,model,0.9994,0.9968,0.0026,"modeling, model, scoreland, won, shoots",5
45088,professor,F,0,professor,0.9991,0.9913,0.0078,"research, current, online, interests, her",5
89508,teacher,F,7,teacher,0.9967,0.4818,0.5148,"classroom, students, of, enjoys, the",5
26093,attorney,M,2,attorney,0.9873,0.9939,-0.0066,"counsel, llp, washington, davidson, election",5
86974,psychologist,M,6,psychologist,0.8475,0.1029,0.7446,"therapist, therapeutic, nlp, certificates, coaching",5
78801,psychologist,F,6,psychologist,0.9894,0.5257,0.4637,"psychotherapy, trauma, approach, treating, clients",5
48721,attorney,F,2,attorney,0.9995,0.9995,0.0001,"attorney, advises, her, clients, reimbursement",5
95337,professor,M,0,professor,0.9953,0.0075,0.9878,"prior, as, has, at, mfa",5
14426,composer,M,17,composer,0.9981,0.9963,0.0018,"composition, grammy, concerto, violin, composer",5
29014,poet,M,13,poet,0.8919,0.0129,0.879,"poetry, writer, freelance, english, wales",5
54899,psychologist,M,6,psychologist,0.9987,0.9464,0.0523,"psychological, psychologists, psychology, spectrum, specialises",5
59387,model,F,12,model,0.9994,0.5664,0.4331,"freeones, guayaquil, she, born, gallery",5
5205,composer,F,17,composer,0.9935,0.0783,0.9152,"composer, performed, recorded, compositions, compositions",5
91238,professor,F,0,professor,0.9996,0.9995,0.0001,"author, university, politics, press, 2014",5
58540,psychologist,M,6,psychologist,0.9994,0.0481,0.9513,"psychologist, experiences, in, he, doctors",5
46231,nurse,M,5,nurse,0.9985,0.7091,0.2894,"nursing, degree, associate, nurse, from",5
26404,attorney,F,2,attorney,0.6529,0.9701,-0.3172,"many, from, lawyer, toronto, graduated",5
67573,nurse,F,5,nurse,0.9997,0.948,0.0517,"nurse, practitioner, 2010, honors, she",5
40201,professor,M,0,professor,0.8784,0.9919,-0.1135,"swedish, conducts, and, 1994, research",5
50966,dentist,M,8,dentist,0.9988,0.9944,0.0043,"dentistry, maxillofacial, dr, specialties, his",5
82737,nurse,F,5,nurse,0.9929,0.0055,0.9874,"nursing, science, team, of, in",5
59702,comedian,F,19,comedian,0.6121,0.1149,0.4972,"animated, voicing, and, cars, of",5
12758,journalist,M,4,journalist,0.9985,0.9981,0.0004,"editor, editor, news, guardian, assistant",5
73412,attorney,M,2,attorney,0.9996,0.9666,0.0331,"attorneys, firm, exam, law, he",5
14734,journalist,M,4,journalist,0.3094,0.1352,0.1742,"february, ad, publish, this, league",5
21593,teacher,F,7,teacher,0.9886,0.4882,0.5004,"montessori, teachers, sensorial, education, with",5
73654,photographer,M,3,photographer,0.9983,0.9967,0.0016,"photography, still, portrait, commercial, photographs",5
3040,professor,M,0,professor,0.9992,0.9985,0.0007,"barness, focuses, research, published, latest",5
14990,professor,M,0,professor,0.9997,0.9994,0.0002,"university, press, reconstructing, nebraska, histories",5
50231,professor,M,0,professor,0.9994,0.9987,0.0008,"areas, teaching, undergraduate, interest, dr",5
17483,professor,M,0,professor,0.9945,0.0004,0.9942,"capacity, consultation, dr, usc, provides",5
85630,professor,F,0,professor,0.9992,0.9976,0.0017,"research, interests, university, stratification, received",5
37689,dietitian,M,18,dietitian,0.3627,0.324,0.0388,"and, digital, genetics, and, about",5
60107,poet,M,13,poet,0.9045,0.0582,0.8463,"poetry, writing, combs, meticulously, the",5
68047,attorney,M,2,attorney,0.8431,0.8064,0.0367,"appointed, if, commissioners, commissioners, clerk",5
81110,psychologist,M,6,psychologist,0.9993,0.011,0.9883,"psychologist, in, he, experiences, cooperates",5
74091,professor,M,0,professor,0.9935,0.9779,0.0157,"professor, 2000, doctor, bachelor, with",5
35918,professor,M,0,professor,0.9992,0.996,0.0032,"phd, 2004, dissertation, received, his",5
93030,professor,M,0,professor,0.9996,0.9985,0.0011,"university, ethnographic, university, press, social",5
864,professor,F,0,professor,0.9944,0.111,0.8835,"phd, research, epidemiology, interests, syracuse",5
35077,professor,M,0,professor,0.9997,0.427,0.5727,"research, interests, his, prize, stubbendieck",5
74373,model,F,12,model,0.9994,0.9971,0.0023,"freeones, freeones, she, videos, born",5
69715,professor,M,0,professor,0.956,0.8258,0.1302,"directed, disease, grants, 25, medical",5
10642,accountant,M,16,accountant,0.9959,0.7072,0.2887,"auditing, before, finance, knowledge, director",5
74063,physician,F,1,physician,0.9998,0.9963,0.0036,"medicine, practices, in, pa, specializes",5
1459,physician,M,1,physician,0.9998,0.9873,0.0126,"medicine, medical, specializes, medicine, narcisse",5
17811,teacher,F,7,teacher,0.9968,0.2108,0.786,"teachers, students, children, frustrated, migrant",5
40242,psychologist,M,6,psychologist,0.9959,0.8034,0.1925,"approach, dynamics, anger, takes, traumatize",5
57302,professor,F,0,professor,0.9983,0.6761,0.3221,"is, psychiatry, she, students, general",5
7707,nurse,F,5,nurse,0.9997,0.4172,0.5825,"nurse, graduated, honors, she, practitioner",5
90933,surgeon,M,9,surgeon,0.9939,0.9764,0.0175,"surgery, medical, surgery, surgeons, he",5
50361,surgeon,M,9,surgeon,0.2893,0.3179,-0.0286,"diligently, in, has, or, in",5
81786,painter,F,11,painter,0.8538,0.9548,-0.101,"exhibited, exhibitions, exhibitions, seoul, she",5
24370,painter,M,11,painter,0.9808,0.9405,0.0403,"oil, paintings, are, his, canvas",5
90408,painter,M,11,painter,0.9909,0.6669,0.324,"painting, taught, alumnus, shown, gallery",5
49212,teacher,F,7,teacher,0.3898,0.1741,0.2158,"happiest, she, she, master, and",5
55566,attorney,F,2,attorney,0.7791,0.0583,0.7208,"microbiology, technology, clients, consumer, jersey",5
24744,teacher,M,7,teacher,0.5348,0.7402,-0.2054,"soccer, golf, girls, jmu, soccer",5
73269,teacher,M,7,teacher,0.9979,0.9067,0.0911,"teachers, teachers, teacher, classroom, teachers",5
10380,teacher,F,7,teacher,0.9979,0.9796,0.0184,"teaching, taught, principal, school, olds",5
19688,journalist,M,4,journalist,0.9977,0.991,0.0067,"publications, appeared, cnn, lives, work",5
20392,surgeon,M,9,surgeon,0.9559,0.02,0.9359,"hospital, silicon, by, valley, he",5
59969,comedian,M,19,comedian,0.7211,0.5901,0.131,"52, la, swearing, pepitone, drivers",5
47561,painter,F,11,painter,0.9894,0.1173,0.8721,"art, college, figurative, subjects, bfa",5
52066,attorney,M,2,attorney,0.9997,0.9996,0.0001,"courtroom, alex, litigation, firm, litigation",5
31828,professor,F,0,professor,0.9997,0.9992,0.0005,"phd, cornell, global, university, university",5
24002,psychologist,M,6,psychologist,0.9994,0.2808,0.7186,"psychologist, graduated, medical, he, robert",5
40216,attorney,M,2,attorney,0.9996,0.9705,0.0291,"courtroom, arbitrator, resolves, disputes, clients",5
49616,photographer,F,3,photographer,0.996,0.8923,0.1037,"samanthafortenberryphotography, latest, series, and, her",5
65820,physician,M,1,physician,0.9997,0.9228,0.0769,"md, 1114026846, professional, california, credentials",5
68988,professor,F,0,professor,0.9997,0.9992,0.0006,"ph, courses, teaches, duquesne, information",5
82424,photographer,F,3,photographer,0.9689,0.0138,0.9551,"about, photography, photography, she, finds",5
95395,nurse,F,5,nurse,0.2117,0.1965,0.0153,"she, husband, as, baby, their",5
45431,professor,M,0,professor,0.9996,0.9992,0.0004,"is, prospect, phd, research, he",5
56953,professor,F,0,professor,0.7439,0.0067,0.7372,"bonstewart, scholastic, educational, intersections, programming",5
31513,professor,F,0,professor,0.9993,0.9987,0.0005,"author, univerity, the, the, she",5
17901,psychologist,F,6,psychologist,0.983,0.9658,0.0172,"psychology, in, licensed, emotional, helped",5
54890,professor,F,0,professor,0.9944,0.8805,0.1139,"research, focuses, agroecosystems, program, research",5
17066,professor,F,0,professor,0.9975,0.9862,0.0113,"chemistry, chemist, common, lab, perspective",5
65009,physician,F,1,physician,0.9993,0.2226,0.7767,"physician, physician, assistant, she, hospital",5
29506,teacher,F,7,teacher,0.9988,0.9592,0.0396,"lesson, teach, within, preparing, teaching",5
82437,nurse,F,5,nurse,0.9995,0.8586,0.1409,"nursing, oncology, since, works, 2001",5
23830,professor,M,0,professor,0.997,0.9952,0.0018,"25, faculty, years, faculty, has",5
42543,professor,M,0,professor,0.9974,0.9286,0.0688,"his, expertise, chemistry, car, programs",5
46013,dentist,F,8,dentist,0.9747,0.9702,0.0045,"dental, dental, institute, dental, sciences",5
78915,dentist,M,8,dentist,0.9983,0.9939,0.0044,"dentist, practising, dr, years, he",5
60842,physician,M,1,physician,0.8716,0.1642,0.7074,"steven, hospital, hospital, cherokee, hospital",5
53065,attorney,M,2,attorney,0.9998,0.9997,0.0001,"matters, court, focuses, investigations, disputes",5
10290,poet,F,13,poet,0.3104,0.1541,0.1563,"symbolism, herself, devoting, who, cuba",5
11528,photographer,F,3,photographer,0.9966,0.9976,-0.001,"photography, photography, experience, photos, nature",5
52893,professor,F,0,professor,0.9998,0.9997,0.0002,"carney, scholar, ph, received, feminisms",5
85243,professor,F,0,professor,0.9913,0.969,0.0222,"publications, dr, she, students, numerous",5
53654,attorney,M,2,attorney,0.9982,0.9957,0.0025,"suit, trial, bulger, mobsters, believes",5
68777,teacher,M,7,teacher,0.9923,0.9464,0.0459,"lecturer, teachers, education, education, education",5
89847,professor,F,0,professor,0.9905,0.9373,0.0531,"focuses, research, interested, neuropsychology, understanding",5
91005,software engineer,M,15,software engineer,0.9603,0.9368,0.0236,"source, software, open, in, involved",5
48497,dentist,M,8,dentist,0.9489,0.2376,0.7113,"bds, dental, jitesh, dr, hospital",5
20401,professor,M,0,professor,0.9998,0.9993,0.0004,"doctorate, international, earned, his, development",5
55783,psychologist,F,6,psychologist,0.879,0.8149,0.0641,"various, law, interrogating, properly, she",5
26982,nurse,F,5,nurse,0.9936,0.4807,0.513,"nursing, professor, nursing, professor, nursing",5
14561,professor,M,0,professor,0.8964,0.7521,0.1443,"performances, business, articles, the, with",5
76071,professor,M,0,professor,0.9996,0.9977,0.0018,"research, focuses, his, narrative, the",5
22292,professor,F,0,professor,0.9935,0.3609,0.6326,"research, examines, her, the, impact",5
87534,software engineer,M,15,software engineer,0.9656,0.3872,0.5784,"queries, yahoo, facebook, computer, users",5
87841,professor,M,0,professor,0.9655,0.0036,0.9619,"mba, rotman, instructor, classes, has",5
17263,professor,F,0,professor,0.9995,0.9952,0.0043,"phd, seismology, received, interested, probabilistic",5
74549,professor,M,0,professor,0.9997,0.9994,0.0003,"research, focuses, his, paper, ph",5
74895,teacher,M,7,teacher,0.3696,0.0916,0.278,"yun, beijing, businessman, the, dreams",5
29205,journalist,M,4,journalist,0.5142,0.5481,-0.0339,"indian, served, forces, interest, led",5
2371,physician,F,1,physician,0.9727,0.9696,0.003,"medicine, graduated, dr, university, glenn",5
42684,photographer,M,3,photographer,0.9983,0.9938,0.0045,"photographer, photographer, outdoor, been, showcased",5
4212,professor,M,0,professor,0.9998,0.9997,0.0001,"primary, research, cover, ph, journals",5
58758,dentist,F,8,dentist,0.998,0.0002,0.9978,"licence, dmd, professional, 1225445067, of",5
63624,professor,M,0,professor,0.9994,0.9936,0.0057,"phd, includes, area, service, phd",5
86794,filmmaker,F,14,filmmaker,0.6178,0.0303,0.5875,"films, festival, short, number, screenplay",5
71446,professor,M,0,professor,0.9926,0.6454,0.3472,"expert, imaging, is, doseoptics, systems",5
59152,physician,F,1,physician,0.9998,0.9126,0.0872,"medicine, practices, in, orthopaedic, medical",5
47905,attorney,M,2,attorney,0.9945,0.9813,0.0132,"obtained, meyers, molinaro, accident, 1997",5
40649,professor,F,0,professor,0.6847,0.8003,-0.1156,"dissertation, from, katherine, phd, graduated",5
13922,dietitian,F,18,dietitian,0.9984,0.0576,0.9408,"dietitian, registered, nutrition, 1997, experiences",5
48089,nurse,F,5,nurse,0.3478,0.2243,0.1234,"accomplishments, medical, georgia, and, her",5
17491,teacher,F,7,teacher,0.7512,0.7848,-0.0336,"university, wellbeing, was, since, published",5
47421,professor,F,0,professor,0.9959,0.9957,0.0002,"phd, back, guelph, fulbright, teaching",5
56896,professor,F,0,professor,0.8883,0.0123,0.876,"frequently, college, involved, abroad, and",5
22711,surgeon,M,9,surgeon,0.9425,0.0658,0.8767,"surgery, orthopaedic, graduated, orthopaedic, he",5
34105,dentist,F,8,dentist,0.9164,0.0867,0.8297,"dental, bds, sangeeta, clinic, dr",5
38376,professor,M,0,professor,0.999,0.9988,0.0002,"include, articles, interests, lexical, computational",5
19826,physician,F,1,physician,0.9037,0.8328,0.0709,"chiropractic, in, pediatric, care, specializes",5
42516,professor,F,0,professor,0.9995,0.9993,0.0002,"research, continues, publish, finance, her",5
7674,professor,M,0,professor,0.9994,0.9724,0.0271,"uf, simulation, advances, research, barron",5
76486,photographer,M,3,photographer,0.9976,0.786,0.2116,"work, focuses, his, known, streets",5
66021,professor,F,0,professor,0.99,0.0245,0.9655,"lab, examines, research, the, curled",5
44460,photographer,F,3,photographer,0.9986,0.7957,0.2029,"photography, advertising, portrait, and, specializes",5
20173,photographer,M,3,photographer,0.3458,0.1984,0.1474,"havasupai, who, area, town, lasting",5
7836,professor,F,0,professor,0.632,0.0062,0.6258,"research, developing, on, focuses, that",5
88173,attorney,M,2,attorney,0.9998,0.9997,0.0,"matters, litigation, attorney, law, probate",5
86739,poet,M,13,poet,0.6307,0.0755,0.5552,"poetry, urdu, which, published, in",5
51004,nurse,F,5,nurse,0.6842,0.3884,0.2958,"she, husband, her, haiti, york",5
91623,professor,F,0,professor,0.4693,0.1591,0.3102,"pharmacy, graduated, auburn, and, emmie",5
55356,dentist,M,8,dentist,0.9919,0.9782,0.0137,"dental, dental, dentures, dentures, dental",5
56236,photographer,M,3,photographer,0.9702,0.2425,0.7276,"series, innovative, his, upon, reflect",5
6581,physician,M,1,physician,0.9187,0.9453,-0.0266,"school, medicine, florida, dr, of",5
50156,professor,M,0,professor,0.9997,0.9981,0.0015,"phd, 2008, funding, students, texas",5
90445,dietitian,F,18,dietitian,0.887,0.4133,0.4738,"classes, meals, wine, runs, on",5
94275,physician,M,1,physician,0.9998,0.7502,0.2496,"medicine, otolaryngology, mooresville, practices, medical",5
78408,professor,F,0,professor,0.9994,0.9989,0.0005,"comparative, philosophy, director, ph, literature",5
30526,teacher,M,7,teacher,0.9126,0.5821,0.3304,"teaching, awards, their, jing, enjoys",5
90427,photographer,M,3,photographer,0.9893,0.1495,0.8399,"photography, images, artist, inspired, writing",5
44681,professor,M,0,professor,0.9955,0.9668,0.0287,"pedagogy, wendy, computers, with, is",5
92309,professor,M,0,professor,0.9849,0.8734,0.1115,"instructed, past, wisconsin, the, energy",5
56324,poet,F,13,poet,0.8457,0.7449,0.1007,"works, playing, with, she, narrators",5
3301,physician,F,1,physician,0.9998,0.9469,0.0529,"practices, medicine, medicine, spartanburg, in",5
19025,professor,M,0,professor,0.9993,0.9992,0.0001,"dissertation, teaches, ph, received, professor",5
26346,professor,M,0,professor,0.9997,0.9931,0.0066,"are, ph, research, interests, commodity",5
54997,photographer,M,3,photographer,0.9985,0.8969,0.1016,"shoots, wedding, he, wedding, clients",5
42389,attorney,F,2,attorney,0.9961,0.5197,0.4764,"lawyers, association, immigration, immigrant, center",5
37278,model,F,12,model,0.9993,0.9992,0.0001,"model, runway, models, belgium, highlighted",5
10792,professor,F,0,professor,0.9998,0.9998,0.0,"previously, edu, oceanographic, idaho, specialist",5
32800,professor,M,0,professor,0.9977,0.0911,0.9065,"scholarship, his, teachers, pedagogy, addresses",5
61445,physician,F,1,physician,0.9998,0.8641,0.1357,"medicine, escobal, yucaipa, practices, ms",5
42048,attorney,M,2,attorney,0.9265,0.0314,0.8951,"jd, llm, university, raised, university",5
41708,model,F,12,model,0.2775,0.2025,0.075,"mannequins, office, type, cute, actors",5
25913,attorney,M,2,attorney,0.9985,0.2308,0.7678,"legal, executes, formulates, balancing, he",5
45873,physician,M,1,physician,0.9994,0.2088,0.7906,"md, r71672, apo, 1750510327, professional",5
74281,psychologist,M,6,psychologist,0.9269,0.8333,0.0936,"to, research, led, psychology, trek",5
74877,teacher,M,7,teacher,0.8876,0.9622,-0.0746,"is, doctor, alleghany, comes, va",5
23306,professor,F,0,professor,0.9921,0.8731,0.119,"ecologist, she, the, where, governments",5
67021,software engineer,M,15,software engineer,0.8796,0.6877,0.1919,"codemine, processes, windows, engineering, microsoft",5
60464,attorney,M,2,attorney,0.9988,0.9958,0.003,"law, graduated, review, justice, graduated",5
51426,physician,M,1,physician,0.9341,0.0104,0.9237,"medical, college, dr, texas, graduated",5
9035,professor,M,0,professor,0.9535,0.3865,0.567,"his, science, univesity, received, ph",5
55478,physician,M,1,physician,0.9855,0.8812,0.1043,"dr, indian, nvd, clinic, of",5
25968,psychologist,M,6,psychologist,0.9994,0.027,0.9724,"psychologist, experiences, in, doctors, book",5
6932,professor,M,0,professor,0.9998,0.9992,0.0005,"phd, research, his, sociology, explores",5
20987,professor,F,0,professor,0.9978,0.9476,0.0502,"her, review, theory, character, by",5
54390,dentist,M,8,dentist,0.9863,0.9712,0.0151,"dr, patients, desai, choice, he",5
88993,painter,M,11,painter,0.9963,0.9867,0.0096,"paint, sketching, artists, continues, out",5
27793,professor,F,0,professor,0.9988,0.9885,0.0103,"professor, professors, award, she, research",5
41574,dentist,F,8,dentist,0.9683,0.9396,0.0287,"dental, bds, dental, gurunanak, research",5
55022,professor,F,0,professor,0.9994,0.9745,0.0249,"research, interests, her, visualization, include",5
74088,model,F,12,model,0.9993,0.7738,0.2255,"modelling, job, brunette, ohio, usa",5
86539,physician,M,1,physician,0.9179,0.8914,0.0265,"medicine, he, soppe, provider, dr",5
28579,journalist,M,4,journalist,0.9989,0.9557,0.0432,"has, reported, correspondent, corporation, covering",5
26091,professor,M,0,professor,0.9995,0.9782,0.0213,"focuses, research, journal, research, topics",5
60862,professor,F,0,professor,0.9992,0.9932,0.0061,"organizational, university, received, research, she",5
85552,teacher,F,7,teacher,0.9991,0.2804,0.7187,"teacher, teaches, 11th, english, grade",5
53127,nurse,F,5,nurse,0.9962,0.8199,0.1763,"nurse, bsn, nursing, she, nursing",5
20493,physician,F,1,physician,0.8453,0.7933,0.052,"practice, years, 6589, 60804, location",5
87474,journalist,F,4,journalist,0.2503,0.0321,0.2182,"additionally, author, the, plays, she",5
17828,professor,M,0,professor,0.9969,0.9142,0.0827,"program, specializes, evaluation, measurement, research",5
72464,attorney,M,2,attorney,0.9996,0.9993,0.0002,"counsel, transactional, owners, clients, estate",5
75043,nurse,F,5,nurse,0.9997,0.9743,0.0254,"nurse, practitioner, medical, experiences, graduated",5
17005,photographer,F,3,photographer,0.9969,0.9984,-0.0014,"photography, shoots, photography, photography, also",5
52771,software engineer,F,15,software engineer,0.6723,0.4296,0.2427,"at, engineering, worked, icccn15, master",5
45576,professor,F,0,professor,0.9999,0.9998,0.0,"research, focuses, fellowship, phd, postdoctoral",5
55414,physician,M,1,physician,0.9927,0.9946,-0.0019,"medicine, medicine, interest, baylor, issues",5
10077,professor,F,0,professor,0.9992,0.9956,0.0036,"studies, doctoral, also, child, research",5
94683,physician,M,1,physician,0.9717,0.007,0.9647,"medicine, professor, currently, medicine, medicine",5
32125,professor,M,0,professor,0.9998,0.9995,0.0002,"nanotechnology, he, ph, faculty, publications",5
59771,painter,M,11,painter,0.5932,0.0016,0.5916,"magazine, view, artist, collodion, gallery",5
71491,dietitian,F,18,dietitian,0.9978,0.9937,0.0041,"nutrition, nutrition, diet, certificate, diet",5
53634,professor,M,0,professor,0.9987,0.994,0.0047,"perspectives, ph, his, history, he",5
55169,photographer,F,3,photographer,0.9987,0.9753,0.0234,"photo, shoot, portraiture, wedding, between",5
26560,painter,M,11,painter,0.9311,0.0472,0.8839,"paintings, life, instincts, crippling, emotions",5
12059,professor,F,0,professor,0.9634,0.079,0.8844,"dr, levy, honors, is, received",5
46336,comedian,M,19,comedian,0.9972,0.9967,0.0005,"performing, comedy, perform, comedy, standup",5
42650,journalist,M,4,journalist,0.8125,0.1796,0.633,"not, was, brought, to, whether",5
85433,professor,F,0,professor,0.9952,0.9941,0.0011,"author, catharines, literature, dialogism, she",5
78446,photographer,M,3,photographer,0.9953,0.0423,0.953,"photography, photographic, photographs, wide, of",5
65196,attorney,F,2,attorney,0.9995,0.9989,0.0005,"jury, multimillion, verdicts, clients, settlements",5
40720,nurse,F,5,nurse,0.9997,0.9661,0.0337,"nurse, practitioner, honors, graduated, experiences",5
67546,professor,F,0,professor,0.8504,0.5218,0.3286,"professor, lives, history, the, documentary",5
91210,professor,M,0,professor,0.9763,0.062,0.9143,"chemists, chemist, laboratory, laboratory, oil",5
74416,psychologist,F,6,psychologist,0.6714,0.3575,0.3139,"psychologists, neuropsychology, internship, neuropsychological, assessment",5
69366,architect,M,10,architect,0.998,0.8843,0.1137,"architecture, graduate, design, university, building",5
68821,professor,M,0,professor,0.9998,0.9994,0.0004,"studies, energy, environmental, he, markets",5
11689,professor,F,0,professor,0.939,0.6106,0.3283,"danceforms, dance, ballet, choreography, chronicling",5
71219,painter,M,11,painter,0.9903,0.9738,0.0165,"paintings, painting, painting, mfa, painter",5
94572,architect,M,10,architect,0.5584,0.523,0.0354,"experience, learning, developing, play, learning",5
88412,dietitian,F,18,dietitian,0.9962,0.0271,0.9691,"nutrition, nutrition, ohio, oncology, focused",5
21711,attorney,M,2,attorney,0.8086,0.002,0.8067,"legal, online, ride, spoken, was",5
73550,professor,F,0,professor,0.9992,0.9981,0.0011,"research, focuses, global, early, her",5
15447,attorney,M,2,attorney,0.9997,0.8819,0.1178,"law, practice, addition, his, serves",5
22029,psychologist,F,6,psychologist,0.5521,0.2025,0.3496,"psychologically, married, patients, relationship, murdered",5
25040,journalist,M,4,journalist,0.9629,0.3156,0.6472,"book, new, experience, weinstein, details",5
74511,psychologist,M,6,psychologist,0.8823,0.3723,0.51,"psychology, psychology, masters, pursuing, religion",5
54393,professor,M,0,professor,0.9991,0.9985,0.0006,"doctorate, professor, program, penn, 1997",5
74851,physician,F,1,physician,0.9998,0.5088,0.491,"medicine, endocrinology, poceta, san, practices",5
43933,physician,F,1,physician,0.624,0.6606,-0.0366,"dr, gupta, medical, maternity, pgdmch",5
63844,professor,M,0,professor,0.9998,0.9996,0.0002,"research, focus, lel, interests, journal",5
20289,model,F,12,model,0.9994,0.7237,0.2757,"freeones, born, gallery, she, austin",5
40860,filmmaker,F,14,filmmaker,0.9974,0.9973,0.0001,"imagen, directed, criolla, has, veliz",5
61380,physician,F,1,physician,0.5372,0.4675,0.0697,"practice, 1912058017, years, blythe, blythe",5
78146,dentist,M,8,dentist,0.9634,0.9507,0.0127,"dental, bds, dental, dental, sachin",5
19049,physician,M,1,physician,0.9987,0.0027,0.9961,"physician, school, tnima, graduated, assistant",5
42320,painter,F,11,painter,0.9932,0.0156,0.9776,"paints, wypych, technique, wypych, everyday",5
90687,attorney,F,2,attorney,0.9997,0.9974,0.0023,"arizona, licensed, legal, matters, law",5
12462,model,F,12,model,0.9995,0.9711,0.0283,"freeones, gallery, she, she, born",5
57103,professor,F,0,professor,0.8265,0.215,0.6116,"orangutan, philosophy, philosophy, university, canada",5
19390,surgeon,F,9,surgeon,0.9989,0.9972,0.0016,"medicine, graduated, residency, dr, 2009",5
21342,journalist,F,4,journalist,0.668,0.3595,0.3085,"she, prestigious, like, cafe, world",5
85401,photographer,M,3,photographer,0.9979,0.4372,0.5607,"photographs, photos, surrealist, shots, made",5
86730,professor,M,0,professor,0.9991,0.9987,0.0004,"research, professor, focuses, university, sokol",5
35260,photographer,M,3,photographer,0.9978,0.5766,0.4212,"photography, photographs, hoangnguyenphoto, started, years",5
91229,physician,M,1,physician,0.9997,0.9997,0.0,"1225085608, alabama, professional, credentials, dr",5
29007,software engineer,M,15,software engineer,0.9667,0.9154,0.0513,"building, working, recently, passionate, on",5
60447,attorney,F,2,attorney,0.9997,0.9993,0.0004,"attorneys, disciplinary, medicaid, law, law",5
48315,professor,F,0,professor,0.999,0.9174,0.0816,"research, examines, quarterly, interests, include",5
35781,professor,M,0,professor,0.7116,0.0507,0.6609,"haematologist, investigator, the, haematological, the",5
28492,professor,F,0,professor,0.8625,0.0204,0.8421,"addition, in, research, organizations, to",5
76024,physician,M,1,physician,0.9494,0.9167,0.0327,"medicine, graduated, boston, school, patients",5
44881,journalist,M,4,journalist,0.9832,0.9937,-0.0105,"shots, columnist, bbc, radio, sketchwriter",5
82975,nurse,F,5,nurse,0.9998,0.9529,0.0469,"nurse, practitioner, 2013, honors, experiences",5
78727,accountant,F,16,accountant,0.999,0.5072,0.4918,"accounting, instructor, starkville, office, charitable",5
94525,nurse,F,5,nurse,0.6421,0.0009,0.6412,"nursing, an, relationship, and, they",5
62663,dentist,M,8,dentist,0.9461,0.1309,0.8153,"dental, dental, dental, bds, indian",5
11646,attorney,F,2,attorney,0.9997,0.9916,0.0081,"weinrib, law, degree, school, specializes",5
26545,professor,F,0,professor,0.7847,0.4721,0.3126,"education, foundation, academia, and, education",5
76100,professor,M,0,professor,0.9993,0.9982,0.001,"research, current, his, forthcoming, high",5
77060,professor,M,0,professor,0.9987,0.9921,0.0066,"teaches, courses, leadership, he, journal",5
64659,professor,M,0,professor,0.9857,0.2444,0.7413,"research, and, his, interests, performance",5
39811,journalist,M,4,journalist,0.9987,0.9977,0.001,"writer, paramilitaries, writing, 1999, obfuscated",5
93129,nurse,F,5,nurse,0.5766,0.5188,0.0578,"practice, kristi, 1003879388, kristi, is",5
85523,professor,M,0,professor,0.9995,0.9965,0.003,"consults, dissertation, business, and, teaching",5
8271,accountant,M,16,accountant,0.9985,0.9972,0.0013,"accounting, rob, certified, prime, 2007",5
83871,composer,M,17,composer,0.9748,0.3802,0.5946,"stravinsky, music, timbrally, fresh, thinks",5
70609,journalist,M,4,journalist,0.7386,0.2803,0.4583,"protests, describes, his, he, country",5
82045,journalist,F,4,journalist,0.9992,0.9987,0.0005,"journalism, writer, entertainment, whirlwind, life",5
77864,professor,F,0,professor,0.9985,0.9614,0.0371,"research, phd, interests, language, pathological",5
14842,physician,M,1,physician,0.9749,0.6311,0.3438,"attended, medicare, honors, medical, insurance",5
69703,painter,F,11,painter,0.9746,0.8883,0.0863,"ba, paintings, studio, university, at",5
55971,psychologist,F,6,psychologist,0.9956,0.9895,0.0061,"fulfilling, her, help, enjoyment, anxiety",5
31706,professor,M,0,professor,0.9998,0.9996,0.0002,"research, fio, ph, earned, interests",5
2731,dietitian,F,18,dietitian,0.9403,0.0128,0.9275,"digestive, wellness, cardiovascular, and, she",5
85516,professor,M,0,professor,0.961,0.9284,0.0326,"phd, entitled, offenstadt, thesis, of",5
10447,professor,M,0,professor,0.9961,0.9816,0.0145,"articles, kronos, journal, appeared, studies",5
42944,psychologist,M,6,psychologist,0.888,0.2595,0.6285,"using, with, his, seniors, ipads",5
26378,professor,F,0,professor,0.9998,0.9998,0.0,"previously, professor, princeton, ph, adjunct",5
57872,professor,F,0,professor,0.9996,0.6306,0.3691,"microbiology, environmental, specialty, her, bioprospecting",5
77931,professor,F,0,professor,0.9935,0.9143,0.0792,"scied458, education, majors, methods, science",5
37397,architect,M,10,architect,0.9965,0.9958,0.0008,"architect, concrete, sensibilities, projects, process",5
15403,attorney,M,2,attorney,0.9944,0.0024,0.992,"partner, transactions, the, law, diekmann",5
69114,teacher,F,7,teacher,0.9613,0.0375,0.9238,"education, classroom, director, in, valuable",5
63399,nurse,F,5,nurse,0.9954,0.0074,0.988,"nursing, built, skills, where, she",5
12789,professor,M,0,professor,0.9918,0.989,0.0028,"style, interactive, calculus, unconsciously, basis",5
12844,accountant,M,16,accountant,0.8126,0.6561,0.1566,"completing, requirements, his, degree, he",5
13944,comedian,M,19,comedian,0.9961,0.8193,0.1767,"comedy, stand, outside, up, of",5
2514,professor,F,0,professor,0.9852,0.4332,0.552,"after, phd, susx, ac, began",5
63619,physician,F,1,physician,0.999,0.993,0.006,"medicine, dr, dr, medicine, interest",5
33192,physician,M,1,physician,0.9998,0.3047,0.6952,"medicine, practices, orthopaedic, hospital, surgery",5
87259,photographer,M,3,photographer,0.9981,0.9797,0.0184,"photography, photos, models, styles, mark",5
11641,comedian,M,19,comedian,0.7572,0.2098,0.5474,"as, he, wikipedia, his, bio",5
84649,physician,M,1,physician,0.999,0.9979,0.0012,"medicine, affiliations, dr, cataract, accepting",5
77255,accountant,M,16,accountant,0.9989,0.4377,0.5612,"returns, experience, accounting, tax, audits",5
57256,journalist,F,4,journalist,0.8689,0.0816,0.7873,"she, graduate, leadership, 2015, communication",5
38988,attorney,M,2,attorney,0.9997,0.9997,0.0,"counsel, worked, firm, trial, bar",5
9964,professor,F,0,professor,0.9996,0.9994,0.0001,"book, university, forthcoming, press, oxford",5
81140,photographer,F,3,photographer,0.6968,0.1781,0.5186,"enigmatic, after, up, killed, boring",5
22301,physician,F,1,physician,0.9966,0.5577,0.4389,"physicians, medicine, practices, chinese, singapore",5
12931,attorney,F,2,attorney,0.7542,0.9849,-0.2306,"human, magazine, benefits, pension, of",5
90304,professor,M,0,professor,0.9992,0.9989,0.0003,"genomics, reviewed, research, investigator, genomics",5
22732,nurse,F,5,nurse,0.9997,0.983,0.0167,"nurse, graduated, honors, practitioner, 1999",5
2164,professor,M,0,professor,0.9997,0.9893,0.0104,"his, publications, interests, 100, research",5
62876,professor,M,0,professor,0.994,0.3021,0.692,"published, dickens, studies, annual, dickens",5
64373,photographer,F,3,photographer,0.9957,0.0549,0.9408,"photography, born, taught, concentrates, 1952",5
62934,professor,F,0,professor,0.9995,0.9994,0.0002,"ferruccio, published, completing, music, center",5
6069,professor,F,0,professor,0.9995,0.9991,0.0004,"2005, cognition, bioethics, policy, university",5
69674,comedian,M,19,comedian,0.9893,0.2022,0.7871,"pranks, stunt, television, his, ontario",5
2131,poet,F,13,poet,0.9854,0.9832,0.0022,"poetry, mfa, journal, chapbook, university",5
9568,surgeon,M,9,surgeon,0.9991,0.9986,0.0005,"medicine, surgical, surgery, graduated, tulane",5
88252,professor,M,0,professor,0.6384,0.0143,0.6241,"phd, his, received, discussion, abc",5
92420,architect,M,10,architect,0.9959,0.8621,0.1338,"architectural, architecture, history, lumpur, kuala",5
24167,professor,M,0,professor,0.9991,0.1462,0.8528,"ph, studies, chavez, chicana, ucla",5
64550,dentist,M,8,dentist,0.9971,0.0584,0.9387,"has, old, dr, years, practicing",5
90320,professor,M,0,professor,0.9982,0.9964,0.0018,"doctoral, białystok, university, research, degree",5
78290,surgeon,M,9,surgeon,0.9984,0.9918,0.0065,"practices, daniel, dr, practices, oconnor",5
10249,attorney,F,2,attorney,0.9995,0.9997,-0.0002,"disputes, primary, real, property, tenant",5
61381,professor,F,0,professor,0.9873,0.9721,0.0152,"that, told, investigators, situations, the",5
19307,surgeon,M,9,surgeon,0.9589,0.93,0.0289,"studies, university, surgery, surgical, his",5
94496,painter,M,11,painter,0.9902,0.461,0.5293,"paintings, paintings, exhibited, art, fine",5
76812,photographer,F,3,photographer,0.9987,0.2169,0.7818,"photography, photography, photographer, fotografie, multilingual",5
88145,professor,F,0,professor,0.9996,0.9979,0.0017,"research, ph, focuses, received, faculty",5
48991,journalist,M,4,journalist,0.5385,0.0057,0.5328,"journalism, and, film, screened, fellowship",5
12526,surgeon,M,9,surgeon,0.8678,0.0822,0.7856,"neurosurgeon, neurosurgery, medical, dr, medicine",5
30184,professor,M,0,professor,0.9991,0.9995,-0.0004,"research, ph, yale, geophysics, teaching",5
21782,professor,M,0,professor,0.9971,0.8994,0.0977,"currently, he, is, researching, adaptations",5
35400,professor,F,0,professor,0.9998,0.999,0.0008,"mohr, schroeder, kentucky, dr, dr",5
19671,surgeon,M,9,surgeon,0.4287,0.5763,-0.1476,"company, owner, the, enemies, public",5
28839,professor,F,0,professor,0.9989,0.9625,0.0365,"phd, mcmaster, teaches, 2006, the",5
58977,nurse,F,5,nurse,0.8824,0.19,0.6924,"she, providers, patients, suffering, work",5
59046,professor,M,0,professor,0.9882,0.4278,0.5604,"ph, jerome, contributor, university, abortion",5
4615,professor,F,0,professor,0.9998,0.9995,0.0003,"courses, she, research, marketing, degree",5
13637,filmmaker,F,14,filmmaker,0.9961,0.9959,0.0001,"directed, films, filmmaker, film, filmed",5
54584,journalist,M,4,journalist,0.9927,0.9938,-0.0011,"reporting, international, prize, times, pulitzer",5
11015,physician,F,1,physician,0.9997,0.093,0.9067,"physician, university, program, bachelor, washington",5
22434,physician,M,1,physician,0.9838,0.9382,0.0455,"dr, vaccination, shashank, immunization, checkup",5
65733,professor,M,0,professor,0.9985,0.9741,0.0243,"engineering, phd, his, received, university",5
22767,attorney,F,2,attorney,0.9997,0.9996,0.0,"experience, clients, legal, matters, advising",5
15059,professor,F,0,professor,0.9994,0.9993,0.0001,"chair, associate, for, research, department",5
68356,professor,M,0,professor,0.9996,0.5902,0.4094,"research, author, book, innovation, entrepreneurship",5
36540,composer,M,17,composer,0.9975,0.9967,0.0009,"conservatory, projects, hall, orchestra, works",5
91822,professor,M,0,professor,0.9982,0.9795,0.0188,"previously, postdoctoral, fellow, institute, studies",5
13520,psychologist,M,6,psychologist,0.5112,0.6541,-0.1428,"families, homeless, storytelling, involved, evaluation",5
93134,dentist,M,8,dentist,0.9984,0.9813,0.0172,"dentist, dental, his, bds, happy",5
72974,physician,F,1,physician,0.9998,0.8079,0.1918,"medicine, practices, menomonee, ms, in",5
13224,photographer,F,3,photographer,0.9966,0.8097,0.1868,"photography, chelsey, portraiture, photography, professional",5
75838,photographer,M,3,photographer,0.9988,0.9635,0.0353,"shot, portraits, celebrities, numerous, magazines",5
3774,surgeon,M,9,surgeon,0.9982,0.9983,-0.0,"medical, surgery, medical, specialize, he",5
79838,professor,M,0,professor,0.8655,0.0222,0.8433,"research, organisational, change, his, include",5
68822,physician,F,1,physician,0.8842,0.5569,0.3273,"medicine, medicine, honours, physicians, focussing",5
35640,professor,M,0,professor,0.998,0.9258,0.0722,"research, focuses, his, design, roadmap",5
92403,model,M,12,model,0.9978,0.9887,0.0091,"model, roles, famous, for, roles",5
27618,photographer,M,3,photographer,0.9989,0.9988,0.0001,"photographer, focuses, on, editorial, contributing",5
5403,professor,M,0,professor,0.9984,0.5514,0.447,"faculty, the, lyons, before, the",5
4860,journalist,M,4,journalist,0.4368,0.0235,0.4133,"press, student, ultimate, fighter, college",5
35927,professor,M,0,professor,0.8381,0.3759,0.4622,"career, his, is, that, journals",5
95167,psychologist,M,6,psychologist,0.9913,0.9791,0.0122,"psychopaths, extensively, psychopathy, psychopaths, and",5
33833,physician,M,1,physician,0.9822,0.9746,0.0075,"medicine, university, wisconsin, school, pih",5
93556,professor,M,0,professor,0.9993,0.993,0.0063,"research, his, author, current, fulbright",5
57404,attorney,F,2,attorney,0.9997,0.9996,0.0002,"attorney, legal, career, nesselbush, clients",5
25995,attorney,F,2,attorney,0.9974,0.8673,0.1301,"clients, advocacy, rights, ms, justice",5
83943,professor,F,0,professor,0.9503,0.5906,0.3597,"she, social, she, completed, phd",5
84790,attorney,F,2,attorney,0.9997,0.9996,0.0001,"law, law, practicing, florida, university",5
74528,attorney,M,2,attorney,0.9992,0.9993,-0.0001,"litigation, lawyers, verdict, lawyers, america",5
33996,psychologist,F,6,psychologist,0.9962,0.0043,0.9919,"professor, psychology, yale, associate, her",5
62016,poet,M,13,poet,0.9939,0.9862,0.0077,"poem, whether, lyrics, reggae, when",5
28689,professor,F,0,professor,0.9998,0.9997,0.0,"phd, adult, education, dr, papers",5
95374,teacher,F,7,teacher,0.3068,0.2682,0.0386,"her, miscarriage, her, her, smothering",5
61784,professor,F,0,professor,0.9992,0.9982,0.001,"courses, composition, she, range, teaches",5
15444,nurse,F,5,nurse,0.999,0.8642,0.1348,"nursing, degree, diabetes, the, nursing",5
65633,painter,M,11,painter,0.5648,0.1709,0.3939,"artist, mfa, visiting, of, art",5
4764,physician,F,1,physician,0.9998,0.9358,0.0641,"medicine, practices, kansas, medicine, specializes",5
14918,journalist,M,4,journalist,0.8024,0.4145,0.3879,"immigration, to, issues, deeply, work",5
4172,journalist,F,4,journalist,0.9873,0.4234,0.5639,"kosovo, she, has, covered, editors",5
2790,professor,F,0,professor,0.9981,0.3564,0.6417,"research, concern, her, research, she",5
56247,professor,M,0,professor,0.9996,0.9982,0.0014,"doctoral, from, behavior, degree, analyses",5
23413,surgeon,M,9,surgeon,0.9625,0.9653,-0.0028,"cerebrovascular, neurosurgery, surgery, ucsf, he",5
48447,model,F,12,model,0.9993,0.9896,0.0097,"modeling, career, models, of, pinnacle",5
49646,physician,F,1,physician,0.9996,0.9013,0.0983,"md, 1003013616, professional, credentials, carolina",5
80636,professor,F,0,professor,0.9997,0.9108,0.0888,"professor, academia, before, doctoral, entering",5
24128,composer,M,17,composer,0.9978,0.1987,0.799,"scored, music, music, his, in",5
28171,professor,F,0,professor,0.9992,0.9808,0.0184,"research, articles, her, interests, the",5
66933,professor,F,0,professor,0.2767,0.0069,0.2698,"been, research, out, she, has",5
74783,attorney,F,2,attorney,0.9994,0.017,0.9823,"legal, representation, providing, courts, issues",5
57020,nurse,F,5,nurse,0.9997,0.9062,0.0934,"nurse, 1993, practitioner, graduated, she",5
54800,attorney,M,2,attorney,0.9996,0.923,0.0766,"law, superlawers, the, loyola, partner",5
38171,dentist,F,8,dentist,0.97,0.8865,0.0835,"sujata, dr, associated, mumbai, lybrate",5
45824,photographer,F,3,photographer,0.989,0.0977,0.8913,"photography, in, students, college, rockport",5
58662,psychologist,F,6,psychologist,0.563,0.3837,0.1792,"began, she, 2001, after, refugees",5
56683,professor,F,0,professor,0.9998,0.9951,0.0047,"research, interests, edu, publications, include",5
64033,journalist,M,4,journalist,0.9986,0.9979,0.0007,"worked, editor, hungarian, 2011, radio",5
26994,psychologist,F,6,psychologist,0.9917,0.9953,-0.0035,"counselor, coping, her, teacher, traumas",5
15915,professor,F,0,professor,0.9762,0.9163,0.0599,"she, conducts, serves, craniofacial, craniofacial",5
91593,professor,F,0,professor,0.9996,0.9994,0.0002,"recently, book, published, studies, examines",5
68571,physician,F,1,physician,0.9739,0.014,0.96,"medical, solo, nonprofit, dr, addition",5
79788,nurse,F,5,nurse,0.9981,0.627,0.3712,"nurse, arnp, practitioner, specializing, she",5
51415,architect,M,10,architect,0.9956,0.9957,-0.0001,"design, architectural, design, invaluable, faculty",5
51280,professor,M,0,professor,0.9996,0.797,0.2025,"before, joining, researcher, phd, postdoctoral",5
24881,professor,F,0,professor,0.9997,0.9995,0.0002,"research, weizmann, computer, is, phd",5
33467,dentist,M,8,dentist,0.9972,0.7982,0.1991,"dentist, endodontics, bds, dental, patients",5
66467,physician,M,1,physician,0.9164,0.8344,0.082,"medical, medicine, dr, honors, gilmartin",5
71724,professor,M,0,professor,0.9994,0.9947,0.0047,"baylor, research, before, the, interests",5
22782,professor,M,0,professor,0.9997,0.9995,0.0001,"criminological, research, teaches, classes, related",5
53423,dentist,M,8,dentist,0.9982,0.0566,0.9417,"dr, has, years, old, medical",5
27711,photographer,M,3,photographer,0.9949,0.9948,0.0001,"photography, photography, was, photography, lives",5
59019,journalist,M,4,journalist,0.5252,0.1617,0.3635,"piece, of, commentary, gericault, says",5
70650,journalist,F,4,journalist,0.9361,0.692,0.2441,"kurdish, work, peace, her, focused",5
81855,professor,M,0,professor,0.9962,0.9824,0.0138,"background, served, lab, of, physics",5
32976,surgeon,M,9,surgeon,0.8757,0.8803,-0.0046,"neurosurgical, surgery, minimally, spine, expertise",5
57583,journalist,M,4,journalist,0.9896,0.1837,0.8058,"editor, publisher, newspaper, accra, chief",5
66893,physician,M,1,physician,0.9965,0.9821,0.0144,"medicine, 2003, graduated, national, karimov",5
81089,physician,F,1,physician,0.9998,0.9451,0.0547,"medicine, hillsboro, medicine, family, practices",5
34967,professor,F,0,professor,0.9988,0.9736,0.0252,"burkman, 2009, studies, in, from",5
53138,journalist,M,4,journalist,0.3965,0.2689,0.1276,"philosophy, the, phd, ceo, many",5
80520,physician,F,1,physician,0.9998,0.9922,0.0076,"medicine, oklahoma, practices, in, allergy",5
44725,professor,F,0,professor,0.572,0.159,0.4129,"ph, research, sociometric, interested, she",5
1136,professor,M,0,professor,0.9989,0.9785,0.0204,"research, security, his, hewlett, focuses",5
86471,professor,M,0,professor,0.9989,0.9119,0.087,"technologist, research, his, research, jet",5
92918,photographer,F,3,photographer,0.9154,0.0272,0.8882,"photographing, been, traveling, nations, sovereign",5
23422,software engineer,M,15,software engineer,0.9231,0.9323,-0.0092,"leader, incubator, ibm, experience, application",5
84801,composer,M,17,composer,0.9951,0.1924,0.8027,"music, articulates, arts, kandinsky, inspired",5
58105,nurse,M,5,nurse,0.9779,0.2776,0.7003,"nurse, drey, new, interested, with",5
66721,painter,F,11,painter,0.9957,0.5156,0.4801,"painting, artists, vogue, from, the",5
60260,professor,F,0,professor,0.9986,0.9971,0.0015,"phonological, courses, teaches, graduate, research",5
6298,psychologist,M,6,psychologist,0.9931,0.9601,0.0331,"depression, about, person, effective, approach",5
39899,filmmaker,F,14,filmmaker,0.9971,0.8992,0.0979,"filmmaking, films, film, love, short",5
5039,nurse,F,5,nurse,0.3466,0.1962,0.1505,"she, manages, have, to, attracted",5
79859,model,F,12,model,0.982,0.2246,0.7574,"designers, photographers, admitting, cruel, she",5
45488,professor,M,0,professor,0.7718,0.2839,0.4879,"ph, awarded, american, university, in",5
40779,professor,F,0,professor,0.998,0.8694,0.1286,"aims, economics, research, awarding, scientific",5
43535,composer,M,17,composer,0.9908,0.7605,0.2302,"music, bulgarian, performances, many, he",5
64464,nurse,F,5,nurse,0.9943,0.9947,-0.0005,"nursing, nurse, college, graduated, of",5
76396,software engineer,F,15,software engineer,0.9706,0.9069,0.0638,"analysis, team, database, tools, develops",5
67435,professor,M,0,professor,0.9983,0.9969,0.0014,"author, research, the, essays, rheinprovinz",5
10467,professor,F,0,professor,0.8755,0.1329,0.7426,"research, focuses, epidemiological, her, reported",5
4239,teacher,M,7,teacher,0.9924,0.9885,0.0039,"from, course, grade, math, reader",5
16304,attorney,F,2,attorney,0.9992,0.9992,-0.0,"law, focuses, corporations, nonprofit, liability",5
18769,nurse,F,5,nurse,0.9955,0.9495,0.0461,"nurse, program, training, her, concussion",5
63117,physician,F,1,physician,0.9991,0.9818,0.0174,"medicine, biopsychosocial, family, medicine, certified",5
30885,surgeon,M,9,surgeon,0.9779,0.0914,0.8865,"surgery, general, he, board, with",5
19751,professor,F,0,professor,0.9995,0.9977,0.0018,"research, interests, scholar, are, she",5
94584,filmmaker,M,14,filmmaker,0.9964,0.7575,0.2389,"film, film, new, describing, festival",5
27721,professor,M,0,professor,0.9996,0.9924,0.0072,"research, focuses, investigates, his, influence",5
55862,professor,F,0,professor,0.9859,0.8912,0.0947,"meertens, she, studies, dr, unhcr",5
37468,professor,M,0,professor,0.9995,0.995,0.0045,"philosophy, cognitive, research, concerns, his",5
82798,professor,F,0,professor,0.9996,0.9994,0.0002,"studies, ph, currently, working, on",5
3623,attorney,M,2,attorney,0.9955,0.0018,0.9937,"university, after, graduated, law, startups",5
89814,professor,F,0,professor,0.9994,0.5825,0.4169,"research, her, interests, research, lie",5
13824,teacher,F,7,teacher,0.9744,0.5839,0.3905,"homework, students, at, hobbies, supports",5
9391,journalist,F,4,journalist,0.9855,0.5488,0.4367,"social, love, industry, found, writes",5
16087,professor,M,0,professor,0.7053,0.509,0.1963,"scientific, eye, journals, perceptions, reviewer",5
79514,professor,F,0,professor,0.9997,0.9996,0.0001,"examines, research, currently, conducting, phd",5
3831,physician,M,1,physician,0.9966,0.9975,-0.0008,"ophthalmology, obtained, interests, training, clinical",5
51714,nurse,F,5,nurse,0.5163,0.3241,0.1922,"dying, refuses, 20, she, thing",5
60965,professor,M,0,professor,0.9929,0.1394,0.8535,"anatomic, pathology, fellowship, and, mgp",5
46029,photographer,F,3,photographer,0.998,0.0678,0.9302,"photography, fine, art, bachelor, completed",5
32338,software engineer,M,15,software engineer,0.9339,0.0789,0.8549,"code, his, experience, spent, skills",5
47170,nurse,F,5,nurse,0.9997,0.8409,0.1588,"nurse, practitioner, experiences, graduated, honors",5
70021,professor,M,0,professor,0.9895,0.5999,0.3896,"research, main, pragmatics, interests, are",5
75330,professor,M,0,professor,0.9996,0.9943,0.0053,"research, interests, award, award, award",5
5581,painter,M,11,painter,0.9328,0.0005,0.9323,"painting, painting, work, work, landscape",5
62528,professor,F,0,professor,0.9563,0.2302,0.726,"students, neurodevelopment, began, fellowship, wagner",5
3380,professor,M,0,professor,0.8967,0.4143,0.4824,"research, interests, categorisation, psychology, methods",5
57264,attorney,M,2,attorney,0.9996,0.905,0.0946,"represented, has, versed, he, global",5
38775,attorney,F,2,attorney,0.9995,0.9996,-0.0001,"attorney, yakovlev, defense, criminal, cases",5
79048,professor,F,0,professor,0.9971,0.995,0.0021,"research, interests, independence, literature, review",5
20028,journalist,F,4,journalist,0.9972,0.2735,0.7237,"freelancers, works, publications, african, lauren",5
11985,physician,F,1,physician,0.7777,0.6809,0.0968,"practice, years, ms, 54915, location",5
48283,poet,F,13,poet,0.9902,0.9338,0.0565,"poetry, poetry, poetry, focuses, the",5
95315,professor,F,0,professor,0.9998,0.9998,0.0,"phd, courses, teaches, undergraduate, program",5
68934,software engineer,M,15,software engineer,0.903,0.892,0.011,"technology, his, optimized, heuristics, distributed",5
67649,professor,M,0,professor,0.9995,0.9996,-0.0001,"phd, journals, economics, academic, teaching",5
62575,attorney,M,2,attorney,0.9989,0.9896,0.0094,"attorney, lawyer, articles, employment, authored",5
71744,professor,F,0,professor,0.9949,0.0076,0.9872,"she, social, anthropologist, anthropology, between",5
26922,physician,F,1,physician,0.9932,0.9908,0.0025,"medicine, medical, callahan, anthem, clinical",5
67032,composer,M,17,composer,0.9963,0.4746,0.5217,"choreographers, music, for, include, the",5
81542,professor,M,0,professor,0.9996,0.9992,0.0004,"received, his, professor, demaske, teaching",5
87321,photographer,F,3,photographer,0.9981,0.9976,0.0004,"photography, photography, professional, photographers, institute",5
82736,physician,M,1,physician,0.9355,0.8754,0.0602,"practice, buhl, buhl, 1215902978, 56377",5
41193,professor,F,0,professor,0.5533,0.2348,0.3185,"creativity, thinking, chair, teaches, for",5
30361,architect,M,10,architect,0.9962,0.0305,0.9657,"architecture, firms, poulson, modern, his",5
48659,photographer,M,3,photographer,0.9983,0.9897,0.0085,"photographer, shoots, capture, to, wedding",5
68589,photographer,M,3,photographer,0.997,0.983,0.0141,"photography, photographing, photographer, photography, work",5
74271,professor,M,0,professor,0.9995,0.2551,0.7443,"research, his, interests, social, include",5
18241,dietitian,F,18,dietitian,0.9951,0.936,0.0591,"nutritional, and, science, her, diets",5
40210,professor,F,0,professor,0.9995,0.9994,0.0,"educational, the, campus, interprofessional, research",5
57244,painter,F,11,painter,0.7309,0.8782,-0.1473,"wagschal, portraits, idealized, biblical, subjects",5
92019,teacher,M,7,teacher,0.9907,0.5602,0.4306,"coaching, school, at, academy, his",5
25340,software engineer,M,15,software engineer,0.9881,0.9869,0.0012,"his, php, javascript, bachelor, hobbies",5
6379,photographer,F,3,photographer,0.9861,0.2175,0.7686,"photography, photography, work, photography, she",5
66181,psychologist,F,6,psychologist,0.9958,0.9906,0.0053,"depression, individuals, helped, families, skills",5
81388,professor,M,0,professor,0.9164,0.0918,0.8246,"recognized, an, he, expert, health",5
89321,psychologist,F,6,psychologist,0.9973,0.7921,0.2053,"psychology, psychiatry, ph, lecturer, from",5
88197,architect,M,10,architect,0.9961,0.5516,0.4445,"design, architecture, borderland, lectures, architecture",5
46791,dentist,M,8,dentist,0.9985,0.9962,0.0023,"dentist, years, bds, he, com",5
14423,professor,M,0,professor,0.7521,0.0762,0.6759,"doctoral, study, his, swansea, angers",5
75570,accountant,M,16,accountant,0.989,0.9169,0.072,"working, joined, staffing, resourcing, recruit",5
91312,professor,F,0,professor,0.9996,0.9988,0.0008,"dr, the, her, duties, choral",5
67570,dentist,F,8,dentist,0.99,0.9865,0.0036,"dr, patient, placed, huynh, honors",5
61351,teacher,F,7,teacher,0.4786,0.3361,0.1425,"experiences, her, takes, scientists, the",5
38051,physician,F,1,physician,0.6679,0.4411,0.2268,"practice, ms, 1265648372, years, 8590",5
53207,painter,M,11,painter,0.5218,0.0011,0.5207,"paintings, he, realist, work, the",5
43190,journalist,M,4,journalist,0.8932,0.0193,0.8739,"journalists, journalism, editor, interest, 2012",5
55934,model,F,12,model,0.9993,0.9982,0.001,"model, lingerie, pose, lingerie, elle",5
62577,attorney,M,2,attorney,0.942,0.8442,0.0978,"attorney, lobbyist, registered, corporations, texas",5
40194,physician,F,1,physician,0.6964,0.4009,0.2956,"practice, ms, ms, 1407873086, years",5
66406,nurse,F,5,nurse,0.9997,0.181,0.8187,"nurse, practitioner, 2001, honors, experiences",5
40125,professor,F,0,professor,0.9996,0.999,0.0006,"actuarial, teaches, undergraduate, she, graduate",5
27486,painter,M,11,painter,0.995,0.9576,0.0374,"painting, gallery, show, oil, passion",5
10119,professor,M,0,professor,0.9993,0.9984,0.0009,"work, has, economists, advances, 1996",5
12161,photographer,F,3,photographer,0.9983,0.9337,0.0646,"portraits, natural, concentrates, atlanta, odalys",5
36319,professor,M,0,professor,0.6102,0.2131,0.3971,"author, transformation, text, is, michael",5
32860,photographer,M,3,photographer,0.9982,0.7982,0.2,"shoots, photographey, outdoor, weddings, he",5
5530,attorney,F,2,attorney,0.9996,0.9996,0.0,"briefs, supreme, cases, llc, court",5
47371,journalist,F,4,journalist,0.9989,0.2754,0.7235,"journalists, media, she, years, glasgow",5
95004,accountant,F,16,accountant,0.9872,0.0097,0.9775,"tax, portfolio, consulting, practicing, corporations",5
69035,attorney,F,2,attorney,0.9997,0.9991,0.0006,"attorney, staff, electronic, previously, with",5
57334,surgeon,M,9,surgeon,0.8984,0.0099,0.8885,"director, surgery, the, dr, he",5
49219,professor,F,0,professor,0.9678,0.9987,-0.031,"research, currently, analyzed, management, how",5
74339,model,F,12,model,0.9994,0.9327,0.0667,"freeones, gallery, she, evansville, born",5
57648,professor,M,0,professor,0.9855,0.9762,0.0093,"poetry, journals, has, pushcart, interdisciplinary",5
60417,professor,F,0,professor,0.9993,0.9985,0.0008,"research, she, education, journals, co",5
66922,professor,F,0,professor,0.9994,0.9985,0.0009,"pedagogical, phd, specializes, she, university",5
81825,surgeon,M,9,surgeon,0.9988,0.9986,0.0003,"surgery, practices, currently, medical, specialties",5
69717,physician,M,1,physician,0.9985,0.9959,0.0026,"medicine, medicine, environmental, metabolism, carbohydrate",5
78780,software engineer,M,15,software engineer,0.8736,0.9157,-0.0421,"with, the, his, games, industry",5
7542,photographer,M,3,photographer,0.993,0.0007,0.9923,"photograph, photo, photographer, breathtakingly, images",5
87975,physician,M,1,physician,0.9709,0.6952,0.2757,"science, clinic, practices, krishna, dr",5
62624,software engineer,M,15,software engineer,0.9868,0.9697,0.0171,"linux, linux, currently, architecture, allows",5
82597,physician,F,1,physician,0.682,0.5696,0.1124,"practice, bahl, 1750319638, 4189, mrs",5
17292,physician,F,1,physician,0.6178,0.7178,-0.0999,"medical, university, school, dr, minnesota",5
49736,nurse,F,5,nurse,0.9994,0.0025,0.9969,"nurse, graduated, practitioner, she, experiences",5
59842,psychologist,F,6,psychologist,0.9988,0.9828,0.016,"clinical, therapists, includes, emdr, neurobiology",5
67818,attorney,M,2,attorney,0.9997,0.9996,0.0,"experience, california, farooqui, experience, trademark",5
25803,professor,M,0,professor,0.9967,0.9916,0.0052,"for, with, senior, also, journals",5
31326,software engineer,M,15,software engineer,0.5535,0.7742,-0.2207,"architecture, deployment, oriented, improving, focus",5
63957,professor,M,0,professor,0.9983,0.9937,0.0047,"extensive, publications, innovations, inventory, has",5
28185,attorney,F,2,attorney,0.9997,0.998,0.0017,"represents, matters, been, families, she",5
33509,professor,M,0,professor,0.9897,0.5864,0.4033,"student, resident, his, interests, emergency",5
56678,professor,M,0,professor,0.9989,0.5542,0.4447,"phd, research, engineering, research, decentralized",5
14886,physician,M,1,physician,0.6703,0.7034,-0.0331,"missionary, doctor, toronto, spent, years",5
23390,attorney,F,2,attorney,0.9998,0.9961,0.0036,"practice, on, her, represents, credit",5
54914,nurse,F,5,nurse,0.9983,0.006,0.9923,"nurse, graduated, she, honors, practitioner",5
16794,professor,M,0,professor,0.9978,0.7462,0.2516,"scientist, research, research, doctoral, before",5
92564,nurse,M,5,nurse,0.9997,0.3392,0.6605,"nurse, practitioner, experiences, graduated, honors",5
23442,teacher,M,7,teacher,0.323,0.135,0.1879,"teaching, school, cinema, at, collaborates",5
56747,photographer,M,3,photographer,0.9984,0.9894,0.009,"photography, portrait, street, editing, frame",5
3813,teacher,M,7,teacher,0.9571,0.0248,0.9324,"schools, governor, district, state, are",5
56920,model,F,12,model,0.9993,0.9979,0.0014,"model, cover, playboy, the, appearance",5
39768,attorney,M,2,attorney,0.9997,0.9995,0.0002,"attorney, probates, handles, reckless, wills",5
53126,attorney,M,2,attorney,0.9996,0.9996,0.0001,"practiced, mehring, mr, law, has",5
19720,psychologist,F,6,psychologist,0.9946,0.1107,0.8839,"psychology, psychologist, currently, the, jocelyn",5
62153,attorney,F,2,attorney,0.3347,0.2249,0.1099,"family, child, fisk, lasting, academy",5
2288,physician,M,1,physician,0.9998,0.6132,0.3866,"medicine, practices, medicine, medical, hospital",5
55771,filmmaker,M,14,filmmaker,0.9025,0.0059,0.8966,"film, documentary, sidney, festivals, kenya",5
44516,professor,F,0,professor,0.9994,0.9995,-0.0,"phd, carnegie, earned, university, research",5
47786,painter,M,11,painter,0.9959,0.745,0.251,"painting, exhibited, gallery, art, from",5
89197,professor,F,0,professor,0.9988,0.9605,0.0383,"reviewer, information, postdoctoral, phd, of",5
85648,filmmaker,M,14,filmmaker,0.9682,0.626,0.3421,"production, founded, films, director, own",5
81248,attorney,F,2,attorney,0.6949,0.7408,-0.0459,"parents, education, rights, parents, co",5
13523,physician,F,1,physician,0.9997,0.9994,0.0003,"a98283, dr, 1255484069, license, professional",5
21322,dietitian,F,18,dietitian,0.9956,0.0192,0.9765,"diet, nutrition, make, people, helping",5
22834,accountant,F,16,accountant,0.4959,0.4037,0.0922,"businesses, been, she, small, over",5
42590,attorney,F,2,attorney,0.9997,0.3476,0.6521,"counsel, house, matters, extensive, experience",5
92863,photographer,M,3,photographer,0.997,0.9827,0.0144,"photographies, his, couple, aviary, last",5
54919,model,F,12,model,0.3192,0.0382,0.281,"perfectionist, fit, fitness, teacher, benefits",5
28163,attorney,M,2,attorney,0.9992,0.9989,0.0003,"putney, hirson, twombley, he, litigation",5
1991,professor,F,0,professor,0.711,0.4381,0.2729,"medical, the, dr, americal, the",5
95384,dietitian,F,18,dietitian,0.9906,0.9875,0.0031,"dietitians, metabolic, dietetistes, diseases, metabolic",5
48500,professor,F,0,professor,0.9989,0.9724,0.0265,"rhetoric, ph, university, earned, she",5
21188,professor,F,0,professor,0.9995,0.9973,0.0022,"research, focuses, century, her, literary",5
81882,professor,M,0,professor,0.9973,0.1919,0.8053,"his, raised, chengdu, phd, his",5
85609,physician,F,1,physician,0.97,0.5334,0.4366,"college, hospital, school, medical, texas",5
70044,physician,M,1,physician,0.9945,0.0591,0.9354,"medical, medicine, school, performed, his",5
47220,psychologist,M,6,psychologist,0.9987,0.4767,0.522,"psychology, counseling, carolinas, ph, married",5
11064,model,F,12,model,0.999,0.7531,0.2459,"modeling, her, earned, former, larsa",5
28093,teacher,F,7,teacher,0.9975,0.9749,0.0226,"students, students, grade, teach, robotics",5
94619,nurse,M,5,nurse,0.6202,0.0177,0.6025,"trauma, unit, attached, adult, before",5
49414,professor,M,0,professor,0.9985,0.9864,0.0121,"faculty, neurology, the, chris, evms",5
81729,software engineer,M,15,software engineer,0.9584,0.8089,0.1495,"masters, received, degrees, he, electrical",5
22196,composer,F,17,composer,0.9953,0.9866,0.0087,"it, may, textures, also, sounds",5
88330,professor,F,0,professor,0.9989,0.8102,0.1886,"physical, teaching, kinesiotaping, focus, physical",5
24925,professor,M,0,professor,0.9698,0.1724,0.7974,"professors, all, university, stone, california",5
7891,model,F,12,model,0.9982,0.2686,0.7295,"actor, born, she, was, paloma",5
95305,professor,M,0,professor,0.9996,0.9991,0.0006,"previous, university, aims, academic, researcher",5
1259,physician,F,1,physician,0.9998,0.9594,0.0403,"medicine, practices, medicine, in, medicine",5
94280,nurse,F,5,nurse,0.9994,0.6768,0.3226,"nurse, nyu, career, maegan, with",5
48548,teacher,F,7,teacher,0.8993,0.4352,0.4641,"bachelor, educational, science, curriculum, administration",5
34256,professor,M,0,professor,0.8772,0.7398,0.1374,"various, work, is, interested, processes",5
38595,physician,M,1,physician,0.9889,0.3604,0.6285,"hospital, patients, paediatrics, position, allergy",5
58496,journalist,F,4,journalist,0.9861,0.8359,0.1502,"interviewed, to, directors, has, prestigious",5
72718,photographer,F,3,photographer,0.9964,0.1829,0.8134,"photo, large, work, and, processed",5
74832,filmmaker,F,14,filmmaker,0.9875,0.0898,0.8977,"films, directed, has, experimental, film",5
84387,nurse,M,5,nurse,0.9997,0.0048,0.9948,"nurse, graduated, practitioner, experiences, 2014",5
26171,accountant,M,16,accountant,0.9989,0.9988,0.0001,"accounting, firms, international, experience, plc",5
22517,professor,M,0,professor,0.9989,0.987,0.0118,"university, been, courses, he, teaching",5
42732,accountant,M,16,accountant,0.9986,0.9972,0.0014,"financial, reporting, financial, control, reporting",5
54506,nurse,F,5,nurse,0.9976,0.5596,0.438,"professional, she, 1215294764, credentials, crnp",5
13402,attorney,M,2,attorney,0.9987,0.9991,-0.0004,"litigation, hampden, criminal, defense, practice",5
34277,professor,M,0,professor,0.9994,0.6018,0.3976,"doctorate, received, science, university, michigan",5
31629,professor,F,0,professor,0.9993,0.9902,0.0091,"and, research, include, interests, criminal",5
85805,dentist,M,8,dentist,0.9549,0.9052,0.0497,"bds, dentistry, dental, siroya, dental",5
18759,model,F,12,model,0.9994,0.9656,0.0338,"freeones, born, she, gallery, she",5
86661,dentist,M,8,dentist,0.8111,0.0427,0.7683,"dental, dental, bds, clinic, madhukar",5
85575,professor,M,0,professor,0.9829,0.9974,-0.0145,"author, 360, for, the, articles",5
18154,software engineer,M,15,software engineer,0.8676,0.18,0.6876,"ranges, software, architecture, virtualization, development",5
21831,physician,M,1,physician,0.9403,0.8495,0.0908,"medicine, at, he, medicine, dr",5
80642,comedian,M,19,comedian,0.6357,0.0052,0.6305,"seasonal, laugh, is, and, comedy",5
95364,professor,M,0,professor,0.6309,0.5703,0.0606,"hematology, oncology, harvard, he, phd",5
16552,professor,M,0,professor,0.9991,0.9962,0.0029,"primary, research, his, statistical, include",5
65562,professor,M,0,professor,0.9995,0.9989,0.0006,"microscopes, development, oversees, physiologically, research",5
10011,professor,M,0,professor,0.9982,0.5667,0.4315,"research, distributed, phd, interests, include",5
12460,professor,F,0,professor,0.9998,0.9998,0.0,"articles, research, reviewed, violence, published",5
29989,professor,F,0,professor,0.9985,0.9912,0.0073,"ph, chinese, marketing, an, in",5
31044,attorney,M,2,attorney,0.9981,0.9959,0.0022,"litigation, criminal, defense, degrees, university",5
57,professor,M,0,professor,0.9997,0.9997,0.0001,"ph, earned, he, studies, sociology",5
22647,photographer,F,3,photographer,0.9971,0.0072,0.9899,"photographer, working, photographed, polish, career",5
72227,journalist,M,4,journalist,0.8907,0.3575,0.5333,"martial, while, mixed, arts, he",5
3875,photographer,F,3,photographer,0.9977,0.9875,0.0103,"images, of, work, vietnam, working",5
85687,professor,M,0,professor,0.9906,0.1711,0.8195,"studies, publication, network, avant, to",5
38032,software engineer,M,15,software engineer,0.9892,0.9754,0.0138,"his, device, development, drivers, career",5
6275,professor,M,0,professor,0.9994,0.8861,0.1134,"research, include, interests, his, bayesian",5
45977,poet,F,13,poet,0.7719,0.902,-0.1302,"poetry, length, chapbook, chapbooks, her",5
52150,photographer,F,3,photographer,0.3989,0.0206,0.3783,"exhibited, art, documentaries, presidents, pieces",5
15721,attorney,M,2,attorney,0.9992,0.9938,0.0053,"matters, advises, act, affordable, advice",5
70849,professor,M,0,professor,0.9946,0.9202,0.0744,"research, dedicated, dr, psychotherapy, kanter",5
57060,physician,M,1,physician,0.9976,0.9952,0.0024,"medicine, gropper, graduated, interests, dr",5
21776,model,F,12,model,0.2643,0.0821,0.1822,"heiress, goals, business, robbing, family",5
77013,professor,F,0,professor,0.9982,0.9948,0.0034,"environmental, chemist, studied, she, investigates",5
41393,surgeon,M,9,surgeon,0.9989,0.9987,0.0002,"currently, practices, dr, medicine, at",5
21337,teacher,M,7,teacher,0.4682,0.3876,0.0806,"arts, in, degree, lives, of",5
49352,teacher,M,7,teacher,0.2246,0.0632,0.1614,"poems, had, poems, has, the",5
82517,attorney,F,2,attorney,0.9997,0.9996,0.0001,"graduate, graduate, attorney, role, of",5
56691,professor,M,0,professor,0.9945,0.955,0.0394,"digitization, career, phd, their, communication",5
41260,attorney,M,2,attorney,0.9998,0.9998,0.0,"includes, clients, law, assists, disputes",5
12456,professor,F,0,professor,0.9896,0.9727,0.0169,"associate, professor, fellows, interests, mentor",5
13991,dentist,F,8,dentist,0.9976,0.8361,0.1615,"dental, clinic, quatili, dr, smilz",5
85198,poet,F,13,poet,0.4109,0.1201,0.2909,"new, poetry, lustralia, her, published",5
8310,photographer,F,3,photographer,0.9988,0.947,0.0518,"photography, photography, film, since, digital",5
84202,photographer,M,3,photographer,0.9986,0.9975,0.0011,"digitalphotopro, americanphoto, to, applied, ability",5
74964,filmmaker,F,14,filmmaker,0.9867,0.9925,-0.0058,"filmmaking, videotexts, year, festival, documentary",5
7156,attorney,M,2,attorney,0.9997,0.9997,-0.0,"legal, centers, law, chair, law",5
82487,nurse,F,5,nurse,0.6082,0.1624,0.4458,"holistic, pharmaceutical, path, cures, to",5
32959,surgeon,M,9,surgeon,0.9894,0.9783,0.0111,"surgical, techniques, with, simmons, experience",5
73404,surgeon,M,9,surgeon,0.7886,0.3299,0.4587,"treated, doctors, treated, treatment, who",5
52160,professor,F,0,professor,0.5983,0.6051,-0.0068,"program, nurse, curriculum, actively, been",5
17632,physician,M,1,physician,0.475,0.1202,0.3548,"medical, advisory, he, pittsburgh, temple",5
27723,attorney,M,2,attorney,0.9953,0.3306,0.6648,"legal, advice, plenty, financial, plenty",5
36313,accountant,M,16,accountant,0.6834,0.6975,-0.0141,"school, previously, paychex®, the, worked",5
13028,professor,M,0,professor,0.9982,0.9931,0.0051,"journals, doing, his, research, is",5
90630,surgeon,F,9,surgeon,0.9482,0.9378,0.0104,"surgeries, sulochana, mumbai, done, dr",5
83219,model,F,12,model,0.9989,0.9989,0.0,"eastern, squishy, tits, soft, weighs",5
79718,psychologist,F,6,psychologist,0.9824,0.608,0.3743,"dr, harpine, clanton, research, on",5
46704,professor,M,0,professor,0.6632,0.0759,0.5873,"clinical, research, sinus, focused, for",5
36275,physician,M,1,physician,0.8663,0.2153,0.651,"mbbs, dr, rajesh, college, gandhi",5
61518,photographer,M,3,photographer,0.9905,0.0562,0.9343,"photography, and, timelessness, and, satie",5
82255,physician,M,1,physician,0.9021,0.7786,0.1235,"medicine, boruszak, professionally, rating, of",5
22004,dentist,F,8,dentist,0.9886,0.0021,0.9866,"dental, busy, chiropractors, practice, had",5
80,attorney,M,2,attorney,0.9996,0.9339,0.0657,"litigates, cases, 2015, protect, the",5
83880,nurse,F,5,nurse,0.9997,0.8887,0.111,"nurse, she, graduated, medicine, practitioner",5
35544,professor,M,0,professor,0.9749,0.5839,0.391,"projects, funded, completed, have, narragansett",5
59926,painter,F,11,painter,0.9877,0.915,0.0726,"student, painter, painting, art, the",5
70146,dentist,M,8,dentist,0.9982,0.711,0.2872,"dr, has, he, practicing, hospital",5
90382,filmmaker,M,14,filmmaker,0.9953,0.9924,0.0029,"filmmaker, documentary, projects, when, journey",5
87825,surgeon,M,9,surgeon,0.9969,0.9873,0.0096,"and, he, clinically, techniques, rely",5
53422,professor,M,0,professor,0.9996,0.9994,0.0002,"valadez, professor, research, focus, researcher",5
46773,physician,M,1,physician,0.9998,0.978,0.0218,"medicine, medicine, hostetter, practices, jennersville",5
26415,surgeon,M,9,surgeon,0.999,0.9988,0.0002,"medicine, graduated, surgical, kansas, dr",5
66964,model,M,12,model,0.9992,0.9989,0.0003,"modelling, runway, model, fashion, skills",5
82512,professor,M,0,professor,0.9997,0.9996,0.0001,"faculty, western, the, prior, 2014",5
26369,nurse,F,5,nurse,0.9981,0.0131,0.985,"hiv, care, nursing, nurse, health",5
36120,physician,F,1,physician,0.9994,0.3257,0.6738,"medical, degree, dr, from, hospital",5
63662,dietitian,F,18,dietitian,0.9986,0.0029,0.9957,"dietitian, nutrition, medicine, registered, nutrition",5
49814,teacher,F,7,teacher,0.999,0.995,0.0039,"taught, teacher, teacher, language, studies",5
13724,attorney,M,2,attorney,0.3418,0.1076,0.2342,"register, mounds, research, hopes, the",5
6748,professor,M,0,professor,0.9996,0.9957,0.0039,"the, prosthetics, university, focuses, laboratory",5
55449,attorney,F,2,attorney,0.9995,0.998,0.0015,"legal, defense, law, law, clerked",5
77069,professor,F,0,professor,0.9997,0.9982,0.0016,"organizational, research, journal, she, systems",5
28170,attorney,M,2,attorney,0.9998,0.9998,0.0,"attorney, appeals, court, lemberg, court",5
26595,physician,F,1,physician,0.3496,0.0698,0.2799,"journals, professional, her, medical, awards",5
44554,professor,F,0,professor,0.9998,0.9997,0.0,"research, nanotechnology, she, editor, chair",5
56806,attorney,M,2,attorney,0.9996,0.9991,0.0005,"university, law, currently, juris, law",5
28500,architect,M,10,architect,0.9972,0.9917,0.0055,"architectural, full, technology, design, residential",5
43560,teacher,M,7,teacher,0.6579,0.6059,0.052,"from, tutoring, in, married, range",5
13843,journalist,M,4,journalist,0.9719,0.9484,0.0236,"africani, rizzoli, book, italy, mainly",5
73255,dentist,M,8,dentist,0.9959,0.9216,0.0743,"dentistry, dentist, dental, pediatric, oral",5
35919,physician,F,1,physician,0.9975,0.7859,0.2116,"medicine, practices, shackelton, dr, with",5
77756,attorney,M,2,attorney,0.3457,0.0002,0.3455,"law, center, graduate, school, diplomacy",5
27849,professor,M,0,professor,0.9998,0.9773,0.0224,"research, research, studies, economics, ongoing",5
40757,painter,M,11,painter,0.9929,0.554,0.4388,"painting, paintings, studio, drawing, portraiture",5
6157,professor,F,0,professor,0.9996,0.9995,0.0,"articles, monograph, she, examining, also",5
90642,professor,M,0,professor,0.9993,0.0611,0.9382,"phd, his, obtained, business, management",5
44473,psychologist,M,6,psychologist,0.3739,0.2233,0.1506,"insight, madness, madmen, prevent, and",5
20250,photographer,F,3,photographer,0.9715,0.5212,0.4502,"degree, stills, fine, creating, art",5
95322,physician,M,1,physician,0.9951,0.1047,0.8904,"physician, physician, medicine, medical, dr",5
71658,professor,F,0,professor,0.903,0.9629,-0.0598,"research, on, the, work, designer",5
23325,professor,M,0,professor,0.9998,0.9996,0.0002,"university, ph, idaho, research, teaching",5
10176,physician,M,1,physician,0.9644,0.969,-0.0046,"medicine, preventive, college, dr, focuses",5
44619,photographer,M,3,photographer,0.9977,0.2354,0.7624,"photographic, centre, northern, finnish, exhibition",5
31752,professor,F,0,professor,0.9977,0.9699,0.0278,"research, interested, focuses, doctorate, she",5
62242,professor,F,0,professor,0.9171,0.8567,0.0604,"main, native, clinical, research, focus",5
55410,poet,M,13,poet,0.5757,0.3403,0.2354,"poetry, english, creative, writing, writing",5
35723,professor,M,0,professor,0.9963,0.2067,0.7896,"youngest, holds, age, doctor, faculty",5
28165,photographer,M,3,photographer,0.9849,0.0809,0.904,"images, which, are, two, captures",5
95258,professor,M,0,professor,0.9995,0.9993,0.0002,"huizenga, coordinator, programs, university, school",5
94661,physician,M,1,physician,0.9994,0.9938,0.0056,"medicine, lieppman, graduate, medicare, ophthalmology",5
42943,professor,M,0,professor,0.9975,0.8344,0.1631,"research, examines, judgment, his, consumer",5
72940,painter,F,11,painter,0.7881,0.1174,0.6707,"artist, studied, has, eliot, she",5
41816,physician,F,1,physician,0.9998,0.3703,0.6296,"practices, medicine, pocatello, ms, medical",5
50274,journalist,M,4,journalist,0.5806,0.3678,0.2128,"leftdom, prejudices, in, there, settled",5
42660,professor,F,0,professor,0.9981,0.9959,0.0022,"project, studies, history, anticolonial, is",5
69340,journalist,M,4,journalist,0.8128,0.6473,0.1655,"waxpak, card, the, babe, took",5
89890,professor,M,0,professor,0.9995,0.9993,0.0002,"research, focuses, conflict, cooperation, reinforcing",5
50484,physician,F,1,physician,0.9998,0.8828,0.117,"medicine, gynecology, hospital, specializes, aleibar",5
18373,composer,M,17,composer,0.9973,0.9964,0.0009,"composition, violin, guitar, music, composers",5
66567,professor,M,0,professor,0.9997,0.9995,0.0003,"ph, academic, teaches, research, advises",5
25632,psychologist,F,6,psychologist,0.9993,0.1084,0.8909,"psychologist, psychologist, experiences, clinical, jill",5
13729,professor,F,0,professor,0.9993,0.8766,0.1228,"ph, prior, bmu, she, dr",5
12883,photographer,M,3,photographer,0.9681,0.5676,0.4005,"photographic, dance, when, working, panoramic",5
16551,professor,M,0,professor,0.9983,0.9915,0.0068,"scientific, liser, career, phd, his",5
34061,painter,M,11,painter,0.9919,0.9927,-0.0008,"painting, paintings, watercolours, paintings, paintings",5
47475,professor,F,0,professor,0.9991,0.8428,0.1562,"theatre, education, colorado, bfa, mfa",5
23393,painter,M,11,painter,0.996,0.1834,0.8126,"painted, paint, figurative, photorealists, painter",5
78137,photographer,F,3,photographer,0.9985,0.3392,0.6594,"photography, degree, in, ba, lived",5
67230,teacher,F,7,teacher,0.9988,0.9875,0.0113,"teacher, academy, pomona, education, school",5
7467,professor,F,0,professor,0.9868,0.6653,0.3215,"iopapathanasiou, teaches, courses, fundamental, interest",5
19443,dentist,M,8,dentist,0.9977,0.8935,0.1042,"dental, ahuja, clinic, shalimar, dr",5
69582,professor,F,0,professor,0.9997,0.9966,0.0031,"rachna, phd, management, in, received",5
54653,psychologist,F,6,psychologist,0.9993,0.0027,0.9966,"psychologist, in, experiences, doctors, she",5
46048,professor,M,0,professor,0.9987,0.041,0.9577,"radiologic, science, programs, teaches, he",5
29071,professor,M,0,professor,0.9998,0.9995,0.0003,"research, economics, ph, professor, applied",5
69868,professor,M,0,professor,0.9997,0.9994,0.0003,"focuses, finance, macroeconomics, research, fellow",5
42356,professor,F,0,professor,0.9993,0.9991,0.0002,"phd, from, studies, holds, york",5
29006,photographer,F,3,photographer,0.9976,0.8908,0.1068,"pictures, habit, regular, taking, volunteers",5
6984,poet,M,13,poet,0.9282,0.2806,0.6476,"poetry, good, poetry, at, is",5
42592,attorney,F,2,attorney,0.9996,0.9994,0.0002,"jd, law, nyu, law, fellowship",5
18919,physician,F,1,physician,0.9731,0.2273,0.7457,"medical, attended, pediatrics, medicine, at",5
92234,professor,M,0,professor,0.9997,0.9983,0.0014,"research, journal, areas, include, policing",5
34481,professor,M,0,professor,0.9991,0.9381,0.061,"phd, research, electrical, received, his",5
4821,physician,F,1,physician,0.9998,0.7995,0.2004,"medicine, waxahachie, practices, medicine, specializes",5
91297,professor,M,0,professor,0.9995,0.9976,0.0019,"teaches, decision, courses, does, in",5
79721,software engineer,M,15,software engineer,0.9432,0.6655,0.2777,"build, management, web, development, programming",5
70538,physician,F,1,physician,0.9998,0.9149,0.085,"medicine, practices, in, sacramento, disease",5
53000,surgeon,M,9,surgeon,0.9957,0.9883,0.0075,"craniofacial, surgeons, surgery, surgeons, medical",5
57530,attorney,F,2,attorney,0.9975,0.0478,0.9498,"boston, graduate, law, school, recent",5
164,professor,M,0,professor,0.9998,0.9997,0.0001,"focuses, nanotechnology, postdoctoral, research, university",5
63980,poet,M,13,poet,0.9645,0.9356,0.0289,"creative, poetry, writing, at, studied",5
45422,professor,M,0,professor,0.9997,0.9995,0.0002,"phd, obtaining, 2005, research, superieure",5
24481,professor,F,0,professor,0.9254,0.356,0.5694,"research, interests, include, emotional, her",5
74779,photographer,M,3,photographer,0.9853,0.8857,0.0996,"photography, which, interest, an, for",5
2585,professor,F,0,professor,0.9909,0.7526,0.2383,"to, information, journals, she, assurance",5
5609,photographer,M,3,photographer,0.9979,0.9967,0.0011,"photography, reuters, creative, of, leica",5
37614,professor,F,0,professor,0.9346,0.0753,0.8592,"dana, professor, huffpost, social, associate",5
26875,professor,M,0,professor,0.9989,0.9841,0.0148,"geopolitical, research, interaction, in, interests",5
89608,professor,F,0,professor,0.9993,0.9986,0.0007,"she, currently, at, articles, edited",5
37642,surgeon,M,9,surgeon,0.9966,0.7746,0.222,"surgery, orthopaedics, orthopaedic, orthopaedics, professor",5
15017,photographer,F,3,photographer,0.9987,0.0446,0.9541,"photographer, photocommincations, shooting, in, clients",5
53095,professor,M,0,professor,0.9982,0.7466,0.2516,"research, interests, are, theory, in",5
12380,professor,F,0,professor,0.9895,0.3141,0.6753,"education, ontario, research, include, university",5
83515,physician,M,1,physician,0.9813,0.6444,0.3369,"medicine, medicine, affiliated, at, he",5
23074,physician,F,1,physician,0.9994,0.9986,0.0008,"medical, medical, school, cholesterol, college",5
56672,psychologist,M,6,psychologist,0.9918,0.9732,0.0186,"psychology, psychologists, tutored, psychologist, psychological",5
3781,professor,M,0,professor,0.9975,0.9747,0.0229,"comparative, university, bachelor, literature, ph",5
19794,dentist,F,8,dentist,0.9633,0.9172,0.0461,"dental, bds, dental, dental, dental",5
88720,physician,M,1,physician,0.9998,0.7055,0.2944,"medicine, practices, panama, medical, dermatology",5
66631,attorney,M,2,attorney,0.9385,0.5157,0.4228,"council, mr, currently, kodjak, is",5
46622,attorney,F,2,attorney,0.9987,0.9991,-0.0004,"supreme, law, new, defense, jury",5
68666,professor,M,0,professor,0.7125,0.7371,-0.0245,"has, nursing, him, in, seen",5
31094,poet,F,13,poet,0.8314,0.0026,0.8288,"poetry, poetry, award, poetics, self",5
46957,model,F,12,model,0.7146,0.179,0.5355,"risqua©, avoided, moves, duet, perform",5
94188,painter,F,11,painter,0.9869,0.5162,0.4707,"painting, painting, art, bfa, expressionist",5
69997,professor,M,0,professor,0.9998,0.9998,0.0001,"research, public, interests, book, journal",5
89783,physician,M,1,physician,0.7321,0.2969,0.4352,"woodlands, conditions, community, serve, treats",5
93670,teacher,F,7,teacher,0.9925,0.6695,0.323,"teachers, today, the, developmentally, environments",5
60505,nurse,M,5,nurse,0.9997,0.1623,0.8374,"nurse, practitioner, experiences, graduated, 2009",5
58910,physician,F,1,physician,0.9998,0.9444,0.0554,"medicine, medicine, specializes, family, in",5
74352,photographer,M,3,photographer,0.9951,0.1746,0.8205,"finland, capture, portraits, travelled, rovaniemi",5
94925,model,F,12,model,0.9992,0.9985,0.0007,"model, redondo, models, fashion, she",5
71383,professor,M,0,professor,0.8719,0.8766,-0.0047,"led, programs, chair, un, mitigation",5
80993,attorney,M,2,attorney,0.9994,0.9992,0.0003,"clients, juries, successfully, disputes, damages",5
89679,psychologist,M,6,psychologist,0.9856,0.5614,0.4242,"possibilities, cultivating, psychological, individuals, physical",5
29769,photographer,F,3,photographer,0.994,0.6781,0.3159,"photography, in, ma, communication, at",5
35120,physician,F,1,physician,0.9352,0.8918,0.0435,"louisiana, she, of, shreveport, blue",5
60096,attorney,M,2,attorney,0.8212,0.6656,0.1555,"wilmington, 26, stop, police, unlawfully",5
2914,teacher,F,7,teacher,0.9948,0.2155,0.7792,"student, class, life, goes, her",5
7696,physician,M,1,physician,0.9455,0.1706,0.7749,"medicine, texas, graduated, university, of",5
51919,physician,M,1,physician,0.648,0.0102,0.6377,"parish, health, chairs, infirmarian, at",5
60927,professor,M,0,professor,0.9987,0.9344,0.0644,"doctoral, degree, studies, management, carolina",5
37455,photographer,M,3,photographer,0.9896,0.9818,0.0078,"pictures, time, images, opportunities, taking",5
81165,physician,M,1,physician,0.9998,0.597,0.4029,"medicine, practices, medicine, orange, medical",5
77874,photographer,M,3,photographer,0.995,0.9882,0.0068,"photographs, locations, other, lens, james",5
36396,accountant,M,16,accountant,0.9969,0.0464,0.9506,"accountancy, accounting, bachelors, and, degree",5
77709,professor,M,0,professor,0.9685,0.0393,0.9292,"phd, the, received, operation, computer",5
71458,photographer,F,3,photographer,0.3911,0.015,0.3761,"houtte, show, fontanel, images, tagwalk",5
83209,physician,F,1,physician,0.9998,0.9968,0.003,"medicine, marcotte, gynecology, practices, in",5
95325,journalist,M,4,journalist,0.9978,0.9927,0.0051,"publications, written, press, for, several",5
42326,attorney,M,2,attorney,0.9998,0.9998,-0.0,"litigation, kondrla, focuses, his, practice",5
36977,professor,M,0,professor,0.9999,0.9987,0.0012,"phd, research, aerospace, research, engineering",5
43157,poet,M,13,poet,0.5818,0.1938,0.388,"when, more, his, many, modern",5
32590,professor,M,0,professor,0.9974,0.9266,0.0708,"pharmacology, hematopathology, haycocks, pathology, baylor",5
67243,professor,M,0,professor,0.9873,0.0711,0.9162,"phd, studies, his, students, teaching",5
95066,attorney,F,2,attorney,0.9991,0.9992,-0.0001,"appellate, practice, public, advocacy, areas",5
9225,photographer,F,3,photographer,0.7097,0.8523,-0.1426,"exhibited, exhibited, been, has, clark",5
41884,physician,M,1,physician,0.9993,0.9947,0.0046,"problems, sackler, attended, pacemaker, interests",5
11099,professor,F,0,professor,0.999,0.9947,0.0044,"princeton, researched, taught, she, and",5
24149,painter,M,11,painter,0.9947,0.4651,0.5296,"painting, vignoles, exhibited, in, works",5
37303,teacher,M,7,teacher,0.8833,0.0689,0.8145,"aramaic, circle, international, director, daleallenhoffman",5
64984,accountant,M,16,accountant,0.9977,0.1587,0.839,"cfo, mrc, controller, industry, amr",5
40979,attorney,F,2,attorney,0.9996,0.9995,0.0001,"ohio, school, hofstra, real, received",5
76479,attorney,F,2,attorney,0.9959,0.5651,0.4307,"law, edwards, until, practiced, her",5
93412,attorney,M,2,attorney,0.9995,0.9874,0.012,"matters, issues, juvenile, law, visitation",5
21390,professor,M,0,professor,0.992,0.8649,0.1271,"research, clinical, focus, clinical, performed",5
37381,professor,F,0,professor,0.6453,0.1187,0.5266,"student, minorities, greatest, her, professional",5
63763,attorney,M,2,attorney,0.9988,0.8173,0.1815,"marriage, work, legal, transgender, protections",5
34156,teacher,F,7,teacher,0.9578,0.4002,0.5576,"teaching, educators, prior, educators, graduate",5
65604,dentist,M,8,dentist,0.9969,0.8927,0.1041,"dental, clinic, associated, pradip, dr",5
77368,professor,M,0,professor,0.9995,0.8533,0.1461,"holds, research, he, university, ecosystem",5
64905,model,F,12,model,0.9989,0.998,0.0008,"modeling, model, sailor, actress, sentai",5
81521,professor,M,0,professor,0.9977,0.9792,0.0185,"work, economics, mainly, his, public",5
73816,surgeon,M,9,surgeon,0.7038,0.4577,0.2461,"implants, medicine, dr, surgeons, surgeons",5
73620,professor,M,0,professor,0.9995,0.9993,0.0001,"lectured, information, academic, published, systems",5
65883,painter,F,11,painter,0.8112,0.0025,0.8087,"mural, udayan, her, held, in",5
5187,physician,F,1,physician,0.7346,0.0416,0.6931,"medical, medical, director, director, planet",5
79683,professor,M,0,professor,0.6398,0.2303,0.4095,"internal, tendinopathies, interests, musculoskeletal, residency",5
8480,teacher,M,7,teacher,0.215,0.1638,0.0512,"wants, wife, astral, inspiration, understands",5
49065,nurse,F,5,nurse,0.5398,0.8544,-0.3146,"medical, she, australia, roundup, professionals",5
28068,journalist,F,4,journalist,0.9506,0.871,0.0796,"transitional, tufts, majoring, in, currently",5
58117,professor,F,0,professor,0.9986,0.999,-0.0004,"research, criminology, researcher, focuses, entanglements",5
95153,physician,M,1,physician,0.9997,0.9997,-0.0,"meds7087, 1376766154, alaska, professional, dr",5
49846,accountant,M,16,accountant,0.9984,0.2462,0.7522,"accounting, tax, taxation, pricewaterhousecoopers, science",5
54789,model,F,12,model,0.9978,0.7627,0.2351,"acting, bollywood, fashion, graduate, younger",5
7173,professor,F,0,professor,0.9934,0.8534,0.14,"courses, review, editor, also, program",5
7984,attorney,M,2,attorney,0.9997,0.9996,0.0001,"lawyer, litigation, steve, represented, clients",5
52999,dietitian,F,18,dietitian,0.6171,0.015,0.6021,"nutrition, based, health, diabetes, weight",5
71249,professor,M,0,professor,0.9972,0.9949,0.0023,"received, ghana, 1995, university, doctorate",5
53249,photographer,F,3,photographer,0.9396,0.0756,0.864,"photojournalist, photographs, worked, her, her",5
14858,surgeon,M,9,surgeon,0.9962,0.996,0.0002,"surgery, cardiothoracic, surgery, surgeons, surgery",5
50260,dentist,M,8,dentist,0.9082,0.7864,0.1219,"dental, abhijith, dental, clinic, kumar",5
42634,photographer,M,3,photographer,0.9922,0.9834,0.0088,"photography, camera, passion, lens, was",5
66259,professor,M,0,professor,0.9998,0.9997,0.0001,"neuromuscular, research, ph, edu, the",5
59391,surgeon,M,9,surgeon,0.9989,0.9987,0.0002,"kimbrell, surgery, he, certified, medical",5
45155,physician,M,1,physician,0.9301,0.5779,0.3522,"medicine, dr, community, programs, public",5
53990,painter,F,11,painter,0.9956,0.0298,0.9658,"paintings, her, nihonga, she, style",5
80526,software engineer,M,15,software engineer,0.9893,0.9826,0.0067,"software, instantiations, engineering, experience, projects",5
64571,attorney,F,2,attorney,0.9672,0.0004,0.9668,"law, to, school, sophomore, get",5
89357,journalist,F,4,journalist,0.9989,0.3623,0.6366,"starting, sky, canberra, news, first",5
36910,professor,F,0,professor,0.997,0.1818,0.8152,"doctorate, public, certified, with, accountant",5
78230,journalist,F,4,journalist,0.9942,0.9832,0.011,"years, journalism, experience, politicspolitics, 20",5
4487,dentist,M,8,dentist,0.9966,0.7854,0.2112,"practising, dental, dr, clinic, thukral",5
74474,psychologist,F,6,psychologist,0.9985,0.9603,0.0381,"psychology, working, into, prison, forensic",5
17846,dentist,M,8,dentist,0.9181,0.8607,0.0574,"dental, rahul, dental, dental, tooth",5
10556,photographer,M,3,photographer,0.9982,0.9435,0.0546,"photography, photography, pictures, career, captured",5
79155,professor,M,0,professor,0.9864,0.9475,0.0388,"research, varambally, him, journals, expertise",5
77488,attorney,M,2,attorney,0.9997,0.9982,0.0015,"litigation, injury, main, his, workplace",5
84467,teacher,M,7,teacher,0.8459,0.5766,0.2693,"subjects, passionate, philosophy, alok, rounded",5
79232,professor,M,0,professor,0.9976,0.9827,0.0149,"has, canada, extensive, entrepreneurial, dr",5
3744,surgeon,M,9,surgeon,0.891,0.2897,0.6013,"arthroplasty, surgery, fellowship, orthopaedic, is",5
22449,professor,M,0,professor,0.9995,0.9993,0.0003,"econometrics, research, economics, ph, yeditepe",5
6120,attorney,F,2,attorney,0.9987,0.8822,0.1165,"cases, defends, employers, then, discrimination",5
40124,professor,F,0,professor,0.9908,0.5025,0.4883,"research, focuses, her, also, students",5
87081,professor,M,0,professor,0.9998,0.9996,0.0002,"understanding, focuses, research, wildlife, include",5
45879,dentist,M,8,dentist,0.9949,0.0841,0.9108,"dentistry, dr, patients, ny, caredash",5
22685,painter,M,11,painter,0.9522,0.0178,0.9344,"gallery, gallery, gallery, gallery, gallery",5
70188,professor,F,0,professor,0.9991,0.9968,0.0023,"visualization, data, research, students, phd",5
46951,dentist,F,8,dentist,0.9706,0.8704,0.1002,"dentists, bds, dr, mds, jain",5
57666,model,F,12,model,0.9921,0.0678,0.9243,"star, she, cheeriness, the, life",5
83645,photographer,M,3,photographer,0.9977,0.0336,0.9642,"photography, photographer, works, studied, rangpur",5
12952,psychologist,F,6,psychologist,0.9985,0.9854,0.0131,"psychologist, services, school, and, southwest",5
6712,nurse,F,5,nurse,0.9997,0.6309,0.3688,"nurse, she, honors, graduated, practitioner",5
28399,psychologist,F,6,psychologist,0.9994,0.0119,0.9875,"psychologist, neuropsychological, in, experiences, doctors",5
4761,filmmaker,M,14,filmmaker,0.9838,0.9862,-0.0024,"scripts, film, his, film, fine",5
64529,dentist,M,8,dentist,0.9988,0.9965,0.0023,"dentist, patients, dr, his, happy",5
83008,composer,M,17,composer,0.9937,0.0102,0.9835,"musical, compositions, by, two, the",5
78626,professor,M,0,professor,0.9997,0.9996,0.0001,"research, ph, interests, ieee, current",5
93657,professor,M,0,professor,0.999,0.9984,0.0006,"cybersecurity, professor, at, scholar, for",5
48718,psychologist,F,6,psychologist,0.9978,0.9897,0.0081,"therapists, survivors, working, childhood, sexual",5
80265,professor,M,0,professor,0.5639,0.6297,-0.0658,"work, law, projects, conducts, focuses",5
76232,physician,F,1,physician,0.9893,0.9427,0.0466,"medicine, medicare, dr, graduated, patient",5
75806,software engineer,M,15,software engineer,0.8695,0.8975,-0.028,"engineer, java, of, engineer, is",5
39269,photographer,M,3,photographer,0.9991,0.8313,0.1678,"photographers, regularly, editorials, works, created",5
76216,painter,F,11,painter,0.9878,0.9712,0.0166,"painting, fine, painting, illustrator, focus",5
23263,teacher,M,7,teacher,0.9779,0.008,0.9699,"teachers, teachers, 12, program, astronomy",5
19118,professor,M,0,professor,0.9994,0.2319,0.7675,"research, interests, phd, interactive, his",5
89848,attorney,F,2,attorney,0.9996,0.9945,0.0051,"legal, killeen, skill, lawyer, law",5
52698,psychologist,F,6,psychologist,0.9937,0.7721,0.2216,"psycho, psychology, author, clinic, three",5
20421,professor,F,0,professor,0.9995,0.9988,0.0008,"research, prior, ph, bilingualism, beginning",5
82680,professor,M,0,professor,0.654,0.3116,0.3424,"writings, clarkfeusier, clark, the, between",5
71272,professor,M,0,professor,0.9891,0.9858,0.0033,"journals, consultations, course, articles, has",5
37931,teacher,F,7,teacher,0.9673,0.6922,0.2751,"teacher, adults, specialist, history, has",5
14258,teacher,F,7,teacher,0.9329,0.001,0.9319,"students, her, moonlighting, lesson, erika",5
27075,painter,M,11,painter,0.9206,0.009,0.9117,"paintings, thrift, dullest, them, store",5
17055,photographer,M,3,photographer,0.9975,0.946,0.0515,"photography, works, works, appear, jakarta",5
33809,physician,F,1,physician,0.9989,0.9874,0.0115,"medicine, schwartz, affiliated, school, dr",5
90235,poet,F,13,poet,0.8063,0.2009,0.6054,"cultureparty, at, wordpress, thelondonpaper, on",5
16487,professor,M,0,professor,0.9963,0.1592,0.8371,"dr, researcher, soliman, as, the",5
76633,nurse,F,5,nurse,0.9618,0.8482,0.1136,"role, her, health, child, paediatric",5
19692,software engineer,M,15,software engineer,0.4548,0.4571,-0.0024,"fps, gaming, isn, and, he",5
91150,teacher,F,7,teacher,0.9981,0.083,0.9151,"taught, psychology, she, teacher, training",5
84983,teacher,F,7,teacher,0.9888,0.7011,0.2876,"school, during, teaching, partner, deadlines",5
50241,physician,F,1,physician,0.9999,0.7346,0.2652,"medicine, medicine, castaneda, in, practices",5
75946,professor,M,0,professor,0.9988,0.5857,0.4132,"phonetics, his, expertise, phonology, phonology",5
783,professor,M,0,professor,0.9996,0.9967,0.0029,"phd, research, received, probabilistic, his",5
62927,attorney,M,2,attorney,0.9994,0.7001,0.2993,"law, arkansas, bar, foreclosure, tennessee",5
90892,comedian,M,19,comedian,0.9967,0.1946,0.8022,"comedy, comedy, awards, won, possible",5
58601,professor,M,0,professor,0.9993,0.9977,0.0016,"biostatistics, research, university, developing, interest",5
3790,attorney,M,2,attorney,0.9982,0.3085,0.6897,"llm, specializes, law, international, yoram",5
4233,professor,F,0,professor,0.9976,0.9945,0.0031,"her, turkey, journals, nobel, in",5
29434,professor,F,0,professor,0.936,0.7252,0.2108,"published, she, conducts, focuses, evaluating",5
42298,attorney,F,2,attorney,0.999,0.9993,-0.0003,"experience, graduate, juris, earned, doctor",5
49119,professor,F,0,professor,0.5433,0.0083,0.535,"research, interests, are, social, interpersonal",5
85310,nurse,F,5,nurse,0.9997,0.7208,0.2788,"nurse, experiences, practitioner, 2013, honors",5
34688,physician,F,1,physician,0.9998,0.886,0.1138,"medicine, willenborg, gynecology, obstetrics, practices",5
40299,physician,F,1,physician,0.9922,0.9853,0.007,"medicine, mercy, herrera, english, hospital",5
25837,professor,F,0,professor,0.953,0.5597,0.3933,"oncology, journals, interests, editorial, her",5
44703,architect,M,10,architect,0.5175,0.3051,0.2124,"his, subjects, cafe, fun, sale",5
56534,physician,M,1,physician,0.8803,0.8606,0.0197,"dr, doctors, medical, medicine, graduated",5
89896,physician,F,1,physician,0.9998,0.9446,0.0552,"medicine, practices, lenyo, in, ms",5
43777,attorney,M,2,attorney,0.9996,0.9997,-0.0,"law, payments, electronicpaymentslaw, emerging, areas",5
44566,poet,M,13,poet,0.5198,0.2715,0.2483,"playwrights, prebble, teaches, playwright, lyric",5
61556,professor,M,0,professor,0.9782,0.9746,0.0036,"suicide, been, funded, focusing, articles",5
41558,accountant,F,16,accountant,0.999,0.9239,0.0751,"accounting, in, accounting, financial, business",5
92577,nurse,F,5,nurse,0.997,0.8111,0.1859,"nurse, and, julie, development, intimately",5
41013,photographer,M,3,photographer,0.9952,0.0231,0.9721,"photography, images, depicting, props, towards",5
67299,photographer,M,3,photographer,0.8454,0.1408,0.7045,"design, his, annual, competitions, design",5
53168,attorney,M,2,attorney,0.9947,0.9945,0.0002,"addition, courts, case, malpractice, the",5
87511,physician,F,1,physician,0.9862,0.8503,0.1359,"graduated, of, medicine, california, she",5
44911,professor,F,0,professor,0.9986,0.9993,-0.0008,"research, specializations, pedagogy, philosophical, popular",5
31571,nurse,F,5,nurse,0.9997,0.9299,0.0698,"nurse, practitioner, graduated, experiences, 1987",5
7453,comedian,M,19,comedian,0.9808,0.2089,0.7719,"april, he, season, the, fool",5
29251,journalist,F,4,journalist,0.998,0.9209,0.0771,"journalism, reporting, times, team, news",5
27958,professor,F,0,professor,0.9765,0.9145,0.062,"epidemiology, biostatistics, heterogeneity, focused, from",5
6198,attorney,F,2,attorney,0.9996,0.9675,0.032,"clients, legal, representing, families, cases",5
22015,professor,M,0,professor,0.9693,0.5334,0.4359,"completed, undergraduate, hematology, oncology, fellowship",5
71617,professor,M,0,professor,0.9988,0.9966,0.0022,"lab, focuses, bioinformatics, immunogenetics, epigenetic",5
3136,professor,F,0,professor,0.6594,0.0668,0.5927,"received, indiana, her, chicago, 1998",5
23468,physician,M,1,physician,0.9261,0.3503,0.5758,"medical, epo, michigan, medical, school",5
14326,photographer,M,3,photographer,0.9959,0.9707,0.0253,"photographers, photo, steveboylephoto, currently, some",5
65840,nurse,M,5,nurse,0.9985,0.8431,0.1554,"nursing, years, experience, he, experience",5
28615,photographer,F,3,photographer,0.9715,0.7078,0.2637,"photojournalism, photographers, skyphoto, photography, photojournalism",5
29309,professor,F,0,professor,0.9996,0.9995,0.0002,"anthropology, courses, teaches, research, ethnographic",5
72211,professor,F,0,professor,0.9967,0.0974,0.8993,"neuropsychologist, scholar, faculty, dr, she",5
55093,nurse,F,5,nurse,0.9997,0.1172,0.8825,"nurse, graduated, she, medicine, practitioner",5
78862,photographer,M,3,photographer,0.9969,0.9914,0.0055,"photographs, exhibitions, works, appeared, magazines",5
11504,professor,F,0,professor,0.8612,0.0212,0.84,"doctorate, proponent, dissertation, her, learning",5
15761,professor,M,0,professor,0.9992,0.999,0.0002,"econometrics, applied, australian, reputable, journals",5
78708,physician,M,1,physician,0.6703,0.3875,0.2829,"graduate, gastrointestinal, cancer, medicine, expertise",5
23431,composer,M,17,composer,0.9972,0.9805,0.0167,"electroacoustic, works, composition, music, and",5
41414,teacher,M,7,teacher,0.181,0.0962,0.0848,"he, considers, having, after, wife",5
6856,photographer,F,3,photographer,0.7427,0.0012,0.7415,"photo, produced, stories, several, also",5
29136,dentist,F,8,dentist,0.9985,0.9373,0.0612,"dentistry, maxillofacial, specialties, speaks, include",5
26818,attorney,F,2,attorney,0.7455,0.4259,0.3196,"legal, program, adviser, robin, tech",5
72465,professor,F,0,professor,0.9985,0.9949,0.0036,"dermatology, director, dermatology, dermatology, dermatology",5
87037,dentist,M,8,dentist,0.9875,0.0673,0.9202,"dental, his, university, hopkins, north",5
84344,professor,F,0,professor,0.9979,0.9852,0.0127,"methodology, interests, education, ethnography, also",5
89515,teacher,M,7,teacher,0.9697,0.1033,0.8665,"meditation, school, classes, classes, hosting",5
41751,architect,F,10,architect,0.7882,0.0009,0.7873,"information, symantec, usability, architecture, mlis",5
53572,professor,F,0,professor,0.9177,0.011,0.9067,"professor, university, university, ritchey, effects",5
54462,physician,F,1,physician,0.6635,0.5523,0.1112,"practice, 1336290477, estep, years, mrs",5
19963,professor,F,0,professor,0.2329,0.0598,0.1731,"with, years, for, fabric, ten",5
67083,professor,M,0,professor,0.9989,0.9979,0.001,"holds, endicott, prior, he, to",5
46299,professor,F,0,professor,0.9962,0.6189,0.3773,"biotechnology, courses, experience, bangalore, she",5
58434,professor,F,0,professor,0.9996,0.9992,0.0004,"scholar, was, visiting, ph, research",5
9004,attorney,F,2,attorney,0.9997,0.9982,0.0015,"transactional, her, matters, regulatory, on",5
89722,dietitian,F,18,dietitian,0.9983,0.9895,0.0088,"dietitics, nutrition, diet, nutrition, diet",5
7208,poet,M,13,poet,0.9597,0.0549,0.9048,"poetry, and, to, magazine, malmo",5
15906,photographer,F,3,photographer,0.9981,0.0136,0.9845,"photos, body, continues, best, arts",5
81148,photographer,M,3,photographer,0.9946,0.0293,0.9653,"photography, exhibitions, career, there, florida",5
57251,professor,M,0,professor,0.7413,0.6163,0.125,"topics, like, apart, more, mundane",5
6833,psychologist,F,6,psychologist,0.9846,0.9803,0.0042,"treatment, specializes, clinician, health, practice",5
64024,journalist,M,4,journalist,0.9597,0.3466,0.6131,"writer, work, city, stone, author",5
56889,psychologist,M,6,psychologist,0.9994,0.1181,0.8812,"psychologist, in, experiences, he, especially",5
32202,surgeon,M,9,surgeon,0.7214,0.3094,0.4119,"surgery, dr, physician, surgery, he",5
61766,professor,F,0,professor,0.9994,0.9984,0.001,"studies, teaching, mathras, her, services",5
85810,photographer,M,3,photographer,0.9939,0.4092,0.5847,"photography, photographs, photographs, visited, varanasi",5
58694,physician,M,1,physician,0.9998,0.9784,0.0214,"medicine, san, practices, pediatrics, in",5
90889,attorney,F,2,attorney,0.9861,0.8621,0.1241,"legal, legal, kentucky, intern, earned",5
52252,physician,M,1,physician,0.9656,0.9101,0.0555,"4337, he, center, 667, northside",5
70681,professor,M,0,professor,0.9991,0.9984,0.0007,"political, phd, behavior, iliev, dr",5
32000,professor,F,0,professor,0.9854,0.3026,0.6828,"received, doctorate, scholarly, research, she",5
55747,painter,F,11,painter,0.9941,0.9715,0.0225,"paintings, free, work, collections, media",5
71791,filmmaker,M,14,filmmaker,0.6505,0.1994,0.4511,"props, repurposes, art, the, detritus",5
29589,attorney,F,2,attorney,0.9994,0.0044,0.995,"law, her, transactions, representing, nonprofits",5
62787,professor,F,0,professor,0.9997,0.9995,0.0001,"university, research, florida, published, fellow",5
8575,psychologist,M,6,psychologist,0.7701,0.1253,0.6448,"faculty, psychology, member, since, to",5
28190,professor,F,0,professor,0.9996,0.9989,0.0007,"teaching, in, focus, author, research",5
90290,physician,F,1,physician,0.9536,0.9718,-0.0181,"medicine, physicians, dr, medical, dr",5
67700,professor,F,0,professor,0.9859,0.4322,0.5537,"she, neonatal, practitioner, funding, publications",5
93357,filmmaker,M,14,filmmaker,0.9926,0.9762,0.0165,"filmmaker, films, film, feature, films",5
10416,journalist,M,4,journalist,0.6203,0.6081,0.0122,"to, abulfaz, elchibey, peace, peace",5
55877,model,F,12,model,0.9991,0.9871,0.012,"model, followers, she, instagram, her",5
68114,physician,F,1,physician,0.9996,0.8985,0.101,"md, professional, md14414, 1013259308, washington",5
30770,physician,F,1,physician,0.9997,0.9996,0.0001,"alaska, 1932170297, dr, professional, 2600",5
35251,photographer,M,3,photographer,0.9979,0.9983,-0.0004,"shoots, photography, a7rii, cameras, lot",5
90743,poet,F,13,poet,0.9483,0.9488,-0.0006,"poetry, collections, her, poetry, runs",5
83698,journalist,M,4,journalist,0.9688,0.9774,-0.0086,"reporter, strategy, pulitzer, president, media",5
19330,professor,M,0,professor,0.5044,0.1206,0.3838,"phd, the, werts, laude, which",5
36656,dentist,F,8,dentist,0.7666,0.5942,0.1724,"provider, patient, network, affiliated, rating",5
88484,teacher,M,7,teacher,0.998,0.5643,0.4337,"students, recipe, explained, each, love",5
8374,teacher,F,7,teacher,0.9973,0.8099,0.1874,"teachers, pedagogy, teacher, kindergarten, students",5
80564,professor,F,0,professor,0.9995,0.997,0.0025,"interested, she, is, of, methods",5
30619,architect,M,10,architect,0.9987,0.9979,0.0008,"architect, architecture, graduated, 2012, university",5
6770,physician,M,1,physician,0.8806,0.7099,0.1706,"medical, dr, attended, school, school",5
44620,professor,M,0,professor,0.9996,0.9704,0.0292,"university, ph, his, his, materials",5
69417,professor,M,0,professor,0.9965,0.449,0.5474,"completed, doctoral, research, psychophysiological, include",5
84312,nurse,F,5,nurse,0.9997,0.1671,0.8326,"nurse, graduated, she, experiences, honors",5
35604,painter,M,11,painter,0.9927,0.901,0.0917,"seascapes, brush, environs, captures, evocative",5
21923,professor,M,0,professor,0.5495,0.1701,0.3795,"mycobacterium, epidemiologist, university, louis, injury",5
10631,dentist,M,8,dentist,0.9929,0.9514,0.0415,"dentist, dentistry, dental, tools, dental",5
71180,poet,F,13,poet,0.9931,0.9474,0.0457,"poems, poems, poet, look, passionate",5
16426,physician,F,1,physician,0.9689,0.9423,0.0266,"medicine, years, language, of, degree",5
58582,professor,F,0,professor,0.9779,0.9562,0.0217,"gynecology, endocrinology, gynecologists, fellow, obstetricians",5
55426,physician,F,1,physician,0.6633,0.5544,0.1089,"practice, ms, ms, erway, 1346286887",5
33363,architect,F,10,architect,0.9761,0.7052,0.2709,"techniques, heralds, home, australian, darlington",5
68107,professor,M,0,professor,0.9994,0.9969,0.0025,"research, current, theory, interests, years",5
48894,professor,F,0,professor,0.9647,0.0577,0.907,"her, students, scholars, with, pedagogical",5
53018,nurse,F,5,nurse,0.9997,0.1984,0.8013,"nurse, especially, practitioner, she, graduated",5
53616,teacher,F,7,teacher,0.9989,0.8695,0.1293,"with, special, education, degree, children",5
21619,physician,F,1,physician,0.9958,0.0053,0.9905,"medicine, professor, medical, assistant, clinical",5
59328,professor,M,0,professor,0.9997,0.9997,0.0,"geosciences, ph, editorial, duke, program",5
13754,dentist,M,8,dentist,0.9823,0.9469,0.0355,"patients, dr, his, choice, is",5
54052,photographer,M,3,photographer,0.9951,0.6835,0.3116,"photographer, photography, passion, photography, studied",5
9490,filmmaker,M,14,filmmaker,0.9963,0.9638,0.0326,"films, filmmaking, short, film, collective",5
50882,teacher,M,7,teacher,0.998,0.015,0.983,"curriculum, mathcraft, school, core, common",5
19877,physician,F,1,physician,0.9998,0.6642,0.3357,"medicine, practices, plano, otolaryngology, medical",5
50605,journalist,F,4,journalist,0.9985,0.3276,0.6709,"news, articles, publications, agency, investigations",5
64584,nurse,F,5,nurse,0.9982,0.8855,0.1126,"nurse, nurse, nursing, her, practitioner",5
3338,nurse,F,5,nurse,0.9997,0.9614,0.0383,"nurse, midwife, doctors, graduated, honors",5
40310,photographer,M,3,photographer,0.9952,0.1873,0.8079,"photographer, photographer, photography, photographers, only",5
51386,teacher,F,7,teacher,0.6785,0.0178,0.6607,"student, humor, program, currently, the",5
73295,painter,F,11,painter,0.9838,0.0826,0.9012,"paintings, poignant, oil, curiosities, hobart",5
72374,photographer,M,3,photographer,0.8157,0.0018,0.8139,"artist, being, of, grew, the",5
59743,architect,M,10,architect,0.6204,0.3842,0.2363,"bookings, developing, as, platform, management",5
75273,architect,M,10,architect,0.9949,0.2625,0.7324,"design, summer, construction, intern, crew",5
90941,comedian,M,19,comedian,0.9877,0.8088,0.1789,"performed, starred, he, venues, emmy",5
64996,attorney,M,2,attorney,0.9963,0.9987,-0.0024,"attorney, an, litigation, specializing, heart",5
18885,professor,F,0,professor,0.998,0.9565,0.0415,"scholar, she, pedagogy, president, research",5
46390,surgeon,M,9,surgeon,0.999,0.999,-0.0001,"medicine, surgery, currently, practices, arkansas",5
16030,physician,M,1,physician,0.8892,0.6633,0.2259,"medicine, hydronephrosis, disease, geffen, graduate",5
58517,professor,M,0,professor,0.9997,0.9994,0.0003,"communication, online, published, work, research",5
90439,nurse,F,5,nurse,0.9994,0.3979,0.6015,"abortions, nurse, nurse, women, need",5
4144,photographer,M,3,photographer,0.7671,0.0984,0.6687,"showed, new, work, france, immigrants",5
31527,professor,F,0,professor,0.9996,0.9989,0.0007,"ph, research, pittsburgh, professor, include",5
74370,psychologist,F,6,psychologist,0.9979,0.9989,-0.001,"psychology, clinical, treatments, emotional, depression",5
25900,professor,M,0,professor,0.9997,0.9996,0.0001,"research, gakushuin, journal, journal, interests",5
21855,dentist,M,8,dentist,0.9364,0.328,0.6084,"dental, bds, dental, practices, hospital",5
4954,professor,M,0,professor,0.9991,0.8005,0.1986,"research, deals, with, his, algorithms",5
88811,dentist,M,8,dentist,0.9971,0.8536,0.1435,"dentistry, dentist, dental, general, and",5
54214,journalist,M,4,journalist,0.997,0.2028,0.7942,"reported, book, conflicts, has, about",5
30222,professor,M,0,professor,0.9916,0.5797,0.4119,"studies, impact, he, the, digital",5
4878,architect,F,10,architect,0.5612,0.0034,0.5578,"has, composers, installations, musicians, years",5
93162,professor,M,0,professor,0.9998,0.9997,0.0001,"scholarly, ph, interests, focus, current",5
15877,physician,M,1,physician,0.9925,0.9898,0.0027,"graduated, affiliated, dr, he, focuses",5
55444,physician,F,1,physician,0.9998,0.8686,0.1312,"medicine, medicine, brackbill, in, hospital",5
27462,photographer,F,3,photographer,0.5636,0.0679,0.4957,"schiesser, said, tour, become, quite",5
39062,surgeon,M,9,surgeon,0.9965,0.9967,-0.0002,"microsurgery, surgery, surgery, surgery, hospitals",5
1429,attorney,F,2,attorney,0.9996,0.9985,0.001,"appeals, court, mccullough, joining, llp",5
36348,comedian,F,19,comedian,0.9772,0.6796,0.2976,"comedian, mtv, adam, girl, she",5
62632,professor,M,0,professor,0.8511,0.5438,0.3073,"issueinterviewssyllabireadingsvideoarchiveartforumsubscribeadvertiseaboutcontact, commentcomments, work, permalinkadd, new",5
38544,psychologist,F,6,psychologist,0.9994,0.0361,0.9632,"psychologist, in, experiences, doctors, especially",5
79665,attorney,M,2,attorney,0.9969,0.9989,-0.002,"attorney, snoco, washington, served, court",5
73120,attorney,M,2,attorney,0.9995,0.4113,0.5882,"counsel, legal, clients, has, represented",5
64975,surgeon,M,9,surgeon,0.9989,0.9987,0.0002,"haverbush, medical, surgery, dr, practices",5
79461,professor,F,0,professor,0.9995,0.9993,0.0002,"dr, previously, martin, studies, public",5
24612,attorney,F,2,attorney,0.947,0.0235,0.9235,"defense, she, carder, commercial, ninth",5
85939,psychologist,F,6,psychologist,0.9988,0.9991,-0.0003,"psychoanalytic, psychology, psychology, social, ma",5
33734,professor,F,0,professor,0.9995,0.9721,0.0274,"ph, political, university, science, university",5
89990,journalist,F,4,journalist,0.9983,0.9991,-0.0008,"journalism, journalist, news, news, correspondent",5
5412,poet,F,13,poet,0.9763,0.783,0.1933,"poetry, irish, poetry, insubstantial, the",5
43130,poet,F,13,poet,0.9882,0.8898,0.0985,"poetry, write, poetry, poems, has",5
82664,professor,F,0,professor,0.9322,0.0004,0.9318,"teaches, she, healthy, pharmacology, fnp",5
19498,journalist,F,4,journalist,0.9986,0.9892,0.0094,"journalism, worked, she, news, graduated",5
84253,physician,M,1,physician,0.8758,0.3154,0.5604,"epo, provider, network, carriers, for",5
84686,attorney,M,2,attorney,0.9988,0.0659,0.9329,"attorney, injury, paul, he, san",5
20508,photographer,M,3,photographer,0.9979,0.996,0.0018,"photography, career, photographer, staff, photography",5
47901,attorney,F,2,attorney,0.9997,0.9987,0.001,"represents, acupuncturists, law, providers, ashley",5
75755,software engineer,M,15,software engineer,0.9862,0.988,-0.0018,"aix, linux, performance, plug, java",5
88358,psychologist,F,6,psychologist,0.9626,0.9412,0.0214,"empowerment, education, child, work, treated",5
45443,attorney,F,2,attorney,0.995,0.1474,0.8476,"jd, she, received, her, clara",5
7455,physician,F,1,physician,0.9191,0.8157,0.1034,"practice, years, 1427277730, 5733, mack",5
3825,surgeon,M,9,surgeon,0.9989,0.6464,0.3525,"surgery, currently, practices, specializes, practice",5
17237,attorney,M,2,attorney,0.9874,0.9745,0.0129,"bachelor, and, graduating, served, law",5
70373,surgeon,M,9,surgeon,0.9821,0.9884,-0.0063,"surgery, his, founder, medicine, aneurysm",5
25960,physician,F,1,physician,0.6347,0.3037,0.331,"obtained, she, her, surgery, training",5
74562,photographer,F,3,photographer,0.9933,0.439,0.5543,"photos, maternity, of, sample, vimeo",5
91273,professor,M,0,professor,0.964,0.2591,0.7049,"palgrave, macmillanlanguage, author, cultural, studies",5
11998,surgeon,F,9,surgeon,0.8579,0.0024,0.8555,"surgery, surgery, cancer, specializes, breast",5
86920,nurse,F,5,nurse,0.6693,0.6504,0.0189,"clients, diseases, plan, chronic, cause",5
49883,poet,F,13,poet,0.7803,0.0647,0.7156,"poetry, her, she, in, appears",5
83414,nurse,F,5,nurse,0.9997,0.9514,0.0484,"nurse, practitioner, experiences, in, 2007",5
52180,architect,M,10,architect,0.9963,0.8828,0.1136,"architect, architecture, design, licensed, building",5
74890,journalist,M,4,journalist,0.9969,0.9938,0.0031,"editor, is, proremodeler, to, at",5
71299,physician,F,1,physician,0.9879,0.7221,0.2659,"medicine, creek, rotation, clinic, she",5
8040,painter,F,11,painter,0.9629,0.4676,0.4954,"alive, galleries, with, has, work",5
65329,professor,F,0,professor,0.9926,0.9677,0.0249,"dr, research, postdoctoral, professor, assistant",5
24428,attorney,M,2,attorney,0.9996,0.9996,0.0001,"attorney, attorney, consumer, plaintiffs, clients",5
9155,photographer,M,3,photographer,0.9939,0.8966,0.0972,"photos, in, is, story, for",5
87433,attorney,M,2,attorney,0.9977,0.8223,0.1754,"social, issues, jhall, disability, speaker",5
23283,photographer,M,3,photographer,0.9778,0.1298,0.848,"photo, current, university, essay, exhibit",5
44398,professor,M,0,professor,0.6929,0.1555,0.5374,"author, american, cinema, is, author",5
64134,professor,M,0,professor,0.9997,0.9996,0.0001,"research, philosophy, interests, ph, theology",5
34768,surgeon,F,9,surgeon,0.9853,0.0286,0.9567,"surgeon, medical, is, known, industry",5
89700,psychologist,F,6,psychologist,0.9985,0.996,0.0025,"psychotherapy, psychology, tutoring, provides, and",5
71790,model,F,12,model,0.9235,0.8267,0.0967,"mga, nakakaligtaan, magulang, siya, mahal",5
80529,attorney,M,2,attorney,0.9011,0.8559,0.0451,"republican, race, endorsement, lost, carla",5
64808,accountant,M,16,accountant,0.9942,0.5186,0.4756,"accounting, public, for, 40, financial",5
84750,professor,F,0,professor,0.9995,0.9983,0.0012,"theatre, holds, she, directing, in",5
37775,nurse,M,5,nurse,0.8909,0.0108,0.8801,"nursing, emergency, experiences, medicine, current",5
80432,painter,F,11,painter,0.9123,0.0562,0.8561,"art, gallery, online, her, her",5
57875,professor,M,0,professor,0.3731,0.9959,-0.6227,"empower, scholars, emu, and, professor",5
59739,teacher,M,7,teacher,0.9955,0.8615,0.1339,"curriculum, workshops, ryerson, teacher, students",5
57842,journalist,F,4,journalist,0.9987,0.9952,0.0035,"publications, guardian, reporting, contributed, continents",5
58704,model,M,12,model,0.9976,0.9104,0.0872,"commercials, model, started, his, appeared",5
85426,dentist,M,8,dentist,0.9988,0.3409,0.6579,"dentistry, dr, general, his, specialties",5
19544,professor,M,0,professor,0.9978,0.9738,0.024,"directs, program, nationally, program, health",5
57092,physician,F,1,physician,0.9998,0.9911,0.0087,"medicine, endocrinology, moser, hospital, specializes",5
69577,physician,M,1,physician,0.6172,0.601,0.0162,"medicine, blepharoplasty, graduated, of, and",5
7186,psychologist,F,6,psychologist,0.3868,0.1568,0.23,"author, an, sheltering, consultant, she",5
11029,professor,M,0,professor,0.9991,0.9958,0.0033,"phd, prize, obtained, his, researcher",5
21034,professor,M,0,professor,0.6707,0.0012,0.6695,"interest, philadelphia, clinical, in, he",5
77061,attorney,F,2,attorney,0.9996,0.9994,0.0002,"ms, convictions, immigration, uscis, appeals",5
37903,poet,F,13,poet,0.9829,0.9831,-0.0002,"poetry, bluebirds, poetics, mfa, press",5
12417,journalist,F,4,journalist,0.7824,0.9064,-0.124,"written, general, goucher, of, she",5
83181,professor,M,0,professor,0.9974,0.0442,0.9531,"faculty, school, miller, of, recently",5
83804,dentist,M,8,dentist,0.9866,0.8903,0.0963,"dentistry, dentistry, university, dental, florida",5
4283,poet,M,13,poet,0.4389,0.1289,0.3099,"at, the, intellectual, his, populist",5
17772,professor,F,0,professor,0.8193,0.8851,-0.0658,"research, has, an, mentoring, teaching",5
18294,professor,F,0,professor,0.999,0.9971,0.0019,"phd, rhetoric, pedagogy, specialization, areas",5
12925,professor,F,0,professor,0.9982,0.9943,0.0039,"phd, her, university, monograph, studio",5
8954,physician,F,1,physician,0.768,0.3429,0.4251,"currently, from, degree, domingo, doctor",5
33958,teacher,M,7,teacher,0.9655,0.2082,0.7572,"teacher, chartered, an, history, and",5
92660,dentist,M,8,dentist,0.9959,0.0059,0.99,"periodontal, include, clinical, his, with",5
43009,dentist,F,8,dentist,0.99,0.4303,0.5598,"dental, clinic, practices, bds, dr",5
85745,photographer,F,3,photographer,0.9968,0.1923,0.8044,"photography, theme, common, how, say",5
74411,photographer,F,3,photographer,0.998,0.0171,0.9809,"photography, photography, of, and, professor",5
18781,professor,M,0,professor,0.7545,0.9157,-0.1612,"009492, is, registered, prof, meiring",5
10576,surgeon,M,9,surgeon,0.9668,0.9645,0.0023,"dr, completed, easley, ankle, memorial",5
4465,professor,M,0,professor,0.9988,0.9982,0.0006,"publications, gutema, philosophy, monographs, ethiopia",5
7387,professor,M,0,professor,0.9675,0.2604,0.7071,"poetry, literary, american, editor, review",5
54536,accountant,F,16,accountant,0.9982,0.991,0.0072,"cpas, accounting, cpas, cpas, in",5
70702,physician,M,1,physician,0.9673,0.7835,0.1838,"graduated, osteopathic, of, from, 2006",5
63040,photographer,M,3,photographer,0.6745,0.0997,0.5749,"shoot, surreal, to, are, works",5
45266,attorney,M,2,attorney,0.9998,0.9998,-0.0,"represented, clients, he, matters, judges",5
24618,professor,M,0,professor,0.9996,0.9991,0.0005,"interests, research, university, are, illinois",5
6346,professor,F,0,professor,0.6898,0.0014,0.6884,"physician, she, also, is, the",5
55176,professor,M,0,professor,0.9997,0.9995,0.0002,"teaches, research, has, years, interests",5
38809,physician,F,1,physician,0.9998,0.885,0.1148,"medicine, practices, las, in, medical",5
63510,attorney,M,2,attorney,0.9966,0.9929,0.0037,"negotiating, development, clients, development, cng",5
75056,attorney,M,2,attorney,0.6827,0.4231,0.2596,"american, in, supervisors, tenacious, advocacy",5
87604,software engineer,M,15,software engineer,0.9804,0.5586,0.4218,"computer, robocoin, attaining, science, his",5
87742,nurse,F,5,nurse,0.9997,0.9344,0.0653,"nurse, graduated, she, honors, midwife",5
51719,software engineer,M,15,software engineer,0.5299,0.5754,-0.0455,"predictive, company, application, founder, based",5
4027,physician,M,1,physician,0.523,0.1603,0.3627,"physicians, medicine, emergency, section, oversight",5
47867,accountant,F,16,accountant,0.9974,0.7281,0.2693,"accountant, financial, hgg, the, at",5
84805,professor,M,0,professor,0.9826,0.001,0.9816,"professor, uml, editor, the, journal",5
70566,professor,F,0,professor,0.9959,0.5842,0.4117,"research, pedagogy, interests, educational, experiential",5
58523,architect,M,10,architect,0.9938,0.997,-0.0032,"architecture, as, architecture, design, make",5
29727,professor,M,0,professor,0.961,0.0138,0.9472,"faculty, award, he, award, teacher",5
35329,psychologist,F,6,psychologist,0.484,0.2992,0.1848,"overcome, her, victim, violence, alcoholic",5
8142,photographer,F,3,photographer,0.4705,0.0348,0.4357,"story, first, personal, unique, also",5
18531,physician,M,1,physician,0.9751,0.8805,0.0946,"medicine, affiliated, medicine, daniels, dr",5
37692,software engineer,M,15,software engineer,0.7779,0.3164,0.4615,"playstation, while, not, with, hockey",5
79440,professor,M,0,professor,0.9998,0.9998,0.0,"research, professor, sesquicentennial, review, journals",5
72885,photographer,M,3,photographer,0.9983,0.9986,-0.0003,"photography, photography, photography, portraiture, clients",5
76890,physician,F,1,physician,0.9998,0.6318,0.3681,"medicine, practices, medicine, syracuse, specializes",5
80761,dentist,M,8,dentist,0.998,0.7282,0.2698,"dr, has, he, practicing, years",5
22050,physician,F,1,physician,0.997,0.9836,0.0134,"medicine, deshmukh, vidyapeeth, at, bharati",5
86903,composer,M,17,composer,0.9964,0.9914,0.005,"music, music, exquisite, since, music",5
70026,physician,M,1,physician,0.9477,0.9514,-0.0037,"epo, onocology, university, attended, miami",5
975,photographer,F,3,photographer,0.9849,0.8324,0.1525,"photography, passion, video, has, the",5
73753,attorney,F,2,attorney,0.9995,0.4711,0.5284,"juris, law, certificate, civil, doctorate",5
80862,nurse,F,5,nurse,0.9997,0.7458,0.2539,"nurse, medicine, practitioner, she, graduated",5
89316,professor,M,0,professor,0.9995,0.9995,0.0001,"research, ph, interests, postdictatorial, university",5
39376,attorney,M,2,attorney,0.9997,0.9997,0.0001,"firm, law, litigation, foreclosure, lofchie",5
29410,model,F,12,model,0.9954,0.0555,0.9399,"fans, beauty, of, her, relationship",5
25578,journalist,F,4,journalist,0.8991,0.6489,0.2503,"generation, previously, wrote, canada´s, community",5
40753,nurse,F,5,nurse,0.9743,0.018,0.9563,"nurse, hospital, excellence, experience, infusion",5
39188,journalist,M,4,journalist,0.9988,0.9681,0.0307,"journalist, public, origin, and, of",5
49387,physician,F,1,physician,0.9998,0.8769,0.123,"medicine, practices, charlestown, medicine, mcadams",5
25694,professor,M,0,professor,0.9983,0.983,0.0153,"epistemology, specialty, of, interests, is",5
43496,composer,M,17,composer,0.9564,0.0316,0.9248,"technology, college, in, royal, music",5
84531,photographer,M,3,photographer,0.9964,0.0063,0.99,"photographic, includes, coverage, charlotte, icon",5
6587,professor,M,0,professor,0.9998,0.9993,0.0005,"research, interests, major, papers, his",5
39640,professor,F,0,professor,0.9726,0.0489,0.9237,"research, explores, angeles, tweets, she",5
14955,physician,M,1,physician,0.99,0.9549,0.0351,"medicine, affiliations, graduated, honors, hospital",5
39496,filmmaker,M,14,filmmaker,0.9893,0.7184,0.271,"documentary, speciesism, his, visual, film",5
37520,professor,M,0,professor,0.9362,0.2102,0.726,"psychophysiology, research, for, also, expression",5
64966,surgeon,F,9,surgeon,0.9164,0.9815,-0.0651,"surgeons, surgeon, orthopaedic, diagnosis, kelleher",5
9343,physician,M,1,physician,0.9936,0.9969,-0.0033,"medicine, studied, he, dr, interest",5
46445,attorney,F,2,attorney,0.5031,0.1471,0.356,"litigation, realized, attending, desire, judith",5
6762,dentist,F,8,dentist,0.9675,0.9813,-0.0138,"dental, dental, dental, bds, denture",5
63977,physician,F,1,physician,0.9998,0.9869,0.0129,"medicine, exton, practices, urology, specializes",5
13916,painter,F,11,painter,0.9971,0.0445,0.9526,"painting, atmosphere, depicted, work, aims",5
49944,comedian,M,19,comedian,0.9949,0.9666,0.0284,"comedians, comedy, comedy, performed, stand",5
70554,dentist,M,8,dentist,0.9478,0.9523,-0.0045,"dental, dental, bds, indian, dental",5
34849,professor,M,0,professor,0.9997,0.9989,0.0008,"focusing, currently, research, his, is",5
31116,attorney,M,2,attorney,0.9997,0.9996,0.0002,"lawsuits, enforceable, works, employers, agreements",5
43018,professor,F,0,professor,0.913,0.9088,0.0042,"licensed, also, in, literacy, education",5
35683,physician,F,1,physician,0.9991,0.877,0.122,"medicine, graduated, medical, dr, retinopathy",5
40499,professor,M,0,professor,0.9984,0.9926,0.0058,"doctoral, social, publications, funding, research",5
90011,journalist,M,4,journalist,0.9976,0.8795,0.1181,"reporter, reportage, freelance, iraq, he",5
73419,professor,M,0,professor,0.9996,0.9987,0.0009,"ph, education, prior, mathai, indian",5
834,surgeon,F,9,surgeon,0.9977,0.9809,0.0169,"surgery, surgery, mbbs, dr, multispeciality",5
11512,attorney,M,2,attorney,0.9995,0.4855,0.514,"client, facts, compassionate, case, believes",5
61698,physician,M,1,physician,0.8615,0.1504,0.7111,"medicine, medicine, as, of, that",5
59979,professor,F,0,professor,0.9997,0.9998,-0.0,"scholar, stanford, visiting, university, research",5
29578,professor,M,0,professor,0.6703,0.4067,0.2636,"received, mfa, has, yale, 1997",5
35590,dentist,M,8,dentist,0.9923,0.0311,0.9612,"dds, cursory, practice, patients, his",5
81210,dentist,F,8,dentist,0.9805,0.9115,0.069,"orthodontic, zankhana, dental, dentistry, bds",5
60481,attorney,M,2,attorney,0.6997,0.0894,0.6103,"strives, apply, with, perry, service",5
73971,surgeon,M,9,surgeon,0.994,0.7794,0.2145,"orthopedic, dr, medical, orthopedic, residency",5
93730,professor,F,0,professor,0.9987,0.9938,0.0049,"ph, thesis, defended, she, articles",5
8125,accountant,M,16,accountant,0.9989,0.9973,0.0016,"accounting, financial, westernzagros, team, finance",5
65036,psychologist,M,6,psychologist,0.9955,0.0917,0.9038,"psychology, brodeur, clinical, counseling, his",5
4226,dentist,M,8,dentist,0.9723,0.9662,0.0061,"dentistry, dr, dental, edwin, periodontology",5
56870,professor,F,0,professor,0.9969,0.8742,0.1226,"uncovers, research, builds, book, illuminate",5
78908,composer,M,17,composer,0.9978,0.9962,0.0017,"composer, director, symphony, music, work",5
44577,professor,M,0,professor,0.9928,0.9961,-0.0033,"research, nottingham, research, nottingham, group",5
10364,nurse,F,5,nurse,0.8158,0.5907,0.2251,"fundraises, serious, volunteer, chronic, active",5
75955,professor,F,0,professor,0.9996,0.7795,0.2202,"sedimentary, studies, that, sediments, she",5
73784,dentist,M,8,dentist,0.9966,0.9951,0.0016,"dentistry, dr, cosmetic, practicing, veneers",5
40148,attorney,M,2,attorney,0.9997,0.9997,0.0001,"his, cuts, across, medicaid, disputes",5
35152,software engineer,M,15,software engineer,0.7406,0.7357,0.005,"mpeg, 3d, mpeg, aimerez, in",5
89440,photographer,F,3,photographer,0.9928,0.4532,0.5396,"photography, bachelor, uses, camera, shooting",5
87553,filmmaker,M,14,filmmaker,0.985,0.0396,0.9453,"films, film, festival, 70s, like",5
11780,professor,M,0,professor,0.9971,0.8033,0.1938,"studies, the, ways, which, he",5
83242,professor,F,0,professor,0.9995,0.9992,0.0003,"nanomaterials, professor, university, chemistry, catalysis",5
624,professor,M,0,professor,0.9997,0.9991,0.0007,"iisc, phd, before, obtained, prof",5
78215,nurse,F,5,nurse,0.9851,0.3592,0.6259,"nursing, nurse, in, of, her",5
2004,professor,M,0,professor,0.9998,0.9988,0.0011,"research, stochastic, founder, ph, is",5
94448,psychologist,M,6,psychologist,0.9587,0.9825,-0.0238,"psychology, psychology, faculty, doctoral, member",5
27957,physician,M,1,physician,0.3003,0.3928,-0.0925,"author, short, ashes, of, stories",5
24135,model,F,12,model,0.9746,0.4898,0.4848,"playboy, clarkson, performance, performances, season",5
52191,dietitian,F,18,dietitian,0.998,0.01,0.988,"nutrition, clinical, nutrition, nutrition, topics",5
90895,physician,F,1,physician,0.5639,0.5251,0.0388,"years, 13, been, practicing, medicine",5
48076,professor,F,0,professor,0.9983,0.9962,0.0021,"research, interest, theory, postmodern, includes",5
33322,professor,M,0,professor,0.9994,0.9994,0.0,"scholarship, 1999, rit, instructor, previously",5
67619,software engineer,M,15,software engineer,0.9727,0.8419,0.1307,"degree, computer, source, mozilla, open",5
37219,software engineer,M,15,software engineer,0.8524,0.8057,0.0467,"intel, developer, he, has, ensure",5
68170,professor,F,0,professor,0.7148,0.7437,-0.0289,"guided, course, learning, be, in",5
79648,poet,M,13,poet,0.6951,0.3184,0.3767,"poetry, omnidawn, his, prize, quartet",5
68605,professor,M,0,professor,0.997,0.9957,0.0013,"major, research, projects, research, current",5
71427,software engineer,F,15,software engineer,0.989,0.9713,0.0177,"android, ios, android, writes, software",5
76782,dentist,M,8,dentist,0.9869,0.0488,0.9381,"dentistry, dental, dental, dr, improve",5
82096,photographer,M,3,photographer,0.9972,0.9901,0.0071,"with, geographic, clients, samsung, national",5
77248,physician,F,1,physician,0.9957,0.9974,-0.0016,"obesity, trained, affiliations, patients, professional",5
62631,surgeon,M,9,surgeon,0.9956,0.9941,0.0015,"conditions, surgical, extremity, patient, dr",5
46074,model,F,12,model,0.9994,0.9961,0.0033,"freeones, she, freeones, gallery, she",5
31350,physician,F,1,physician,0.6344,0.457,0.1775,"board, efforts, advisory, pregnancy, interested",5
63715,accountant,M,16,accountant,0.9982,0.9981,0.0001,"accounting, 13, graduating, hospital, in",5
49755,physician,M,1,physician,0.9965,0.8805,0.116,"physician, hospital, dr, general, dr",5
72920,software engineer,M,15,software engineer,0.5505,0.2217,0.3287,"science, masters, development, security, forensics",5
22898,physician,M,1,physician,0.5558,0.0827,0.4731,"physician, professor, columbia, neurology, sacks",5
77668,nurse,F,5,nurse,0.9294,0.0008,0.9285,"nurse, practitioner, program, graduate, medicine",5
94429,professor,F,0,professor,0.9996,0.9994,0.0002,"phd, honours, yale, directs, research",5
57358,poet,F,13,poet,0.519,0.0549,0.4641,"graduate, creative, writing, ma, she",5
42112,professor,F,0,professor,0.9993,0.993,0.0063,"research, interests, her, the, include",5
51291,teacher,M,7,teacher,0.9989,0.9936,0.0054,"teaching, education, bachelors, taught, has",5
31318,attorney,M,2,attorney,0.9437,0.6658,0.2779,"national, impact, certification, trayvon, martin",5
27507,surgeon,M,9,surgeon,0.8171,0.0416,0.7755,"surgery, surgery, freemyer, at, dr",5
15741,professor,M,0,professor,0.9995,0.9517,0.0478,"professor, studies, associate, conflict, canadian",5
14953,photographer,M,3,photographer,0.9988,0.6012,0.3976,"photographs, photographers, photos, shots, work",5
65802,surgeon,M,9,surgeon,0.9982,0.375,0.6232,"medical, plastic, surgeons, surgery, calloway",5
29367,filmmaker,M,14,filmmaker,0.8576,0.9387,-0.0811,"university, series, quinnipiac, degree, fan",5
66357,professor,M,0,professor,0.9365,0.9935,-0.057,"oncology, oncology, curriculum, by, certified",5
66487,attorney,M,2,attorney,0.9967,0.9032,0.0935,"counsel, served, general, counsel, secretary",5
52801,teacher,M,7,teacher,0.9899,0.0467,0.9432,"teaches, he, class, children, despair",5
21866,journalist,F,4,journalist,0.9493,0.0292,0.9201,"officer, competitive, communications, stakeholder, she",5
52041,professor,F,0,professor,0.9981,0.9903,0.0078,"geisler, research, linguistically, language, on",5
30954,professor,M,0,professor,0.9998,0.9998,0.0,"research, also, he, is, research",5
80824,professor,F,0,professor,0.9995,0.9994,0.0001,"directs, courses, doctorate, evaluation, at",5
18965,physician,M,1,physician,0.971,0.8901,0.0808,"graduate, dr, suny, frederique, medical",5
42924,dentist,F,8,dentist,0.9621,0.2137,0.7483,"dental, dental, shruti, dentistry, bds",5
59672,teacher,F,7,teacher,0.7861,0.2281,0.558,"children, first, her, civil, alphabet",5
75666,professor,F,0,professor,0.9941,0.4301,0.564,"psychiatry, inpatient, additionally, she, student",5
7899,dietitian,F,18,dietitian,0.9984,0.0976,0.9009,"nutrition, nutrition, creates, programs, therapy",5
21870,psychologist,M,6,psychologist,0.7687,0.6188,0.1499,"the, chairperson, relationship, for, women",5
35686,painter,F,11,painter,0.982,0.6452,0.3369,"painting, drawing, working, born, nowadays",5
11092,psychologist,F,6,psychologist,0.9985,0.9567,0.0418,"psychology, psychological, spectrum, experience, current",5
51080,nurse,F,5,nurse,0.9997,0.7415,0.2582,"nurse, practitioner, graduated, she, experiences",5
10490,painter,M,11,painter,0.994,0.2032,0.7908,"painting, artistic, experimental, drawing, recent",5
8838,teacher,F,7,teacher,0.8314,0.7704,0.061,"students, coordinator, city, ryerson, throughout",5
83683,nurse,F,5,nurse,0.9992,0.9501,0.0491,"nurse, nursing, nursing, loma, school",5
80467,professor,M,0,professor,0.9924,0.98,0.0123,"university, ph, science, shcolar, graduated",5
45144,physician,F,1,physician,0.9998,0.9099,0.0899,"medicine, practices, scholl, ms, medicine",5
9832,photographer,M,3,photographer,0.9978,0.9738,0.024,"photographer, shoot, camera, jurassic, sights",5
70318,filmmaker,F,14,filmmaker,0.9857,0.0009,0.9848,"documentary, feature, forthcoming, film, berlin",5
67830,professor,M,0,professor,0.9999,0.9996,0.0002,"ph, research, interests, center, his",5
92116,professor,M,0,professor,0.9998,0.9996,0.0002,"articles, previously, associate, princeton, ph",5
53768,professor,M,0,professor,0.9261,0.733,0.1931,"specializes, trained, fellowship, diagnosis, surgery",5
23867,professor,M,0,professor,0.9996,0.999,0.0006,"theological, research, focuses, university, his",5
84565,composer,M,17,composer,0.8866,0.8527,0.0339,"electronica, musical, perrey, music, jazz",5
86002,nurse,F,5,nurse,0.9997,0.1981,0.8016,"nurse, graduated, practitioner, medicine, she",5
79289,journalist,M,4,journalist,0.6663,0.1045,0.5618,"news, and, college, their, outlet",5
49863,physician,F,1,physician,0.9847,0.9553,0.0294,"medicine, sczepanski, dr, of, graduated",5
21164,professor,F,0,professor,0.9997,0.9972,0.0025,"research, grants, nanostructured, received, epoxidized",5
30982,professor,M,0,professor,0.9984,0.9952,0.0032,"philosophy, law, he, teaches, sociology",5
78494,painter,M,11,painter,0.9291,0.5663,0.3628,"painting, drawing, painting, devotes, after",5
56972,professor,F,0,professor,0.9848,0.9756,0.0092,"research, her, focuses, developing, treatments",5
22585,professor,F,0,professor,0.9989,0.7505,0.2484,"ttra, tourism, she, tourism, marketing",5
59062,teacher,M,7,teacher,0.9988,0.9249,0.074,"classes, lessons, classroom, lee, classes",5
59996,physician,M,1,physician,0.6436,0.7813,-0.1377,"hemodialysis, medical, director, health, kidney",5
73108,surgeon,M,9,surgeon,0.9989,0.5541,0.4449,"medicine, residency, abouzeid, practice, dr",5
10726,dentist,M,8,dentist,0.9987,0.2259,0.7728,"dentistry, dr, maxillofacial, specialties, oral",5
75650,poet,M,13,poet,0.9913,0.8289,0.1624,"poem, famous, born, most, his",5
15819,psychologist,M,6,psychologist,0.9958,0.6803,0.3154,"psychology, jung, jung, test, personality",5
74584,dentist,M,8,dentist,0.9978,0.9512,0.0467,"dentist, practising, dental, patients, his",5
3386,poet,F,13,poet,0.9826,0.9799,0.0027,"poems, poetry, poetry, she, and",5
42897,professor,F,0,professor,0.9993,0.9984,0.0009,"author, ethnographic, articles, she, authored",5
13548,physician,M,1,physician,0.9996,0.9981,0.0014,"1740223825, michigan, professional, license, mount",5
18601,psychologist,F,6,psychologist,0.7581,0.0732,0.6849,"psychology, psychology, undergraduate, studied, interventions",5
78155,psychologist,F,6,psychologist,0.9973,0.9965,0.0009,"behavioral, cognitive, therapy, therapy, trauma",5
82772,psychologist,F,6,psychologist,0.998,0.9982,-0.0002,"psychologist, psychologist, psychologist, arunima, psychologist",5
67925,nurse,F,5,nurse,0.9962,0.4227,0.5734,"nurse, nursing, practitioner, university, cardiology",5
72052,psychologist,F,6,psychologist,0.9945,0.986,0.0085,"psychology, ph, experience, in, an",5
42108,professor,M,0,professor,0.7976,0.9613,-0.1637,"design, parametric, work, methods, design",5
89858,physician,M,1,physician,0.9998,0.4844,0.5154,"medicine, practices, orthopaedic, medical, in",5
84069,surgeon,F,9,surgeon,0.9528,0.0156,0.9372,"practice, dr, dr, 1629049846, pinson",5
29828,psychologist,M,6,psychologist,0.7246,0.5027,0.2219,"algorithm, help, sam, soulmates, use",5
4162,dentist,M,8,dentist,0.9821,0.3967,0.5854,"dental, bds, denticare, andrew, laminates",5
32955,filmmaker,M,14,filmmaker,0.9227,0.7812,0.1415,"maintenance, his, graduate, short, films",5
71426,architect,M,10,architect,0.9977,0.0317,0.9661,"architectural, ellenzweig, firm, works, designers",5
25343,teacher,F,7,teacher,0.7259,0.3001,0.4258,"girls, busy, travel, young, now",5
82091,physician,F,1,physician,0.9875,0.9578,0.0297,"attended, hospital, patient, medical, school",5
31495,composer,M,17,composer,0.9884,0.9758,0.0126,"commissioned, choir, finland, the, passion",5
69362,attorney,M,2,attorney,0.9985,0.7683,0.2302,"practiced, political, bachelor, law, degree",5
27332,architect,M,10,architect,0.8775,0.0927,0.7849,"techno, wadi, founder, dean, bin",5
2919,professor,M,0,professor,0.9986,0.9933,0.0052,"university, ph, journal, papers, alloys",5
66591,attorney,M,2,attorney,0.9997,0.9996,0.0001,"solely, his, defense, dui, practice",5
44355,photographer,F,3,photographer,0.9241,0.0568,0.8672,"photographic, photo, advertizing, foto, studio",5
70756,journalist,F,4,journalist,0.6069,0.2729,0.334,"prey, found, fallen, onassis, jacqueline",5
27466,photographer,M,3,photographer,0.4432,0.163,0.2802,"youtube, canyons, called, smoking, he",5
69387,dentist,M,8,dentist,0.9823,0.9429,0.0393,"patients, dr, his, honors, rated",5
91274,architect,M,10,architect,0.9863,0.2037,0.7826,"construction, meticulously, job, design, tradesman",5
8458,professor,M,0,professor,0.9997,0.9928,0.0069,"research, crime, within, examines, deviance",5
86532,professor,M,0,professor,0.9997,0.9985,0.0012,"mphil, dphil, his, research, msc",5
48049,teacher,M,7,teacher,0.9436,0.0111,0.9326,"grades, learning, standards, math, earned",5
31978,dentist,M,8,dentist,0.9423,0.2611,0.6811,"dental, bds, dr, dental, kalamkar",5
76206,professor,F,0,professor,0.9993,0.9964,0.003,"phd, she, ucla, has, presson",5
65631,photographer,M,3,photographer,0.997,0.7619,0.2352,"photographs, documents, subjects, documenting, projects",5
53017,attorney,M,2,attorney,0.9998,0.9997,0.0,"counsel, jury, clients, injured, arbitration",5
20664,physician,M,1,physician,0.9981,0.2209,0.7772,"chiropractic, schroeder, health, doctor, graduate",5
15494,model,F,12,model,0.5229,0.1066,0.4163,"she, comes, grandparents, portuguese, imai",5
73373,attorney,F,2,attorney,0.9991,0.9979,0.0011,"attorney, advisor, antitrust, software, business",5
76564,psychologist,F,6,psychologist,0.9265,0.008,0.9186,"intensity, gifted, emotional, books, include",5
6173,professor,M,0,professor,0.9994,0.9952,0.0042,"neurophysiology, received, expertise, research, mcgill",5
33450,professor,F,0,professor,0.9564,0.9585,-0.0021,"phd, postdoctoral, kreher, at, kreher",5
66699,teacher,M,7,teacher,0.9874,0.015,0.9725,"school, aboriginal, of, sharing, address",5
2779,teacher,M,7,teacher,0.9978,0.9923,0.0055,"classroom, teaching, davedodgson, learning, education",5
35504,physician,F,1,physician,0.9998,0.8735,0.1263,"medicine, mcallen, medicine, practices, specializes",5
43902,architect,F,10,architect,0.9974,0.0776,0.9198,"architecture, architects, master, ucla, autodesk",5
33679,attorney,M,2,attorney,0.9995,0.9996,-0.0001,"litigation, litigation, civil, litigation, practice",5
89290,physician,M,1,physician,0.9994,0.9542,0.0452,"degree, medical, his, medical, been",5
71809,software engineer,M,15,software engineer,0.956,0.9813,-0.0252,"committer, apache, hbase, distributed, projects",5
64000,psychologist,M,6,psychologist,0.9849,0.6935,0.2914,"years, children, challenges, parenting, twenty",5
59792,psychologist,F,6,psychologist,0.9991,0.9231,0.076,"psychological, therapy, behavioral, cognitive, psychological",5
39803,physician,F,1,physician,0.9998,0.9475,0.0523,"medicine, practices, immunology, sisko, in",5
245,attorney,F,2,attorney,0.9996,0.9994,0.0002,"she, focuses, workers, litigation, on",5
89252,attorney,M,2,attorney,0.9997,0.9997,0.0001,"bankruptcy, estate, mr, real, in",5
58322,dentist,M,8,dentist,0.8599,0.0128,0.8471,"dental, dental, jayaprakash, bds, mds",5
57740,comedian,M,19,comedian,0.997,0.5478,0.4492,"jokes, performed, telling, he, has",5
86193,physician,F,1,physician,0.9968,0.9325,0.0643,"medicine, mbbs, dr, family, medicine",5
34905,professor,M,0,professor,0.9998,0.9998,-0.0,"faculty, hardersen, doctoral, dissertation, ph",5
45638,journalist,M,4,journalist,0.964,0.9955,-0.0315,"producer, cnn, reporting, correspondent, served",5
13183,surgeon,M,9,surgeon,0.9934,0.6192,0.3743,"surgery, traditional, laparoscopic, endoscopic, to",5
85929,comedian,M,19,comedian,0.9971,0.9506,0.0465,"comedy, stand, act, up, his",5
14184,psychologist,M,6,psychologist,0.998,0.9922,0.0058,"psychological, psychotherapy, neuropsychological, psycho, depression",5
70458,professor,F,0,professor,0.9998,0.9996,0.0002,"ph, her, research, focuses, she",5
14328,professor,M,0,professor,0.9942,0.1016,0.8927,"research, focuses, epistemology, his, on",5
77683,psychologist,F,6,psychologist,0.9383,0.0007,0.9376,"psychological, counselling, in, linguistics, national",5
48570,professor,F,0,professor,0.9998,0.9971,0.0027,"research, courses, teaches, ricker, methods",5
79141,attorney,F,2,attorney,0.9979,0.6647,0.3332,"law, degree, ucla, legal, law",5
53091,attorney,M,2,attorney,0.3141,0.1,0.2141,"over, over, on, voice, com",5
50420,professor,F,0,professor,0.9989,0.9405,0.0584,"faculty, 2004, the, investigator, hemostasis",5
29471,psychologist,F,6,psychologist,0.9864,0.89,0.0964,"gottman, health, mental, coaching, infant",5
2845,professor,M,0,professor,0.9832,0.9555,0.0276,"sarsour, interactions, his, translational, model",5
53455,dentist,M,8,dentist,0.9686,0.0005,0.9681,"dentistry, giusti, dentemax, dental, dental",5
22090,surgeon,M,9,surgeon,0.9922,0.8315,0.1607,"surgeries, surgeries, performed, he, cleft",5
74330,journalist,F,4,journalist,0.9475,0.6583,0.2893,"food, not, she, talking, when",5
54674,professor,M,0,professor,0.9987,0.9976,0.0011,"earned, ed, university, band, programs",5
54248,professor,M,0,professor,0.9721,0.9891,-0.017,"bancks, celebrated, awards, music, makoto",5
14883,professor,F,0,professor,0.9994,0.999,0.0004,"debates, university, press, research, contributor",5
33443,journalist,F,4,journalist,0.9894,0.0081,0.9812,"journalism, writing, alum, the, she",5
76700,journalist,F,4,journalist,0.9992,0.9985,0.0007,"reporting, mada, reported, guardian, review",5
74232,surgeon,M,9,surgeon,0.9981,0.7352,0.2628,"surgery, facial, experience, surgeons, deformities",5
71797,physician,F,1,physician,0.9998,0.9246,0.0752,"gelfand, medicine, affiliated, gelfand, york",5
7918,accountant,M,16,accountant,0.9885,0.0007,0.9878,"accounting, in, los, and, in",5
11482,professor,F,0,professor,0.9986,0.9989,-0.0003,"research, using, she, she, conducts",5
49090,professor,F,0,professor,0.9285,0.3206,0.6079,"for, department, scientists, analytical, chemistry",5
51074,teacher,F,7,teacher,0.961,0.0284,0.9326,"art, nicole, ceramics, education, bachelors",5
41317,professor,F,0,professor,0.9987,0.9928,0.0058,"author, modernism, the, poetry, she",5
14637,physician,F,1,physician,0.9997,0.3696,0.6301,"medicine, practices, shuff, ms, ms",5
51377,photographer,F,3,photographer,0.9976,0.998,-0.0005,"photography, photography, photography, the, captures",5
43417,professor,F,0,professor,0.9997,0.2115,0.7881,"graduate, doctorate, earned, curriculum, chemistry",5
48755,teacher,F,7,teacher,0.7341,0.5269,0.2072,"sock, knitting, yarns, debbie, patterns",5
28623,attorney,M,2,attorney,0.9995,0.9976,0.0019,"tried, cases, attorneys, has, he",5
74635,professor,M,0,professor,0.9856,0.992,-0.0065,"biology, ph, has, transduction, genotoxic",5
56945,architect,M,10,architect,0.9966,0.9647,0.0319,"architecture, architecture, computation, architectural, expertise",5
82660,architect,M,10,architect,0.9726,0.001,0.9716,"architecture, of, assistant, kuleuven, media",5
64675,professor,M,0,professor,0.9681,0.8743,0.0938,"cardiology, thrombolytic, 26, years, experience",5
95255,professor,F,0,professor,0.5364,0.0991,0.4373,"the, cultural, non, today, archivism",5
61338,teacher,F,7,teacher,0.9923,0.9697,0.0225,"teacher, education, specialist, consultant, support",5
79873,dentist,F,8,dentist,0.9731,0.9701,0.003,"dental, bds, dental, dr, implant",5
56027,photographer,M,3,photographer,0.9986,0.9971,0.0015,"photographic, many, portfolio, image, was",5
58659,physician,M,1,physician,0.6733,0.4032,0.2701,"medical, school, medical, radiesse, patient",5
58747,dentist,M,8,dentist,0.9987,0.1254,0.8733,"dentistry, his, specialties, general, dr",5
25335,professor,M,0,professor,0.9983,0.9971,0.0012,"interests, reconstruction, wars, constitutionalism, his",5
75419,dietitian,F,18,dietitian,0.9983,0.0027,0.9956,"dietitian, nutrition, registered, 1974, experiences",5
92386,professor,F,0,professor,0.997,0.9508,0.0462,"research, neurotrophic, interests, neurogenesis, her",5
35832,model,F,12,model,0.9991,0.1579,0.8411,"modeling, model, club, she, outfits",5
92404,attorney,M,2,attorney,0.9997,0.0056,0.9941,"attorney, attorney, his, house, clientele",5
37007,attorney,F,2,attorney,0.9791,0.9918,-0.0127,"law, school, university, international, received",5
21320,comedian,M,19,comedian,0.9893,0.0067,0.9826,"comedy, since, been, crowd, the",5
76924,professor,M,0,professor,0.8373,0.5358,0.3015,"research, areas, mundy, cognitive, focused",5
45539,teacher,F,7,teacher,0.9983,0.9281,0.0702,"teaching, art, teaching, passions, certification",5
42218,professor,M,0,professor,0.9993,0.9897,0.0096,"stefan, is, his, published, phd",5
73847,physician,F,1,physician,0.9972,0.9971,0.0001,"medicine, medicine, attended, school, she",5
2692,attorney,F,2,attorney,0.9949,0.1516,0.8433,"juris, graduated, doctor, from, laude",5
29438,professor,F,0,professor,0.9973,0.0684,0.9289,"phd, education, bs, university, 2001",5
73417,physician,M,1,physician,0.9994,0.3886,0.6108,"medicine, studied, ophthalmology, university, cataracts",5
28048,painter,F,11,painter,0.478,0.2883,0.1897,"exhibited, arts, journalism, work, visual",5
17794,surgeon,M,9,surgeon,0.999,0.9987,0.0004,"physicians, orthopaedic, surgeons, practice, dr",5
34918,attorney,F,2,attorney,0.9994,0.998,0.0015,"she, earned, her, ms, ms",5
41515,teacher,M,7,teacher,0.7567,0.202,0.5546,"learner, supportive, the, and, feels",5
58664,physician,M,1,physician,0.9973,0.9936,0.0038,"medical, magnetic, clinical, attended, interests",5
74123,surgeon,F,9,surgeon,0.9978,0.9895,0.0083,"surgery, hospital, surgery, plastic, surgery",5
7458,software engineer,F,15,software engineer,0.9905,0.9613,0.0291,"code2040, her, engineering, engineer, software",5
18971,physician,F,1,physician,0.9998,0.7199,0.28,"medicine, rheumatology, practices, blouin, hospital",5
79432,professor,M,0,professor,0.9998,0.9998,0.0,"research, researcher, ph, are, before",5
45354,filmmaker,F,14,filmmaker,0.9653,0.8436,0.1217,"canada, directed, documentary, science, producer",5
12748,dentist,M,8,dentist,0.939,0.9222,0.0168,"dental, dental, mandla, indian, dr",5
40937,photographer,F,3,photographer,0.5078,0.0017,0.506,"photographing, excellence, latino, member, responsible",5
69143,surgeon,M,9,surgeon,0.9781,0.98,-0.0019,"surgeries, procedures, he, medical, procedures",5
20278,nurse,F,5,nurse,0.9993,0.9719,0.0274,"nurse, nurse, nurse, sue, manager",5
69572,professor,M,0,professor,0.9844,0.6166,0.3678,"both, journalism, his, and, research",5
74054,comedian,M,19,comedian,0.677,0.0391,0.638,"he, smiley, tavis, 30, has",5
95389,dentist,F,8,dentist,0.9713,0.0001,0.9711,"dentistry, dental, pediatric, dental, of",5
81129,professor,M,0,professor,0.9957,0.735,0.2607,"ph, received, his, university, award",5
50087,attorney,M,2,attorney,0.9995,0.9935,0.006,"counsel, certified, plaintiffs, mr, lead",5
22240,attorney,F,2,attorney,0.9996,0.9996,-0.0001,"attorneys, immigration, appeals, supreme, court",5
45115,physician,F,1,physician,0.9935,0.9748,0.0187,"medicine, sclerosis, peraza, university, subsequently",5
22504,professor,M,0,professor,0.9989,0.9981,0.0008,"macroeconomics, microeconomics, is, teaching, lecturer",5
569,teacher,F,7,teacher,0.999,0.2026,0.7964,"teacher, teacher, students, students, student",5
64493,dietitian,F,18,dietitian,0.9979,0.4434,0.5545,"dietetic, food, nutrition, nutrition, began",5
17001,professor,F,0,professor,0.9997,0.9995,0.0002,"ph, she, scholarship, publications, focuses",5
56627,nurse,F,5,nurse,0.4295,0.2367,0.1928,"she, of, of, active, services",5
48514,composer,M,17,composer,0.9973,0.0211,0.9762,"he, composition, musicians, genre, audio",5
19938,attorney,M,2,attorney,0.9998,0.9997,0.0,"litigation, defense, enforcement, election, general",5
32298,surgeon,F,9,surgeon,0.9965,0.9929,0.0036,"blepharoplasty, procedures, surgery, result, surgery",5
43629,journalist,M,4,journalist,0.8184,0.8655,-0.047,"such, palace, salzburg, historical, in",5
79093,journalist,M,4,journalist,0.9989,0.9756,0.0233,"journalism, financial, guardian, politics, written",5
60236,attorney,F,2,attorney,0.9996,0.9993,0.0003,"litigation, pamela, estate, issues, works",5
49776,journalist,F,4,journalist,0.9987,0.7375,0.2612,"journalist, conversant, more, manogya, reports",5
85411,poet,M,13,poet,0.9836,0.9038,0.0798,"translated, german, his, professor, english",5
19266,accountant,M,16,accountant,0.5325,0.4072,0.1253,"work, schedule, frustrated, grew, hours",5
16332,filmmaker,M,14,filmmaker,0.807,0.9457,-0.1387,"is, underbelly, movie, that, the",5
2560,professor,M,0,professor,0.9989,0.9584,0.0405,"dr, master, public, teaches, program",5
38473,professor,M,0,professor,0.9751,0.9574,0.0177,"language, courses, analysis, university, taught",5
41643,professor,F,0,professor,0.9992,0.9958,0.0034,"areas, her, ph, religion, expertise",5
71894,teacher,M,7,teacher,0.9755,0.0891,0.8864,"school, also, class, newspaper, shaffers",5
28778,composer,M,17,composer,0.9968,0.0126,0.9842,"composing, music, he, been, film",5
69107,photographer,F,3,photographer,0.9982,0.0629,0.9353,"photography, graduate, institute, portfolio, art",5
2453,physician,F,1,physician,0.9999,0.9458,0.0541,"medicine, medicine, practices, lodi, ms",5
55875,professor,M,0,professor,0.9998,0.9935,0.0063,"teaches, nanotechnology, currently, new, management",5
13468,architect,F,10,architect,0.9987,0.5948,0.4039,"architecture, business, architecture, business, through",5
45926,professor,F,0,professor,0.9996,0.9995,0.0002,"courses, teaches, research, journal, journals",5
79496,attorney,F,2,attorney,0.7077,0.8604,-0.1527,"workers, migrant, association, workers, she",5
32638,surgeon,M,9,surgeon,0.991,0.0111,0.9799,"orthopedic, dr, patient, extremity, the",5
86922,journalist,F,4,journalist,0.9963,0.9472,0.0491,"her, work, appeared, has, publications",5
14825,photographer,M,3,photographer,0.9831,0.2035,0.7795,"photography, cinematographer, camera, but, is",5
33261,professor,M,0,professor,0.9978,0.993,0.0048,"research, interests, are, his, simulations",5
79679,journalist,M,4,journalist,0.9968,0.9962,0.0006,"editor, the, broadsheet, journalist, current",5
8650,professor,F,0,professor,0.9776,0.9735,0.0041,"medical, her, gastroenterology, hepatology, fellowship",5
47709,professor,M,0,professor,0.9987,0.9735,0.0252,"dr, chairman, dr, social, faculty",5
44371,professor,M,0,professor,0.9996,0.9988,0.0008,"research, centre, courses, dr, for",5
88810,comedian,F,19,comedian,0.7641,0.0133,0.7508,"comedy, violence, festivals, em, that",5
13438,professor,M,0,professor,0.6061,0.4715,0.1345,"texas, his, tennessee, small, raised",5
51724,nurse,F,5,nurse,0.9997,0.908,0.0917,"nurse, experiences, she, graduated, practitioner",5
55538,photographer,M,3,photographer,0.9647,0.2435,0.7213,"photographic, university, columbia, works, from",5
26115,painter,F,11,painter,0.7849,0.0447,0.7402,"transplanted, art, studio, living, she",5
28272,teacher,M,7,teacher,0.9659,0.0799,0.886,"students, classes, his, classes, deeply",5
14232,professor,M,0,professor,0.9361,0.0155,0.9206,"professor, is, rub, theory, professor",5
36486,dietitian,M,18,dietitian,0.9963,0.5422,0.4541,"nutrition, in, addressing, diabetes, concerns",5
5411,photographer,M,3,photographer,0.9165,0.7906,0.126,"andy, fishing, has, striped, grew",5
43440,attorney,F,2,attorney,0.9997,0.9997,0.0001,"legal, matters, dealing, attorney, llc",5
36515,professor,F,0,professor,0.9996,0.9991,0.0005,"focuses, faculty, of, research, she",5
80502,physician,F,1,physician,0.9999,0.6132,0.3867,"medicine, clovis, medical, medicine, practices",5
29319,psychologist,F,6,psychologist,0.9994,0.0061,0.9933,"psychologist, psychological, experiences, in, clinical",5
50590,architect,M,10,architect,0.998,0.9977,0.0003,"architectural, partner, firm, designed, his",5
16645,composer,M,17,composer,0.9976,0.9936,0.0041,"composed, soundtrack, 2012, composing, prize",5
2123,physician,F,1,physician,0.9998,0.659,0.3408,"medicine, practices, in, hospital, specializes",5
171,teacher,M,7,teacher,0.875,0.5619,0.3131,"teaches, elementary, lessons, grades, levels",5
72933,photographer,F,3,photographer,0.9737,0.9946,-0.0209,"photography, outlet, as, working, each",5
36627,dentist,F,8,dentist,0.8652,0.7625,0.1027,"dental, dental, checkup, dental, dental",5
83093,poet,M,13,poet,0.993,0.9728,0.0202,"writing, english, creative, professor, is",5
9833,surgeon,M,9,surgeon,0.5512,0.1588,0.3924,"practice, his, he, hospital, moves",5
13202,psychologist,F,6,psychologist,0.998,0.9943,0.0037,"psychologist, psychology, counseling, doctorate, clinical",5
85643,attorney,M,2,attorney,0.9982,0.098,0.9002,"law, before, five, he, school",5
