id,profession,gender,pred_class_idx,pred_label,pred_prob_original,pred_prob_erased,faithfulness,tokens_erased,n_tokens_erased
12781,nurse,F,5,nurse,0.9992,0.4402,0.559,"nursing, patients., patients, patients, patient.",5
34470,photographer,M,3,photographer,0.9973,0.9968,0.0005,"photography, photographer, photographic, experts, artwork.",5
9342,professor,M,0,professor,0.9983,0.9986,-0.0003,"academic, academic, publications, teaching, research",5
30362,professor,M,0,professor,0.9958,0.9631,0.0327,"research, conducted, propagation., on, antenna",5
90967,professor,M,0,professor,0.9996,0.9995,0.0001,"University,, joining, postdoctoral, Prior, Engineering",5
13344,software engineer,M,15,software engineer,0.2627,0.1093,0.1534,"Scientist, passion, âĢľBewildering, others., years",5
6239,journalist,M,4,journalist,0.997,0.9893,0.0077,"VICE, reported, migration,, Tunisia,, markets",5
42028,dietitian,F,18,dietitian,0.4059,0.0065,0.3995,"carbs, food,, Louisiana, dishes,, enjoys",5
90212,architect,F,10,architect,0.997,0.7031,0.2939,"architectural, design, progressive, construction, improving",5
43953,teacher,F,7,teacher,0.9955,0.0283,0.9672,"students., kids, students, school, learning",5
27966,professor,F,0,professor,0.9984,0.9974,0.0011,"Ph.D., University, Professor, Biology, role",5
41556,teacher,M,7,teacher,0.7616,0.8068,-0.0452,"School, extra-curriculum, interest, in, has",5
43148,professor,M,0,professor,0.9987,0.9975,0.0011,"research, University., instructor, University, interests",5
93200,professor,F,0,professor,0.9988,0.9985,0.0003,"courses, teaching, University., Ed.D., Methodologies.",5
46307,physician,F,1,physician,0.9967,0.0105,0.9861,"Physician, Assistant, completed, responder, studies.",5
61841,teacher,F,7,teacher,0.8281,0.9669,-0.1388,"http://admissions.yale.edu/educator-award, Bustillos, educators, students, Educator",5
23333,teacher,F,7,teacher,0.997,0.9957,0.0013,"elementary, education, education., graduate, degree",5
15551,attorney,F,2,attorney,0.9993,0.9993,-0.0,"Law,, Illinois,, Juris, of, Illinois.",5
90631,journalist,F,4,journalist,0.9972,0.9927,0.0046,"written, Media, writing, magazine., Africa,",5
54445,professor,F,0,professor,0.9967,0.793,0.2037,"UW/SCH, Health., genetics, medical, joined",5
93903,professor,M,0,professor,0.5277,0.384,0.1437,"fellowship, co-editor, completed, Dr., University",5
16348,physician,F,1,physician,0.9994,0.9022,0.0972,"practices, medicine, Medicine., specializes, Milwaukee,",5
46287,professor,F,0,professor,0.9523,0.3472,0.6051,"York, interests, taught, participants, include",5
72503,physician,M,1,physician,0.9905,0.8957,0.0948,"patients., carriers., physiology., heart, Dr.",5
4602,physician,F,1,physician,0.9994,0.9964,0.003,"medicine, practices, Allergy, Connecticut., specializes",5
49360,psychologist,M,6,psychologist,0.8803,0.6773,0.203,"professional, available, consultation,, child, assistance.",5
42951,professor,M,0,professor,0.9962,0.1377,0.8584,"university, funded, science., Rushton, in",5
77124,professor,M,0,professor,0.9991,0.9979,0.0012,"leads, Dr., research, PhD, program",5
39711,dentist,M,8,dentist,0.998,0.0903,0.9077,"Dentist, Dr., patient,, 4.5, CareDash",5
30282,psychologist,M,6,psychologist,0.6572,0.2951,0.3621,"leadership, skills., focuses, adult, think",5
33409,professor,M,0,professor,0.9902,0.9884,0.0018,"Physician, Physician, University, Physician, Intercollegiate",5
36561,model,M,12,model,0.9988,0.9972,0.0016,"model, professional, photographers, as, professional",5
10637,painter,M,11,painter,0.3641,0.0113,0.3528,"French,, Lecturing, Department, Ikere-Ekiti,, Ado-Ekiti",5
24817,journalist,F,4,journalist,0.6445,0.5201,0.1244,"Worth., argues, political, landscape, But",5
31505,software engineer,M,15,software engineer,0.9113,0.9075,0.0039,"development,, back-end,, application, design., front-end,",5
58312,journalist,F,4,journalist,0.9975,0.997,0.0005,"news, newspapers, Budapest,, foreign, dealing",5
42143,psychologist,M,6,psychologist,0.9973,0.3194,0.6779,"neuroscience., psychotherapy, psychotherapeutic, Psychology, one-to-one",5
4145,attorney,F,2,attorney,0.9891,0.9617,0.0274,"Law., degree, Ohio, majored, degree,",5
64458,photographer,M,3,photographer,0.8163,0.0109,0.8054,"Photography, work, Art, artistic, Architectural",5
74377,surgeon,M,9,surgeon,0.6147,0.0526,0.5621,"recuperating, While, deadly, mugger,, Murphy,",5
20281,professor,M,0,professor,0.9937,0.9955,-0.0017,"DNA., Krynetskiy, Pharmacogenomics, Ph.D., mercaptopurine;",5
55020,model,M,12,model,0.887,0.1054,0.7817,"Colombia., studios, models, models, with",5
74809,psychologist,F,6,psychologist,0.9941,0.01,0.9841,"here., counselling, self, body, To",5
27933,professor,M,0,professor,0.9988,0.9984,0.0004,"Professor, academic, work,, Professor, USC",5
11662,professor,F,0,professor,0.9995,0.9995,0.0,"research, University,, interests, University,, include",5
83094,professor,M,0,professor,0.9983,0.9947,0.0036,"Family, UNM., research, Studies, program",5
42156,physician,M,1,physician,0.94,0.964,-0.0241,"residency, Clinic., Medical, Dr., training",5
15615,architect,M,10,architect,0.51,0.508,0.002,"Java, startup, Jini., first, subsequently",5
79286,nurse,F,5,nurse,0.9896,0.9095,0.0801,"nursing, Nursing, Nurse, Nurse, Clinical",5
43044,photographer,F,3,photographer,0.9911,0.0013,0.9898,"capturing, moments, contradiction., work,, travelled",5
79135,professor,F,0,professor,0.9992,0.9936,0.0056,"doctorate, University., Economics."", College, Philosophy",5
17636,professor,M,0,professor,0.9991,0.9862,0.0129,"research, neural, University, Neuroscience, Ph.D.",5
54221,poet,M,13,poet,0.9813,0.9162,0.0651,"poets, prose, contemporary, critic.""--Robert, autobiographer",5
73575,photographer,M,3,photographer,0.9936,0.0209,0.9727,"photographs, campaigns, clients, Panasonic,, magazines",5
13578,journalist,M,4,journalist,0.8561,0.8611,-0.005,"website, News,, publishes, writes, name,",5
5448,professor,F,0,professor,0.986,0.625,0.361,"studies, researcher,, questions, organizational, addresses",5
80601,architect,M,10,architect,0.9209,0.9948,-0.0738,"Architectural, Architects, residential., architect, of",5
43877,nurse,F,5,nurse,0.9966,0.9848,0.0118,"diagnosis, promotion,, disease, prevention,, health",5
44557,professor,M,0,professor,0.9995,0.9995,0.0,"University, Professor, professor, research, conducts",5
61558,architect,M,10,architect,0.7193,0.5893,0.13,"cloud, deployments., experience, (CI/CD), Labs,",5
12480,professor,M,0,professor,0.8604,0.3004,0.5601,"Faculty, University, India, School, areas",5
37372,dentist,F,8,dentist,0.984,0.5212,0.4628,"dental, surgery., HealthCare, in, Dr.",5
48225,surgeon,F,9,surgeon,0.8954,0.0021,0.8934,"surgery, Forks., medical, general, degree",5
35423,composer,F,17,composer,0.885,0.2589,0.6261,"Orchestra,, works, Ensemble,, Orchestra, Composers",5
4598,teacher,M,7,teacher,0.9975,0.997,0.0005,"RateMyTeachers.com., teacher, College, average, rating",5
76006,journalist,F,4,journalist,0.9978,0.9978,-0.0,"non-fiction, Guardian, Times,, organisation., Guardian,",5
52486,physician,F,1,physician,0.9994,0.9994,0.0,"MD., practices, professional, credentials, 1093920274",5
702,professor,M,0,professor,0.9921,0.9877,0.0044,"College, Cardiology., Fellow, Chicago, School.",5
71994,journalist,F,4,journalist,0.9967,0.9945,0.0022,"news, both, mainstream, work, Indigenous",5
29015,attorney,F,2,attorney,0.9993,0.9993,0.0,"counsel, legal, currently, serves, Law",5
93020,professor,M,0,professor,0.9995,0.9994,0.0001,"Prior, to, Tufts,, joining, postdoctoral",5
24289,professor,F,0,professor,0.9994,0.9992,0.0001,"University, faculty, post-doc, Ph.D., Biophysics",5
85541,professor,F,0,professor,0.9992,0.9988,0.0004,"internationally-recognized, educator,, Studies., researcher, Professor",5
42719,professor,M,0,professor,0.9988,0.977,0.0218,"linguistics, University, sociolinguistics,, Illinois, doctorate",5
50174,architect,F,10,architect,0.9771,0.0455,0.9315,"Architects, architecture, Architecture, Architecture, architecture",5
14729,psychologist,M,6,psychologist,0.9924,0.8477,0.1447,"Psychopathology, interventions, Developmental, internationally., designed",5
84291,physician,M,1,physician,0.997,0.3965,0.6005,"Professor, Clinical, Clinical, Medical, Oncology,",5
11815,journalist,F,4,journalist,0.99,0.97,0.02,"News, columns, Music, TV, Examiner,",5
65795,professor,F,0,professor,0.9993,0.9991,0.0002,"teaches, courses, Ph.D., research, professor.",5
70364,professor,F,0,professor,0.9973,0.9693,0.028,"Ph.D., research, algorithms, University, interests",5
22347,journalist,F,4,journalist,0.9961,0.011,0.985,"cover, football, Award., rules, Media",5
39122,professor,F,0,professor,0.4966,0.6534,-0.1568,"research, University,, fellow, Institute,, the",5
31046,model,F,12,model,0.9983,0.9984,-0.0001,"modeling,, internationally., photoshoots, known, photoshoot.",5
33201,professor,F,0,professor,0.9981,0.9976,0.0005,"Ph.D., co-director, Dr., courses., research",5
34406,physician,M,1,physician,0.9124,0.9236,-0.0112,"patients, Harrell's, Dr., Medicine., Dr.",5
74946,professor,M,0,professor,0.9819,0.1347,0.8472,"interests, include, intellectual, developmental, individuals",5
84715,architect,F,10,architect,0.9768,0.0342,0.9426,"architect, Dover,, Delware, the, been",5
11351,painter,M,11,painter,0.5839,0.0635,0.5205,"exhibition, Studio, Art, Bushwick., Flat",5
436,physician,M,1,physician,0.9977,0.9981,-0.0004,"interests:, graduate, Dr., insurance., residency",5
6302,physician,M,1,physician,0.7206,0.3246,0.396,"patients, Clinic,, Medical, joined, cared",5
72269,physician,M,1,physician,0.8701,0.5962,0.2739,"medicine, program, University, residency, trained",5
24338,journalist,F,4,journalist,0.9711,0.3808,0.5903,"journalist, print, covering, as, BBC,",5
55848,dentist,M,8,dentist,0.9808,0.965,0.0158,"patients, Dr., insurance, average,, gave",5
79663,journalist,F,4,journalist,0.8649,0.5794,0.2855,"Story,, India., book., Dawn, passion",5
50546,nurse,F,5,nurse,0.9987,0.0087,0.9899,"nursing, patients, clinical, gave, DianaâĢĻs",5
19540,physician,M,1,physician,0.9066,0.902,0.0046,"patients., Dr., medical, Medicine., insurance",5
30143,professor,M,0,professor,0.9526,0.9478,0.0048,"Previously,, MFA, consultant., University., University",5
88326,professor,F,0,professor,0.9524,0.0043,0.9481,"research, focuses, nurseâĢĻs, research, on",5
42175,professor,F,0,professor,0.9992,0.9983,0.0008,"teaching, research, research, ethnographic, interests",5
16410,nurse,F,5,nurse,0.9994,0.9979,0.0015,"NURSE, Kalie, Kalie, medical, affiliates",5
16813,accountant,F,16,accountant,0.9902,0.0001,0.9901,"payments, Accounts, Receivables, past-due, works",5
2321,architect,F,10,architect,0.9864,0.6395,0.3469,"implementations, SAP, end-to-end, SAP, domains.",5
61142,physician,F,1,physician,0.9551,0.9544,0.0006,"residency., patients., professionally, affiliated, Dr.",5
52916,attorney,M,2,attorney,0.9976,0.9969,0.0007,"firm, law, focused, representing, law",5
53976,professor,M,0,professor,0.9941,0.6476,0.3465,"faculty, Dr., College, Missouri,, Program",5
51899,photographer,F,3,photographer,0.9979,0.6404,0.3575,"photo, series, HomeâĢĻ., series,, subjects.",5
47145,surgeon,M,9,surgeon,0.5601,0.6353,-0.0752,"surgery, surgery, profiling., including, surgery,",5
75696,photographer,M,3,photographer,0.797,0.0019,0.7951,"Visual, Arts, University, professor, through",5
94259,professor,M,0,professor,0.9993,0.999,0.0003,"University, College, University, Minnesota, Plagiarism.",5
46960,journalist,M,4,journalist,0.9967,0.9957,0.0009,"reported, column, GlobalPost, Times,, Times",5
93000,attorney,M,2,attorney,0.996,0.9983,-0.0023,"law, Law, Law., Law, FranciscoâĢĻs",5
46505,professor,M,0,professor,0.9992,0.9993,-0.0001,"lab, UC, research, Ph.D., Biomedical",5
68349,physician,F,1,physician,0.9317,0.9218,0.0099,"Dennis's, Dr., Medicine., clinical, residency,",5
42600,physician,F,1,physician,0.9993,0.3553,0.6441,"medicine, practices, Charleston, specializes, Medical",5
30588,professor,F,0,professor,0.735,0.9866,-0.2515,"Iowa, publications., journalism, nonfiction,, holds",5
40257,professor,F,0,professor,0.9987,0.9937,0.005,"academia, Dr., federally, emphasis, qualified",5
66822,accountant,M,16,accountant,0.9979,0.9972,0.0006,"financial, positions, Finance., Wiltshire., senior",5
41479,physician,M,1,physician,0.9994,0.9973,0.0021,"Dr., medical, affiliated, Hospital, degree",5
22425,accountant,M,16,accountant,0.9963,0.9757,0.0206,"Accountants., member, Accounts, Financial, Certified",5
11945,attorney,M,2,attorney,0.779,0.4032,0.3758,"Chamber, Walt, served, Commerce., Kirkland",5
89703,attorney,F,2,attorney,0.9991,0.9991,0.0,"law., law., law., experience, practice",5
85218,filmmaker,M,14,filmmaker,0.9949,0.9954,-0.0005,"film,, feature, award, documentary,, winning",5
51511,composer,M,17,composer,0.9936,0.9933,0.0004,"mastering, artists., producing,, bands, mixing,",5
47791,software engineer,M,15,software engineer,0.5092,0.1017,0.4075,"Intel,, hosting, engineering, role, web",5
45238,attorney,M,2,attorney,0.9994,0.9991,0.0003,"represents, disputes., businesses, clientsâĢĻ, forgery.",5
79600,filmmaker,M,14,filmmaker,0.994,0.9934,0.0006,"filmmaker, films, producer., directing, film",5
66457,professor,M,0,professor,0.9546,0.7732,0.1815,"research, Dr., algorithms., interests, include",5
19907,physician,F,1,physician,0.9994,0.9993,0.0001,"Dr., practices, professional, credentials, No.",5
25606,psychologist,F,6,psychologist,0.9895,0.9508,0.0387,"www.BikePsych.com., book, longtime, lives, Guzzi.",5
46063,filmmaker,F,14,filmmaker,0.9966,0.9961,0.0005,"documentaries,, photography., making, films, videos,",5
82848,attorney,M,2,attorney,0.9987,0.9988,-0.0001,"cases., AttorneyâĢĻs, Law, AttorneyâĢĻs, Attorney",5
57242,journalist,M,4,journalist,0.9972,0.236,0.7612,"journalists, keep, attacks,, secret,, activities.",5
29759,surgeon,M,9,surgeon,0.8692,0.8342,0.035,"Surgery, Surgery,, surgery, surgery, Dr.",5
28025,professor,F,0,professor,0.9993,0.9986,0.0007,"textbooks,, focuses, theory, literacy,, University",5
2878,nurse,F,5,nurse,0.9994,0.9973,0.002,"NURSE, Call, doctors, medical, appointment.",5
36532,dietitian,F,18,dietitian,0.9987,0.7843,0.2144,"PROFESSIONAL,, DIETITIAN, NUTRITION, affiliates, number",5
94939,surgeon,M,9,surgeon,0.998,0.998,-0.0,"Dr., practice, Dr., Hospital., Medicine",5
85031,photographer,F,3,photographer,0.9969,0.9932,0.0037,"photographer, portraits, CindyâĢĻs, subject,, between",5
29515,photographer,M,3,photographer,0.9958,0.0011,0.9948,"photography., photography,, photography, specialization, Tibetan",5
60123,nurse,M,5,nurse,0.9915,0.0311,0.9604,"Nursing, holds, 2006., Masters, Degree",5
87861,physician,M,1,physician,0.8695,0.74,0.1295,"medical, Missouri., Health, earned, Louis,",5
7856,poet,M,13,poet,0.9924,0.2021,0.7904,"poetry, writing, Irish, Poetry., work.",5
6655,surgeon,M,9,surgeon,0.5114,0.5056,0.0057,"Dr., Dr., artery, Surgical, Dr.",5
85177,physician,F,1,physician,0.7133,0.4677,0.2456,"patients,, patients., 'Myelopathy, blog, active",5
43831,professor,M,0,professor,0.9985,0.9971,0.0014,"undergraduate, directs, teaches, University., program",5
30012,dentist,M,8,dentist,0.9983,0.0393,0.959,"Dentists, patients,, medical, CareDash, of",5
56328,physician,M,1,physician,0.5537,0.1184,0.4354,"Medicine,, experience, years., extensive, Medicine",5
29403,professor,F,0,professor,0.8123,0.8096,0.0027,"Director, nationally, Vice-President, internationally., research",5
95197,photographer,M,3,photographer,0.9904,0.7999,0.1905,"photography, photographs, photographs, here., work",5
89401,professor,M,0,professor,0.9991,0.999,0.0002,"taught, African-American, published, Theory,, (University",5
51435,professor,M,0,professor,0.9993,0.9986,0.0007,"research, interests, MIT, interested, Computing,",5
52937,psychologist,M,6,psychologist,0.9982,0.9979,0.0003,"expertise, patients., Dr., following:, depression,",5
29236,professor,M,0,professor,0.9992,0.9991,0.0001,"University., faculty,, undergraduates, Lawrence, specializes",5
34825,dentist,M,8,dentist,0.9818,0.9628,0.019,"Dr., Lybrate.com., Dr., online, Clinic",5
78327,attorney,M,2,attorney,0.9929,0.0553,0.9375,"law, attending, vice, president, served",5
93723,professor,M,0,professor,0.9946,0.9723,0.0224,"research, book, interest, emphasis, has",5
75691,professor,M,0,professor,0.9787,0.9584,0.0203,"postdoctoral, Texas, research, joined, University",5
92636,physician,F,1,physician,0.9982,0.997,0.0012,"practices, Otolaryngology, services, provided, Treatment",5
31199,dentist,F,8,dentist,0.998,0.9982,-0.0002,"Dentistry., Dr., Oral, English., experience.",5
38464,teacher,F,7,teacher,0.3882,0.1311,0.2571,"educators., Educators),, perspective, Education, standards",5
50763,software engineer,M,15,software engineer,0.9781,0.9249,0.0532,"kernel., subsystems,, hacking, projects, DRM",5
18312,physician,F,1,physician,0.9212,0.9203,0.0009,"practice, NPI, NPI, location, #1255510053",5
71970,professor,M,0,professor,0.8658,0.2234,0.6424,"research, interests, evaluating, research, include",5
78380,professor,M,0,professor,0.9832,0.3172,0.666,"genetic, genomics, mapping., tree, management",5
60161,journalist,F,4,journalist,0.9978,0.973,0.0248,"journalism., graduated, school, civic, from",5
82402,professor,M,0,professor,0.9991,0.9992,-0.0001,"academic, University, interests, University, Professor",5
14691,poet,M,13,poet,0.9818,0.9881,-0.0062,"poems, published, Poetry,, Delinquent, released",5
91561,professor,F,0,professor,0.6401,0.2111,0.429,"doctorate, publications., University,, holds, physics",5
6664,photographer,M,3,photographer,0.9962,0.9282,0.0679,"subjects., documents, capture, eye, order",5
13852,professor,F,0,professor,0.9994,0.9987,0.0007,"University,, University, research, PhD, Wisconsin",5
84153,psychologist,F,6,psychologist,0.9958,0.0046,0.9912,"Psychotherapy, Counselling, Integrative, working, Analysis",5
52651,surgeon,M,9,surgeon,0.9096,0.0004,0.9092,"Ophthalmology, Clinical, Professor, Ophthalmic, News",5
22417,professor,M,0,professor,0.9991,0.9988,0.0003,"Professor, academic, research, Professor, PhD",5
84895,professor,F,0,professor,0.9851,0.9816,0.0035,"Dr., Ph.D., fellowship, Applied, University,",5
11717,attorney,M,2,attorney,0.9993,0.9988,0.0004,"law, judicial., Firm,, Law, legislative,",5
59641,nurse,F,5,nurse,0.9925,0.0172,0.9752,"nursing, studied, the, program, at",5
52246,professor,M,0,professor,0.9927,0.2935,0.6992,"research, focuses, interactions, scientific, human-machine",5
94896,surgeon,M,9,surgeon,0.7564,0.0076,0.7489,"Surgery), Surgery., Surgery, Surgery, Center.",5
39234,professor,F,0,professor,0.9959,0.9915,0.0045,"(http://cinej.pitt.edu)., director, advisory, board, member",5
78969,teacher,F,7,teacher,0.7748,0.7351,0.0396,"learning, teachers, teacher, district, presenter",5
86259,psychologist,F,6,psychologist,0.64,0.0323,0.6077,"work, parents., raising, awareness, imprisoned",5
85634,architect,M,10,architect,0.9972,0.2804,0.7168,"Architecture, Advanced, Architecture, IAAC., Ricardo",5
82926,surgeon,F,9,surgeon,0.6072,0.001,0.6063,"Surgery, surgeons, Dr., Medicine,, Dr.",5
32501,professor,F,0,professor,0.9992,0.9979,0.0013,"teaches, research, courses, scholarship, focuses",5
34205,poet,F,13,poet,0.9885,0.9922,-0.0037,"poetry, poetry, Writing, poetry, poet",5
65797,journalist,M,4,journalist,0.9834,0.0127,0.9707,"covered, Mali., News, coup, has",5
58689,photographer,M,3,photographer,0.9977,0.9955,0.0023,"photography, images., images., camera., camera",5
86967,journalist,M,4,journalist,0.996,0.9851,0.0108,"editor, BBC, News., correspondent, political",5
86329,physician,F,1,physician,0.9695,0.2995,0.67,"practices, California, credentials, Berkeley,, NPI",5
26151,professor,F,0,professor,0.9957,0.2434,0.7523,"PhD, University, received, representation, (Italy)",5
60167,nurse,F,5,nurse,0.9994,0.9976,0.0018,"NURSE, Call, Deborah, Healthcare,, advises",5
25483,software engineer,M,15,software engineer,0.5134,0.4482,0.0652,"Erich, seconds., enjoys, playing, likes",5
23270,nurse,F,5,nurse,0.9901,0.9986,-0.0084,"nurse, Michelle, registered, clinical, acute/critical",5
52297,physician,M,1,physician,0.9994,0.8789,0.1205,"Spanish., practices, medicine, Surgery., speaks",5
6860,nurse,F,5,nurse,0.9994,0.997,0.0024,"NURSE, Call, Renee, Renee, appointment.",5
199,professor,F,0,professor,0.9924,0.8733,0.1191,"research, examines, funded, research, context",5
76157,photographer,F,3,photographer,0.9532,0.0003,0.9529,"photo, photo, completes, families., projects",5
7540,professor,F,0,professor,0.9994,0.9994,0.0,"research, University, articles, Stanford, University.",5
3207,physician,M,1,physician,0.9964,0.9967,-0.0003,"Partners., (pneumothorax),, UMDNJ-New, UMDNJ-Robert, affiliated",5
38122,physician,M,1,physician,0.9994,0.989,0.0105,"medicine, practices, Medical, speaks, Monteleone",5
53129,nurse,M,5,nurse,0.9923,0.2113,0.7809,"Healthcare, Nurses, Professionals, Allied, Clinical",5
72555,professor,M,0,professor,0.9994,0.9881,0.0114,"faculty, joining, post-doc, Prior, to",5
72583,architect,M,10,architect,0.9868,0.9696,0.0172,"conferences., VMware, presents, VMware, VMware",5
79884,physician,F,1,physician,0.9994,0.9902,0.0092,"practices, medicine, Pediatrics., Hospital, in",5
76575,teacher,M,7,teacher,0.9968,0.0686,0.9282,"MidSchoolMath, Conference., presenter, presenter, NCTM",5
83665,attorney,F,2,attorney,0.9994,0.9993,0.0001,"litigation., law, law, clients, legal",5
10587,composer,F,17,composer,0.9733,0.8376,0.1358,"compositions, music, CoreenâĢĻs, performed, choral",5
47866,nurse,F,5,nurse,0.9994,0.9972,0.0022,"Lisa, NURSE, Medical, medical, Lisa",5
313,professor,M,0,professor,0.9993,0.9992,0.0001,"Dr., postdoctoral, fellowships, research, College",5
87658,model,F,12,model,0.3762,0.0836,0.2926,"since,, left, credited, XCB, been",5
527,professor,F,0,professor,0.9993,0.9961,0.0032,"PhD, teaching, Physiology., University, Applied",5
27434,professor,F,0,professor,0.9994,0.9991,0.0002,"research, interests, sociology,, sociology,, intersection",5
10082,professor,F,0,professor,0.7099,0.2553,0.4546,"University., Ph.D, Faculty, M.D., in",5
75175,physician,M,1,physician,0.9993,0.9865,0.0128,"practicing, degree, affiliated, medical, Baylor",5
86883,dentist,M,8,dentist,0.7016,0.5009,0.2007,"Dr., insurance, Cross/Blue, at, Health",5
70995,professor,F,0,professor,0.9981,0.99,0.0081,"research, University, focuses, Anthropology., Research",5
37066,attorney,M,2,attorney,0.9992,0.7063,0.2929,"Bar, practice, Athens-Clarke, Association, the",5
75949,teacher,M,7,teacher,0.997,0.9234,0.0736,"teaching, students., Teacher, Certification, standards",5
78990,software engineer,M,15,software engineer,0.8944,0.8219,0.0725,"platform, PDF.js, browsers., WebAssembly, applications.",5
82304,dentist,M,8,dentist,0.985,0.9484,0.0366,"Dr., Hospital, Giridhar@Brookefield, Dr., currently",5
5058,professor,M,0,professor,0.999,0.9981,0.001,"research, scholarly, funded, Scholar, interest",5
57502,psychologist,F,6,psychologist,0.5495,0.0416,0.5079,"interviewed, mothers,, fathers, of, within",5
41823,model,F,12,model,0.9962,0.5881,0.4081,"Playboy's, selected, Playmate,, UCLA, be",5
28206,attorney,F,2,attorney,0.9918,0.9921,-0.0003,"law, Law, Counsel, Law, Office",5
39579,professor,F,0,professor,0.9988,0.9975,0.0013,"research, scholarship, serves, undergraduate, teaches",5
69270,physician,M,1,physician,0.9904,0.9824,0.008,"Associates., medical, Medicine, Dr., residency",5
61835,professor,F,0,professor,0.9995,0.9995,0.0,"field., studies, meteorologist,, Dr., University",5
62639,journalist,M,4,journalist,0.9962,0.996,0.0002,"Journalism., Collaborative, currently, CurrentâĢĻs, Pub.",5
93365,professor,M,0,professor,0.9992,0.9974,0.0018,"research, Studies,, co-editor, on, networks",5
16315,professor,F,0,professor,0.9844,0.9024,0.082,"Faculty, Columbia, Law, University, University,",5
57070,professor,F,0,professor,0.9972,0.0758,0.9214,"teaches, Department, Management, program,, Systems,",5
57612,professor,F,0,professor,0.9972,0.992,0.0053,"specialists., research, focuses, reading, on",5
47862,photographer,F,3,photographer,0.9937,0.0243,0.9694,"photographs, photography, appeal., uses, FranâĢĻs",5
5869,professor,M,0,professor,0.999,0.9834,0.0156,"PhD, earned, science, Prior, Prof.",5
79826,photographer,M,3,photographer,0.9967,0.997,-0.0003,"photography., camera,, lens, capture, passion",5
16505,professor,F,0,professor,0.9984,0.9973,0.0011,"published, Studies, essays, MacmillanLanguage:EnglishThe, has",5
55992,professor,M,0,professor,0.5124,0.5952,-0.0828,"Editorial, economics, Economics, Law, law",5
39707,nurse,F,5,nurse,0.9925,0.9924,0.0001,"health, Treatment, Residential, recovery., Senior",5
82386,architect,F,10,architect,0.9891,0.0991,0.89,"Architects, Architectural, Surveyors, member, Board",5
31942,dentist,F,8,dentist,0.9486,0.7453,0.2033,"Dental-, Dr., Dental, practices, Preeti",5
14518,photographer,F,3,photographer,0.9982,0.9962,0.002,"photography, shoot,, imagery, aesthetic, colors",5
6952,professor,M,0,professor,0.9939,0.9942,-0.0002,"algorithms., PhD, research, University, interests",5
29369,professor,F,0,professor,0.9973,0.4095,0.5878,"academia,, faculty, PhD, adjunct, industry",5
56991,professor,F,0,professor,0.998,0.9857,0.0123,"examines, disparities,, work, consumer-directed, University.",5
45248,psychologist,M,6,psychologist,0.5839,0.0538,0.5301,"psychology, mindfulness, clinical, strategies, acceptance",5
44868,physician,M,1,physician,0.9993,0.6488,0.3506,"practices, PHYSICIAN, License, credentials, professional",5
89093,professor,M,0,professor,0.9723,0.8881,0.0842,"Eloquence,, Harper's,, and, and, Comedy:",5
91091,professor,M,0,professor,0.9791,0.6767,0.3024,"scholarship, teaching, Iowa, State, University",5
27303,attorney,F,2,attorney,0.9994,0.9938,0.0056,"courts, federal, representing, cases, advises",5
53371,professor,M,0,professor,0.9982,0.9974,0.0007,"PhD, School, Economics, research, received",5
26474,surgeon,M,9,surgeon,0.9808,0.974,0.0069,"surgeries, Dr., knees,, hips, procedures.",5
40556,professor,M,0,professor,0.9966,0.9929,0.0037,"particle., was, Onyisi, boson, Higgs",5
56089,nurse,F,5,nurse,0.9883,0.9921,-0.0038,"nurse, Sharon, practitioner, nurse, nurse",5
47268,attorney,F,2,attorney,0.9967,0.7541,0.2426,"represents, violence., violence, domestic, and",5
89046,psychologist,F,6,psychologist,0.9987,0.9987,0.0,"PSYCHOLOGIST,, appointment., CLINICAL, specialists, experiences,",5
40636,professor,F,0,professor,0.9972,0.9943,0.0029,"teaches, University, majors, writing/publishing, nonfiction,",5
4183,journalist,F,4,journalist,0.8782,0.8349,0.0433,"news, Times, programs., News,, ABC,",5
74029,professor,M,0,professor,0.9989,0.998,0.0009,"researches, research,, explore, ActiveHistory.ca, editor",5
36066,journalist,M,4,journalist,0.986,0.9623,0.0237,"covered, News, Digest., sports, Sun-Times.",5
14092,professor,M,0,professor,0.9931,0.7771,0.216,"research, interests, Vanderbilt, include, educators",5
5715,painter,M,11,painter,0.9957,0.9879,0.0077,"paintings, paintings,, palette,, artistic, lacquer,",5
33429,professor,M,0,professor,0.9914,0.1903,0.8011,"Ph.D, University, language-related, Teaching, Linguistics,",5
67912,physician,M,1,physician,0.9777,0.9813,-0.0036,"patients., Dr., welcomes, clinical, residency",5
2076,professor,F,0,professor,0.9892,0.9613,0.0279,"Teaching,, teaching, areas, published, College",5
24607,filmmaker,M,14,filmmaker,0.9942,0.9944,-0.0002,"films, film, feature, film, nomination.",5
68747,attorney,M,2,attorney,0.9993,0.9208,0.0785,"AttorneyâĢĻs, attorney, defense, attorney, best",5
35881,dentist,F,8,dentist,0.988,0.5697,0.4183,"Dr, appointment, Dr., Sandhya's, online",5
52567,photographer,F,3,photographer,0.992,0.0122,0.9798,"photography, images, industry., stunning, photographing",5
77797,professor,F,0,professor,0.9177,0.8143,0.1034,"NIH-funded, research, research, immunotherapy, immunotherapy.",5
88595,professor,F,0,professor,0.911,0.81,0.101,"fellowship, cardiology, Yale, cardiology, Biophysics",5
86494,psychologist,F,6,psychologist,0.9987,0.9986,0.0001,"PSYCHOLOGIST,, appointment., CLINICAL, specialists, Johanna",5
90729,professor,M,0,professor,0.999,0.9983,0.0006,"research, Ph.D., oobeidat@hu.edu.jo, interests, publications",5
22308,journalist,F,4,journalist,0.99,0.0202,0.9697,"Communication, feminist, activist, Political, Social",5
93139,attorney,F,2,attorney,0.9993,0.9991,0.0002,"law, litigation., counsel, litigation, focuses",5
94587,professor,M,0,professor,0.9965,0.6906,0.3059,"Novels, author, Studies., Bernard, British",5
44329,nurse,F,5,nurse,0.9994,0.9981,0.0013,"NURSE, Kristen, Kristen, Call, appointment.",5
28268,filmmaker,M,14,filmmaker,0.9913,0.078,0.9133,"directed, Award, films., Film., Director's",5
36863,psychologist,F,6,psychologist,0.9907,0.0804,0.9104,"clinical, psychology, mood, treatments, anxiety",5
21705,professor,F,0,professor,0.8094,0.0172,0.7922,"also, director, is, programs, nonprofit",5
23419,photographer,M,3,photographer,0.9821,0.9474,0.0348,"Photography, photography., photography, architecture., New",5
12822,professor,F,0,professor,0.9401,0.1844,0.7557,"PhD, Before, UCLA, womenâĢĻs, U.S.âĢĶfor",5
76369,professor,M,0,professor,0.9916,0.9239,0.0677,"linguistics., research, Faculty, language, language",5
90580,professor,F,0,professor,0.8693,0.5887,0.2805,"dissertation,, Noel:, forthcoming, book, Twentieth",5
12023,dietitian,F,18,dietitian,0.9986,0.9124,0.0862,"nutrition, Nutrition, allergies., works, HealthLinkBC",5
36518,physician,M,1,physician,0.9994,0.9994,0.0,"MD., professional, practices, credentials, of",5
88947,attorney,F,2,attorney,0.7948,0.0143,0.7804,"practices, law, Legal, criminal, website,",5
32260,professor,M,0,professor,0.9995,0.9994,0.0001,"Dr., PhD, University., teaching, University",5
60193,psychologist,F,6,psychologist,0.7308,0.1296,0.6012,"rehabilitation, forgetting, torture, challenges, survivors",5
76809,professor,M,0,professor,0.9439,0.1661,0.7778,"research, specializes, surgical, interests, of",5
56521,attorney,F,2,attorney,0.996,0.2924,0.7035,"law, law, degree, earn, practicing",5
53363,professor,M,0,professor,0.9994,0.9995,-0.0001,"Neuroscience, Director, researcher, Laboratory, Ph.D.",5
76667,dentist,M,8,dentist,0.9816,0.9753,0.0063,"patients., insurance, rated, Cross/Blue, in-network",5
71468,comedian,M,19,comedian,0.9969,0.9968,0.0001,"comedians, comedy, Comedy, best-reviewed, humorous",5
93003,physician,F,1,physician,0.9931,0.0352,0.9579,"Medicine, physician, Professor, Practice,, University",5
26758,psychologist,M,6,psychologist,0.7734,0.3598,0.4136,"Dr., anxiety., experts, stress,, helping",5
33632,nurse,F,5,nurse,0.9994,0.9983,0.0011,"NURSE, medical, PRACTITIONER,, Medical, advises",5
21267,physician,F,1,physician,0.9994,0.9369,0.0625,"practices, medicine, Medicine., specializes, Hospital.",5
17139,physician,F,1,physician,0.9994,0.687,0.3124,"practices, medicine, English, speaks, specializes",5
91255,filmmaker,M,14,filmmaker,0.9935,0.9888,0.0046,"films, Vietnam., documentary,, documentaries, inspiration",5
4016,comedian,M,19,comedian,0.699,0.107,0.592,"Bajwa., Punjabi-language, Neeru, include, movie",5
83781,filmmaker,M,14,filmmaker,0.9971,0.996,0.0012,"filmmakers, film, directors,, feature-filmmaking, British",5
60744,journalist,M,4,journalist,0.9973,0.9968,0.0005,"reporter., News, VICE, writer, Journalism",5
6281,surgeon,M,9,surgeon,0.9978,0.9982,-0.0004,"Dr., Medicine, practices, Medical, Dr.",5
41214,accountant,F,16,accountant,0.6556,0.0004,0.6552,"finance, Academy,, of, affairs, At",5
33498,surgeon,M,9,surgeon,0.9982,0.998,0.0002,"Dr., Medicine, Orthopedics, Medical, Medical",5
88467,professor,F,0,professor,0.9983,0.9919,0.0065,"University, licensed, College, Chair, Education.",5
17392,professor,F,0,professor,0.9994,0.9991,0.0003,"teaching, scholarship, focus, theory., religion",5
23666,nurse,F,5,nurse,0.9983,0.9228,0.0755,"nursing, nurse, nurse,, health., Ontario.",5
94907,filmmaker,M,14,filmmaker,0.9463,0.864,0.0823,"editor,, film, film, blog, podcast,",5
365,poet,M,13,poet,0.8723,0.9831,-0.1108,"published, acclaim., texts, anthologies., book",5
83624,dentist,M,8,dentist,0.998,0.998,-0.0,"Prosthodontics., Dr., experience., is, with",5
46796,professor,M,0,professor,0.9971,0.7722,0.2249,"research, counselor., include, interests, Dr.",5
92257,attorney,M,2,attorney,0.9978,0.9984,-0.0006,"litigation, Circuit., Justice,, Denver-based, Judge",5
49539,dentist,M,8,dentist,0.9982,0.9983,-0.0,"Dentistry., Dr., Oral, Surgery, experience.",5
90617,photographer,M,3,photographer,0.9945,0.4572,0.5374,"photography, uses, aspects., projects, issues",5
32341,physician,F,1,physician,0.9994,0.9796,0.0198,"practices, medicine, specializes, Foley, Surgery.",5
42652,attorney,M,2,attorney,0.999,0.9989,0.0001,"focused, cases, defending, courtrooms, practice",5
26638,physician,M,1,physician,0.9962,0.9957,0.0005,"Physician,, patients, patients, wellbeing., General",5
65490,physician,M,1,physician,0.985,0.0007,0.9843,"Professor, Harvard, is, Medical, medicine",5
69683,professor,M,0,professor,0.9982,0.9979,0.0003,"expert, rhetoric,, research, communication,, argument,",5
64609,professor,M,0,professor,0.9856,0.2173,0.7683,"teaches, Professor, entrepreneurship., course, WhitmanâĢĻs",5
6886,professor,F,0,professor,0.9908,0.6353,0.3555,"technology., research, interests, physiciansâĢĻ,, include",5
54290,photographer,F,3,photographer,0.9962,0.0054,0.9908,"photography, business, collapsed,, imagined., Arts",5
2509,photographer,M,3,photographer,0.9975,0.9977,-0.0003,"photographs, photographer., camera, clients,, magazines",5
90074,physician,M,1,physician,0.6721,0.6834,-0.0113,"Dr., disc,, patients., Dr., insurance",5
51522,professor,M,0,professor,0.9984,0.9961,0.0023,"PhD, University, research, conferences, funded",5
5242,attorney,M,2,attorney,0.9979,0.8825,0.1154,"attorney, law, practicing, Constitutional, legal",5
89223,professor,M,0,professor,0.7148,0.4708,0.244,"science, ""provides, brain."", said, current",5
59158,professor,M,0,professor,0.9993,0.9983,0.0011,"research, research, interests, work, University.",5
52230,composer,M,17,composer,0.9971,0.9785,0.0186,"music, contributed, Peninsula., films, Cannes",5
46126,photographer,F,3,photographer,0.9982,0.9973,0.0009,"photographs, Photography, work, interact, can",5
69355,photographer,M,3,photographer,0.9983,0.9982,0.0001,"photography, photography, images., cinematic, projects.",5
2788,model,F,12,model,0.5024,0.0004,0.502,"modelling, model, fashion, Self-portraits, industry.",5
51786,psychologist,F,6,psychologist,0.9987,0.9987,0.0,"PSYCHOLOGIST,, specialists, CLINICAL, doctors, experiences,",5
77215,photographer,F,3,photographer,0.9978,0.0932,0.9046,"Photography, photography,, project, holds, Georgia.",5
11549,photographer,F,3,photographer,0.9968,0.9967,0.0001,"photography,, photography, cameras,, photography, camera.",5
51662,professor,M,0,professor,0.9995,0.9996,-0.0,"teaches, research, University, University, focused",5
92899,physician,M,1,physician,0.9424,0.9377,0.0047,"Dr., medicine, Medicine., HMO,, studied",5
24261,nurse,M,5,nurse,0.9994,0.8852,0.1142,"NURSE, PRACTITIONER,, doctors, specialists, medical",5
52753,professor,F,0,professor,0.9992,0.9993,-0.0,"research, Previously,, SPRU,, research, Research",5
6013,photographer,M,3,photographer,0.9867,0.9741,0.0126,"visual,, exploring, name, NorthwestâĢĻs, BMX",5
21442,professor,M,0,professor,0.9994,0.9992,0.0003,"research, analysis., University, include, interests",5
28480,professor,M,0,professor,0.5799,0.1861,0.3938,"researching,, teaching,, telecollaborative, iEARN's, Currentl,y",5
11359,attorney,F,2,attorney,0.9994,0.999,0.0004,"represents, federal, estate, businesses, matters.",5
6551,professor,M,0,professor,0.9981,0.9979,0.0002,"Ph.D., University., Engineering, Duke, degree",5
21851,architect,M,10,architect,0.7915,0.9155,-0.124,"Java, developers, technical, evangelist:, user",5
13697,professor,F,0,professor,0.9483,0.8263,0.122,"positions, academic, interests, Prior, College",5
93111,professor,F,0,professor,0.9987,0.9976,0.0011,"Ph.D., University, Education, counseling, Supervisor.",5
8842,professor,M,0,professor,0.9975,0.9958,0.0017,"collegeâĢĻs, faculty, research, committee,, chair",5
90522,psychologist,M,6,psychologist,0.9987,0.9987,-0.0,"Psychological, PSYCHOLOGIST,, Associates,, appointment., Inc..",5
36900,dietitian,F,18,dietitian,0.9986,0.8225,0.1761,"PROFESSIONAL,, DIETITIAN, NUTRITION, Call, Health",5
36808,physician,F,1,physician,0.9994,0.9994,0.0001,"MD., credentials, practices, Dr., professional",5
32143,nurse,F,5,nurse,0.9994,0.9973,0.0021,"NURSE, Call, medical, hospital,, Jennifer",5
91070,attorney,M,2,attorney,0.9992,0.9993,-0.0001,"lawyers., client, experienced, strategies, law",5
40409,professor,M,0,professor,0.8324,0.1302,0.7023,"Krassovski, W.A.V.E.S., design, biofuel, research",5
72554,nurse,F,5,nurse,0.9982,0.9979,0.0004,"ANP., practices, Mary, is, credentials",5
71862,professor,M,0,professor,0.9995,0.9972,0.0023,"academic, University., research, focuses, BellâĢĻs",5
70410,journalist,F,4,journalist,0.9444,0.0116,0.9327,"journalism, fellowships, trips, Management, Institute",5
51306,filmmaker,F,14,filmmaker,0.9517,0.5864,0.3653,"projects, documentary, Communications., Professor, underway,",5
89998,professor,M,0,professor,0.9995,0.9995,0.0,"research, Professor, University, Engineering, department,",5
60351,surgeon,M,9,surgeon,0.9983,0.4622,0.536,"Dr., Medical, practice, Dr., Health",5
48840,professor,F,0,professor,0.9991,0.9989,0.0002,"University, University, department, Indiana, State",5
23239,psychologist,M,6,psychologist,0.9721,0.421,0.5511,"parenting, Neuropsychological, development, neurological, adolescence",5
8846,professor,F,0,professor,0.9975,0.2654,0.7322,"research, co-author, classroom,, PhD, students",5
75434,teacher,F,7,teacher,0.5021,0.5242,-0.0221,"ordained, Minister., everyone., intuitive, available",5
38657,professor,M,0,professor,0.9984,0.9286,0.0698,"Webpage, lab, Scholar, mnemonic, mechanisms",5
53116,dietitian,F,18,dietitian,0.9979,0.8914,0.1065,"obesity., nutrition, diets, recommending, nutritional",5
12684,teacher,F,7,teacher,0.4321,0.4543,-0.0222,"study, leads, group, practices, entitled,",5
10473,physician,F,1,physician,0.9994,0.9762,0.0232,"medicine, practices, Hospital., Zamora, speaks",5
58717,physician,M,1,physician,0.8436,0.8407,0.0029,"patients., Dr., welcomes, patients., HealthSystem.",5
24191,professor,F,0,professor,0.9963,0.9744,0.0219,"College, UCSF., Bioengineering, University, PhD",5
17997,journalist,F,4,journalist,0.9962,0.997,-0.0008,"http://www.al-monitor.com/pulse/originals/2013/02/turkey-erdogan-pushes-family-planning-three-kid-policy.html, News,, correspondent, newspapers, (AFP)",5
4740,nurse,M,5,nurse,0.9788,0.5428,0.4359,"nurse, nursing, practitioner, nursing, certified",5
86810,nurse,F,5,nurse,0.9643,0.9745,-0.0102,"nursing, Nursing, Texas., received, hematology/oncology",5
29741,professor,F,0,professor,0.9894,0.9629,0.0265,"research, teaches, interact, series., Research",5
92639,professor,F,0,professor,0.9991,0.9992,-0.0,"research, publications,, TheoryâĢĿ, interests, chapters",5
82485,surgeon,M,9,surgeon,0.7814,0.2364,0.545,"Dr, kidney, transplantation, acknowledges, national",5
55751,composer,M,17,composer,0.9968,0.9969,-0.0001,"score., artists., record, producer, acts.",5
39398,attorney,M,2,attorney,0.9993,0.9993,0.0,"litigation, attended, Law, University., Prior",5
52336,teacher,F,7,teacher,0.3986,0.2935,0.1051,"uploader., broadcast., are, action, legal",5
6314,psychologist,F,6,psychologist,0.5495,0.0793,0.4702,"organisational, development., based, personal, experience,",5
84578,photographer,F,3,photographer,0.9886,0.8328,0.1557,"documenting, underwater, underwater, artefacts,, those",5
76345,professor,M,0,professor,0.9981,0.9738,0.0243,"faculty, program., students, students,, project",5
62658,photographer,M,3,photographer,0.9753,0.8352,0.1401,"filter, landscapes., RichâĢĻs, reveal, be.",5
91491,photographer,F,3,photographer,0.6366,0.1962,0.4404,"color, trees, green, reddish, Mountain",5
84097,professor,M,0,professor,0.9947,0.8329,0.1618,"research, School, of, Graduate, also",5
85047,architect,M,10,architect,0.9972,0.9967,0.0005,"architects, architect,, designed, buildings,, built",5
68131,physician,F,1,physician,0.9994,0.9953,0.0041,"practices, medicine, Hospital,, Medical, affiliated",5
27881,professor,M,0,professor,0.9987,0.9961,0.0025,"Dr., teaching,, researching,, science, signal",5
68489,journalist,F,4,journalist,0.9896,0.0813,0.9083,"culture, writing, lives., number, audience.",5
33093,journalist,M,4,journalist,0.2793,0.0979,0.1814,"Charlie,, broken-hearted, never, love,, tend",5
84896,dentist,M,8,dentist,0.9409,0.962,-0.0211,"Dental, Whitening,Dental, doctor, Dentistry, Extraction,Cosmetic/",5
88437,photographer,M,3,photographer,0.7945,0.0001,0.7944,"photography, composition., urban, light, artists",5
65579,surgeon,M,9,surgeon,0.4342,0.0242,0.41,"Dr., medical, Medical, degree, Danney",5
50563,physician,F,1,physician,0.9992,0.2877,0.7115,"appointment., Physicians, Medicine, graduated, PHYSICIAN",5
46302,dentist,F,8,dentist,0.9968,0.0025,0.9943,"Dental, Cuba., practice,, Group,, Garces",5
15309,attorney,M,2,attorney,0.9421,0.9635,-0.0214,"coverage,"", has, insurance, deduction,, planning",5
22867,professor,F,0,professor,0.9989,0.9915,0.0074,"Dr., PhD, University, mathematics, University",5
62621,psychologist,F,6,psychologist,0.9985,0.9982,0.0002,"works, Dr., adolescents,, Dr., mindfulness-based",5
15452,composer,M,17,composer,0.997,0.9935,0.0036,"composition, music, Music, (1993), (1994).",5
51695,professor,F,0,professor,0.9905,0.9444,0.0461,"faculty, 2007., University, research, UIC",5
94756,photographer,M,3,photographer,0.8968,0.662,0.2348,"series, Gallery, show, websites,, Curious",5
57456,filmmaker,M,14,filmmaker,0.6883,0.4435,0.2449,"videos, Instagram,, to, photos, Starbucks",5
59259,professor,M,0,professor,0.9991,0.9987,0.0003,"research, Ph.D., interests, Universiti, University,",5
23455,professor,F,0,professor,0.9989,0.5294,0.4695,"research, Dr., credits, centers, intersection",5
13699,professor,M,0,professor,0.9971,0.4152,0.5819,"doctoral, Dr., Faculty, Dr., College",5
38984,architect,M,10,architect,0.4465,0.1725,0.274,"client, want,, does, determine, achieved",5
86605,professor,M,0,professor,0.9991,0.9985,0.0006,"research, papers, Engineering"", engineering,, MIT",5
38637,attorney,F,2,attorney,0.9993,0.9993,0.0,"law., copyright, law,, law, legal",5
18779,photographer,M,3,photographer,0.9553,0.9687,-0.0135,"BrianâĢĻs, colour, National, published, work",5
85658,dentist,M,8,dentist,0.9979,0.0136,0.9843,"Licence, Dr., professional, credentials, practices",5
10208,psychologist,F,6,psychologist,0.9984,0.9965,0.0018,"Psychology, psychological, Wales., Clinical, clinical",5
66909,accountant,F,16,accountant,0.8302,0.0076,0.8226,"financial, management, Beatriz, meet, families",5
68771,dentist,F,8,dentist,0.9653,0.947,0.0182,"Dr., Dental, Clinic, VIDYAPEETH'S, &HOSPITAL",5
36766,attorney,F,2,attorney,0.8737,0.1452,0.7285,"Land, Use, Planning, Environmental, Dexter",5
76580,professor,M,0,professor,0.9983,0.9972,0.001,"research, journals., PhD, Mathematics, interests",5
13838,model,F,12,model,0.9989,0.9986,0.0003,"born, gallery, section., has, ranked",5
9735,physician,M,1,physician,0.9994,0.9993,0.0001,"Dr., practices, credentials, professional, NPI",5
51513,surgeon,M,9,surgeon,0.8404,0.0014,0.8391,"Surgery, Hospital,, Cameron., doctor, Hospital",5
63979,physician,M,1,physician,0.971,0.9723,-0.0013,"patients., Dr., Persian., Medicine., residency",5
25862,physician,F,1,physician,0.9994,0.9915,0.0079,"practices, medicine, Nephrology., specializes, Dr",5
57974,surgeon,M,9,surgeon,0.9143,0.9862,-0.0719,"surgery, knee, specializes, knee, resurfacing.",5
38603,professor,F,0,professor,0.9983,0.9779,0.0204,"research, Dr., interests, include, structure",5
49942,professor,M,0,professor,0.9994,0.9993,0.0001,"faculty, Stanford, University., focuses, research",5
65346,software engineer,M,15,software engineer,0.9748,0.9484,0.0264,"applications,, algorithms,, machine-learning, engineering, performance",5
82854,dentist,M,8,dentist,0.9973,0.9827,0.0146,"Dental, Dental, Dentist, Dr., Bhati's",5
33142,professor,M,0,professor,0.9849,0.977,0.008,"Ph.D., Engineering, from, Computer, in",5
50356,filmmaker,F,14,filmmaker,0.994,0.9943,-0.0003,"film, Festival., documentary,, feature, Sundance",5
14592,attorney,F,2,attorney,0.9932,0.5219,0.4713,"legal, teams, coached, board, judged",5
93860,professor,F,0,professor,0.9994,0.999,0.0004,"author, literature., articles, Nineteenth-Century, American",5
67756,psychologist,M,6,psychologist,0.998,0.9981,-0.0001,"therapy,, therapy,, depression., serves, anxiety",5
4394,journalist,M,4,journalist,0.9881,0.8499,0.1382,"newspaper, productions,, radio, radio., hosts",5
64038,physician,F,1,physician,0.9961,0.125,0.8711,"Physicians, professionally, Dr., Dr., Medical",5
78385,attorney,M,2,attorney,0.9991,0.9266,0.0725,"law, legal, jurists, practice, with",5
79403,attorney,M,2,attorney,0.9994,0.9994,0.0001,"firm,, represented, litigation, successfully, represent",5
90392,teacher,F,7,teacher,0.34,0.2503,0.0897,"Samoa, ruling, passed, held, majority",5
17588,professor,F,0,professor,0.9993,0.999,0.0003,"Dr., research,, research, technologies., teaching,",5
24140,nurse,F,5,nurse,0.9988,0.9988,-0.0,"nurse,, becoming, pediatric, Nursing, health",5
14646,physician,M,1,physician,0.9994,0.7057,0.2937,"practices, medicine, specializes, affiliated, Patterson",5
17841,photographer,F,3,photographer,0.9977,0.9969,0.0008,"photographerâĢĻs, photographic, photography., colour, CeramicâĢĻ",5
65415,professor,M,0,professor,0.9995,0.9992,0.0003,"research, funding, research., is, emphasizes",5
58919,professor,F,0,professor,0.999,0.9986,0.0003,"Dr., teaching, undergraduate, interest, include",5
42060,physician,F,1,physician,0.9995,0.9972,0.0023,"Spanish., practices, medicine, Disease., specializes",5
83381,professor,M,0,professor,0.9984,0.9856,0.0128,"area, school-based, classroom, educator,, practice.",5
16917,physician,F,1,physician,0.9885,0.0113,0.9772,"physician, assistant's, physiology, training, Medical",5
79689,professor,M,0,professor,0.9993,0.9994,-0.0001,"jonathan.e.hughes@colorado.edu, research, interests, University, University).",5
28718,psychologist,M,6,psychologist,0.9753,0.0813,0.8939,"counsel, psychiatric, to, come, an",5
73209,professor,F,0,professor,0.9993,0.9937,0.0056,"researches, modernity., History;, Canadian, specifically,",5
17265,physician,M,1,physician,0.9301,0.0332,0.8969,"Medicine.Each, Emergency, in, management, pain",5
55102,architect,M,10,architect,0.9904,0.1497,0.8407,"Architecture, architectural, Architectural, design, Parametric",5
556,professor,M,0,professor,0.9995,0.9995,0.0,"UniversityâĢĻs, research, Stanford, University, interests",5
24634,professor,F,0,professor,0.9994,0.9994,0.0,"University, Stanford, Engineering., research, University",5
27305,journalist,M,4,journalist,0.6283,0.4808,0.1475,"book,, District's, Nevis), sport,, history",5
11784,physician,M,1,physician,0.9977,0.9935,0.0043,"Dr., Medicine, warts,, patient, Smolak",5
659,physician,M,1,physician,0.9792,0.4102,0.569,"Medical, Clinic, Dr., doctor, Pain",5
7190,physician,M,1,physician,0.9755,0.9719,0.0036,"Dr., Medicine., provider, graduate, in-network",5
24430,journalist,M,4,journalist,0.4813,0.0177,0.4636,"Radio, Awards,, BBC, British, net-art",5
17726,attorney,M,2,attorney,0.9994,0.9941,0.0053,"legal, âĢľgo-toâĢĿ, area., advisor, union.",5
7550,professor,M,0,professor,0.9994,0.9993,0.0001,"teaches, University, courses, focuses, research",5
25200,professor,M,0,professor,0.7405,0.4479,0.2926,"(2007)., ""TryingLeviathan"", (2005),, (2000),, author",5
15166,attorney,M,2,attorney,0.9862,0.4162,0.57,"eviction, County, eviction, Milwaukee, 12-thousand",5
95147,professor,F,0,professor,0.9994,0.9993,0.0001,"Prof., research, University., University, Institute.",5
81678,surgeon,F,9,surgeon,0.5912,0.4412,0.15,"Dr., Medical, Medical, Memorial, Memorial",5
81212,physician,F,1,physician,0.9918,0.9923,-0.0006,"residency, Medicine, professionally, performing, provider",5
79306,photographer,M,3,photographer,0.9976,0.9977,-0.0001,"photography,, portraits, lens, landscape,, climbing",5
3546,composer,F,17,composer,0.9954,0.9965,-0.0011,"music, scores,, discography, extended, solo",5
52495,photographer,M,3,photographer,0.9966,0.9259,0.0708,"camera, captures, street, Vodka, motion.",5
53791,professor,F,0,professor,0.9993,0.9735,0.0258,"Representation, publications, Race, Pryor:, And",5
81987,attorney,F,2,attorney,0.2526,0.1252,0.1274,"Arafat., 1980s.), meeting, for, Palestinian",5
22627,professor,M,0,professor,0.9866,0.7885,0.1982,"research, Ph.D., Scientist, University, foundational",5
29398,professor,M,0,professor,0.9993,0.9993,0.0,"modeling, PhD, optimization, Professor, articles.",5
10165,professor,M,0,professor,0.9822,0.9869,-0.0047,"prize., Elkouss, Ph.D., quantum, Universidad",5
28947,physician,F,1,physician,0.9995,0.9974,0.002,"practices, medicine, Medical, Center., Medical",5
6696,poet,M,13,poet,0.8362,0.8295,0.0067,"Review., published, Quarterly,, Magazine,, Song",5
5053,architect,M,10,architect,0.7764,0.0749,0.7016,"practice., geometry, design, ""Encore...Bruxelles"", models",5
35842,professor,F,0,professor,0.9989,0.998,0.0008,"University, ethnographic, Asia., Ph.D., presentations",5
31623,physician,M,1,physician,0.9994,0.9993,0.0001,"practices, professional, M.D.., NPI, credentials",5
40083,professor,M,0,professor,0.9995,0.999,0.0005,"PhD, undergraduate, University, MBA, University",5
19737,journalist,F,4,journalist,0.9932,0.869,0.1242,"articles, Wired, Times,, lives, book.",5
75878,architect,M,10,architect,0.8896,0.0993,0.7904,"Architecture, architecture, Architecture,, design, from",5
23744,professor,F,0,professor,0.4938,0.0042,0.4896,"academic, publications, in, has, law,",5
70198,physician,F,1,physician,0.9967,0.9871,0.0097,"Medicine., genetics., residency, birth, Dr.",5
22714,professor,F,0,professor,0.9968,0.9259,0.0709,"faculty, research, researcher,, interests, funded",5
91970,physician,F,1,physician,0.6248,0.4586,0.1662,"practice, NPI, Kaliangara's, Kaliangara's, NPI",5
11852,filmmaker,M,14,filmmaker,0.9892,0.9293,0.0599,"directed, videos., film, feature, feature",5
85341,professor,M,0,professor,0.8747,0.2043,0.6704,"type, faculty, classroom, says, blend,âĢĿ",5
12989,poet,M,13,poet,0.9933,0.6248,0.3685,"poetry,, Poetry, lyrics, rhythms., Director",5
72533,professor,M,0,professor,0.9988,0.9625,0.0363,"research, management, focuses, practices, organizational",5
66765,professor,M,0,professor,0.9964,0.7945,0.2019,"Oncologist, Division, Canadian, Committee, Genomics",5
58171,dentist,F,8,dentist,0.9521,0.9742,-0.0222,"Dr., Dental, doctor, Dental, Fixing,Dental",5
30463,attorney,M,2,attorney,0.9985,0.9961,0.0025,"trial., clients, broken-hearted., thing, other",5
20226,professor,F,0,professor,0.8664,0.8787,-0.0123,"Yale-New, residencies, University,, University, endocrinology",5
49323,filmmaker,M,14,filmmaker,0.9971,0.9885,0.0087,"film, production, graduation,, process, ambitious",5
45080,attorney,M,2,attorney,0.9994,0.9989,0.0005,"represented, matters., transactions, assists, acquisitions,",5
46062,professor,M,0,professor,0.9973,0.9937,0.0035,"research, University, interests, Ph.D., Learning.",5
89904,physician,F,1,physician,0.9994,0.9465,0.0529,"practices, medicine, Hospital, specializes, Crawford",5
59741,professor,F,0,professor,0.9986,0.9744,0.0242,"research, heterogeneity., focuses, laboratory,, experiments",5
78122,nurse,F,5,nurse,0.9973,0.1197,0.8776,"nursing, Nursing, Cheryl, Cheryl, working",5
19856,software engineer,M,15,software engineer,0.9616,0.8878,0.0738,"WebSphere, security, currently, Authentication, developing",5
91371,physician,M,1,physician,0.9995,0.9968,0.0027,"practices, medicine, Medicine, Pediatrics., Hospital.",5
55854,photographer,M,3,photographer,0.9882,0.9314,0.0567,"photography, camera, pursue, shoot, college",5
88894,painter,M,11,painter,0.7959,0.6897,0.1063,"cartoonist.âĢĿ, FranÃ§oise, started, SpiegelmanâĢĻs, Art",5
88794,attorney,F,2,attorney,0.5802,0.0285,0.5517,"board, case, case, proceeds, connects",5
27882,professor,M,0,professor,0.9957,0.1287,0.867,"Ph.D, research, State, University, University",5
41261,professor,F,0,professor,0.9968,0.9926,0.0042,"research, students, classroom,, post-Soviet, explore",5
804,painter,F,11,painter,0.9908,0.99,0.0008,"PaintingsOil, Paint,, PanelAbstract, Gallery2010-, landscape,",5
34895,software engineer,M,15,software engineer,0.8214,0.6987,0.1227,"WebSphere, Language, Choreographer., Workflow,, Services",5
44078,photographer,M,3,photographer,0.9544,0.5447,0.4098,"shooting, enjoys, film,, 35mm, spending",5
40146,professor,M,0,professor,0.6053,0.4421,0.1631,"teaching, student, project., expertise, available",5
18559,photographer,F,3,photographer,0.9958,0.0905,0.9054,"photographer, photographs, images, photographs, photographed",5
60063,psychologist,F,6,psychologist,0.9746,0.638,0.3366,"Psychological, psychology, Developmental, Association,, current",5
55905,physician,M,1,physician,0.983,0.9852,-0.0022,"graduate, Medical, Medicine., Center, affiliated",5
13482,teacher,F,7,teacher,0.981,0.9543,0.0267,"Schools., LifePrep@Naz, Nazareth, Parent, Transition",5
51135,surgeon,M,9,surgeon,0.5353,0.5401,-0.0048,"surgery,, Dr., Dr., patients., received",5
87508,physician,M,1,physician,0.9913,0.0073,0.984,"Dr., medicine, Medicine, UNC, UNC",5
10650,model,F,12,model,0.9985,0.9985,0.0001,"model, fashion, model, Jeter, bold",5
83149,professor,F,0,professor,0.9161,0.7436,0.1725,"University, Jinnah, FederationâĢĻs, awarded, Scholar",5
25348,physician,F,1,physician,0.9994,0.0016,0.9978,"medicine, Hospital., practices, Medicine., Hospital",5
20822,nurse,F,5,nurse,0.5276,0.3909,0.1367,"Candy, 228-0515., Candy, practice, NPI",5
43622,journalist,M,4,journalist,0.5987,0.2516,0.347,"insider,, condo, area, also, pace",5
73713,professor,M,0,professor,0.9897,0.6267,0.363,"Professor, studies, research, Minnis, role",5
8349,professor,M,0,professor,0.9994,0.9993,0.0,"teaching, research, University, theory., sociology,",5
52335,filmmaker,F,14,filmmaker,0.9956,0.9808,0.0148,"directing,, film, at, teaches, addition",5
74945,comedian,M,19,comedian,0.6368,0.0212,0.6156,"Fringe, late-night, traveled, part, born",5
43961,physician,F,1,physician,0.9994,0.9785,0.021,"practices, medicine, Medicine., specializes, Spanish.",5
5299,physician,F,1,physician,0.9994,0.2308,0.7686,"practices, medicine, Center., in, affiliated",5
14999,professor,M,0,professor,0.9986,0.9949,0.0037,"research, focuses, on, organizational, education",5
56088,professor,M,0,professor,0.8064,0.0207,0.7858,"Department, specializes, of, Surgery, College",5
39268,filmmaker,F,14,filmmaker,0.9951,0.9961,-0.0009,"also, film,, Film, Festival., Editing",5
69189,professor,M,0,professor,0.9991,0.9991,0.0,"research, interventions., research, interventions, research",5
23039,teacher,F,7,teacher,0.9962,0.9831,0.0131,"students., College, teaching, teaching, school",5
7990,professor,M,0,professor,0.9887,0.0691,0.9196,"Philosophy, Berggruen, University., Canada., Sciences",5
11187,professor,M,0,professor,0.9989,0.9969,0.002,"teaching, PhD, research, Computing., TechnologyâĢĻs",5
44299,professor,M,0,professor,0.9995,0.9995,-0.0,"mechanisms, Biophysics, interdisciplinary, research, University",5
56139,photographer,M,3,photographer,0.9975,0.4039,0.5936,"photos, EricâĢĻs, EricâĢĻs, stunning., of",5
37888,psychologist,F,6,psychologist,0.9979,0.0034,0.9945,"counselling, University, been, Swinburne, Melbourne",5
40533,physician,F,1,physician,0.9919,0.7302,0.2617,"medicine., patients., medicine, practices, in",5
59052,model,M,12,model,0.4179,0.0539,0.364,"works, Beauty, as, partyâĢĿ, jams",5
10913,professor,M,0,professor,0.9981,0.9933,0.0048,"Ph.D., clinical, studies, social, Educational",5
60691,nurse,F,5,nurse,0.9987,0.9989,-0.0002,"nursing., Nurse, Nurse, Practitioners,, family.",5
34862,professor,F,0,professor,0.9993,0.9992,0.0002,"grant., Postdoctoral, Director, Ph.D., professor",5
68434,attorney,M,2,attorney,0.9994,0.999,0.0004,"Attorney,, practice, counsel, protection, estates.",5
4680,professor,M,0,professor,0.9924,0.9124,0.08,"doctorate, University., Baylor, exercise, Campbell",5
51896,accountant,F,16,accountant,0.2681,0.0187,0.2494,"bills, clichÃ©s, to, listens, Over",5
43110,physician,F,1,physician,0.9994,0.9907,0.0087,"practices, medicine, Medicine., specializes, Hospital,",5
36580,physician,F,1,physician,0.4504,0.6457,-0.1953,"exhaustion,, sees, depression,, sleep, colds",5
88684,physician,F,1,physician,0.9777,0.9828,-0.0051,"patients., graduated, residency, training, Healthcare",5
23742,professor,F,0,professor,0.9992,0.145,0.8542,"research, essays, published, gender,, on",5
91201,professor,F,0,professor,0.9993,0.9993,-0.0,"University, book, courses, Press,, teaching",5
22214,nurse,F,5,nurse,0.9287,0.8517,0.077,"Suzette, medicine, specializes, medicine, is",5
44,professor,F,0,professor,0.9969,0.9802,0.0167,"sociology, research, Annenberg, joint, nationally",5
58334,software engineer,M,15,software engineer,0.9935,0.0982,0.8953,"software, computer, development, College., hopes",5
66927,physician,M,1,physician,0.6245,0.0006,0.624,"doctor, middle, puts, process, potentially",5
47567,professor,F,0,professor,0.999,0.9981,0.0009,"Michigan., PhD, University, teaches, research",5
90150,professor,F,0,professor,0.9974,0.9511,0.0463,"research, include, interests, emerging, game-based",5
92726,physician,F,1,physician,0.9994,0.6514,0.348,"practices, medicine, Surgery., specializes, speaks",5
61193,professor,M,0,professor,0.9993,0.988,0.0113,"research, focuses, biomedical, nanomaterials, nanometer",5
62831,poet,F,13,poet,0.9831,0.9881,-0.005,"poetry, writing, Verb,, poemmemoirstory,, anthology",5
93775,physician,M,1,physician,0.9512,0.9485,0.0026,"Medicine., Dr., provider, Dr., graduate",5
37255,software engineer,M,15,software engineer,0.8933,0.8261,0.0671,"Java/C/C++,, Perl,, PHP, upgrades., in",5
79446,attorney,M,2,attorney,0.9993,0.9987,0.0007,"law., practices, franchise, commercial, this:Click",5
43925,professor,F,0,professor,0.9958,0.9928,0.0029,"professors., taught, LU's, collaborations., (PhD",5
89663,physician,F,1,physician,0.9994,0.9494,0.0501,"practices, medicine, Medicine., specializes, Medical",5
35758,physician,F,1,physician,0.9994,0.9557,0.0437,"practices, medicine, specializes, Nichols, in",5
61034,professor,M,0,professor,0.9992,0.999,0.0002,"Researcher, Postdoc, University, HUST,, Engineering",5
13527,psychologist,F,6,psychologist,0.9879,0.0123,0.9756,"psychological, publications., published, programs, authority",5
35951,dentist,F,8,dentist,0.9983,0.8626,0.1357,"Dental, Dental, Dentist, Clinic, Clinic",5
62296,architect,M,10,architect,0.9881,0.9094,0.0787,"Microsoft., management.Hector, Microsoft's, solutions, partner",5
26643,professor,M,0,professor,0.9908,0.9382,0.0526,"courses,, students, areas, service-learning, teaching.",5
47029,dentist,M,8,dentist,0.9982,0.998,0.0001,"Dentist., Lybrate.com., Dental, Dr., Dental",5
1941,accountant,M,16,accountant,0.9985,0.9979,0.0006,"accounting, accounting,, reporting., offices,, finance",5
91298,teacher,F,7,teacher,0.7512,0.4354,0.3159,"TeacherâĢĻ, experiences, Programme, âĢĺInspired, Secrets:",5
41803,professor,M,0,professor,0.9983,0.9973,0.0009,"of&#8230;, book, University, (Oxford, Business:",5
19971,photographer,M,3,photographer,0.9979,0.9975,0.0004,"shoot, portraits,, weddings,, (DC,, showers,",5
87426,filmmaker,M,14,filmmaker,0.9678,0.9748,-0.007,"andrew_kukura@outlook.com, film, feature, installation, festivals.",5
11600,journalist,M,4,journalist,0.995,0.0003,0.9947,"journalist, hospital., Stuivenberg, notorious, investigate",5
61710,professor,F,0,professor,0.9987,0.9982,0.0005,"teaching, research, focus, studies, book",5
64760,professor,F,0,professor,0.9995,0.9907,0.0088,"research, rates., interests, include, racial",5
54748,filmmaker,F,14,filmmaker,0.9962,0.9951,0.001,"filmmaker, program., films, film, film",5
44498,attorney,M,2,attorney,0.9992,0.9992,0.0,"practice, Law, Law, focuses, commercial",5
68474,nurse,F,5,nurse,0.8676,0.0189,0.8487,"professional,, health, profession, fan, models",5
16218,physician,M,1,physician,0.8312,0.8418,-0.0106,"patients, Doctors., Dr., Medical, Dr.",5
22467,physician,F,1,physician,0.9994,0.4895,0.51,"practices, medicine, specializes, Medicine., affiliated",5
17099,professor,F,0,professor,0.9939,0.9898,0.0041,"Microbiology., research, focuses, program, studies",5
48852,photographer,M,3,photographer,0.9975,0.9959,0.0017,"Photography, images., imagery., ProjectâĢĻs, program.",5
8607,professor,F,0,professor,0.9994,0.999,0.0004,"Ph.D., Criminology, University, University, holds",5
49710,professor,F,0,professor,0.9987,0.0818,0.9169,"examines, translation,, literature., and, theater",5
38611,dentist,M,8,dentist,0.8681,0.1546,0.7135,"Rehabilitation, Dr., Children's, Hospital, residency",5
12083,professor,F,0,professor,0.9994,0.9992,0.0002,"University, research, Northeastern, University,, University",5
70054,physician,F,1,physician,0.9442,0.9311,0.0131,"practice, location, NPI, #1639334170, Shital",5
76239,attorney,M,2,attorney,0.9801,0.9891,-0.009,"Bar, counsel, BarâĢĻs, Rights, lead",5
75866,professor,F,0,professor,0.997,0.9836,0.0134,"PhD, University,, research, University,, research",5
20541,attorney,F,2,attorney,0.8863,0.8001,0.0862,"arbitrator, Tribunal., Court, accredited, Hong",5
31598,journalist,F,4,journalist,0.9964,0.9972,-0.0008,"reports, Times, eNews., York, publications",5
70094,professor,F,0,professor,0.9994,0.9992,0.0001,"Ph.D., teaches, teaching, pharmacokinetics, Alabama",5
66486,photographer,M,3,photographer,0.9941,0.717,0.277,"images, capturing, images, Magazine., tundra.",5
77151,software engineer,M,15,software engineer,0.9794,0.9664,0.013,"Warfare., engineering,, graduated, Duty, University",5
45097,photographer,M,3,photographer,0.998,0.9934,0.0047,"photographs, portraits, works, skateboarding., subjects",5
74778,professor,F,0,professor,0.9991,0.9974,0.0018,"research, explores, publications, interconnections, language",5
78276,nurse,F,5,nurse,0.999,0.041,0.9581,"Nurse, Care, Critical, Care., role",5
3712,physician,F,1,physician,0.9994,0.7289,0.2705,"practices, medicine, specializes, Medicine., affiliated",5
23116,professor,M,0,professor,0.9993,0.9993,0.0,"research, academic, journals, Islamism,, publications",5
26726,accountant,F,16,accountant,0.9984,0.9986,-0.0002,"accounting, accounting, clients, clients., tax",5
31052,model,M,12,model,0.8176,0.7977,0.02,"NBA's, point., deal., re-signed, present",5
5094,composer,F,17,composer,0.9615,0.3179,0.6436,"albums, Music, solo, three, acclaim,",5
47502,attorney,M,2,attorney,0.9236,0.2165,0.7071,"2012., Utility, Board, board, Tacoma/Pierce",5
80560,poet,F,13,poet,0.6883,0.1349,0.5534,"poetry, Letters, author, Literature., books",5
90982,composer,M,17,composer,0.9947,0.9935,0.0012,"Orchestra,, music, Ensemble, performed, has",5
59486,professor,M,0,professor,0.9992,0.999,0.0002,"Dr., research, focuses, author, consciousness",5
9307,professor,M,0,professor,0.9387,0.6041,0.3345,"LaboratoryâĢĻs, Research, Engineering, Research, more",5
58861,professor,F,0,professor,0.9871,0.5779,0.4092,"research, grant., research, investigator, program",5
3342,teacher,M,7,teacher,0.7722,0.2285,0.5438,"degree, History, century., University, Edinburgh,",5
14098,psychologist,F,6,psychologist,0.8862,0.0775,0.8087,"Development., Parenting, Strategies, Social, Emotional",5
74224,physician,F,1,physician,0.9899,0.6014,0.3885,"Medicine, Dr., practices, Doctors, Medical",5
89030,professor,F,0,professor,0.9921,0.9456,0.0466,"Stanford, research, University, focuses, faculty",5
78493,psychologist,F,6,psychologist,0.9563,0.3127,0.6436,"Psychotherapy, hypnosis, Mind-Body, Manhattan., practice",5
29428,professor,F,0,professor,0.9953,0.9964,-0.0011,"teaching, research, NYU,, migration., NYU",5
52407,attorney,M,2,attorney,0.9987,0.9958,0.0029,"litigation, Circuit., handled, Faulkner, Circuit",5
42222,physician,F,1,physician,0.5356,0.0822,0.4534,"Medical, care., clinical, PhD, trains",5
34155,journalist,M,4,journalist,0.6313,0.2639,0.3675,"man-cave,, writing, soundtracks!)., unhealthy, rock,",5
21167,professor,F,0,professor,0.8217,0.0212,0.8005,"research, sociocultural, interests, PhD, University",5
43208,architect,M,10,architect,0.9463,0.964,-0.0177,"Architecture, architecture, (Construction, Engineering, Civil",5
54699,architect,F,10,architect,0.9966,0.9938,0.0028,"Architect, architecture, lead, Yoruba., cmDesign",5
38674,professor,F,0,professor,0.9874,0.9308,0.0565,"Academy, Theology, Language, Section, Co-Chair",5
48772,professor,F,0,professor,0.9966,0.7962,0.2004,"PhD, obtained, Biostatistics, where, University",5
68259,attorney,M,2,attorney,0.9143,0.8721,0.0422,"Law., Law, J.D., Georgetown, of",5
86480,physician,M,1,physician,0.9961,0.5278,0.4682,"medical, training,, healthcare, Prior, reform",5
90130,poet,F,13,poet,0.9839,0.982,0.0019,"Poetry, writing, Fellowship., Journal., Review,",5
74765,architect,M,10,architect,0.9865,0.9585,0.028,"architects., Architectural, publisher, Record, editor",5
93978,composer,F,17,composer,0.997,0.997,-0.0,"music, music,, composition, guitar, electronic",5
87867,professor,M,0,professor,0.9989,0.7871,0.2118,"areas, expert, consulted, number, previously",5
48180,attorney,M,2,attorney,0.9994,0.9994,-0.0,"firm., practice, litigation, law, focuses",5
32972,photographer,F,3,photographer,0.6629,0.6139,0.049,"IG:, passion, anything, skiing,, Girl",5
32711,nurse,F,5,nurse,0.798,0.029,0.769,"officers, interview., Medical, to, described",5
6673,accountant,M,16,accountant,0.9956,0.028,0.9677,"accounting., Accounting, Business, governmental, Bachelor",5
80434,attorney,F,2,attorney,0.9993,0.1252,0.8741,"law, labor, practices, exclusively, and",5
38333,professor,M,0,professor,0.9993,0.9987,0.0006,"teaching, research, PhD, University, 2004.",5
25059,professor,F,0,professor,0.9993,0.9871,0.0123,"PhD, interests, post-doctoral, include, Massachusetts",5
5645,professor,M,0,professor,0.9923,0.0045,0.9877,"david.randolph@notes.udayton.edu, suggestions., e-mail, review, author",5
92516,journalist,F,4,journalist,0.9913,0.1213,0.87,"reported, Pulitzer, Iraq,, Afghanistan,, has",5
27554,psychologist,F,6,psychologist,0.9974,0.9968,0.0006,"counselling,, counselling., psychotherapy, clients, psychotherapy",5
36109,photographer,M,3,photographer,0.9879,0.03,0.9579,"photography, previous, award-winning, City., Cowboy",5
64205,model,F,12,model,0.973,0.7492,0.2238,"acted, debut, roles, acted, has",5
53421,architect,F,10,architect,0.9978,0.9972,0.0006,"building, Building, Passive, practices,, techniques,",5
26682,physician,F,1,physician,0.9986,0.9421,0.0564,"clinical, residency, Medical, problems., Medical",5
26737,attorney,M,2,attorney,0.9952,0.476,0.5192,"law, law, law, practicing, legal",5
7858,professor,F,0,professor,0.9732,0.6504,0.3228,"doctorate, Armenia., education, editor, from",5
61696,professor,F,0,professor,0.9994,0.9992,0.0002,"research, University., Cornell, examines, teaching",5
20441,filmmaker,M,14,filmmaker,0.9956,0.9814,0.0142,"Cannes, Films, directing, movies,, film:",5
42200,professor,M,0,professor,0.9973,0.9984,-0.0011,"received, Engineering., mathematics, Irapuato-Salamanca., computational",5
18732,nurse,F,5,nurse,0.9981,0.9985,-0.0003,"Nursing, nurse,, Nursing., medic, geriatric",5
78654,psychologist,F,6,psychologist,0.9988,0.9987,0.0001,"PSYCHOLOGIST,, appointment., specialists, CLINICAL, Kathleen",5
11156,physician,F,1,physician,0.9634,0.9853,-0.022,"Dr., medical, Center., Medical, Medical",5
77846,attorney,F,2,attorney,0.9838,0.6163,0.3675,"handles, litigation., clients, CCU., actions",5
48658,professor,M,0,professor,0.9991,0.999,0.0002,"published, research, Quarterly, Studies,, Studies",5
30942,psychologist,M,6,psychologist,0.7932,0.0052,0.7881,"psychology, effectiveness, Psychology, Ph.D...., theories",5
43983,attorney,M,2,attorney,0.9243,0.3372,0.5872,"suites., clients, folks, fired, circumstances",5
44544,attorney,M,2,attorney,0.9995,0.9994,0.0001,"litigation., firm,, practice, focused, cases",5
85952,professor,M,0,professor,0.9967,0.9949,0.0019,"Professor., faculty, Economics,, School, Visiting",5
62170,physician,M,1,physician,0.3382,0.0147,0.3236,"health, promotion,, e-work, tool, England.",5
89370,filmmaker,F,14,filmmaker,0.9671,0.9875,-0.0203,"film, feature, Film, Feature, Documentary""",5
18158,attorney,M,2,attorney,0.9989,0.9972,0.0017,"represents, Association., appellate, clients, litigation.",5
77201,professor,M,0,professor,0.9995,0.9994,0.0001,"research, interests, University, PhD, Dr.",5
52820,psychologist,M,6,psychologist,0.9977,0.9942,0.0034,"services., psychology;, clients, psychological, psychological",5
45176,professor,M,0,professor,0.9988,0.9964,0.0024,"Ph.D.,, Dr., Program, Engineering, earned",5
58044,physician,M,1,physician,0.9995,0.9505,0.049,"medicine, practices, Medical, Hospital, Spanish.",5
56744,professor,M,0,professor,0.999,0.9988,0.0002,"Dr., research, University, faculty, 2008,",5
28898,composer,M,17,composer,0.9918,0.4149,0.5769,"music, music, classical, singers., musicians",5
16998,professor,M,0,professor,0.9971,0.6598,0.3372,"program., Pharm.D., teaches, Pharmacy,, ISU",5
3594,dentist,M,8,dentist,0.9756,0.976,-0.0004,"Dental, Dental, Dr., Surgery, doctor",5
13086,professor,F,0,professor,0.998,0.9858,0.0122,"publications,, co-authored, biomechanical, peer, Biomechanics",5
53396,physician,F,1,physician,0.9993,0.7848,0.2145,"practices, medicine, specializes, Salley, affiliated",5
77747,professor,F,0,professor,0.9523,0.8221,0.1302,"Dr., hematology-oncology., fellowship, specializing, training",5
33641,accountant,F,16,accountant,0.2206,0.0294,0.1912,"dating., life, right?, decides, pace?",5
85216,nurse,F,5,nurse,0.9994,0.9986,0.0007,"NURSE, advises, Medical, appointment., specialists",5
75410,professor,F,0,professor,0.9993,0.996,0.0033,"research, teaching, Ph.D, University,, Economics.",5
40115,professor,F,0,professor,0.9994,0.9958,0.0036,"research, Professor, University, evaluating, economics",5
7580,professor,M,0,professor,0.9994,0.9991,0.0003,"PhD, interests, research, University, Kaltenbrunner's",5
93321,professor,M,0,professor,0.9439,0.6077,0.3362,"research, cultures., projects, current, Korea.",5
63339,physician,F,1,physician,0.9993,0.7837,0.2156,"practices, medicine, affiliated, specializes, Childrens",5
63073,nurse,M,5,nurse,0.9994,0.9974,0.002,"NURSE, PRACTITIONER,, appointment., Medical, Parish.",5
34254,dietitian,F,18,dietitian,0.9975,0.5131,0.4844,"nutrition, nutrition., decisions., patients, working",5
7648,teacher,F,7,teacher,0.9965,0.9844,0.0121,"teacher, School's, School, teacher, Hillsborough",5
55753,professor,F,0,professor,0.9989,0.5651,0.4339,"teaches, courses, expertise, sculpture, on",5
28785,physician,M,1,physician,0.9806,0.9822,-0.0016,"Dr., Healthcare, medical, Healthcare, Medicine.",5
79050,accountant,M,16,accountant,0.9848,0.7679,0.2168,"accountant, company, left, associates, receivable",5
11919,physician,F,1,physician,0.9979,0.9983,-0.0003,"residency, Medicine., medical, Dr., Wilbur's",5
45556,professor,F,0,professor,0.9995,0.9995,0.0,"holds, Ph.D., research, University, Missouri",5
8066,dentist,M,8,dentist,0.9734,0.8928,0.0806,"Dental, Dental, Dr., Clinic, 2011.",5
76638,psychologist,F,6,psychologist,0.9478,0.023,0.9248,"helped, many, helping, has, women",5
65408,professor,F,0,professor,0.9914,0.3739,0.6175,"research, interests, education, focus, Pakistani-Americans.",5
6324,psychologist,F,6,psychologist,0.9985,0.9984,0.0001,"patients, clinical, depression,, interests:, contact",5
31209,professor,M,0,professor,0.8962,0.5981,0.2981,"research, Oncology,, interested, especially, Oncology,",5
80536,software engineer,F,15,software engineer,0.8963,0.8931,0.0032,"Kafka., Apache, scalable, pipelines, developer,",5
35655,accountant,F,16,accountant,0.9983,0.9956,0.0027,"Accounting, Accounting, customer, Accountant, Finance.",5
38095,dentist,M,8,dentist,0.9981,0.9981,0.0001,"Dentist., Dr., appointment, online, Dental",5
59230,software engineer,M,15,software engineer,0.967,0.948,0.019,"developer, application, MasterâĢĻs, focus, developer",5
382,physician,F,1,physician,0.9988,0.0053,0.9935,"PA,, PA, patient, clinical, care",5
56052,photographer,F,3,photographer,0.9982,0.9982,-0.0,"Photography, Photos, Photographic, Bristol., Documentary",5
29029,physician,F,1,physician,0.9994,0.8978,0.1017,"practices, medicine, Nephrology., specializes, affiliated",5
64880,poet,F,13,poet,0.7806,0.3434,0.4372,"Review,, work, issues, Adirondack, A-Minor,",5
29684,attorney,M,2,attorney,0.9994,0.9971,0.0024,"litigation., litigation, represents, appellate, litigation,",5
28007,professor,M,0,professor,0.9989,0.9988,0.0001,"University, Ph.D., Department, research, postdoctoral",5
7715,professor,M,0,professor,0.9964,0.1064,0.89,"archaeological, pueblos,, Pueblo, on, and",5
83057,physician,M,1,physician,0.7191,0.0045,0.7146,"physician, assistant, Hospital, chief, Assistant",5
31656,nurse,F,5,nurse,0.9963,0.9774,0.0189,"nurses, Nurse, Nurse, Nurse, clinical",5
24198,journalist,M,4,journalist,0.9975,0.9974,0.0001,"newspapers;, articles, written, Kenyan, Monitor,",5
75006,nurse,F,5,nurse,0.9994,0.9963,0.0031,"Nurse, Practitioner., experience,, Anaresia, Anaresia",5
85460,surgeon,M,9,surgeon,0.998,0.998,-0.0,"Surgery., Dr., Dr., Medical, Dr.",5
85436,photographer,F,3,photographer,0.9929,0.9962,-0.0033,"photography, photograph, photograph., photography, color.",5
46201,photographer,M,3,photographer,0.3405,0.0884,0.2521,"Elmhurst., However,, much, kids, SandburgâĢĻs",5
16118,physician,M,1,physician,0.9475,0.5088,0.4388,"patients., clinical, Medicine, Dr., instructor",5
78796,professor,M,0,professor,0.9912,0.5875,0.4037,"teaching, Professor, Fulbright, ESL/EFL, research.",5
8643,journalist,M,4,journalist,0.9966,0.9972,-0.0006,"Journalism., armed, Colombia, magazine, rights",5
22362,teacher,M,7,teacher,0.3456,0.0509,0.2947,"Education, Science, attended, YaâĢĻakov., invited",5
69278,psychologist,M,6,psychologist,0.9493,0.0004,0.9489,"Professor, Psychiatry,, Psychiatry, Dr., Behavioral",5
9803,professor,M,0,professor,0.9995,0.999,0.0005,"research, examines, undergraduate, how, PhD",5
63303,psychologist,F,6,psychologist,0.9966,0.988,0.0086,"Jung., psychotherapy, psychiatrist, psychoanalytic, psychotherapist",5
69772,attorney,M,2,attorney,0.3706,0.0379,0.3327,"deck, posts, daughters, collapse,, potential",5
80465,journalist,M,4,journalist,0.9947,0.7062,0.2885,"war, Syrian, âĢĺpost-truth, investigated, crash",5
32928,physician,F,1,physician,0.5014,0.5537,-0.0523,"profile., Group, Dr., Miller, joined",5
38052,professor,M,0,professor,0.9991,0.9965,0.0027,"Masculinities, author, Inequality, Field:, Man:",5
56174,nurse,F,5,nurse,0.9994,0.9981,0.0013,"NURSE, medical, Call, doctors, PRACTITIONER,",5
7564,attorney,M,2,attorney,0.9994,0.9994,-0.0,"firmâĢĻs, clients, represents, Law, practice",5
45840,professor,M,0,professor,0.5174,0.1503,0.3671,"Arbor., IHA, lectures, professional, lay",5
41134,professor,M,0,professor,0.999,0.9991,-0.0001,"University, research, University, interests, IEEE",5
56216,physician,M,1,physician,0.5763,0.5847,-0.0083,"Hospital., Dr., For, Clinical, Chen",5
63796,psychologist,F,6,psychologist,0.5841,0.1027,0.4814,"Therapy, professionals,, experience, Medicine., issues",5
59833,attorney,M,2,attorney,0.9987,0.8305,0.1682,"practice., handled, cases, clients, board",5
24281,professor,F,0,professor,0.9949,0.9732,0.0217,"research, http://www.cs.auckland.ac.nz/research/hci/, also, teaching, interfaces",5
84369,professor,M,0,professor,0.9995,0.9992,0.0003,"research, University, Teaching, interests, include",5
65064,professor,F,0,professor,0.9989,0.9981,0.0008,"co-author, Studies:, Film, Linguistic, co-editor",5
61172,teacher,F,0,professor,0.498,0.01,0.4881,"teaching, Campus, teaching,, university, Campus",5
9792,photographer,F,3,photographer,0.8841,0.8743,0.0098,"âĢľkeeping, Portland,, transplanted, Raised, Central",5
80335,teacher,F,7,teacher,0.9929,0.1063,0.8866,"teacher, class, school, textbook, districts,",5
26220,professor,F,0,professor,0.9993,0.9993,-0.0,"University,, University, Ph.D., dissertation, entitled",5
21266,professor,M,0,professor,0.9991,0.9986,0.0005,"articles, interested, American, Bioethics., particularly",5
11550,professor,M,0,professor,0.9905,0.3498,0.6407,"formerly, associate, Islamic, Medieval, Studies.",5
49347,professor,F,0,professor,0.9985,0.9957,0.0027,"Professor, research, Director, courses, University",5
5419,journalist,M,4,journalist,0.9453,0.0164,0.9288,"Journalism, Times, covered, Communications., Times",5
63833,attorney,F,2,attorney,0.9969,0.1088,0.8881,"law, law, writing., Law., legal",5
87350,journalist,M,4,journalist,0.5826,0.1689,0.4137,"season,"", quotes, whistleblower, addition, BirkenfeldâĢĻs",5
15937,photographer,M,3,photographer,0.9878,0.9612,0.0266,"portraits, series, working, on, stunning.",5
7490,psychologist,F,6,psychologist,0.4795,0.26,0.2195,"help, Barbara, choices, or, situation.",5
70964,nurse,F,5,nurse,0.9986,0.9979,0.0007,"Nursing, Nursing, Nurse, Wisconsin-Madison., Nurse",5
8246,dentist,M,8,dentist,0.9982,0.3205,0.6776,"Dentist, Dr., Dental, practicing, appointment",5
349,professor,M,0,professor,0.9992,0.9991,0.0001,"research, interests, focus, theology, pre-modern",5
30395,physician,M,1,physician,0.8246,0.8844,-0.0598,"Medicine,, Dr., professionally, residency, clinical",5
32124,attorney,F,2,attorney,0.9994,0.9993,0.0,"attorney, LLP, as, associate, 2007.",5
4087,attorney,M,2,attorney,0.9995,0.9991,0.0003,"attorney, legal, bankruptcy, bankruptcy, practice",5
87967,dentist,F,8,dentist,0.99,0.0315,0.9585,"Dr., Dental, oral, knowledge, has",5
8815,nurse,F,5,nurse,0.9994,0.9732,0.0262,"NURSE, hospital,, Christine, doctors, Christine",5
56005,photographer,M,3,photographer,0.9979,0.9931,0.0048,"portraits, captures, expressions, shot., pre-shot,",5
64139,professor,M,0,professor,0.9991,0.999,0.0001,"(University, Ethnography,, author, 2016)., Heresiology,",5
7668,professor,M,0,professor,0.9993,0.9991,0.0002,"Prior, Ph.D., MIT,, consultant, School",5
23866,professor,M,0,professor,0.9991,0.9984,0.0008,"research, functions., postdoctoral, theory, Harvard,",5
12173,architect,F,10,architect,0.9702,0.035,0.9351,"architect, architect,, design, building, owners.",5
84415,photographer,M,3,photographer,0.9912,0.2958,0.6954,"photographyâĢĻ., photography, images, result, Luminant",5
15028,physician,F,1,physician,0.9993,0.8853,0.114,"medicine, practices, specializes, Gastroenterology., affiliated",5
56990,professor,M,0,professor,0.9995,0.9993,0.0002,"University., Cornell, economist, research, economics",5
6244,teacher,F,7,teacher,0.9964,0.9936,0.0028,"teaching, tutor, schools., literacy, undergraduate",5
28254,surgeon,M,9,surgeon,0.9767,0.9826,-0.0059,"Dr., Surgery., medical, Board, from",5
9193,attorney,F,2,attorney,0.9975,0.9963,0.0011,"Court., Appeals, law, Massachusetts, LLP.",5
56651,psychologist,F,6,psychologist,0.514,0.24,0.274,"practice., depressive, clinical, emotional, emotional",5
50008,teacher,F,7,teacher,0.8667,0.4754,0.3913,"teaches, imagination., classes, variety, classes.",5
83557,surgeon,F,9,surgeon,0.8505,0.0094,0.8411,"Neurosurgery, Pediatric, location, practice, Nandini",5
21282,surgeon,M,9,surgeon,0.9981,0.9979,0.0002,"Neurosurgery), Neurosurgery, Dr., Dr., Hospital.",5
42003,physician,M,1,physician,0.9994,0.9888,0.0106,"practices, medicine, Spanish., Pediatrics, specializes",5
49062,accountant,F,16,accountant,0.9237,0.0002,0.9235,"Treasurer, as, treehouse, in, the",5
64719,journalist,F,4,journalist,0.9979,0.9962,0.0017,"outlets., editor, chief, newspaper, Italian",5
67616,attorney,F,2,attorney,0.9993,0.9993,0.0,"litigation, law, law, representation, firms",5
69080,nurse,F,5,nurse,0.9994,0.9973,0.0021,"NURSE, doctors, Danielle, Call, Medical",5
91850,professor,F,0,professor,0.9889,0.0421,0.9468,"OHNS, Rhinology, University, fellowship, University",5
41795,accountant,M,16,accountant,0.3653,0.2609,0.1044,"Corporate, Before, firmâĢĻs, Prior, trading",5
75906,professor,F,0,professor,0.998,0.9896,0.0084,"teaching, science., organizational, development,, disciplines",5
94457,professor,F,0,professor,0.9941,0.9903,0.0038,"scientist,, research, funded, evaluate, uses",5
57688,physician,M,1,physician,0.9071,0.0037,0.9033,"physician, Medicine,, Medical, essays, Journal",5
11490,photographer,M,3,photographer,0.9753,0.3693,0.6061,"picture, took, LABOUMâĢĺs, K-pop, recently.",5
95328,attorney,M,2,attorney,0.9994,0.9973,0.0021,"litigation, ghunkins@gravesgarrett.com, practice, clients., complex",5
73785,attorney,M,2,attorney,0.9961,0.9981,-0.002,"courts., appellate, federal, practice, proceedings",5
94573,composer,M,17,composer,0.9976,0.1771,0.8205,"music, composition, michaelandersonmusic@comcast.net, music, Michael's",5
62660,model,F,12,model,0.9989,0.17,0.8289,"model, born, bikini, is, fitness",5
86393,psychologist,M,6,psychologist,0.9985,0.9966,0.0019,"psychologist., psychologist., therapeutic, mindfulness, Australian",5
43557,psychologist,F,6,psychologist,0.9969,0.9849,0.012,"Psychopathology, Psychology, Psychology., clinical, Developmental",5
75997,attorney,M,2,attorney,0.9994,0.9994,-0.0,"represented, antitrust,, hearings., cases., pre-lawsuit",5
20208,professor,F,0,professor,0.9976,0.9005,0.0971,"research, gerontology, focuses, ageism., on",5
24872,psychologist,M,6,psychologist,0.9958,0.9863,0.0095,"agencies., assessments, conducts, evaluate, coaching).",5
71137,physician,F,1,physician,0.943,0.9573,-0.0143,"patients., professionally, Medical, Hospital., medical",5
45700,physician,M,1,physician,0.8729,0.8647,0.0082,"patient, Medicine, Dr., rating, arthroscopic",5
57717,professor,F,0,professor,0.9169,0.9446,-0.0277,"Dr., course., grant, learning, PMBA",5
62117,architect,F,10,architect,0.9492,0.0002,0.949,"architectural, construction, design, Professor, Design,",5
6330,professor,F,0,professor,0.9989,0.9954,0.0035,"College,, researched, University, 2005,, Dr.",5
91861,professor,M,0,professor,0.8768,0.2139,0.6629,"students, actively, Engineers,, also, theater",5
87153,dietitian,F,18,dietitian,0.9953,0.0602,0.9351,"nutritional, food, requirements, bodyâĢĻs, working",5
20681,professor,M,0,professor,0.9995,0.9994,0.0002,"teaches, sociology, articles, sociology, published",5
40725,professor,M,0,professor,0.993,0.6482,0.3448,"University., research, PhD, audiologist, BrÃ¤nnstrÃ¶m",5
4070,professor,F,0,professor,0.9072,0.5279,0.3793,"faculty, students., maintains, past, Banff",5
46750,professor,F,0,professor,0.9957,0.9954,0.0003,"computer, Researcher, University, University, PhD",5
51309,dentist,M,8,dentist,0.9942,0.996,-0.0018,"dental, dental, clinic., Dr., Dr.",5
13748,professor,M,0,professor,0.991,0.9885,0.0025,"Dr., research,, discuss, challenging, students",5
46471,nurse,F,5,nurse,0.9984,0.9985,-0.0,"nurse,, clinical, wellness, lifestyle, working",5
45131,journalist,M,4,journalist,0.9938,0.0707,0.9231,"Journalism, degree, University's, School, Columbia",5
10612,journalist,M,4,journalist,0.9479,0.6313,0.3166,"written, articles, TV, Review"",, Magazine"",",5
69809,physician,F,1,physician,0.9779,0.976,0.0018,"Dr., Medicine., Dr., Health, insurance",5
80915,journalist,F,4,journalist,0.6616,0.3719,0.2897,"social, three-year-old, masterâĢĻs, blogging,, patterns",5
38659,surgeon,M,9,surgeon,0.9911,0.6604,0.3307,"surgeon, orthopedic, Hospital,, practice, 1996).",5
11242,professor,M,0,professor,0.8542,0.9699,-0.1158,"in, Stanford, University, physician, Medicine",5
18948,dentist,M,8,dentist,0.9666,0.9152,0.0514,"Dr., Orthodontic, Hospital, Dental, Dental",5
57573,teacher,M,7,teacher,0.9894,0.9121,0.0773,"learners., Teaching., teachers., Learning, learning,",5
47849,dentist,M,8,dentist,0.9983,0.9974,0.001,"dental, clinic, Dr., Dentist., Salisbury",5
31195,attorney,M,2,attorney,0.8791,0.8482,0.0309,"Santa, judges, undercover, Jack, federal",5
55492,surgeon,M,9,surgeon,0.998,0.998,0.0,"Dr., Orthopedics, Dr., NY., Dr.",5
74262,architect,M,10,architect,0.9975,0.8603,0.1372,"architectural, design, building, design, practice",5
67093,attorney,M,2,attorney,0.9917,0.2262,0.7655,"law, judge, legal, Law, stateâĢĻs",5
86895,psychologist,M,6,psychologist,0.9925,0.6946,0.2978,"mood, Social, include:addictions,, works, Mind-Body",5
69250,teacher,F,7,teacher,0.9848,0.3766,0.6082,"Schools, legislature., worked, Columbus, bills",5
3094,psychologist,M,6,psychologist,0.5077,0.842,-0.3343,"sex., assault., research, identified, factors",5
86240,photographer,M,3,photographer,0.9856,0.0007,0.9849,"photography, professional, magazines,, conventions, FAQ",5
64821,attorney,M,2,attorney,0.9877,0.9385,0.0492,"Bar, Massachusetts, Washington, State, (1995).",5
81106,professor,M,0,professor,0.9991,0.9988,0.0004,"book,, interested, (1760sâĢĵ1820s), recent, debates",5
61438,psychologist,F,6,psychologist,0.5917,0.0008,0.5909,"psychology, seminars, meditation, Cologne., has",5
94318,professor,F,0,professor,0.5351,0.0066,0.5285,"research, curriculum, main, interest, years",5
9403,psychologist,F,6,psychologist,0.9983,0.9983,-0.0001,"therapy,, behavioral, Dr., Clinical, patient",5
4979,dentist,M,8,dentist,0.9914,0.0342,0.9572,"dentists, dental, Oral, specializes, from",5
30426,architect,M,10,architect,0.7171,0.8918,-0.1747,"architects, AJAX-enabled, Andy, of, component",5
6454,dentist,M,8,dentist,0.994,0.1239,0.8701,"dentistry, patients., treatments, in, more.",5
65450,psychologist,M,6,psychologist,0.9658,0.0058,0.96,"PTSD, clinical, adults;, treatment, EMDR",5
23595,nurse,F,5,nurse,0.9994,0.9975,0.0019,"NURSE, doctors, medical, Florida, Medicine",5
39166,professor,M,0,professor,0.968,0.9659,0.002,"also, disease., Crohn's, research, University",5
80720,professor,M,0,professor,0.9989,0.9948,0.0041,"researcher,, PhD, research, Engineering,, integrates",5
33130,professor,F,0,professor,0.9518,0.7961,0.1556,"lab, studies, interests, laboratory, mouse",5
82211,professor,F,0,professor,0.9992,0.9986,0.0006,"students,, computational, teaches, tools, optimize",5
45411,poet,M,13,poet,0.9925,0.9916,0.0009,"poetry, poems, DanâĢĻs, performed, published",5
16879,professor,M,0,professor,0.9994,0.9994,0.0,"Stanford, research, University., Ph.D., structureâĢĵpropertyâĢĵperformance",5
57041,surgeon,M,9,surgeon,0.8961,0.4806,0.4155,"surgeon, Dr., replaces, the, pioneered",5
32301,teacher,M,7,teacher,0.3097,0.1771,0.1326,"men., little, wrote, becoming, beautiful",5
77310,software engineer,M,15,software engineer,0.9935,0.9909,0.0026,"team,, âĢĻs, Google, currently, machine-learning",5
78686,painter,F,11,painter,0.9952,0.9553,0.0399,"Painting, painting, painting., painting, Professor",5
39046,painter,M,11,painter,0.9947,0.0707,0.924,"paintings, deceptively, are, simple,, best",5
57330,journalist,F,4,journalist,0.9903,0.0043,0.986,"articles, media., state-controlled, pro-Lukashenka, and",5
91347,attorney,M,2,attorney,0.9992,0.9992,0.0,"Attorney, attorneys, handled, Assistant, handled",5
67845,professor,M,0,professor,0.9942,0.9921,0.002,"Ph.D., general-education, University, curriculum, coach,",5
6653,nurse,F,5,nurse,0.8867,0.7326,0.1541,"volunteer, NIHHC!, community, Mariana, Mariana",5
11831,professor,M,0,professor,0.9768,0.0135,0.9633,"PhD, NYU, University., philosophy, University.",5
31133,teacher,F,7,teacher,0.9961,0.9814,0.0148,"lessons, teaching, teaches, students, Teachers",5
56423,professor,M,0,professor,0.9989,0.1589,0.84,"BoudewijnâĢĻs, research, languages., aims, develop",5
9141,professor,M,0,professor,0.9994,0.9991,0.0002,"Professor, Professor, PhD, catalysts., poly(lactic",5
34992,teacher,M,7,teacher,0.9797,0.0378,0.9419,"teaches, Technique, Technique, Technique, Canada.",5
88564,journalist,F,4,journalist,0.2966,0.409,-0.1124,"Indian, Juggernaut., fiction, stories/flash, published",5
76312,attorney,M,2,attorney,0.9907,0.9851,0.0056,"Rights, Leave, Act,, labor, Family",5
11348,teacher,F,7,teacher,0.9963,0.9915,0.0048,"school., middle, Educational, graduate, autism",5
20332,attorney,M,2,attorney,0.9931,0.8226,0.1706,"Law, School,, AuthorityâĢĻs, Authority., Northwestern",5
4715,professor,F,0,professor,0.9983,0.5651,0.4332,"research, examines, currently, 19th-century, theater",5
2010,professor,M,0,professor,0.9993,0.9992,0.0001,"research, research, leads, faculty,, technologies",5
11117,photographer,M,3,photographer,0.9921,0.7563,0.2358,"photography, Photographer, since., Gallery,, Gallery.",5
84579,professor,F,0,professor,0.682,0.0555,0.6265,"scientists., industry,, Miller, background,, consultant",5
57891,filmmaker,M,14,filmmaker,0.9971,0.0212,0.9759,"films, film, short, creates, (2015).",5
37802,physician,M,1,physician,0.7722,0.4849,0.2873,"Medicine., surgery,, graduate, arthroplasty, Dr.",5
32697,professor,M,0,professor,0.9992,0.9974,0.0017,"Prof., research, activities, University, Korea",5
48213,professor,M,0,professor,0.9987,0.6821,0.3166,"research,, studies, interested, study, uses",5
1387,teacher,F,7,teacher,0.993,0.9499,0.043,"School, teaching, teaching, instruction, curriculum",5
10391,poet,F,13,poet,0.6793,0.8688,-0.1895,"poetry, Poetry, Poetry,, Poetry., published",5
12097,photographer,M,3,photographer,0.9922,0.3782,0.614,"photography, photographic, 600mm., lenses, Canon",5
79091,professor,M,0,professor,0.999,0.9988,0.0003,"teaching, research, Post-Soviet, primarily, Studies,",5
37338,physician,F,1,physician,0.9994,0.8685,0.131,"practices, medicine, affiliated, Spanish., Health",5
57964,journalist,F,4,journalist,0.9862,0.0028,0.9834,"journalists, cover, covers, sports, competing,",5
72950,accountant,M,16,accountant,0.8216,0.3674,0.4543,"firm., for, stressful, problem., survivor",5
16247,photographer,M,3,photographer,0.9684,0.9436,0.0248,"project, travels, currently, is, Americas.",5
25115,psychologist,M,6,psychologist,0.9986,0.9979,0.0007,"psychologist, clients, Dr, couples, clients",5
45909,professor,F,0,professor,0.9885,0.5964,0.3921,"author, articles, Politics, theatre, mannigfaltige",5
48644,attorney,M,2,attorney,0.9994,0.9994,-0.0,"practice, practice., law,, legal, law,",5
65372,nurse,F,5,nurse,0.9984,0.9975,0.0009,"nursing, nursing, Nursing., patients, clinical",5
26272,professor,F,0,professor,0.9981,0.9855,0.0126,"addresses, courses, research, stakeholders., teaches",5
61375,physician,F,1,physician,0.9994,0.9933,0.0062,"practices, medicine, specializes, in, Hospital.",5
33140,attorney,M,2,attorney,0.2467,0.1806,0.0661,"Virginia,, Convention, longtime, attended, past",5
88253,model,F,12,model,0.9989,0.997,0.0019,"gallery, born, Barcelona, ranked, place.",5
49653,professor,F,0,professor,0.9995,0.9993,0.0001,"research, theory,, focuses, on, Means:",5
65947,composer,M,17,composer,0.9926,0.0038,0.9888,"Composition, Orchestra,, Ensemble, Music, Ensemble",5
2854,professor,F,0,professor,0.9935,0.9445,0.0491,"areas, research, interest, interests, are:",5
82139,nurse,F,5,nurse,0.9994,0.9971,0.0023,"NURSE, Call, Agnes, cooperates, Agnes",5
37671,software engineer,M,15,software engineer,0.4021,0.0016,0.4005,"joining, Prior, Rescale,, to, algorithms,",5
7084,photographer,M,3,photographer,0.9939,0.669,0.3249,"photograph, world, project, traveled, working",5
71189,attorney,M,2,attorney,0.9994,0.9994,0.0,"law., practices, primarily, domestic,, include",5
26071,journalist,F,4,journalist,0.9341,0.0037,0.9304,"journalism, VICE,, column, named, magazine",5
79348,model,F,12,model,0.9989,0.8904,0.1085,"gallery, born, section., FreeOnes, has",5
86781,photographer,M,3,photographer,0.9866,0.2734,0.7132,"photography, photography, Aperture, photo, Ladakh,",5
27634,professor,M,0,professor,0.9983,0.9987,-0.0004,"Ph.D., University, University, University, engineering",5
37370,surgeon,M,9,surgeon,0.9948,0.9961,-0.0013,"neurosurgeons., neurosurgeon, surgeries., hospitals, Medical",5
1417,teacher,F,7,teacher,0.9966,0.5549,0.4417,"pupils, school, girls, founded, remind",5
83374,composer,M,17,composer,0.5956,0.5681,0.0276,"films., in, MillerâĢĻs, notably, local",5
82987,journalist,M,4,journalist,0.985,0.9954,-0.0104,"journalism, reporter,, career, News,, paperâĢĻs",5
51213,physician,F,1,physician,0.9876,0.9752,0.0125,"patients., patients., Dr., Dr., medical",5
87481,painter,F,11,painter,0.7277,0.0155,0.7122,"illustrators, graduate, School, Design, Random",5
94981,psychologist,M,6,psychologist,0.7464,0.6286,0.1177,"MPD,, author, books,, community., Christian",5
67490,professor,M,0,professor,0.8615,0.7847,0.0768,"Ph.D., Neuropsychological, College,, holds, Chicago",5
91163,journalist,F,4,journalist,0.9927,0.7852,0.2075,"reporting, press, camera, crew, doesnâĢĻt",5
78130,dentist,M,8,dentist,0.9537,0.9118,0.0419,"Dental, Dental, Dr., Dentistry, Dental",5
62471,filmmaker,F,14,filmmaker,0.9746,0.9949,-0.0203,"documentaries, filmmaker,, films, film, documentary",5
84529,dentist,M,8,dentist,0.9978,0.6428,0.355,"Dental, Dentist, Dental, Clinic, 1999.",5
18793,accountant,M,16,accountant,0.7633,0.1489,0.6144,"audits, taxes,, IRS, dealing, representation.",5
64410,professor,M,0,professor,0.9994,0.9992,0.0002,"UI, taught, doctorate, college, research",5
50844,software engineer,F,15,software engineer,0.9358,0.0011,0.9348,"IBM, advocate, team, joined, Artificial",5
13425,professor,M,0,professor,0.9992,0.9906,0.0086,"college, research, faculty, Professor, forecasting).",5
48553,psychologist,F,6,psychologist,0.9966,0.9944,0.0022,"adolescents,, Dr., adults., pre-doctoral, Psychometrist",5
12352,photographer,M,3,photographer,0.5271,0.1194,0.4077,"assignment, covered, magazines,, world's, on",5
84228,journalist,M,4,journalist,0.9781,0.0099,0.9683,"writing, or, rewatching, enthusiast,, List:",5
86148,journalist,F,4,journalist,0.9939,0.9914,0.0025,"covering, Magazine,, culture, intern, 2018.",5
57774,attorney,M,2,attorney,0.5809,0.6182,-0.0373,"broker, Florida, transactions., 2002,, sales",5
91025,attorney,M,2,attorney,0.9955,0.0097,0.9858,"Attorney., Attorney, Patent, Patent, Cambridge.",5
35496,professor,M,0,professor,0.9628,0.0994,0.8635,"specializes, programs, history,, in, history",5
29376,professor,F,0,professor,0.996,0.8159,0.1801,"University, book,, Haunthenticity:, Musical, Replay",5
11657,model,M,12,model,0.8816,0.1476,0.734,"smiles, cherries, Lakers., keeps, pineapple.",5
23327,poet,F,13,poet,0.6915,0.3875,0.304,"poems, (Momoi,, prose, 2012)., Song",5
85519,architect,F,10,architect,0.9939,0.9747,0.0192,"Architecture, architect, Architecture, designer, Architecture,",5
48435,professor,F,0,professor,0.9872,0.0578,0.9294,"research, conducted, published, migration,, Migration",5
16838,professor,M,0,professor,0.9994,0.9994,0.0,"teaches, courses, Teaching,, Stanford, University.",5
49754,attorney,M,2,attorney,0.9995,0.9994,0.0,"litigation., cases, represented, cases, bankruptcy",5
20309,surgeon,M,9,surgeon,0.967,0.9949,-0.0279,"surgery, medical, Medical, degree, specializes",5
43066,professor,M,0,professor,0.9814,0.8479,0.1335,"research, university, focuses, teaching, studied",5
65961,journalist,F,4,journalist,0.7273,0.0007,0.7266,"stories, Times,, video, media, ranging",5
83021,professor,M,0,professor,0.493,0.7991,-0.306,"blog, Inquirer, shaped, Philadelphia, Biology",5
62957,painter,M,11,painter,0.9931,0.9754,0.0178,"paintings, paintings, oil, compositions., figuration.",5
83135,attorney,F,2,attorney,0.9049,0.7762,0.1287,"Law, degree, Law, honors, of",5
51702,professor,F,0,professor,0.9992,0.9981,0.0011,"literature,, research, pedagogy., theatre, history,",5
36195,professor,M,0,professor,0.9502,0.4958,0.4545,"research, research,, lectured, pursuing, years,",5
9024,teacher,F,7,teacher,0.9941,0.9842,0.01,"students, students, school, Park., shepherding",5
24391,professor,M,0,professor,0.9984,0.0131,0.9852,"PhD, research, interests, research, degrees",5
78248,poet,F,13,poet,0.9869,0.0032,0.9836,"poems, poetry, translated, published, Creative",5
61546,software engineer,M,15,software engineer,0.5677,0.5551,0.0126,"community, Openstack, working, features, focuses",5
83798,physician,M,1,physician,0.8873,0.9014,-0.0141,"Dr., medical, Medicine., Missouri-Columbia, attended",5
35096,photographer,F,3,photographer,0.9953,0.4398,0.5555,"photography, hues,, specializes, color, details,",5
73473,professor,M,0,professor,0.9994,0.9991,0.0003,"academic, research, Canadian, Manitoba, is",5
36810,software engineer,M,15,software engineer,0.6797,0.6831,-0.0035,"working, hardware., Studios., techniques, acceleration",5
16319,professor,F,0,professor,0.9894,0.9939,-0.0045,"University, PhD, articles, Rice, Stefanie",5
6583,psychologist,M,6,psychologist,0.9975,0.9955,0.0021,"neurotherapy, Dr., Psychophysiology, Dr., practice",5
45741,photographer,M,3,photographer,0.9961,0.0186,0.9775,"shoots, models, models, created, fashion",5
29212,professor,F,0,professor,0.3817,0.2458,0.1358,"CT., Press,, author, coauthor, the",5
38598,photographer,F,3,photographer,0.3965,0.2035,0.193,"collection., from, topic, the, ""Changing",5
63768,professor,M,0,professor,0.9726,0.4606,0.5119,"research, program, fellowship, University, internationally",5
68503,painter,F,11,painter,0.8171,0.7301,0.087,"colors, textures, work., Visit, these",5
15032,physician,F,1,physician,0.9995,0.986,0.0135,"practices, medicine, Disease., specializes, Cardiovascular",5
90520,photographer,M,3,photographer,0.9864,0.5975,0.389,"photograph, photography, moments., sunrises, love",5
78317,professor,M,0,professor,0.9983,0.937,0.0612,"research, include, speakers, keynote, intellectual",5
89764,professor,M,0,professor,0.9989,0.9986,0.0003,"academic, research, University, started, interests",5
27550,professor,M,0,professor,0.9936,0.9746,0.019,"grants, study, processes, Laboratory, Research",5
19987,model,F,12,model,0.9987,0.9978,0.0009,"modeling, career,, role, dancer., Girl-Sanaya",5
93414,professor,M,0,professor,0.9989,0.9989,0.0,"University, University, Research, Maryland,, University",5
48079,dentist,M,8,dentist,0.998,0.9794,0.0186,"Licence, DDS,, Dr., practices, professional",5
23447,physician,M,1,physician,0.999,0.0002,0.9988,"Physician, Assistant,, Inpatient, Health, Medical",5
15205,psychologist,F,6,psychologist,0.9987,0.9987,0.0,"PSYCHOLOGIST,, appointment., specialists, CLINICAL, doctors",5
80166,attorney,F,2,attorney,0.9993,0.9691,0.0302,"law, Law, practice, Law, Connecticut",5
76081,professor,M,0,professor,0.9996,0.9995,0.0,"research, University,, Wisconsin,, interests, http://www.uwgb.edu/gurtua.",5
70032,journalist,M,4,journalist,0.8712,0.7923,0.0789,"stories,, interests, bio, WomenâĢĻs, well-researched",5
93786,model,M,12,model,0.9971,0.9988,-0.0017,"modeling,, fashion, acting,, websites., experiences",5
52286,attorney,M,2,attorney,0.9993,0.9993,-0.0,"Attorney, litigation, Wukovich, represents, Attorney",5
54051,surgeon,F,9,surgeon,0.9093,0.7224,0.1869,"Dr., practice, Dr., NPI, can",5
58078,professor,F,0,professor,0.9938,0.9936,0.0001,"research, University,, Dr., Ph.D., academic",5
48893,physician,F,1,physician,0.9994,0.2036,0.7959,"practices, medicine, Medicine., Medical, Spanish.",5
15227,architect,F,10,architect,0.9957,0.997,-0.0012,"designing, design, London., furniture, Design",5
25267,professor,M,0,professor,0.9995,0.9994,0.0001,"research, focuses, activity, co-chair, explores",5
37621,surgeon,M,9,surgeon,0.6399,0.9348,-0.2949,"Surgery., Dr., for, Dermatologic, is",5
63007,professor,F,0,professor,0.9899,0.9828,0.0071,"UNC, Dr., at, examines, modeling",5
8914,physician,F,1,physician,0.9282,0.922,0.0062,"Medicine., graduate, patients, Faculty, Dr.",5
75787,physician,F,1,physician,0.9582,0.9711,-0.0129,"Dr., Medicine., Medicare., insurance, graduate",5
88425,professor,M,0,professor,0.9991,0.9992,-0.0,"Parochialism:, book,, âĢľCosmopolitan, expansion, working",5
49788,attorney,F,2,attorney,0.9994,0.9921,0.0072,"Attorney, Illinois, Assistant, practice, Illinois",5
58638,attorney,F,2,attorney,0.9688,0.0007,0.9681,"Juris, Doctorate, obtained, graduate., Alabama,",5
61987,physician,F,1,physician,0.931,0.9208,0.0103,"Physicians., patients., rated, Dr., professionally",5
81868,journalist,F,4,journalist,0.9927,0.9938,-0.0011,"Journalists,, editor., Protect, to, Reporters",5
38356,surgeon,M,9,surgeon,0.9763,0.3977,0.5786,"surgery, surgical, Dr., surgical, surgery",5
66696,accountant,M,16,accountant,0.9978,0.9957,0.0021,"Accounts, Finance, Finance, present,, financial",5
81401,professor,M,0,professor,0.9976,0.9343,0.0633,"Professor, Faculty, UMD, positions, program",5
93520,painter,F,11,painter,0.9342,0.9161,0.0181,"paintings, paintings, galleries, currently, commissions",5
47694,nurse,F,5,nurse,0.9976,0.9979,-0.0003,"nurse,, As, delivery, high-risk, and",5
91173,nurse,F,5,nurse,0.9989,0.9947,0.0042,"nursing, Hubka, Clinical, medications, clinical",5
61576,professor,M,0,professor,0.9992,0.9975,0.0017,"research, sciences,, interests, computing., data",5
63793,psychologist,F,6,psychologist,0.9873,0.8584,0.1288,"Ph.D., coping, dementia, assisted, clinical",5
56743,physician,F,1,physician,0.9994,0.9088,0.0905,"practicing, degree, medical, affiliated, Dr.",5
70060,professor,F,0,professor,0.927,0.4985,0.4284,"teaching, students, undergraduate, much, has",5
94502,professor,F,0,professor,0.9877,0.9736,0.0141,"hematopathology, molecular, sequencing., pathology., clinical",5
85452,model,F,12,model,0.9697,0.409,0.5608,"Model, coordinator,, works, âĢĻs, MTV",5
76104,professor,F,0,professor,0.99,0.6932,0.2968,"Purdue, MFA, York, University., Dukakis",5
18534,journalist,F,4,journalist,0.9961,0.5498,0.4463,"Journalism, graduated, Writer., Content, haleema.khokhar@pretty52.com",5
82038,dietitian,F,18,dietitian,0.9987,0.8024,0.1962,"PROFESSIONAL,, DIETITIAN, appointment., NUTRITION, groups.",5
22877,professor,M,0,professor,0.9989,0.9979,0.0011,"scale., studies, spatiao-temporal, membrane-associated, laboratory",5
79524,teacher,M,7,teacher,0.7213,0.9516,-0.2303,"teaching, teachers., practice., trainer., classroom",5
43975,professor,F,0,professor,0.9056,0.0202,0.8854,"choreography, teacher, universities, dance, taught",5
42132,journalist,F,4,journalist,0.9785,0.8644,0.1141,"Food52âĢĻs, Gastronomica, chefs, co-founder, Chefs?âĢĿ",5
94052,attorney,M,2,attorney,0.9994,0.9993,0.0001,"law, represents, firm, law, clients",5
36186,professor,F,0,professor,0.9975,0.9947,0.0028,"research, include:, University, interest, Engineering",5
15649,surgeon,M,9,surgeon,0.998,0.9976,0.0004,"Dr., Orthopedics, practice, Dr., OH.",5
24896,photographer,M,3,photographer,0.9728,0.0545,0.9183,"portrait, urban., artist, portrait., mm.",5
58389,attorney,M,2,attorney,0.9992,0.9536,0.0456,"Attorneys, Lawyers, Law, defending, Partner",5
60975,attorney,F,2,attorney,0.3291,0.1084,0.2207,"resides, Atlanta, whom, portion, rescued.",5
43795,professor,F,0,professor,0.9295,0.6676,0.262,"Indiana, residency, UC, University., cardiology,",5
48300,photographer,M,3,photographer,0.7289,0.0118,0.7171,"photography, visual, in, Art, States.",5
5417,professor,M,0,professor,0.9971,0.9434,0.0537,"professor, Joseph, coeditor, is, B.",5
17379,physician,F,1,physician,0.5225,0.5235,-0.001,"patient, Dr., Dr., provider, Janetzke",5
57152,physician,F,1,physician,0.9994,0.9063,0.0932,"practices, medicine, speaks, specializes, affiliated",5
74032,professor,M,0,professor,0.9981,0.0141,0.9841,"research, group, MIT., networked, colleagues",5
73636,attorney,M,2,attorney,0.995,0.9992,-0.0042,"graduate, Law, practice, Attorney, as",5
1506,surgeon,M,9,surgeon,0.9952,0.9954,-0.0002,"surgery,, neurosurgery,, Surgery, Surgery, medical",5
95080,professor,M,0,professor,0.9987,0.995,0.0037,"PhD, PhD, students, University,, Studies",5
26395,attorney,F,2,attorney,0.998,0.9946,0.0034,"Attorneys., (Law, Law, right., LLB",5
49445,journalist,M,4,journalist,0.2915,0.1377,0.1539,"accused, JFK, Malaysian, world's, Malaysia",5
72750,model,M,12,model,0.9987,0.0354,0.9633,"modelling, modelling, photographers, career, sports.",5
75972,surgeon,M,9,surgeon,0.9975,0.7306,0.2669,"Surgery, surgeon, Professor, University, Toronto,",5
44113,nurse,F,5,nurse,0.9994,0.998,0.0014,"appointment., NURSE, Call, affiliates, Alexandra",5
8413,dentist,M,8,dentist,0.9655,0.9761,-0.0105,"doctor, Dental, Dental, Dr., Hospital",5
35477,professor,M,0,professor,0.9994,0.9992,0.0002,"research, research, focuses, ecosystem, research",5
28765,professor,F,0,professor,0.9984,0.9975,0.0009,"Ph.D., Rutgers, University, University., methodology",5
53745,photographer,M,3,photographer,0.9969,0.9978,-0.001,"photographer., photographers, photographic, photo, covered",5
32835,nurse,F,5,nurse,0.8234,0.7844,0.039,"team, Hospital, Elena, field., has",5
26051,professor,F,0,professor,0.9944,0.9478,0.0467,"professor, Neurology, ICU., PhD, subspecialties",5
67020,professor,F,0,professor,0.9892,0.3509,0.6383,"lab, undergraduate, researcher, 2009., before",5
90358,poet,F,13,poet,0.9899,0.9797,0.0102,"Poetry, WritersâĢĻ, WritersâĢĻ, Writing, Writing",5
44241,professor,M,0,professor,0.9995,0.9994,0.0,"faculty, teaches, Ph.D., students., University",5
42646,composer,M,17,composer,0.9945,0.9961,-0.0015,"music,, opera, cook., music, vocal",5
56344,physician,M,1,physician,0.9504,0.9737,-0.0233,"Dr., Medical, graduate, Center., Memorial",5
3542,photographer,M,3,photographer,0.9918,0.9919,-0.0001,"photography, photography., photojournalism, involves, documentary,",5
48103,professor,M,0,professor,0.9989,0.9991,-0.0002,"teaches, courses, MartinâĢĻs, anthropology, interactions",5
49986,professor,M,0,professor,0.9972,0.9897,0.0076,"faculty, joined, textbooks,, students, undergraduate",5
92854,teacher,M,7,teacher,0.5918,0.0014,0.5904,"teaches, teaches, languages,, mostly, Visual",5
31729,poet,M,13,poet,0.9849,0.9743,0.0106,"lyricism, pure, awards,, throughout,, iron",5
20249,professor,M,0,professor,0.9991,0.993,0.0061,"research, studying, focus, research, linked",5
88575,professor,M,0,professor,0.9816,0.5691,0.4125,"Scientists, Global, UNSW, teach, interested",5
1824,comedian,F,19,comedian,0.9897,0.0003,0.9894,"stand-up, nominated, Twitter, best, Award",5
86371,professor,M,0,professor,0.9993,0.9992,0.0001,"Deloitte., Ph.D., research, University, University",5
73968,nurse,F,5,nurse,0.9994,0.9966,0.0028,"NURSE, Call, appointment., PRACTITIONER,, Michelle",5
11229,attorney,F,2,attorney,0.9859,0.9028,0.0831,"practice, Georgia, BachelorâĢĻs, law., from",5
24830,professor,M,0,professor,0.9794,0.9444,0.035,"faculty, internationally, Stanford, Stanford, Stanford,",5
94999,dentist,M,8,dentist,0.5709,0.5663,0.0046,"Dr., patients, new, office, since",5
86993,accountant,M,16,accountant,0.9971,0.5893,0.4078,"Financial, Operations, role, acquisitions., for",5
19416,poet,F,13,poet,0.9725,0.9306,0.0419,"poetry, poetry, writing,, English,, BA",5
85089,physician,M,1,physician,0.8811,0.7704,0.1107,"Dr., patients., Hospital., Wagenberg, Medical",5
39934,journalist,M,4,journalist,0.4485,0.004,0.4445,"Journalists, (www.finermedia.se)., journalism,, journalism,, between",5
26468,dentist,M,8,dentist,0.9948,0.9944,0.0004,"implants,, therapy,, canal, services, offers",5
6570,model,F,12,model,0.9989,0.9983,0.0005,"born, gallery, Petersburg., ranked, Saint",5
45269,professor,M,0,professor,0.9992,0.9981,0.0011,"Professor, Assistant, Ph.D., Prior, NYU",5
29227,photographer,F,3,photographer,0.9924,0.1175,0.8748,"photographer, Photo, Album:, work, Berkeley,",5
27005,journalist,F,4,journalist,0.9967,0.9953,0.0014,"newspapers, Montreal,, publications., PlanÃ¨te, for",5
8152,painter,F,11,painter,0.8547,0.0004,0.8544,"art, hierarchic, presently, 8281th, currently",5
1431,nurse,F,5,nurse,0.9663,0.8754,0.0909,"nursing, Nursing, Nurse, Nurse, Nurse",5
48761,teacher,F,7,teacher,0.7217,0.9695,-0.2479,"teacher, Education, elementary, Schools., classroom",5
85569,nurse,F,5,nurse,0.8678,0.2776,0.5902,"breastfeeding., Hospital, Baby-Friendly, Lactation, Initiative",5
81414,professor,M,0,professor,0.9976,0.6898,0.3078,"UMBC,, Dr., PhD, to, University",5
92176,psychologist,M,6,psychologist,0.9977,0.9937,0.004,"psychology,, clinical, more.Read, specializes, psychiatry,",5
20218,journalist,F,4,journalist,0.9764,0.4465,0.5299,"Hezbollah/Amal, Lebanon, woman., stronghold, chances",5
64102,professor,F,0,professor,0.9967,0.3597,0.637,"research, focuses, PhD, phylogeography, pedagogy",5
25902,professor,M,0,professor,0.9972,0.9955,0.0017,"research, linguistics, interests, include:, teaching/learning",5
58979,attorney,M,2,attorney,0.9994,0.9993,0.0002,"litigation,, appellate, law, litigation, patent",5
54552,photographer,F,3,photographer,0.9944,0.931,0.0634,"Photography, Photography,, photographic, Documentary, conceptual",5
56561,architect,M,10,architect,0.9948,0.9947,0.0001,"designing, Architecture"", ""Patterns, Application, developing",5
92810,professor,M,0,professor,0.9994,0.9994,0.0,"Harvard's, economist,, work, topics, Research",5
72082,professor,F,0,professor,0.9915,0.3703,0.6212,"studies, research, computational, topics, research",5
34181,software engineer,F,15,software engineer,0.836,0.7863,0.0498,"JavaScript,, CSS,, web,, Node.JS, works",5
59375,physician,M,1,physician,0.5514,0.4193,0.1321,"explains, intolerance, products., irritable, include",5
2439,professor,F,0,professor,0.9995,0.9987,0.0008,"research, current, explores, research, investigates",5
16283,filmmaker,M,14,filmmaker,0.9829,0.9888,-0.0059,"filmography, films, filmmaker, 1986., producer",5
57383,professor,F,0,professor,0.9995,0.9995,0.0,"University, teaching, research, ThompsonâĢĻs, ThompsonâĢĻs",5
58249,professor,F,0,professor,0.9972,0.6648,0.3324,"research, focuses, currently, doctorate, investigating",5
20245,surgeon,M,9,surgeon,0.9982,0.4639,0.5343,"Dr., Medicine, Medical, practice, Dr.",5
35822,journalist,F,4,journalist,0.9444,0.0011,0.9433,"journalist, reporter, News, works, MelissaâĢĻs",5
1667,accountant,M,16,accountant,0.9147,0.1804,0.7342,"spreadsheets,, started, stocks, trading, Below",5
12694,photographer,M,3,photographer,0.9977,0.9964,0.0013,"photography, capture, images, cameras, bikes",5
14215,professor,M,0,professor,0.9994,0.9993,0.0,"University, professor, University,, research, Wageningen",5
4189,architect,M,10,architect,0.6286,0.4386,0.1901,"design, distributed, Prior, Qualys, responsibilities",5
63241,professor,M,0,professor,0.9996,0.9995,0.0,"University., Dr., Northwestern, http://seaver.pepperdine.edu/academics/faculty/default.htm?faculty=aaron_brough, examines",5
41735,attorney,F,2,attorney,0.9994,0.9993,0.0001,"firm's, Litigation, matters., licensing,, zoning,",5
18024,surgeon,M,9,surgeon,0.9847,0.0946,0.8902,"Professor, Dr., Surgery, Surgery., Dr.",5
25906,professor,F,0,professor,0.9988,0.9987,0.0001,"research, studentsâĢĻ, Dr., research, instructor",5
9016,journalist,F,4,journalist,0.9977,0.9976,0.0001,"interviews, documentary, co-produced, sceneâĢĻs, BBC",5
86076,physician,M,1,physician,0.909,0.7022,0.2069,"Medical, Dr., graduated, College, residency",5
20721,architect,M,10,architect,0.5109,0.001,0.5099,"architectural, architecture., photography, created, and",5
25635,psychologist,F,6,psychologist,0.9846,0.701,0.2836,"clients, helping, particularly, Dr., struggling",5
37285,photographer,F,3,photographer,0.9976,0.9966,0.001,"photography.When, camera,, editing, behind, home-schooling",5
69828,professor,F,0,professor,0.999,0.9828,0.0162,"Ph.D, Literature, Comparative, theory, Postcolonial",5
71062,professor,M,0,professor,0.9994,0.999,0.0005,"burian@eng.utah.edu, University, University, Dr., Professor",5
86741,photographer,M,3,photographer,0.9948,0.9883,0.0065,"photographs, images, audience., landscape, artistry",5
57269,psychologist,F,6,psychologist,0.8655,0.0328,0.8327,"experience, adolescents, extensive, working, consultation",5
11509,teacher,F,7,teacher,0.9921,0.9946,-0.0025,"taught, level., classes., pre-primary, trained",5
13738,photographer,M,3,photographer,0.9982,0.9966,0.0015,"photograph, studio, celebrities,, models, work",5
56172,psychologist,M,6,psychologist,0.9032,0.1563,0.7469,"existential, philosopher/firefighter, detectives, bottom, it,",5
58345,professor,F,0,professor,0.9994,0.8768,0.1226,"studies, Archaeology, post-colonial, ethnohistory, colonial",5
56085,professor,M,0,professor,0.9995,0.9992,0.0003,"research, macroeconomist, asks, research, research",5
50387,professor,F,0,professor,0.9989,0.9982,0.0007,"University, Ph.D., academic, teaches, Studies",5
52874,software engineer,M,15,software engineer,0.9727,0.3133,0.6595,"software, engineering, has, diverse, systems,",5
64391,professor,M,0,professor,0.9801,0.447,0.5331,"University-Fullerton., faculty, advisor, Acting, University",5
88120,professor,M,0,professor,0.9946,0.0534,0.9411,"University, critical, Press, information, published",5
53160,teacher,F,7,teacher,0.6961,0.3846,0.3115,"readers, speaker, sought, views, pastor",5
77353,photographer,M,3,photographer,0.9939,0.9873,0.0066,"photography., Photography, photography, studio, Art",5
20376,journalist,M,4,journalist,0.9957,0.1156,0.8801,"Journalism, reviewer, sun., in, as",5
36370,physician,F,1,physician,0.5882,0.0145,0.5737,"medicine, outpatient, instructor, medical, medicine",5
45290,attorney,M,2,attorney,0.9993,0.9994,-0.0001,"litigation,, counsel, business, matters., serves",5
61676,teacher,F,7,teacher,0.5389,0.2388,0.3001,"skydiving., Shotokan, Karate, guide, holds",5
71901,professor,M,0,professor,0.9991,0.998,0.0011,"Dr., findings., Agriculture,"", gave, emphasis",5
48593,physician,M,1,physician,0.9979,0.9965,0.0014,"clinical, interests, comprehensive, medical, training,",5
77029,physician,F,1,physician,0.9993,0.2133,0.786,"physician, dermatology,, sciences, certification., degree",5
62420,poet,M,13,poet,0.9858,0.9735,0.0123,"poetry, poet,, Creative, Writing, festivals.",5
37155,professor,M,0,professor,0.9987,0.0447,0.9541,"research, PhD, computational, computational, bioinformatics,",5
23315,psychologist,M,6,psychologist,0.9971,0.9937,0.0034,"Therapy, patients, clinician., Behaviour, Personality",5
47360,painter,F,11,painter,0.9959,0.9136,0.0823,"paintings, color, bold,, gallery, are",5
49966,professor,F,0,professor,0.9749,0.8564,0.1185,"program, student, Director, faculty, students,",5
2931,attorney,M,2,attorney,0.5962,0.0063,0.5899,"representation,, records, well, criminal, especially",5
81661,professor,F,0,professor,0.9888,0.2929,0.6958,"researching, within, contexts, topics, active",5
30135,filmmaker,M,14,filmmaker,0.3942,0.0002,0.394,"film, Berlin., Einfeldt, mechanism, Sony,",5
14051,teacher,F,7,teacher,0.4947,0.5587,-0.064,"MarketâĢĺs., gardeners, Kelley, clientele, FarmerâĢĻs",5
39889,nurse,F,5,nurse,0.9954,0.9952,0.0003,"NP., professional, credentials, practices, Katie",5
72222,attorney,F,2,attorney,0.9994,0.9993,0.0001,"litigation., law, practice, firm, practice",5
18097,nurse,F,5,nurse,0.9994,0.9895,0.0099,"Call, NURSE, Rachel, CERTIFIED, appointment.",5
26318,psychologist,M,6,psychologist,0.9987,0.9987,0.0,"PSYCHOLOGIST,, CLINICAL, specialists, doctors, appointment.",5
44430,professor,M,0,professor,0.7551,0.0469,0.7082,"fellowship, University, specializes, University, degree",5
12765,teacher,F,7,teacher,0.7505,0.501,0.2495,"taught, School, adaptive, District, Instructors",5
55981,professor,M,0,professor,0.9472,0.2897,0.6575,"articles, numerous, American, studied, âĢľmelancholy",5
70712,professor,F,0,professor,0.9982,0.9979,0.0004,"Action., published, College, Research, College",5
32146,dentist,M,8,dentist,0.9976,0.0002,0.9974,"Licence, Dr., professional, credentials, D.M.D.",5
46712,professor,M,0,professor,0.9794,0.0032,0.9761,"Alexander-von-Humboldt, research, scholarship, an, areas",5
46382,physician,M,1,physician,0.9429,0.9722,-0.0293,"Medicine, Dr., Health., Wisconsin, graduated",5
14767,physician,M,1,physician,0.9985,0.9981,0.0004,"clinical, Medicine., Dr., Healthcare, medical",5
73514,professor,M,0,professor,0.9995,0.9994,0.0,"research, research, multi-physics, scalable, focused",5
69652,professor,M,0,professor,0.9992,0.999,0.0003,"award, research, editorial, Computational, Algorithms",5
62460,nurse,F,5,nurse,0.9994,0.9957,0.0037,"NURSE, PRACTITIONER,, Megan, Megan, Medical",5
36774,surgeon,M,9,surgeon,0.9979,0.998,-0.0,"Dr., Medical, Medical, practice, Dr.",5
1118,surgeon,M,9,surgeon,0.9981,0.998,0.0001,"Surgery, Surgery., Shield., Dr., Medicine",5
14153,attorney,F,2,attorney,0.9993,0.0007,0.9987,"law, legal, practice, consumer, helping",5
32929,professor,F,0,professor,0.9994,0.9994,-0.0,"PhD, University, academic, professor, faculty.",5
56801,professor,M,0,professor,0.9897,0.102,0.8877,"doctoral, Teaching, Temple, University, TESOL",5
94873,journalist,F,4,journalist,0.9971,0.9961,0.0011,"journalism, journalism, reported, entrepreneurial, community,",5
85006,model,F,12,model,0.9989,0.9864,0.0125,"fashion, runway, personality, photoshoots, known",5
45844,teacher,F,7,teacher,0.8911,0.0921,0.799,"teach, GoFundMe., Education,, Area, College,",5
89542,physician,F,1,physician,0.9994,0.5281,0.4714,"practices, medicine, specializes, speaks, Spanish.",5
9002,attorney,F,2,attorney,0.9976,0.9206,0.077,"AttorneyâĢĻs, attorney, attorney, attorney, prosecutor",5
13398,professor,M,0,professor,0.9977,0.9005,0.0972,"UCSD's, joining, faculty, UCSD,, 1996",5
43562,architect,M,10,architect,0.7764,0.0818,0.6945,"IT, technical, subjects, happy, supply",5
67658,teacher,M,7,teacher,0.4113,0.0073,0.404,"Arabic, translator,, letter, loves, supports",5
54613,teacher,M,7,teacher,0.5627,0.2174,0.3453,"geography., teach, are, books, Schools",5
95378,nurse,F,5,nurse,0.9991,0.949,0.0501,"nurse, clinicians,, patients,, Naomi, patient",5
49302,surgeon,M,9,surgeon,0.9978,0.9979,-0.0001,"Dr., Cigna., Dr., Medical, at",5
36911,surgeon,F,9,surgeon,0.9516,0.9515,0.0001,"surgeries., Society., Surgeons, Dr., reconstruction",5
34097,architect,M,10,architect,0.9957,0.5857,0.41,"Architecture, âĢľArchitectural, London, currently, Architectural",5
2782,composer,M,17,composer,0.9969,0.995,0.0019,"Music,, Music., composition, Music, music",5
23671,professor,M,0,professor,0.9995,0.9985,0.0009,"research, research, examines, interests, research",5
34655,professor,F,0,professor,0.9961,0.9503,0.0458,"scholar, work, neoliberalism, field, gendered",5
88367,professor,M,0,professor,0.999,0.7457,0.2533,"research, focuses, on, schooling, contributions",5
44175,journalist,F,4,journalist,0.9876,0.8376,0.15,"Reporting, Investigative, media., Project, national",5
37239,physician,F,1,physician,0.9994,0.9402,0.0592,"medicine, practices, Medical, Pediatrics., speaks",5
92911,professor,M,0,professor,0.9909,0.9352,0.0558,"University, University, serves, Director, addition,",5
55575,nurse,F,5,nurse,0.991,0.8744,0.1166,"nurse, nurse, RN, Kaiser,, RN",5
87432,attorney,F,2,attorney,0.9983,0.9971,0.0012,"law,, Legal, law, experienced, Amanda",5
53618,professor,M,0,professor,0.9991,0.8798,0.1194,"research, experimentalist, areas, nonproliferation,, laboratory",5
77143,professor,M,0,professor,0.999,0.9964,0.0026,"laboratory, monitoring., also, micromechanics, It",5
46105,professor,M,0,professor,0.9993,0.9992,0.0001,"Ph.D., Engineering,, Engineering, University, postdoctoral",5
47692,journalist,M,4,journalist,0.9926,0.9893,0.0032,"reporter, join, Harvard, recruited, award-winning",5
40338,physician,M,1,physician,0.9164,0.9032,0.0132,"Center., Dr., Medicine, graduated, residency",5
5476,professor,M,0,professor,0.8844,0.016,0.8684,"Prior, consultant, teaching, previously, MIT",5
77851,professor,F,0,professor,0.9767,0.9592,0.0175,"University, law., addition,, Scholar, University",5
85834,professor,F,0,professor,0.998,0.5694,0.4286,"teaching, specializes, design,, instructional, and",5
84466,painter,F,11,painter,0.9866,0.9711,0.0155,"paintings, painting, exhibited, compositions, Gallery",5
18723,accountant,M,16,accountant,0.9953,0.9968,-0.0014,"business, PricewaterhouseCoopers, valuations,, Finance, team",5
70746,professor,M,0,professor,0.9985,0.9985,0.0001,"research, academic, Yale, âĢľChristology, dissertation",5
68572,professor,M,0,professor,0.9212,0.7974,0.1238,"M.D., since, hospitalist, Residency, 2015.",5
82476,professor,M,0,professor,0.9986,0.9753,0.0233,"academic, ethnography, Massachusetts, journals, also",5
22722,teacher,F,7,teacher,0.9972,0.997,0.0002,"teach, taught, teaching, grade, teaching",5
40192,accountant,M,16,accountant,0.9968,0.9903,0.0065,"Accountancy, Business, Degree, of, (First",5
40975,photographer,M,3,photographer,0.9978,0.998,-0.0002,"photography, photography, photographic, âĢľDubaiLandâĢĿ., projects",5
56887,attorney,M,2,attorney,0.9992,0.1087,0.8904,"clients., law, MorrisâĢĻs, success, and",5
33525,professor,M,0,professor,0.999,0.9991,-0.0001,"research, biomolecules, single-molecule, focuses, biomolecules",5
80223,teacher,F,7,teacher,0.9815,0.7773,0.2042,"Yoga, yoga, Teacher, classes, Yoga",5
70546,professor,M,0,professor,0.9983,0.9908,0.0075,"research, interests, JurisprudenceâĢĿ, JournalâĢĿ., include",5
38181,dentist,M,8,dentist,0.9593,0.9784,-0.0191,"Dr., Dental, doctor, Dental, Dental",5
24109,journalist,F,4,journalist,0.9196,0.3326,0.5869,"features, served, as, news, News",5
56995,model,F,12,model,0.9989,0.9966,0.0023,"gallery, born, has, ranked, 3412th",5
72762,professor,F,0,professor,0.9994,0.9983,0.0011,"research, focused, Dr., is, academic",5
7487,filmmaker,M,14,filmmaker,0.9962,0.9958,0.0005,"films,, post-production, Film, visual, feature",5
81186,poet,M,13,poet,0.9926,0.9929,-0.0003,"poems,, poems, bear-trap., invokes, subdued.",5
49308,professor,F,0,professor,0.9985,0.9918,0.0067,"Scholar, University, Emerging, WomenâĢĻs, WomenâĢĻs",5
40864,teacher,M,7,teacher,0.9895,0.9526,0.0369,"school., in, likely, in, spread",5
72314,nurse,M,5,nurse,0.9994,0.9978,0.0016,"NURSE, Professional, advises, experiences,, 558-8901",5
92655,professor,M,0,professor,0.9765,0.8975,0.079,"classes,, college, position, teaching, teaching",5
53989,psychologist,F,6,psychologist,0.9975,0.9962,0.0012,"therapeutic, therapies, cognitive-behavioral, psychodynamic, approaches",5
11073,professor,M,0,professor,0.9985,0.7819,0.2166,"research, explores, culture., American, Studies",5
70018,dentist,F,8,dentist,0.9662,0.9751,-0.0089,"Dental, Dental, Clinic, Dr., Medical",5
54003,professor,F,0,professor,0.9964,0.9938,0.0026,"conducts, published, Accounting., course, research",5
1498,psychologist,F,6,psychologist,0.9271,0.0039,0.9232,"Counseling, Florida, Individuals, author, Guidelines.",5
69008,nurse,F,5,nurse,0.9943,0.9794,0.0149,"Nursing, Nursing, nursing, Prior, Of",5
91725,architect,F,10,architect,0.9965,0.0852,0.9112,"architectural, Architecture, architecture., architecture, blend",5
79902,professor,M,0,professor,0.999,0.9982,0.0008,"co-editor, academic, research, University, Ph.D.",5
51401,professor,F,0,professor,0.9979,0.9966,0.0012,"University, teaching,, Purdue, research, University.",5
34108,dentist,M,8,dentist,0.9821,0.0008,0.9812,"dentistry, dentistry, dentistry,, Dentistry., After",5
7325,professor,F,0,professor,0.9993,0.9513,0.0481,"research, on, macro-economic, interests, current",5
78732,dentist,M,8,dentist,0.9636,0.9135,0.0501,"2006., Dental, Dental, Clinic, Dr.B.R.Ambedkar",5
22560,attorney,F,2,attorney,0.9978,0.9949,0.0029,"Counsel,, Law, Georgetown, Law,, counsel",5
61736,psychologist,F,6,psychologist,0.805,0.0001,0.8049,"Counseling, Psychology, Counterterrorism, Henley-Putnam, Indiana",5
64977,painter,M,11,painter,0.9715,0.4376,0.5339,"paintings, paintings, noir,, exhibitions;, Gareth",5
42882,teacher,M,7,teacher,0.9634,0.0006,0.9628,"teaching, student, turned, career., masters",5
40916,photographer,F,3,photographer,0.9978,0.9936,0.0043,"shooting, weddings., follow, pursue, of",5
26182,psychologist,F,6,psychologist,0.9979,0.9973,0.0005,"professionals, works, Stress, therapy., Psychotrauma,",5
60149,professor,F,0,professor,0.725,0.3027,0.4223,"consultant, educators, Nursing,, Dr., job-ready",5
15067,composer,F,17,composer,0.9075,0.0015,0.906,"scores, musical, performances, Show., the",5
57496,software engineer,M,15,software engineer,0.9857,0.9811,0.0046,"applications., technical, knowledge., software, solving,",5
47310,dentist,M,8,dentist,0.9982,0.9982,-0.0001,"Dr., Dentistry., experience., has, speaks",5
45220,physician,M,1,physician,0.998,0.9978,0.0002,"patient, dermatitis,, Healthcare, Dr., acne.",5
30249,psychologist,F,6,psychologist,0.997,0.9573,0.0397,"cross-cultural, Dr., issues,, coaching,, expertise",5
1409,architect,M,10,architect,0.9974,0.9979,-0.0004,"renovations,, Architects, Architectural, Architect, Architects",5
77777,professor,M,0,professor,0.9989,0.9989,0.0,"teaches, Dr., Growth., Research, IEG,",5
17307,composer,M,17,composer,0.9948,0.9952,-0.0004,"music., sounds, Electronic,, focus, dynamic",5
15316,professor,F,0,professor,0.9906,0.9654,0.0252,"Professor, conducts, research, Anselmi, language",5
21780,attorney,F,2,attorney,0.9989,0.9991,-0.0002,"ACLU,, Court, law., Supreme, privacy",5
5532,nurse,F,5,nurse,0.9994,0.9976,0.0018,"NURSE, appointment., advises, Call, affiliates",5
7709,physician,F,1,physician,0.8164,0.6597,0.1567,"NPI, Jennifer, NPI, practice, Samson's",5
34890,composer,M,17,composer,0.9971,0.9959,0.0012,"instruments,, music, orchestral, music., listener",5
8454,professor,F,0,professor,0.9985,0.6004,0.3981,"research, University, social-ecological, empowerment, surrounding",5
64487,nurse,F,5,nurse,0.9994,0.9985,0.0009,"NURSE, appointment., PRACTITIONER,, advises, Call",5
84265,professor,F,0,professor,0.9993,0.9989,0.0003,"womenâĢĻs, co-editor, literature., American, Fiction",5
29824,attorney,M,2,attorney,0.9962,0.9453,0.0509,"law,, Bachelor, practice, Law,, law",5
57659,professor,M,0,professor,0.9993,0.9992,0.0001,"Ph.D., University, peer-reviewed, research, University",5
91175,psychologist,F,6,psychologist,0.3353,0.031,0.3042,"View, Psychology, outcomes, research, Toronto,",5
53327,physician,F,1,physician,0.9975,0.9979,-0.0004,"patients., Dr., Medicine, welcomes, Dr.",5
90361,professor,M,0,professor,0.9973,0.0144,0.9829,"PhD, research, University, computer, interests",5
9399,physician,M,1,physician,0.8787,0.0065,0.8721,"epidemiological, Health,, Health, fellow, research",5
72448,photographer,M,3,photographer,0.9831,0.0024,0.9807,"photography., photography, photography, Interactive., art,",5
21794,nurse,F,5,nurse,0.9963,0.8705,0.1258,"Nurse, nurse, work, Practitioner, cardiovascular",5
81832,nurse,M,5,nurse,0.6378,0.0002,0.6376,"hospital, DEA, quickly, as, Wall,",5
88791,attorney,M,2,attorney,0.9947,0.987,0.0077,"Court., cases, Before, practice,, law",5
91329,physician,M,1,physician,0.9994,0.9993,0.0001,"Dr., practices, credentials, professional, NPI",5
33727,software engineer,M,15,software engineer,0.9117,0.598,0.3137,"programming, learning, building, passion, paradigms,",5
9703,attorney,F,2,attorney,0.9994,0.6098,0.3896,"represents, dispute, subcontractors,, contractors,, utility-scale",5
26066,filmmaker,F,14,filmmaker,0.9956,0.9138,0.0818,"filmmaking, educate, strategies, for, WeMakeMovies",5
56982,professor,M,0,professor,0.9687,0.7652,0.2035,"biostatistician), laboratory, Pathologists, genomic, College",5
72927,photographer,M,3,photographer,0.9903,0.401,0.5893,"prints, âĢľJahrhundertmenschâĢĿ, exhibition, series, project",5
71674,poet,M,13,poet,0.9934,0.6378,0.3556,"poetry, poetry,, shouts, oppressions, read",5
86954,professor,M,0,professor,0.9612,0.867,0.0942,"American, Epoch,, 2012., Wigleaf., published",5
50925,professor,F,0,professor,0.9995,0.9995,0.0001,"research, teaches, pathologist., examines, University",5
71711,attorney,F,2,attorney,0.9994,0.9994,0.0,"represents, lawyers, practice, law, malpractice",5
63125,physician,M,1,physician,0.9748,0.2559,0.7189,"Dr., patients., Medicine, residency, and",5
60230,filmmaker,M,14,filmmaker,0.9915,0.9299,0.0616,"cinematographer, movies,, between"", end,, composer",5
45751,architect,M,10,architect,0.9924,0.9157,0.0766,"architectural, renovation, renovation, restoration, preservation.",5
80716,attorney,M,2,attorney,0.3236,0.1565,0.1671,"Wrestling, ago., Alliance, wrestling, kicked",5
51423,comedian,F,19,comedian,0.9962,0.9923,0.0039,"laughter, show,, comedy, audience, contagious",5
86382,surgeon,M,9,surgeon,0.9941,0.9795,0.0146,"neurosurgery, surgery, brain, Neurosurgery,, surgery",5
19101,journalist,M,4,journalist,0.9924,0.9054,0.087,"market., editorial,, diligence,, regional, and",5
61275,professor,M,0,professor,0.9993,0.9973,0.0019,"studies, academic, Professor, political, U.S.",5
58728,professor,F,0,professor,0.9995,0.9994,0.0001,"co-editor, University, book, Stanford, research",5
78975,physician,M,1,physician,0.9481,0.2783,0.6698,"Physicians, patient, patients., Dr., Medicine.",5
13943,attorney,F,2,attorney,0.9994,0.9993,0.0001,"practice, courts, focuses, law., practice",5
93798,professor,F,0,professor,0.9995,0.9995,0.0,"University, Oxford, research,, Fellow, also",5
47841,journalist,M,4,journalist,0.998,0.9964,0.0016,"news, Kashmir., organisations, contributed, various",5
18289,professor,M,0,professor,0.408,0.1448,0.2632,"EEG, clinic, Dr., field, software",5
35401,surgeon,M,9,surgeon,0.9767,0.9593,0.0174,"surgery, reconstruction,, surgery,, knee, repair",5
72876,professor,M,0,professor,0.9995,0.9994,0.0001,"University, research, explores, focus, teaching",5
23724,professor,M,0,professor,0.9963,0.9955,0.0008,"research, University, Ph.D., theory,, interests",5
40048,psychologist,F,6,psychologist,0.1898,0.0712,0.1186,"painful, job, Heather, high-powered, uncles",5
47520,physician,F,1,physician,0.9994,0.8941,0.1054,"practices, medicine, specializes, speaks, Surgery.",5
91375,photographer,F,3,photographer,0.9977,0.9981,-0.0004,"photography, visual, photography., photographer, arts",5
20563,teacher,F,7,teacher,0.9874,0.9628,0.0246,"student, teacher, student, class,, bells",5
16121,professor,M,0,professor,0.9977,0.9944,0.0033,"University,, research, Hopkins, Postdoctoral, Genome",5
41721,painter,F,11,painter,0.9138,0.0101,0.9038,"classes, art, artistic, Born, raised",5
72599,professor,M,0,professor,0.9976,0.9962,0.0014,"research,, literature,, studies, diasporas., slavery",5
78503,professor,M,0,professor,0.9914,0.0489,0.9425,"research, focuses, audiences, on, education",5
76583,nurse,F,5,nurse,0.9994,0.9982,0.0012,"NURSE, Call, appointment., PRACTITIONER,, advises",5
93485,professor,M,0,professor,0.8897,0.0079,0.8818,"university's, recognized, training, establishing, along",5
92804,nurse,F,5,nurse,0.9827,0.6407,0.342,"Nursing, Nursing, Nursing, Nurse, practitioner.",5
31756,attorney,M,2,attorney,0.9989,0.9992,-0.0003,"Bar, Law, Alumni, of, Association.",5
5339,physician,F,1,physician,0.8843,0.746,0.1383,"NPI, practice, NPI, 698-9254., Andrea",5
17369,professor,F,0,professor,0.9991,0.9982,0.0008,"research, rhetorical, focuses, resistance, on",5
29215,painter,M,11,painter,0.9521,0.0136,0.9385,"Gallery, represented, Arts, NYC, Pollock-Krasner",5
91621,professor,M,0,professor,0.9918,0.9682,0.0236,"scholarship, advising,, co-curricular, development,, In",5
21564,journalist,F,4,journalist,0.424,0.2804,0.1436,"cannabis., Russian-language, marijuana, industry., Studies.",5
42365,professor,M,0,professor,0.9965,0.9912,0.0053,"theory., research, Dr., interests, biology,",5
65751,comedian,M,19,comedian,0.9961,0.996,0.0002,"Comedy, NBCâĢĻs, Comedians, Conan, Comic",5
45725,dentist,F,8,dentist,0.9649,0.9752,-0.0104,"Dental, Dr., Denture,Dental, Clinic, doctor",5
64298,poet,M,13,poet,0.6215,0.7337,-0.1122,"work, Sein, sprinkled, expressionless, in",5
43483,professor,F,0,professor,0.9993,0.9992,0.0001,"research, conducts, research, interests, contexts",5
63424,physician,F,1,physician,0.9994,0.9739,0.0255,"medicine, practices, Medicine., English, speaks",5
58878,attorney,F,2,attorney,0.998,0.999,-0.001,"Legal, Pryor-BazeâĢĻs, arbitration., courts, litigation",5
20692,attorney,F,2,attorney,0.9994,0.9994,0.0,"clients, represents, disputes,, contractual, cases,",5
4196,nurse,F,5,nurse,0.9994,0.9962,0.0031,"Nurse, Practitioner., graduated, experience,, physicians",5
81725,architect,M,10,architect,0.9859,0.9484,0.0376,"architect,, architecting, customers, world., warehouses",5
62396,professor,F,0,professor,0.5745,0.016,0.5586,"poems, author, American, Penguin, editor",5
19034,professor,F,0,professor,0.9991,0.2309,0.7682,"research, include, justice,, and, development.",5
47719,poet,F,13,poet,0.9832,0.9771,0.0061,"poets, Writing, poetry, Creative, graduated",5
58574,physician,F,1,physician,0.9994,0.97,0.0294,"practices, medicine, Medical, speaks, MA",5
90188,software engineer,M,15,software engineer,0.7248,0.4862,0.2387,"code, software, techniques,, developed, C++,",5
74328,composer,M,17,composer,0.4772,0.0695,0.4076,"music, soundwalks, sounds, recorded, everyday",5
10987,physician,F,1,physician,0.9993,0.9965,0.0028,"practices, medicine, Pediatrics., in, affiliated",5
80873,composer,F,17,composer,0.9963,0.8296,0.1666,"(Plunderphonics)., choir,, written, works, quartet,",5
14097,professor,M,0,professor,0.9992,0.9918,0.0074,"Dr., PhD, University, College., in",5
94832,attorney,M,2,attorney,0.9958,0.997,-0.0013,"litigation,, Law, law., School,, Law,",5
37993,dietitian,F,18,dietitian,0.9987,0.2297,0.769,"PROFESSIONAL,, DIETITIAN, NUTRITION, group, Call",5
93135,journalist,F,4,journalist,0.9844,0.9956,-0.0112,"journalist,, famous, career, being, questions",5
49083,professor,M,0,professor,0.9994,0.9994,0.0,"faculty, UniversityâĢĻs, research, political, focuses",5
68179,physician,M,1,physician,0.9993,0.9987,0.0007,"D.O.., Dr., practices, professional, credentials",5
28123,photographer,M,3,photographer,0.991,0.1232,0.8678,"photographs, photographic, exhibited, work., have",5
1733,teacher,F,7,teacher,0.9916,0.0345,0.9571,"teaching, BachelorâĢĻs, continue, Prior, Native",5
73699,attorney,M,2,attorney,0.999,0.9992,-0.0002,"law, appellate, Appeals, Court, Circuit.",5
35213,professor,M,0,professor,0.9942,0.9508,0.0435,"Ph.D., probability, research, rank-estimation, University",5
7907,psychologist,M,6,psychologist,0.9565,0.9578,-0.0013,"treatment, hyperactivity, develop, improve, used",5
3350,professor,F,0,professor,0.9991,0.9977,0.0013,"research, University, centers, community-based, importance",5
32931,teacher,F,7,teacher,0.4157,0.2462,0.1695,"married, is, children, Tanya, has",5
8265,physician,M,1,physician,0.9227,0.9127,0.01,"residency, Dr., Medicine., Dr., Tennessee",5
80341,teacher,F,7,teacher,0.3611,0.0982,0.2629,"recorder, playing, recorder, several, music.",5
43631,journalist,F,4,journalist,0.9322,0.0408,0.8914,"E-News,, interns, article, responsibilities, press",5
48054,journalist,M,4,journalist,0.5591,0.0386,0.5205,"industry., gaming, Overwatch, reached, plays",5
20787,dentist,M,8,dentist,0.9938,0.9927,0.001,"dental, dental, dentistry, Dr., dental",5
57761,psychologist,F,6,psychologist,0.9983,0.9982,0.0,"works, approach., clinical, trauma., disorders,",5
13539,physician,M,1,physician,0.9022,0.9104,-0.0082,"Dr., accepts, residency., Medicine., Medical",5
66096,physician,F,1,physician,0.3753,0.4076,-0.0323,"patients., Coming, small, Iowa, job,",5
5722,physician,F,1,physician,0.9991,0.9992,-0.0001,"PA,, clinical, dermatology., practices, prescriptions,",5
69531,physician,M,1,physician,0.9994,0.8393,0.1601,"practices, medicine, English, Medicine., specializes",5
927,professor,M,0,professor,0.8498,0.0059,0.8439,"Prior, award-winning, Yale,, practice, University,",5
25023,nurse,F,5,nurse,0.9994,0.9981,0.0013,"NURSE, Call, advises, Christine, Hospital,",5
6341,physician,M,1,physician,0.9269,0.6314,0.2955,"medicine, in-network, hospital/clinic, provider, Medicine.",5
59804,professor,F,0,professor,0.7299,0.1038,0.6262,"prenatal, clinical, diagnosis, focus, therapy.",5
25092,physician,F,1,physician,0.9968,0.0218,0.9749,"physician, assistants, class, acceptance, medicine.",5
94484,professor,F,0,professor,0.9994,0.998,0.0014,"research, PhD, University, scholarship, interests",5
28177,teacher,F,7,teacher,0.9721,0.0907,0.8814,"Childcare, Child, Certificate, graduated, Technical",5
85950,professor,F,0,professor,0.9983,0.9988,-0.0004,"Nation-Building,, Modernization,, History,, essay, 1968-1973âĢĻ,",5
12597,psychologist,M,6,psychologist,0.9828,0.9134,0.0694,"children., Psychology., Professional, Psychology, Board",5
8126,composer,F,17,composer,0.9693,0.5216,0.4477,"scores, musical, films, created, (2013-2014).",5
76993,professor,F,0,professor,0.999,0.9932,0.0057,"research, published, explores, mechanisms., Fashion'.",5
34022,professor,F,0,professor,0.9982,0.997,0.0012,"Georgia,, taught, University, conducted, research",5
18155,professor,F,0,professor,0.9973,0.9971,0.0002,"curator, Histories:, co-curated, design,, State",5
85547,dietitian,F,18,dietitian,0.9986,0.569,0.4296,"DIETITIAN, PROFESSIONAL,, appointment., NUTRITION, OR",5
27946,filmmaker,M,14,filmmaker,0.4604,0.0023,0.4582,"cinematic, collection, melodic, movies, of",5
74006,composer,M,17,composer,0.9972,0.9777,0.0195,"music, scored, ambient, album,, classical",5
73994,dentist,F,8,dentist,0.9976,0.3394,0.6582,"Dental, Lybrate.com., Clinic, Dr., online",5
53811,photographer,M,3,photographer,0.9966,0.9906,0.006,"photographer, photographer, competition.Having, passionate, landscape",5
36142,teacher,M,7,teacher,0.9929,0.9866,0.0063,"teaches, students,, currently, teachings, guidance",5
43655,physician,M,1,physician,0.7207,0.7096,0.0111,"Dr., appointment., Dr., patients, Kadesky",5
75082,physician,M,1,physician,0.9522,0.9569,-0.0047,"graduate, Dr., Medicine., average, Dr.",5
29736,professor,M,0,professor,0.9995,0.9993,0.0001,"Ph.D., professor, University, holds, Maryland,",5
78512,architect,M,10,architect,0.5665,0.4734,0.093,"Microsoft, Microsoft, innovation., revolutionary, technology",5
50243,professor,F,0,professor,0.6617,0.0471,0.6147,"PhD, Professor., 2005,, Instructor, postdoctoral",5
39940,attorney,F,2,attorney,0.9995,0.9995,-0.0,"attorneys, law,, practice, guardianship, probate,",5
66166,professor,F,0,professor,0.9987,0.998,0.0007,"Dr., teaches, PhD, undergraduate, classes",5
8363,nurse,F,5,nurse,0.9981,0.707,0.2911,"Nurse, degree, Practitioners., Nursing, Georgetown",5
84273,filmmaker,M,14,filmmaker,0.9947,0.9935,0.0012,"filmmaking, uses, festival., film, ambiguity",5
29595,filmmaker,F,14,filmmaker,0.9828,0.8484,0.1344,"videos., Aside, 2018., music, screen,",5
24552,teacher,F,7,teacher,0.9942,0.9842,0.01,"studentsâĢĻ, studentsâĢĻ, curriculum, learning, learning",5
26685,journalist,M,4,journalist,0.9642,0.1022,0.8621,"covered, unjustly, acclaim., stories, and",5
19334,surgeon,F,9,surgeon,0.9952,0.5933,0.4019,"Professor, also, Dr., orthopedic, Assistant",5
10387,surgeon,F,9,surgeon,0.9981,0.998,0.0001,"Dr., Surgical, Medicine, Dr., Krueger",5
32201,software engineer,M,15,software engineer,0.6361,0.6217,0.0144,"data., state-of-the-art, enjoys, backpacking., teams",5
58282,professor,M,0,professor,0.9993,0.9991,0.0002,"Ph.D., teaches, courses, students., holds",5
49035,photographer,F,3,photographer,0.9941,0.9765,0.0176,"photographer, BjÃ¶rn, landscapeâĢĿ, âĢĿPicture, Swedish",5
23352,professor,F,0,professor,0.9891,0.9966,-0.0075,"University, NIH, instructor, Michigan, Director",5
90291,model,M,12,model,0.751,0.0036,0.7475,"model, model, layout,, owner, for",5
25358,physician,F,1,physician,0.5639,0.3015,0.2624,"children, early-childhood, health., book, parents.",5
76803,psychologist,M,6,psychologist,0.9983,0.9983,-0.0,"practice, therapy., helping, cope, expertise",5
85590,professor,F,0,professor,0.9964,0.993,0.0034,"undergraduates, professor,, curriculum., department, teaches",5
28576,attorney,M,2,attorney,0.9994,0.9994,-0.0,"Appeals., Circuit, courts,, Palles, Court.",5
74893,teacher,M,7,teacher,0.993,0.955,0.038,"students., teaching, teach, children, style",5
26200,professor,M,0,professor,0.9995,0.9987,0.0008,"research, focuses, University, PhD, 2009).",5
14885,professor,M,0,professor,0.9983,0.9863,0.012,"research, current, interest, theory., doctoral",5
14442,architect,M,10,architect,0.6604,0.5333,0.1271,"Roger, SQL, has, SQLXML,, experience",5
83310,professor,F,0,professor,0.9976,0.9966,0.001,"Professor, PhD, University, Assistant, Economics",5
21822,painter,M,11,painter,0.7968,0.4539,0.3429,"art, colors, imagery, drawn, images",5
91539,professor,F,0,professor,0.9931,0.9943,-0.0012,"linguistics,, phonology, comparative, language, interests",5
47824,architect,M,10,architect,0.7888,0.7595,0.0293,"factors., Interface,, Anthony, interfaces,, PCI-SIG,",5
94091,photographer,F,3,photographer,0.9973,0.0027,0.9946,"photography, photographic, documentary, approach, chose",5
8694,nurse,F,5,nurse,0.9994,0.9583,0.0411,"NURSE, PRACTITIONER,, Call, Julie, Dr.",5
35999,attorney,M,2,attorney,0.7005,0.9844,-0.2839,"disclaimer,, SDK, create, deck, based",5
786,photographer,M,3,photographer,0.9753,0.288,0.6873,"photographs, Fleece., working, articles, Shangri-La,",5
22750,professor,F,0,professor,0.9992,0.9992,0.0,"published, articles, Postcolonialism/Postcommunism:, Post-Communist, co-edited;",5
44270,professor,F,0,professor,0.9804,0.1772,0.8032,"co-directs, Religion, on, Initiative, married",5
34573,professor,M,0,professor,0.9993,0.9988,0.0005,"intersection, jbruce@olemiss.edu., discuss, religionâĢĻs, electoral",5
44670,professor,M,0,professor,0.8617,0.0519,0.8098,"urologic, UCSF, primarily, operates, the",5
26558,professor,F,0,professor,0.999,0.9976,0.0014,"University,, research, Management, Brown, doctoral",5
987,photographer,F,3,photographer,0.9911,0.99,0.001,"subjects., surrounds, faces, finds, inspiration",5
2171,attorney,F,2,attorney,0.9994,0.9992,0.0001,"law, Lawyers, Law, Vasquez, graduated",5
60868,professor,M,0,professor,0.9983,0.2042,0.7941,"Dr., Prior, counselor, educator, specialization",5
22353,professor,F,0,professor,0.9988,0.997,0.0019,"Dr., research, interests, University, University",5
78455,professor,M,0,professor,0.9992,0.0014,0.9978,"teaches, Doctorate, resilience,, civil, in",5
34535,professor,M,0,professor,0.999,0.9975,0.0015,"PhD, academia., prior, holds, faculty",5
29494,professor,M,0,professor,0.9988,0.885,0.1139,"research, interests, include, economies,, management",5
6970,journalist,F,4,journalist,0.9965,0.9968,-0.0003,"journalist., freelance, BBC, Singapore, relocated",5
81777,journalist,F,4,journalist,0.9977,0.9972,0.0005,"journalism, news, University., reporting,, editor",5
47944,professor,F,0,professor,0.9499,0.887,0.0629,"research, interests, neuro-oncology,, neuro-oncology, include",5
76092,surgeon,M,9,surgeon,0.9981,0.998,0.0,"Surgery., Dr., Medicine, Dr., Dr.",5
54765,professor,M,0,professor,0.406,0.0897,0.3164,"illustrations, York, MartinâĢĻs, appeared, Guardian,",5
67872,teacher,F,7,teacher,0.9962,0.9957,0.0005,"educator, teaches, classes, subjects, tutored",5
49259,teacher,F,7,teacher,0.9693,0.9786,-0.0093,"learning."", kids, kids, themselves., has",5
60181,professor,M,0,professor,0.9245,0.4009,0.5236,"research, include, interests, clinical, interests",5
75421,physician,M,1,physician,0.7622,0.1998,0.5624,"Dr., Medicine, Jaspreet, Veterinary, Clinic",5
51571,photographer,M,3,photographer,0.9975,0.9563,0.0412,"photography,, industrial, specializing, corporate, architecture,",5
46365,physician,M,1,physician,0.9995,0.9963,0.0031,"medicine, practices, Medical, Hopson, speaks",5
92126,comedian,M,19,comedian,0.9923,0.9908,0.0015,"comedic, Comedy, performances, performers., audiences,",5
52908,psychologist,M,6,psychologist,0.8517,0.9627,-0.111,"counseling, psychology, counseling, Dr., services",5
22107,poet,F,13,poet,0.9831,0.9485,0.0346,"poetry,, poems, poetry, poems,, Poetry",5
58186,psychologist,F,6,psychologist,0.9905,0.9543,0.0362,"needed., Dr., therapy, therapists, clients",5
14286,poet,M,13,poet,0.9852,0.7362,0.249,"poem, long, composed, reads, engaging",5
4910,professor,F,0,professor,0.9993,0.9992,0.0001,"research, studying, interests, currently, proteomics",5
61132,nurse,M,5,nurse,0.9994,0.9959,0.0035,"NURSE, PRACTITIONER,, doctors, Hospital,, medical",5
73112,attorney,M,2,attorney,0.9936,0.9962,-0.0026,"attorney,, lawyer, courtroom, law., practicing",5
62780,teacher,F,7,teacher,0.9775,0.9723,0.0051,"workshops, students,, teachers,, kids,, participants.",5
3296,professor,F,0,professor,0.9992,0.9981,0.0011,"research, University, KhalvashiâĢĻs, currently, onoptimism,",5
8700,professor,M,0,professor,0.9993,0.9992,0.0001,"research, Cornell, Ph.D., (2006-2007), University",5
31704,journalist,F,4,journalist,0.9979,0.9976,0.0003,"journalism, reporting, role, news, cityâĢĻs",5
46846,professor,F,0,professor,0.9989,0.9974,0.0015,"teaches, Design, students., Engineering, Design",5
20452,professor,F,0,professor,0.9994,0.9992,0.0002,"anthropologist,, research, examines, how, menâĢĻs",5
79309,composer,M,17,composer,0.9975,0.9973,0.0002,"composing,, themes, Orchestral, writes, dynamic",5
93036,surgeon,M,9,surgeon,0.9979,0.9979,-0.0,"Dr., Medicine, Dr., practice, Medicine",5
82716,attorney,M,2,attorney,0.9995,0.9994,0.0001,"represents, Court, clients, clients, experience",5
28452,nurse,F,5,nurse,0.9993,0.9978,0.0016,"Nurse, Practitioner., physicians, Ashley, doctors",5
87947,professor,M,0,professor,0.8672,0.0002,0.8669,"teaching, Director, AkU, Law, University",5
93024,photographer,M,3,photographer,0.9978,0.9974,0.0004,"shoot, fashion, visual, shoots., subject",5
60324,teacher,M,7,teacher,0.9961,0.8386,0.1575,"students, students, music.âĢĿ, succeed., Rausenberger's",5
13325,dietitian,M,18,dietitian,0.9432,0.8782,0.065,"nutrition,, expert, energy,, weight, health.",5
23984,physician,F,1,physician,0.9994,0.9961,0.0033,"practices, medicine, Spanish., Medicine., specializes",5
26531,nurse,F,5,nurse,0.9994,0.9978,0.0016,"NURSE, Call, advises, PRACTITIONER,, appointment.",5
67454,dietitian,F,18,dietitian,0.9984,0.9984,-0.0,"patients, helps, nutritional, needs, Nutrition",5
49420,physician,M,1,physician,0.9284,0.9351,-0.0067,"Medicine., insurance, in-network, graduated, College",5
8062,attorney,M,2,attorney,0.9977,0.9985,-0.0007,"Lawyers, Immigration, co-chair, Association,, Alex",5
12469,nurse,F,5,nurse,0.6332,0.0018,0.6314,"nurse, available, medical, specialists, patients",5
72346,photographer,M,3,photographer,0.9341,0.4079,0.5261,"photographs,, welding,, doing, including, books",5
18331,nurse,F,5,nurse,0.9994,0.9981,0.0013,"NURSE, Greta, Clinic,, Greta, Call",5
88767,attorney,M,2,attorney,0.9985,0.9987,-0.0002,"Attorney, Association., experience, extensive, Attorney",5
39400,attorney,M,2,attorney,0.9994,0.9991,0.0003,"malpractice,, Bar, focuses, practice, clients",5
48409,filmmaker,M,14,filmmaker,0.6274,0.3267,0.3007,"Artist, Co-Director, Collective, digital, collective",5
76478,professor,F,0,professor,0.9944,0.579,0.4154,"oncologist, University, departments, Oncology, chair",5
67165,painter,F,11,painter,0.9856,0.9884,-0.0028,"paint, acrylic, studio., oils, 2005.",5
12136,professor,F,0,professor,0.9959,0.453,0.543,"research, methodology, key, survey, current",5
9522,photographer,M,3,photographer,0.9983,0.998,0.0004,"shoots, portraits,, images, (editorial)., MagazineâĢĻs",5
73719,software engineer,M,15,software engineer,0.8874,0.8063,0.0811,"applications., software, jQuery,, AngularJS, Node.js,",5
54836,attorney,M,2,attorney,0.9994,0.9992,0.0002,"focus, law, law, representing, law",5
63994,attorney,M,2,attorney,0.9992,0.9993,-0.0002,"attorney., Kisner, as, licensed, an",5
59317,professor,F,0,professor,0.999,0.9991,-0.0001,"Teaching., lab, Harvard, at, interest",5
78957,journalist,F,4,journalist,0.9629,0.4359,0.5269,"consumerism,, author, bestseller, German, Einkaufsrevolution",5
37861,software engineer,M,15,software engineer,0.8828,0.7254,0.1574,"developers, passion, software, software, software",5
25082,professor,M,0,professor,0.9987,0.6264,0.3724,"Previously,, research, coauthor, focuses, is",5
33162,professor,M,0,professor,0.9949,0.992,0.0028,"College., Epistemology, Harvard, author, University",5
49786,nurse,F,5,nurse,0.925,0.2399,0.6851,"Nurse-Midwives., Nurse-Midwifery, Nurse-Midwives, currently, outcomes.",5
25316,professor,M,0,professor,0.9978,0.9928,0.005,"research, human-computer, IEEE, interests, technical",5
20348,dentist,M,8,dentist,0.9817,0.0011,0.9806,"dentistry, dental, dentistry,, dentistry., dentistry,",5
87988,professor,M,0,professor,0.9973,0.9807,0.0166,"universities, levels., marketing, also, marketing",5
40392,psychologist,M,6,psychologist,0.569,0.9556,-0.3866,"autism, research, reactions, parental, experiences",5
43962,dietitian,F,18,dietitian,0.9988,0.9987,0.0001,"Nutrition, Counseling,, appointment., Basics, PROFESSIONAL,",5
10189,physician,F,1,physician,0.9994,0.2981,0.7012,"practices, medicine, specializes, Medicine., Medical",5
976,professor,M,0,professor,0.999,0.9973,0.0018,"examines, area, books, industrial, geographies",5
48882,journalist,F,4,journalist,0.9969,0.5411,0.4558,"Journalist, book,, Twitter, Travel, book.",5
39983,nurse,F,5,nurse,0.9994,0.9921,0.0073,"NURSE, Joyce, Joyce, appointment., graduated",5
8780,attorney,F,2,attorney,0.9973,0.9986,-0.0013,"Prosecutors, @ResLegalDiva., www.blackprosecutors.org., Association., Director",5
90459,dietitian,F,18,dietitian,0.331,0.0039,0.3271,"Nutrition, Education, of, Health, with",5
59603,professor,F,0,professor,0.9991,0.9903,0.0088,"research, focuses, mathematics, studentsâĢĻ, mathematics",5
36635,photographer,F,3,photographer,0.9899,0.3425,0.6474,"series, subject, âĢĺDwelling:, emigrants., titled",5
23311,professor,F,0,professor,0.9994,0.999,0.0005,"teaches, PhD, University., Michigan, State",5
45869,journalist,F,4,journalist,0.7691,0.6485,0.1206,"Sussex, lives, Hove,, Lovran,, attended",5
7300,psychologist,F,6,psychologist,0.9972,0.9963,0.0009,"helping, clients, individuals, therapy., help",5
92406,professor,M,0,professor,0.9995,0.9995,0.0,"teaches, undergraduate, courses, estimating, interests",5
82327,surgeon,F,9,surgeon,0.528,0.4759,0.0521,"patientsâĢĻ, Dr., patients, Dr., aneurysms.",5
73807,nurse,F,5,nurse,0.9968,0.9944,0.0023,"Nursing, Nursing, Clinical, course,, Sydney,",5
87485,teacher,M,7,teacher,0.9812,0.2026,0.7786,"School, performance., Coach, Coach, life.",5
91256,professor,M,0,professor,0.9995,0.9994,0.0,"research, scholar, adjunct, focuses, State",5
34057,journalist,F,4,journalist,0.983,0.9813,0.0017,"reporter, editor, Fusion,, investigative, Times.",5
7523,professor,F,0,professor,0.9978,0.9848,0.013,"Professor, projects., funded, departments, published",5
92758,model,F,12,model,0.9988,0.9908,0.008,"modeling, Instagram, brands, followers, followers",5
4538,dentist,M,8,dentist,0.9357,0.7721,0.1637,"Dental, Dental, Dr., Sandeep, Center",5
82363,physician,M,1,physician,0.9901,0.9856,0.0045,"migraine., clinical, residency., medical, interests",5
60958,software engineer,M,15,software engineer,0.925,0.4311,0.4939,"Platform., development, project., currently, Project",5
18222,architect,M,10,architect,0.5058,0.3086,0.1971,"elegant, efficiently, Houzz, works, budget-appropriate",5
27732,journalist,M,4,journalist,0.9879,0.0994,0.8885,"Journalism, news, written, stories., articles",5
40468,photographer,M,3,photographer,0.9958,0.87,0.1258,"photographing, artistic, athletes, began, âĢľoutâĢĿ",5
65339,professor,F,0,professor,0.9716,0.9668,0.0048,"Professor, IU., undergraduates, research, undergraduates",5
27545,physician,M,1,physician,0.9994,0.9993,0.0001,"practices, professional, NPI, credentials, Alaska",5
63096,photographer,M,3,photographer,0.9954,0.9942,0.0012,"photography., photography., camera., capture, beautiful",5
69990,model,F,12,model,0.9989,0.9988,0.0001,"gallery, born, ranked, links, 1989.",5
67260,surgeon,M,9,surgeon,0.9881,0.0233,0.9648,"Dr., surgeons, surgeons, Surgery., Surgeons",5
7782,comedian,M,19,comedian,0.997,0.9972,-0.0002,"comedians, Comedy, BrianâĢĻs, amazing, including",5
87017,journalist,F,4,journalist,0.9942,0.9939,0.0003,"journalist,, freelance, lived,, English, writer,",5
43715,attorney,F,2,attorney,0.9988,0.4773,0.5216,"Bar, Bar, Association,, California, York",5
58782,comedian,M,19,comedian,0.9958,0.9798,0.0159,"humor, comedy, satire,, scene., resonates",5
24866,nurse,F,5,nurse,0.9987,0.3368,0.6619,"nurse, staff, Peggy, hospital, Susan",5
59109,accountant,M,16,accountant,0.9975,0.0788,0.9187,"Accountants, Accountants, Accountants., Chartered, India.",5
37253,professor,F,0,professor,0.9995,0.9995,-0.0,"Faculty, University, teaches, Advisory, essays",5
92515,architect,M,10,architect,0.9942,0.9709,0.0233,"designed, architectural, Architectural, firm, design",5
53310,architect,M,10,architect,0.7662,0.2231,0.5431,"buildings,, roofs,, Building, building, building",5
57561,photographer,M,3,photographer,0.9673,0.9739,-0.0066,"portraits,, commissioned, exhibition, focuses, work,",5
82790,attorney,F,2,attorney,0.9992,0.9992,0.0001,"litigation., litigation, legal, clients., firmâĢĻs",5
7482,professor,F,0,professor,0.9978,0.9958,0.0019,"curator, MIT, exhibitions, African-American, book,",5
12281,attorney,F,2,attorney,0.9994,0.9993,0.0001,"litigation, practice, focuses, disputes., matters",5
51055,journalist,F,4,journalist,0.9968,0.9971,-0.0003,"reporting., UberâĢĻs, teeth, enterprises, entrepreneurs.",5
86059,attorney,M,2,attorney,0.9994,0.9966,0.0028,"litigation, specializes, damages, clients, serves",5
45785,photographer,M,3,photographer,0.8953,0.0509,0.8444,"focuses, project, Communities, landscapes,, wild.",5
57924,attorney,M,2,attorney,0.9993,0.9983,0.001,"practice, clients, disputes, focuses, primarily",5
62994,professor,M,0,professor,0.9865,0.986,0.0005,"Stanford, immunology., University, fellowship, Research",5
67749,physician,M,1,physician,0.9989,0.999,-0.0,"patients., Dr., Dr., residency, Coyne",5
18422,attorney,F,2,attorney,0.9992,0.285,0.7141,"firms., legal, law, law, clients",5
4673,journalist,M,4,journalist,0.9973,0.9968,0.0005,"writing, covering, articles, political, politics",5
39686,dentist,M,8,dentist,0.9838,0.971,0.0128,"patients, Dr., average,, gave, rating",5
55857,photographer,M,3,photographer,0.5744,0.1482,0.4261,"Matt, often, sets., number, found",5
17084,attorney,M,2,attorney,0.9993,0.9991,0.0002,"litigation,, law, litigation., practice, family",5
37889,professor,F,0,professor,0.9953,0.9887,0.0066,"research, researchers, project, Dr., research",5
71400,journalist,F,4,journalist,0.9932,0.9727,0.0204,"jihadist, weekly, previously, based, University",5
41070,teacher,M,7,teacher,0.9845,0.0779,0.9066,"teachers, teachers, GAFE., Education, curriculum",5
81236,composer,M,17,composer,0.9938,0.9915,0.0023,"compositions, rhythms,, jazz, bands,, melodies,",5
19356,teacher,F,7,teacher,0.7014,0.8699,-0.1685,"teaching., classrooms, community., students, service-learning",5
15812,journalist,M,4,journalist,0.6391,0.0303,0.6088,"News, book, Topics:, illuminates, chronicles",5
47910,professor,F,0,professor,0.9954,0.9839,0.0114,"Oxford, College,, Fellow, Lecturer, University",5
79540,professor,M,0,professor,0.9973,0.9788,0.0185,"focuses, lab, biology, bacteria., published",5
83317,dentist,M,8,dentist,0.9984,0.9984,-0.0001,"patients, Dental, Dr., Dentist., currently",5
69265,professor,F,0,professor,0.9985,0.9923,0.0063,"teaches, faculty, courses, advisor, tduncan@uca.edu",5
70434,professor,M,0,professor,0.9988,0.9983,0.0005,"University, faculty, teaches, 2016., joined",5
94550,professor,F,0,professor,0.9861,0.9614,0.0247,"blog., How, Shaped, occasionally, Activism",5
82129,model,F,12,model,0.9986,0.9963,0.0023,"modeling, Model, shoots., pictures, won",5
45088,professor,F,0,professor,0.9991,0.9981,0.001,"UNC-Chapel, research, State,, instruction, interests",5
89508,teacher,F,7,teacher,0.9863,0.9879,-0.0016,"classroom,, students., Kristina, illustrated, enjoys",5
26093,attorney,M,2,attorney,0.981,0.9981,-0.0172,"LLP, counsel, Federal, served, as",5
86974,teacher,M,7,teacher,0.3574,0.1426,0.2148,"Coaching, NLP, certificate., Practitioner, NLP",5
78801,psychologist,F,6,psychologist,0.9972,0.9968,0.0004,"psychotherapy, approach, trauma., clients, treating",5
48721,attorney,F,2,attorney,0.9992,0.9961,0.0031,"attorney, clients, clients, as, represents",5
95337,professor,M,0,professor,0.923,0.4496,0.4734,"University, Northwestern, University, âĢľMERU,âĢĿ, MFA",5
14426,composer,M,17,composer,0.9969,0.9962,0.0007,"composition, orchestra, violin, for, best",5
29014,poet,M,13,poet,0.4214,0.1753,0.246,"poetry., now, Paris,, teaching, Brunei.",5
54899,psychologist,M,6,psychologist,0.9971,0.9143,0.0827,"psychologists, psychology, clinical, psychological, disorders.",5
59387,model,F,12,model,0.999,0.9978,0.0011,"gallery, born, section., place., ranked",5
5205,composer,F,17,composer,0.9919,0.5403,0.4516,"compositions, Composer's, Compositions, concerts;, performed",5
91238,professor,F,0,professor,0.9995,0.9993,0.0002,"book, Politics, published, peer-reviewed, University",5
58540,psychologist,M,6,psychologist,0.9988,0.9987,0.0001,"PSYCHOLOGIST,, CLINICAL, appointment., specialists, experiences,",5
46231,nurse,M,5,nurse,0.9982,0.886,0.1122,"Nursing, nurse, gastroenterology, 1985., certified",5
26404,professor,F,0,professor,0.7389,0.0216,0.7173,"doctoral, taught, alexandra.flynn@utoronto.ca, articles,, classes,",5
67573,nurse,F,5,nurse,0.9994,0.9978,0.0016,"NURSE, PRACTITIONER,, Clinic, Call, advises",5
40201,professor,M,0,professor,0.9784,0.6544,0.3241,"research, currently, conducts, University, Dr.",5
50966,dentist,M,8,dentist,0.9981,0.9983,-0.0002,"Dentistry., Dr., Surgery, Oral, experience.",5
82737,nurse,F,5,nurse,0.9955,0.0005,0.9949,"Nursing, Bachelor, joined, in, Daisy",5
59702,model,F,12,model,0.7892,0.6912,0.098,"show., grew, resume, characters, So,",5
12758,journalist,M,4,journalist,0.9977,0.9978,-0.0,"news, Guardian,, editor, @james_randerson., working",5
73412,attorney,M,2,attorney,0.999,0.9989,0.0001,"law, attorneys., firmâĢĻs, bar, areas",5
14734,professor,M,0,professor,0.3247,0.0449,0.2799,"college, February,, Ivy, Horowitz, schools,",5
21593,teacher,F,7,teacher,0.9917,0.8038,0.1878,"teachers, school., education, Krystina, Montessori",5
73654,photographer,M,3,photographer,0.9975,0.9977,-0.0002,"photography., photographs, portrait,, shoots, commercial",5
3040,professor,M,0,professor,0.9988,0.9948,0.004,"research, focuses, Barnesï¿½s, Barnes, exhibit",5
14990,professor,M,0,professor,0.9994,0.9994,0.0001,"(University, Nebraska, books, Encyclopedia, Press,",5
50231,professor,M,0,professor,0.999,0.9982,0.0008,"teaching, undergraduate, Dr., Organizational, graduate",5
17483,professor,M,0,professor,0.6067,0.3402,0.2665,"USC, Dr., members, capacity,, workshops",5
85630,professor,F,0,professor,0.999,0.999,-0.0,"family, research, stratification., University, include",5
37689,dietitian,M,18,dietitian,0.5003,0.3442,0.1561,"biotech, Genetics,, Tilly, lifestyles., role",5
60107,poet,M,13,poet,0.9802,0.9856,-0.0054,"poetry,, writing, Review., issue, will",5
68047,attorney,M,2,attorney,0.9936,0.2335,0.7601,"practice, sheriff., sheriff, commissioners, county",5
81110,psychologist,M,6,psychologist,0.9987,0.9988,-0.0,"PSYCHOLOGIST,, appointment., number, advises, specialists",5
74091,professor,M,0,professor,0.9979,0.7776,0.2203,"professor, college, veterinary, University, instructor",5
35918,professor,M,0,professor,0.9991,0.9992,-0.0001,"PhD, University, Wisconsin-Madison,, awarded, dissertation",5
93030,professor,M,0,professor,0.9994,0.9995,-0.0,"author, (University, (University, articles, History",5
864,professor,F,0,professor,0.9938,0.3661,0.6277,"research, epidemiology., PhD, interests, University",5
35077,professor,M,0,professor,0.9991,0.7637,0.2354,"research, interests, include, Metis,, Prize.",5
74373,model,F,12,model,0.9989,0.9982,0.0008,"gallery, born, links, FreeOnes, has",5
69715,professor,M,0,professor,0.6013,0.4117,0.1896,"grants, peer-reviewed, research, years,, research",5
10642,accountant,M,16,accountant,0.9983,0.9977,0.0006,"finance, finance, corporate, corporate, experience",5
74063,physician,F,1,physician,0.9994,0.9983,0.0012,"medicine, practices, Osteopathic, specializes, Disease.",5
1459,physician,M,1,physician,0.9994,0.9941,0.0053,"medicine, practices, Medicine., Hospital., Medical",5
17811,teacher,F,7,teacher,0.9935,0.8715,0.1219,"students, teachers, school, states, educations.",5
40242,psychologist,M,6,psychologist,0.9871,0.9892,-0.0021,"child., parent's, approach, dynamics, takes",5
57302,professor,F,0,professor,0.9943,0.9322,0.0621,"teaches, psychiatry., students, Dr., clinical",5
7707,nurse,F,5,nurse,0.9994,0.9977,0.0017,"NURSE, PRACTITIONER,, Aging-geriatric, Patricia, medical",5
90933,surgeon,M,9,surgeon,0.9973,0.9909,0.0064,"Surgery., Surgery,, Surgery, Plastic, Medical",5
50361,model,M,12,model,0.9135,0.3485,0.5649,"ever-enlarging, diligently, results."", staggering., these",5
81786,professor,F,0,professor,0.5003,0.3908,0.1095,"University., received, MFA, Mokwon, ASYAAF",5
24370,painter,M,11,painter,0.9954,0.9947,0.0008,"paintings, ""Surrealistic"", canvas,, are, Belgian",5
90408,painter,M,11,painter,0.9464,0.9436,0.0028,"Painting, Gallery,, Gallery, alumnus, Gallery",5
49212,teacher,F,7,teacher,0.8455,0.7022,0.1433,"Master's, PhD, UK,, thesis., degree",5
55566,attorney,F,2,attorney,0.9952,0.0476,0.9476,"firm's, clients, attoreny,, Jersey, technology,",5
24744,teacher,M,7,teacher,0.9853,0.996,-0.0107,"coached, varsity, B.A., Coach, Varsity",5
73269,teacher,M,7,teacher,0.9968,0.9961,0.0007,"classroom., teachers, Teacher, @BrianCurtinSHS., Teachers",5
10380,teacher,F,7,teacher,0.996,0.9967,-0.0008,"taught, Teaching., schooling., school, Diploma",5
19688,journalist,M,4,journalist,0.9965,0.9955,0.001,"CNN.com,, work, newspapers,, online, publications,",5
20392,surgeon,M,9,surgeon,0.8237,0.0011,0.8225,"hospital, Silicon, founded, billionaire, But,",5
59969,comedian,M,19,comedian,0.5406,0.271,0.2696,"Pepitone,, LA, at, swearing, Bitter",5
47561,painter,F,11,painter,0.986,0.9799,0.0061,"artistic, Art, âĢĺprocessâĢĻ, subjects, figurative,",5
52066,attorney,M,2,attorney,0.9994,0.9991,0.0002,"litigation, litigation, firm, law, firm,",5
31828,professor,F,0,professor,0.9994,0.9993,0.0001,"University., PhD., research, Jindal, teaching",5
24002,psychologist,M,6,psychologist,0.9987,0.9987,0.0,"PSYCHOLOGIST,, appointment., advises, experiences,, specialists",5
40216,attorney,M,2,attorney,0.9993,0.999,0.0003,"courtroom, clients, matters, disputes, clientsâĢĻ",5
49616,photographer,F,3,photographer,0.9977,0.9962,0.0015,"samanthafortenberryphotography.com., work, work, SamanthaâĢĻs, Suds",5
65820,physician,M,1,physician,0.9994,0.9992,0.0002,"MD., credentials, practices, professional, of",5
68988,professor,F,0,professor,0.9994,0.9992,0.0002,"courses,, teaches, Ph.D., University, holds",5
82424,photographer,F,3,photographer,0.9893,0.0553,0.934,"photography, photography., created, inspiration, 2011.",5
95395,professor,F,0,professor,0.5872,0.1344,0.4527,"and, VA., live, baby, Booz,",5
45431,professor,M,0,professor,0.9991,0.9992,-0.0002,"University, graduate, research, University, University",5
56953,professor,F,0,professor,0.9761,0.7107,0.2654,"programming, technology,, educational, investigates, knowledge,",5
31513,professor,F,0,professor,0.9988,0.9975,0.0012,"author, forthcoming, Law, Cambridge, fellow",5
17901,psychologist,F,6,psychologist,0.9952,0.9952,0.0,"Psychology., adolescents,, difficulties., children,, worked",5
54890,professor,F,0,professor,0.9982,0.9959,0.0022,"teaching,, research, research,, focuses, program",5
17066,professor,F,0,professor,0.9972,0.9954,0.0018,"college-level., research,, teaching,, thread, teach,",5
65009,physician,F,1,physician,0.9991,0.1135,0.8856,"physician, assistant, as, Physician, licensed",5
29506,teacher,F,7,teacher,0.9925,0.9917,0.0008,"teach, teaching, lesson,, education, Biblical",5
82437,nurse,F,5,nurse,0.9989,0.9912,0.0078,"nursing, LisaâĢĻs, patients, patients, patients",5
23830,professor,M,0,professor,0.9956,0.9957,-0.0001,"semester., Department, faculty,, one, teaching",5
42543,professor,M,0,professor,0.9695,0.873,0.0966,"materials/chemistry-related, expertise, (e.g.,, batteries, incorporates",5
46013,dentist,F,8,dentist,0.9873,0.9917,-0.0044,"dental, Dental, Dental, surgeries,, ailments",5
78915,dentist,M,8,dentist,0.9984,0.9983,0.0001,"Dentist., Dr., Dental, Implant, online",5
60842,physician,M,1,physician,0.8651,0.1523,0.7129,"Hospital, Steven, Hospital,, 64, Hospital",5
53065,attorney,M,2,attorney,0.9995,0.9995,-0.0,"court, federal, HarperâĢĻs, disputes, discovery",5
10290,composer,F,17,composer,0.3064,0.2621,0.0442,"symbolism, full, nostalgia, MambÃŃ/, achieved",5
11528,photographer,F,3,photographer,0.992,0.9947,-0.0028,"photography., photography, photography, photos., composition.",5
52893,professor,F,0,professor,0.9995,0.9995,0.0,"scholar, interdisciplinary, peer-reviewed, examines, University",5
85243,professor,F,0,professor,0.8844,0.1634,0.721,"Dr., publications, supervises, presentations, students",5
53654,attorney,M,2,attorney,0.9976,0.9942,0.0033,"trial,, cop., U.S., Boston, former",5
68777,teacher,M,7,teacher,0.9852,0.9898,-0.0046,"Education,, teachers,, Singapore, Singapore., Physics",5
89847,professor,F,0,professor,0.9707,0.3608,0.6099,"research, focuses, understanding, on, interested",5
91005,software engineer,M,15,software engineer,0.8936,0.8383,0.0553,"kernel,, Linux, software, software, libvirt,",5
48497,dentist,M,8,dentist,0.9389,0.8209,0.1181,"Dental, Dr., Dr., Clinic, practices",5
20401,professor,M,0,professor,0.9995,0.9995,0.0001,"University, publications, research, include, recent",5
55783,psychologist,F,6,psychologist,0.9253,0.913,0.0122,"testified, coercive, defendant, opinion, confess.",5
26982,nurse,F,5,nurse,0.9973,0.7915,0.2058,"Nursing, Nursing., Nursing, Professor, Nurse",5
14561,professor,M,0,professor,0.9865,0.9128,0.0737,"co-author, articles, ethics., numerous, on",5
76071,professor,M,0,professor,0.9992,0.9882,0.011,"research, focuses, on, 2009., Japan",5
22292,professor,F,0,professor,0.9982,0.3811,0.6171,"research, examines, well-being., on, such",5
87534,software engineer,M,15,software engineer,0.9839,0.7136,0.2703,"Prior, Facebook,, Yahoo, users., Fabrizio",5
87841,professor,M,0,professor,0.9736,0.3185,0.6551,"MBA, Teaching, Rotman., Year, the",5
17263,professor,F,0,professor,0.9983,0.9986,-0.0003,"PhD, ETH, seismology., received, Zurich",5
74549,professor,M,0,professor,0.9993,0.9991,0.0003,"Ph.D., focuses, research, University, University",5
74895,teacher,M,7,teacher,0.5207,0.3195,0.2013,"Fei, replacing, eggs., dreams, Beijing",5
29205,journalist,M,4,journalist,0.3356,0.0599,0.2757,"Indian, Armed, Panipat.âĢĻ, Forces., in",5
2371,physician,F,1,physician,0.9803,0.9702,0.0101,"hospital/clinic, patients., residency, Glenn, affiliations",5
42684,photographer,M,3,photographer,0.9962,0.9898,0.0064,"Photographer, Photographer, showcased, work, Headquarters",5
4212,professor,M,0,professor,0.9995,0.9995,0.0,"research, Studies,, University, Economics,, published",5
58758,dentist,F,8,dentist,0.998,0.0005,0.9975,"Licence, No., practices, DMD., professional",5
63624,professor,M,0,professor,0.9945,0.1286,0.8659,"University, research, academia, PhD, computing",5
86794,filmmaker,F,14,filmmaker,0.9698,0.0051,0.9648,"films, Films, short, Screenplay, Femmes",5
71446,professor,M,0,professor,0.6269,0.0029,0.624,"imaging, optical, is, expert, engineering.",5
59152,physician,F,1,physician,0.9994,0.8252,0.1743,"practices, medicine, Spanish., specializes, Medical",5
47905,attorney,M,2,attorney,0.9991,0.9991,-0.0,"example,, 1997., plaintiffâĢĻs, highest, case,",5
40649,teacher,F,7,teacher,0.9862,0.9579,0.0284,"taught, schools, Schools:, Queensland, in",5
13922,dietitian,F,18,dietitian,0.9986,0.9322,0.0664,"PROFESSIONAL,, DIETITIAN, NUTRITION, appointment., number",5
48089,nurse,F,5,nurse,0.4607,0.2984,0.1623,"Evans', medical, Born, breast, for",5
17491,teacher,F,7,teacher,0.3784,0.8889,-0.5105,"childrenâĢĻs, 2013., book, Writing, stories",5
47421,professor,F,0,professor,0.9922,0.9803,0.0118,"PhD), teaching, University, undergraduate, Visiting",5
56896,professor,F,0,professor,0.9543,0.6504,0.3039,"Jennifer, students., involved, teaches, educates",5
22711,surgeon,M,9,surgeon,0.9211,0.7301,0.191,"Medicine., Surgery, Surgery, Residency, subspecialty",5
34105,dentist,F,8,dentist,0.949,0.9015,0.0475,"Dental, Dr., Dr., Sangeeta, Clinic",5
38376,professor,M,0,professor,0.9993,0.9991,0.0002,"linguistics,, include, computational, linguistics,, linguistics.",5
19826,physician,F,1,physician,0.9889,0.6776,0.3113,"pediatric, care., pregnancy, specializes, Chiropractic",5
42516,professor,F,0,professor,0.9992,0.999,0.0002,"received, University., University,, BSFS, University,",5
7674,professor,M,0,professor,0.9969,0.7545,0.2424,"broadly., research, explore, advances, UF,",5
76486,photographer,M,3,photographer,0.9924,0.7749,0.2176,"focuses, work, focuses, lesser-known, on",5
66021,professor,F,0,professor,0.9837,0.4521,0.5316,"lab,, research, Outside, time, examines",5
44460,photographer,F,3,photographer,0.9982,0.9982,-0.0001,"photography., portraits, portrait, expressive, fashion,",5
20173,photographer,M,3,photographer,0.6459,0.6607,-0.0149,"States., Havasupai, town, village, Supai,",5
7836,professor,F,0,professor,0.9659,0.0361,0.9298,"research, on, teachers, inquiry., focuses",5
88173,attorney,M,2,attorney,0.9994,0.9994,-0.0,"Attorney., District, practiced, law, Litigation;",5
86739,poet,M,13,poet,0.8216,0.9551,-0.1335,"poetry,, Urdu, collections,, published, charged",5
51004,professor,F,0,professor,0.292,0.2071,0.0848,"They, New, disenfranchised, through, the",5
91623,teacher,F,7,teacher,0.3848,0.0944,0.2904,"Mathematics, Academy., graduated, University, is",5
55356,dentist,M,8,dentist,0.9904,0.9919,-0.0015,"Dental, Dental, Dental, Dr., doctor",5
56236,photographer,M,3,photographer,0.9928,0.9896,0.0033,"seriesâĢĻ, Instagram., aesthetic, PHmuseum,, reflect",5
6581,physician,M,1,physician,0.8994,0.916,-0.0166,"residency, Medicine, Dr., Health., Dr.",5
50156,professor,M,0,professor,0.9983,0.9974,0.0009,"University., students, PhD, working, courses.",5
90445,teacher,F,7,teacher,0.9498,0.768,0.1818,"classes., cooking, experiences, Widely, prepare,",5
94275,physician,M,1,physician,0.9994,0.9963,0.0031,"medicine, practices, specializes, Center., Otolaryngology.",5
78408,professor,F,0,professor,0.9992,0.9992,0.0001,"university-wide, Teaching, Teaching, Director, Fellow",5
30526,surgeon,M,9,surgeon,0.6496,0.062,0.5876,"medicine., anatomy., dissection-based, careers, in",5
90427,photographer,M,3,photographer,0.9846,0.0129,0.9717,"photography, name., images, artist's, projectâĢĻs",5
44681,professor,M,0,professor,0.9959,0.9901,0.0058,"University,, pedagogy, articles, also, coeditor",5
92309,teacher,M,7,teacher,0.6169,0.013,0.6039,"K-12, Educator, Education, projects., PV",5
56324,poet,F,13,poet,0.9523,0.9693,-0.017,"words,, works, meanings., repeating, playing",5
3301,physician,F,1,physician,0.9994,0.8206,0.1788,"practices, medicine, Medicine., Hospital., specializes",5
19025,professor,M,0,professor,0.9977,0.9853,0.0124,"teaches, professor, research, dissertation,, Ph.D.",5
26346,professor,M,0,professor,0.9988,0.9972,0.0016,"research, Ph.D., University, interests, are",5
54997,photographer,M,3,photographer,0.998,0.998,-0.0,"shoots,, pre-wedding,, clients, wedding,, clients",5
42389,attorney,F,2,attorney,0.9955,0.6595,0.336,"Lawyers, Association,, Immigration, president, board",5
37278,model,F,12,model,0.9989,0.9989,-0.0,"Models.com., Model, born, runway, Belgium.",5
10792,professor,F,0,professor,0.9995,0.9994,0.0,"University, http://ine.uaf.edu/werc/people/faculty/nicole-misarti/, State, Postdoc, College",5
32800,professor,M,0,professor,0.9966,0.0031,0.9935,"scholarship, pedagogy, endeavors, addresses, curriculum",5
61445,physician,F,1,physician,0.9994,0.7939,0.2056,"practices, medicine, Medicine., Medical, Medical",5
42048,professor,M,0,professor,0.9374,0.01,0.9274,"Proctor, degrees, (BA),, (JD),, and",5
41708,filmmaker,F,14,filmmaker,0.7817,0.004,0.7777,"film, cliches, receptionist, enliven, mannequins",5
25913,attorney,M,2,attorney,0.999,0.0121,0.9869,"legal, markets., balancing, proactively, requirements",5
45873,physician,M,1,physician,0.9994,0.9992,0.0002,"MD/PHD/MPH., Dr., practices, professional, credentials",5
74281,psychologist,M,6,psychologist,0.9936,0.8793,0.1143,"Psychology, research, hypnosis, interviewing, explored",5
74877,professor,M,0,professor,0.5675,0.2057,0.3618,"MC, Orchestra, candidate, M.A., Va.,",5
23306,professor,F,0,professor,0.6946,0.3622,0.3323,"research, biodiversity, Center,, economists, water",5
67021,software engineer,M,15,software engineer,0.8923,0.513,0.3794,"Microsoft., software, engineering, testing),, CodeMine",5
60464,attorney,M,2,attorney,0.9986,0.9783,0.0203,"Law, Texas, Review, Criminal, Joseph",5
51426,physician,M,1,physician,0.9096,0.7404,0.1692,"Medical, Dr., patient, Stars., Rising",5
9035,professor,M,0,professor,0.9966,0.2383,0.7583,"Ph.D, University, science, received, Technical",5
55478,physician,M,1,physician,0.9951,0.9819,0.0132,"Medical, Clinic, Dr., Association, etc.",5
25968,psychologist,M,6,psychologist,0.9987,0.9987,0.0001,"PSYCHOLOGIST,, CLINICAL, specialists, doctors, experiences,",5
6932,professor,M,0,professor,0.9995,0.9993,0.0002,"PhD, College, research, sociology, teaching",5
20987,professor,F,0,professor,0.9987,0.993,0.0057,"Theory, University, book, Protagonists:, Novel",5
54390,dentist,M,8,dentist,0.9844,0.9763,0.0082,"Dr., insurance, patients., rated, carriers.",5
88993,painter,M,11,painter,0.9949,0.9647,0.0302,"paint, studio., sketching, artists, sculpting",5
27793,professor,F,0,professor,0.9982,0.9977,0.0005,"professor, associate, University,, committee, L.",5
41574,dentist,F,8,dentist,0.9611,0.8977,0.0634,"Dr., Dental, Smile, Dental, Bushra",5
55022,professor,F,0,professor,0.9991,0.9847,0.0144,"research, OttleyâĢĻs, research, interests, analytics.",5
74088,model,F,12,model,0.9988,0.4173,0.5815,"modelling, works, job, website, more",5
86539,physician,M,1,physician,0.9146,0.7983,0.1163,"Dr., medicine, in-network, residency., provider",5
28579,journalist,M,4,journalist,0.9969,0.9951,0.0019,"radio, correspondent, covering, Radio., HIV/AIDS",5
26091,professor,M,0,professor,0.9991,0.9975,0.0015,"research, research, focuses, Research, interests",5
60862,professor,F,0,professor,0.9991,0.9714,0.0277,"research, University., interests, include, Ph.D.",5
85552,teacher,F,7,teacher,0.9969,0.2313,0.7656,"teaches, grade, teacher, English, honors",5
53127,nurse,F,5,nurse,0.9965,0.9958,0.0007,"Nurse, nursing, Nursing,, Nursing, pain.",5
20493,physician,F,1,physician,0.9489,0.9498,-0.001,"practice, NPI, NPI, #1912994054, reached",5
87474,professor,F,0,professor,0.7883,0.1591,0.6292,"Additionally,, Dictionary, Pronunciation, co-author, Scheeder)",5
17828,professor,M,0,professor,0.9985,0.4427,0.5557,"research, interests, research, specializes, in",5
72464,attorney,M,2,attorney,0.9994,0.9992,0.0002,"law., clients', law, employs, transactional",5
75043,nurse,F,5,nurse,0.9994,0.9984,0.001,"NURSE, Call, medical, affiliates, phone",5
17005,photographer,F,3,photographer,0.9975,0.9981,-0.0005,"photography,, photography,, photography, portraits., Anglin.",5
52771,software engineer,F,15,software engineer,0.7901,0.4458,0.3442,"android, Engineering, engineer, Technology., systems.",5
45576,professor,F,0,professor,0.9995,0.9993,0.0001,"research, 2015., research, focuses, University.",5
55414,physician,M,1,physician,0.9758,0.9823,-0.0064,"medicine, Dr., Dr., meningioma., Gujarati.",5
10077,professor,F,0,professor,0.9967,0.9952,0.0016,"University., research,, academic, current, contexts",5
94683,physician,M,1,physician,0.9881,0.1595,0.8287,"Medicine, Medicine,, Professor, Medicine, Medical",5
32125,professor,M,0,professor,0.9994,0.9994,0.0,"University, publications., research, peer-reviewed, University",5
59771,photographer,M,3,photographer,0.99,0.4396,0.5504,"Camera, Magazine,, magazine., portraits, Artist",5
71491,dietitian,F,18,dietitian,0.9984,0.9624,0.036,"Nutrition, Nutrition, Nutrition., Diet, food",5
53634,professor,M,0,professor,0.9992,0.9991,0.0001,"Ph.D., fellowships, HarvardâĢĻs, taught, Metaphysics,",5
55169,photographer,F,3,photographer,0.9977,0.9947,0.003,"photo, magazines, work, portraiture,, newspapers",5
26560,painter,M,11,painter,0.9942,0.0309,0.9633,"paintings, give, seeks, life, creative",5
12059,professor,F,0,professor,0.9057,0.8581,0.0476,"Dr., University, honors, in, is",5
46336,comedian,M,19,comedian,0.9958,0.9937,0.0021,"Comedy, comedy, Laughs, comedic, Comedy",5
42650,psychologist,M,6,psychologist,0.407,0.0179,0.3892,"incentive, to, in, brought, Justin.",5
85433,professor,F,0,professor,0.9984,0.9951,0.0033,"Dialogism(2000)., early-nineteenth-century, literature., Austen:, author",5
78446,photographer,M,3,photographer,0.9961,0.0098,0.9863,"photographic, photography, photographs, interpretations,, narratives.",5
65196,attorney,F,2,attorney,0.9994,0.9993,0.0,"courts., clients,, settlements, multimillion-dollar, verdicts,",5
40720,nurse,F,5,nurse,0.9994,0.9977,0.0017,"NURSE, medical, Patricia, Patricia, affiliates",5
67546,professor,F,0,professor,0.9843,0.8904,0.0938,"professor, research, University., Elkins, at",5
91210,professor,M,0,professor,0.9836,0.7266,0.257,"laboratory, chemistâĢĻs, laboratory, laboratory, accreditation.",5
74416,professor,F,0,professor,0.8141,0.0183,0.7958,"teaching, interests, APA-approved, internship, interests",5
69366,architect,M,10,architect,0.9963,0.9939,0.0024,"Architecture,, architect, drawings., Architecture, graduate",5
68821,professor,M,0,professor,0.9996,0.9994,0.0002,"studies, research, studies, regulation, 2012.",5
11689,professor,F,0,professor,0.974,0.6449,0.3291,"ballet, terminology., research, conferences, authored",5
71219,painter,M,11,painter,0.8343,0.8557,-0.0214,"painting, painting, paintings, galleries, exhibited",5
94572,architect,M,10,architect,0.7245,0.5383,0.1862,"designing, Framework., frameworks, Gary, Gary",5
88412,dietitian,F,18,dietitian,0.9984,0.0091,0.9892,"nutrition, Nutrition, disease., Tiffany, OH.",5
21711,journalist,M,4,journalist,0.6612,0.1676,0.4936,"Wired,, previously, Billboard,, Vanity, for",5
73550,professor,F,0,professor,0.9991,0.997,0.0021,"research, focuses, early, on, history,",5
15447,attorney,M,2,attorney,0.9988,0.9402,0.0587,"law, practice,, addition, Jeff, serves",5
22029,psychologist,F,6,psychologist,0.9615,0.181,0.7805,"psychologically, patients, relationship., Dr., murdered,",5
25040,journalist,M,4,journalist,0.8728,0.8235,0.0493,"Weinstein, Madmen:, Uncensored, Reporter., Review",5
74511,psychologist,M,6,psychologist,0.9449,0.2228,0.7221,"psychology, goals, psychology, psychology, efficiency.",5
54393,professor,M,0,professor,0.9991,0.9987,0.0004,"Professor, program, State, taught, University",5
74851,physician,F,1,physician,0.9994,0.9986,0.0008,"medicine, practices, Endocrinology,, Diabetes, speaks",5
43933,physician,F,1,physician,0.9623,0.3309,0.6314,"Medical, Medical, Health, Dr., Maternity",5
63844,professor,M,0,professor,0.9994,0.9992,0.0002,"research, research, economist, research, LelâĢĻs",5
20289,model,F,12,model,0.9989,0.9988,0.0001,"born, gallery, section., 1991., 14781th",5
40860,filmmaker,F,14,filmmaker,0.9969,0.9973,-0.0004,"films,, film, films, directed, Productions,",5
61380,physician,F,1,physician,0.8814,0.9537,-0.0724,"practice, NPI, NPI, location, Blythe's",5
78146,dentist,M,8,dentist,0.9487,0.9526,-0.0038,"Dental, Dental, doctor, Clinic, Dr.",5
19049,physician,M,1,physician,0.9992,0.0001,0.999,"Physician, Assistant, Medical, Liberia., led",5
42320,painter,F,11,painter,0.9915,0.0297,0.9618,"paints, depicted, drawing, viewer, creates",5
90687,attorney,F,2,attorney,0.9992,0.9994,-0.0002,"practice, degree, 2016., Arizona, law",5
12462,model,F,12,model,0.9989,0.9989,0.0,"born, gallery, place., section., 604th",5
57103,professor,F,0,professor,0.9196,0.21,0.7096,"University., Orangutan, Canada,, also, Visiting",5
19390,surgeon,F,9,surgeon,0.9982,0.9982,0.0,"Dr., Dr., Clinic., Medicine, residency",5
21342,journalist,F,4,journalist,0.917,0.0181,0.8989,"hosted, broadcast, ESPN, FIFA, sports",5
85401,photographer,M,3,photographer,0.9972,0.9945,0.0028,"photographs, photos., shots,, surreal, campaign,",5
86730,professor,M,0,professor,0.9986,0.9973,0.0013,"Professor, research, College, faculty, focuses",5
35260,photographer,M,3,photographer,0.9965,0.0372,0.9593,"photographs, photography, hoangnguyenphoto.com, website:, NguyenâĢĻs",5
91229,physician,M,1,physician,0.9994,0.9993,0.0001,"Dr., practices, professional, credentials, NPI",5
29007,software engineer,M,15,software engineer,0.9829,0.9706,0.0123,"technological, working, pipeline, Saurabh, passionate",5
60447,attorney,F,2,attorney,0.9994,0.9991,0.0002,"Attorneys., law, focuses, practice, law",5
48315,professor,F,0,professor,0.9987,0.9973,0.0014,"examines, psychology., research, published, Specifically,",5
35781,professor,M,0,professor,0.9254,0.0603,0.8651,"Haematologist, Investigator, SPIRIT, NCRN, haematological",5
28492,professor,F,0,professor,0.9688,0.0132,0.9556,"research, activities, et, addition, consultant",5
76024,physician,M,1,physician,0.9582,0.9617,-0.0035,"patients, Dr., Medicine., rating, Healthcare",5
44881,journalist,M,4,journalist,0.982,0.9849,-0.0029,"BBC, BBC, producer, Radio, Penguin.",5
82975,nurse,F,5,nurse,0.9994,0.9981,0.0013,"NURSE, medical, Call, Hospital, Laura",5
78727,accountant,F,16,accountant,0.998,0.8996,0.0984,"Accounting, office,, online, Adjunct, courses",5
94525,nurse,F,5,nurse,0.9551,0.0003,0.9549,"nursing, unprofessional, bed,, milkâĢ¦, adult",5
62663,dentist,M,8,dentist,0.9409,0.718,0.2228,"Dental, Dental, Dental, Dr., Clinic",5
11646,attorney,F,2,attorney,0.9992,0.998,0.0012,"ILW.COM., law, Law, practice, degree",5
26545,professor,F,0,professor,0.4926,0.7127,-0.2201,"academia., talking, Education, visiting, will",5
76100,professor,M,0,professor,0.999,0.9988,0.0002,"UniversityâĢĻs, research,, Shakespeare, taught, current",5
77060,professor,M,0,professor,0.9986,0.997,0.0016,"teaches, courses, Dr., University, management,",5
64659,professor,M,0,professor,0.9907,0.0002,0.9904,"research, computer, interests, systems, addressing",5
39811,journalist,M,4,journalist,0.9956,0.9936,0.002,"gangs, truth, strategy, corporate, writing",5
93129,physician,F,1,physician,0.7001,0.4695,0.2306,"NPI, NPI, Canzano's, practice, Kristi",5
85523,professor,M,0,professor,0.9994,0.9994,0.0,"teaching,, University,, Dr., areas, dissertation",5
8271,accountant,M,16,accountant,0.998,0.9968,0.0012,"CFO, CFO, ClickandPledge.com,, Accounting,, joining",5
83871,composer,M,17,composer,0.9624,0.0115,0.9509,"combo.âĢĿ, music, Stravinsky, sonically, itâĢĻs",5
70609,journalist,M,4,journalist,0.6088,0.0184,0.5904,"protests, describes, country, Mohamed, happening",5
82045,journalist,F,4,journalist,0.9975,0.9974,0.0001,"journalism., editor, entertainment, writer, celebrities,",5
77864,professor,F,0,professor,0.9913,0.6313,0.36,"PhD, research, University,, interests, Pathology",5
14842,physician,M,1,physician,0.9499,0.9212,0.0287,"Medicare, medical, insurance., Medicine., Dr.",5
69703,painter,F,11,painter,0.899,0.601,0.298,"paintings, artwork, Studio, commissions,, artwork,",5
55971,psychologist,F,6,psychologist,0.9954,0.9756,0.0197,"clients, collaborates, clients', satisfaction, fulfilling",5
31706,professor,M,0,professor,0.9993,0.9984,0.0009,"Professor, research, Ph.D., interests, include",5
2731,dietitian,F,18,dietitian,0.9625,0.9281,0.0344,"digestive, microbiome., cardiovascular, expertise, expertise",5
85516,professor,M,0,professor,0.8571,0.1304,0.7266,"PhD, thesis, Urbanisme, co-edited, books",5
10447,professor,M,0,professor,0.9982,0.9975,0.0007,"Studies,, Studies,, History., History,, Journal",5
42944,nurse,M,5,nurse,0.4839,0.0014,0.4825,"iPad, using, seniors, seniors, with",5
26378,professor,F,0,professor,0.9995,0.9995,-0.0,"adjunct, University,, professor, Princeton, research",5
57872,professor,F,0,professor,0.9984,0.9982,0.0002,"emphasis, algae, microbiology,, biofuels., projects",5
77931,professor,F,0,professor,0.9283,0.1194,0.8089,"Previously,, position, University, SCIED458, Methods",5
37397,architect,M,10,architect,0.9943,0.8657,0.1286,"buildings, architect's, Houses"", conceptual, concrete",5
15403,attorney,M,2,attorney,0.9979,0.0095,0.9884,"Law, the, Society, of, property",5
69114,teacher,F,7,teacher,0.6434,0.029,0.6145,"classroom, education, Australia., science, Mathematics",5
63399,nurse,F,5,nurse,0.9942,0.0028,0.9913,"nursing, clinic, skills., health, needs",5
12789,professor,M,0,professor,0.9843,0.9931,-0.0088,"OSUâĢĻs, students, ed-preneur,, teaching, âĢľbecome",5
12844,accountant,M,16,accountant,0.4163,0.017,0.3992,"business, degree,, requirements, C.A., Skills",5
13944,comedian,M,19,comedian,0.9954,0.9936,0.0018,"comedy,, performs, Dave, up, stand",5
2514,professor,F,0,professor,0.9604,0.8597,0.1007,"Stanford, University, PhD,, professor, began",5
63619,physician,F,1,physician,0.9983,0.9981,0.0002,"patients., welcomes, Medicine,, Medicine., professionally",5
33192,physician,M,1,physician,0.9994,0.4923,0.5071,"practices, medicine, specializes, Sullivan, in",5
87259,photographer,M,3,photographer,0.9977,0.9857,0.012,"photography, styles., photos, style., working",5
11641,comedian,M,19,comedian,0.5004,0.1923,0.3081,"Jeff, bio, Twitter., also, can",5
84649,physician,M,1,physician,0.9979,0.9918,0.0061,"cataract, residency., affiliations, patients., Medicine",5
77255,accountant,M,16,accountant,0.9986,0.9975,0.0011,"accounting, returns;, tax, experience, tax",5
57256,journalist,F,4,journalist,0.973,0.0431,0.9299,"Communication, University, graduate, Seattle., Leadership",5
38988,attorney,M,2,attorney,0.9988,0.999,-0.0002,"clients, representing, LLP., practice, Grant",5
9964,professor,F,0,professor,0.9992,0.9991,0.0001,"University, University,, Dr., essays, University",5
81140,photographer,F,3,photographer,0.5606,0.4182,0.1425,"boring, all., enigmatic, neighbors, Surrounded",5
22301,physician,F,1,physician,0.9988,0.9984,0.0005,"Physicians', Medicine, services, Treatment, Disorders,Menstrual",5
12931,attorney,F,2,attorney,0.4286,0.6143,-0.1857,"Connecticut., Act:, Reading, member, Association",5
90304,professor,M,0,professor,0.9994,0.9994,0.0,"genomics, genomics, peer-reviewed, research, articles,",5
22732,nurse,F,5,nurse,0.9994,0.9982,0.0012,"NURSE, PRACTITIONER,, Medical, affiliates, Hospital,",5
2164,professor,M,0,professor,0.9995,0.9991,0.0004,"research, include, interests, publications,, assessing",5
62876,professor,M,0,professor,0.9979,0.9398,0.0581,"Studies, published, Dickens, 1995,, Dickens",5
64373,photographer,F,3,photographer,0.9902,0.9936,-0.0034,"photography., born, Art., works, love",5
62934,professor,F,0,professor,0.9987,0.9894,0.0092,"published, book, includes, currently, twentieth-century",5
6069,professor,F,0,professor,0.9994,0.999,0.0004,"University., Hopkins, Philosophy, articles, editor",5
69674,comedian,M,19,comedian,0.9874,0.9899,-0.0025,"aired., video,, television, stunt, pranks,",5
2131,poet,F,13,poet,0.98,0.9826,-0.0026,"Poetry,, school., chapbook,, Journal, work",5
9568,surgeon,M,9,surgeon,0.998,0.9979,0.0001,"Surgery., Surgical, Dr., Dr., Medicine",5
88252,physician,M,1,physician,0.6326,0.0345,0.5981,"medical, Medical, degree, Med."", PhD",5
92420,architect,M,10,architect,0.9856,0.0785,0.9071,"architecture, Architectural, space, Brighton., Limehouse.",5
24167,professor,M,0,professor,0.9967,0.9957,0.001,"UCLA., Studies., university, students, Ph.D.",5
64550,dentist,M,8,dentist,0.9936,0.8723,0.1212,"Dr., old, years, is, Hospital,",5
90320,professor,M,0,professor,0.9974,0.9935,0.0039,"research, research, University, Journal, interests",5
78290,surgeon,M,9,surgeon,0.9974,0.9968,0.0006,"currently, Hospital., Medical, Dr., practices",5
10249,attorney,F,2,attorney,0.9994,0.9992,0.0003,"landlord-tenant, disputes,, practice, property, co-ownership",5
61381,attorney,F,2,attorney,0.7639,0.9876,-0.2237,"university, university, HR, course,, typically",5
19307,surgeon,M,9,surgeon,0.9281,0.0046,0.9236,"surgery, surgical, premedical, medical, plastic",5
94496,painter,M,11,painter,0.9954,0.9085,0.0869,"paintings., paintings, exhibited, Albanian, Master",5
76812,photographer,F,3,photographer,0.998,0.9858,0.0122,"Photography, Photography, photographer, freelance, work",5
88145,professor,F,0,professor,0.9977,0.9981,-0.0004,"University., research, research, interests, University",5
48991,filmmaker,M,14,filmmaker,0.9653,0.9071,0.0582,"film, 2005., Film, Feature, Awards",5
12526,surgeon,M,9,surgeon,0.9326,0.0155,0.9172,"neurosurgeon, neurosurgery, Dr., medical, degree",5
30184,professor,M,0,professor,0.9995,0.999,0.0005,"teaching, UW, research, impacts, research",5
21782,professor,M,0,professor,0.9943,0.8828,0.1115,"adaptations, contemporary, directing, directed, researching",5
35400,professor,F,0,professor,0.9991,0.9987,0.0003,"Dr., co-chair, Kentucky,, Dr., arrival",5
19671,filmmaker,M,14,filmmaker,0.9901,0.9909,-0.0008,"films,, film, Entertainment)., directed, projects",5
28839,professor,F,0,professor,0.9988,0.6989,0.2999,"teaches, PhD, Philosophy,, University, Philosophy",5
58977,physician,F,1,physician,0.5422,0.3572,0.185,"patients, provides, patientâĢĻs, care, injuries",5
59046,professor,M,0,professor,0.9982,0.9981,0.0001,"Ph.D., author, College, Jerome's, Massachusetts,",5
4615,professor,F,0,professor,0.9993,0.9992,0.0001,"teaches, courses, undergraduate, University, research",5
13637,filmmaker,F,14,filmmaker,0.995,0.9961,-0.0011,"Film, films, Toronto, Festival,, Festival",5
54584,journalist,M,4,journalist,0.9637,0.9732,-0.0094,"Beijing, Reporting., Prize, Pulitzer, bureau",5
11015,physician,F,1,physician,0.9993,0.0495,0.9498,"Physician, patients,, Assistant, Clinical, residency",5
22434,physician,M,1,physician,0.955,0.5014,0.4536,"Dr., Veterinary, Veterinary, Hospital, Immunization,Veterinary",5
65733,professor,M,0,professor,0.9988,0.755,0.2437,"PhD, received, dissertation, Engineering, University",5
22767,attorney,F,2,attorney,0.9994,0.9994,0.0,"law, law, management., practice,, practice",5
15059,professor,F,0,professor,0.9992,0.999,0.0003,"research, undergraduate, Dr., serves, chair",5
68356,professor,M,0,professor,0.9993,0.3158,0.6836,"research, interests, book, in, author",5
36540,composer,M,17,composer,0.9968,0.9199,0.0768,"Orchestra., Philharmonic, music, commissions, music",5
91822,professor,M,0,professor,0.9989,0.999,-0.0001,"Previously,, PhD, University, Studies, postdoctoral",5
13520,psychologist,M,6,psychologist,0.537,0.2421,0.295,"centers., storyteller,, families, evaluation, programs",5
93134,dentist,M,8,dentist,0.9982,0.9981,0.0,"patients, Dentist., Dr., Dental, online",5
72974,physician,F,1,physician,0.9992,0.689,0.3103,"practices, medicine, Hospital., specializes, Medicine.",5
13224,photographer,F,3,photographer,0.997,0.0022,0.9948,"photography., Photography, specializes, portraiture, areas.",5
75838,photographer,M,3,photographer,0.9973,0.9884,0.0089,"portraits, shot, Malraux., Paris,, Vogue,",5
3774,surgeon,M,9,surgeon,0.9969,0.9416,0.0554,"Surgery., specialize, practice, medical, doctors",5
79838,professor,M,0,professor,0.9057,0.0182,0.8876,"research, interests, change, include, effects",5
68822,physician,F,1,physician,0.9704,0.4057,0.5647,"Physicians, physician, Medicine, medicine,, training",5
35640,professor,M,0,professor,0.9908,0.262,0.7288,"research, focuses, renewables, on, design",5
92403,model,M,12,model,0.9963,0.8488,0.1475,"model, brands, famous, used, cinema.",5
27618,photographer,M,3,photographer,0.9932,0.9695,0.0237,"photographer, photo, editorial, work, contributing",5
5403,professor,M,0,professor,0.9978,0.997,0.0008,"faculty,, Professor, Professor, practiced, joining",5
4860,journalist,M,4,journalist,0.987,0.1037,0.8833,"press, freedom, Wisconsin-Milwaukee, ultimate, University",5
35927,professor,M,0,professor,0.9821,0.2391,0.743,"scholarship, advances, research, social, interventions",5
95167,psychologist,M,6,psychologist,0.8436,0.8685,-0.0249,"predatory., psychopathy, extensively, Psychopaths, discusses",5
33833,physician,M,1,physician,0.9834,0.9937,-0.0103,"Dr., Hebrew., Medicine, accepts., addition",5
93556,professor,M,0,professor,0.9991,0.9703,0.0288,"research, examines, current, author, labor",5
57404,attorney,F,2,attorney,0.9994,0.9989,0.0006,"legal, Attorney, malpractice, representing, Nesselbush,",5
25995,attorney,F,2,attorney,0.9989,0.9148,0.0842,"clients, violations., justice, Spanish,, English,",5
83943,professor,F,0,professor,0.9031,0.1467,0.7564,"PhD, taught, University, 2005., University,",5
84790,attorney,F,2,attorney,0.9993,0.9994,-0.0001,"law, firm, practicing, joined, Bar",5
74528,attorney,M,2,attorney,0.9991,0.9989,0.0002,"Lawyers,, court., verdict, cases, Advocates,",5
33996,psychologist,F,6,psychologist,0.9815,0.0035,0.978,"Professor, Psychology, psychopathology., Psychology, Dr.",5
62016,poet,M,13,poet,0.9923,0.7767,0.2156,"poem, attention., lyrics, riddim,, revolutionary.",5
28689,professor,F,0,professor,0.9988,0.9982,0.0006,"research, University, PhD, interventions., ThompsonâĢĻs",5
95374,nurse,F,5,nurse,0.9582,0.0012,0.957,"nanny, miscarriage, Carina, best, joining",5
61784,professor,F,0,professor,0.9882,0.0128,0.9754,"teaches, student-centered, teaching, courses,, courses",5
15444,nurse,F,5,nurse,0.9982,0.1792,0.819,"Nursing, nursing,, Cindy, in, Diabetes",5
65633,painter,M,11,painter,0.7814,0.0076,0.7738,"artist, Art, School, Academy, MFA",5
4764,physician,F,1,physician,0.9994,0.3011,0.6983,"practices, medicine, Medicine., specializes, Medical",5
14918,journalist,M,4,journalist,0.635,0.3056,0.3294,"publications., issues,, Mediterranean, Sea,, immigration",5
4172,journalist,F,4,journalist,0.993,0.2591,0.734,"covered, Syria., reported, Aleppo., editors.",5
2790,professor,F,0,professor,0.9982,0.6346,0.3636,"research, research, projects, interests, implementation",5
56247,professor,M,0,professor,0.9988,0.9949,0.0039,"University, doctoral, degree, received, Colorado",5
23413,surgeon,M,9,surgeon,0.9171,0.9562,-0.0391,"Neurosurgery,, SurgeryÃ¢&#x20AC;&#x2122;s, surgery, practice., Neurological",5
48447,model,F,12,model,0.9988,0.2689,0.73,"modeling, Models, career., pinnacle, featured",5
49646,physician,F,1,physician,0.9994,0.9918,0.0077,"MD., practices, credentials, professional, License",5
80636,professor,F,0,professor,0.9987,0.9959,0.0027,"professor,, academia,, Before, becoming, doctoral",5
24128,composer,M,17,composer,0.9971,0.015,0.9822,"music, music, music, music, scored",5
28171,professor,F,0,professor,0.9948,0.9573,0.0375,"research, interests, include, articles, Program.",5
66933,professor,F,0,professor,0.8036,0.0045,0.7991,"research, carrying, work, displacement, has",5
74783,attorney,F,2,attorney,0.9993,0.0018,0.9975,"representation, legal, 2008., Texas., courts",5
57020,nurse,F,5,nurse,0.9994,0.9973,0.0021,"NURSE, PRACTITIONER,, Beth, number, Health",5
54800,attorney,M,2,attorney,0.9989,0.9989,0.0,"Superlawers., Law, Law, As, Loyola",5
38171,dentist,F,8,dentist,0.9895,0.6658,0.3237,"Dr., Dr., online, Clinic, appointment",5
45824,photographer,F,3,photographer,0.9942,0.0032,0.991,"photography, Artist, at, College, as",5
58662,psychologist,F,6,psychologist,0.9418,0.7249,0.2169,"refugees, began, working, indefinitely., after",5
56683,professor,F,0,professor,0.9995,0.9993,0.0001,"research, ccrago@resecon.umass.edu., interests, include, incentivize",5
64033,journalist,M,4,journalist,0.9972,0.9956,0.0016,"newsradio, editor-in-chief, station., HungaryâĢĻs, Hungarian",5
26994,psychologist,F,6,psychologist,0.9584,0.9809,-0.0224,"practice, coping, public, provided, couples",5
15915,professor,F,0,professor,0.9714,0.8796,0.0918,"research, Drs., craniofacial, pediatrician, microsomia.",5
91593,professor,F,0,professor,0.9994,0.9992,0.0002,"examines, post-civil, published, recently, articles",5
68571,physician,F,1,physician,0.8509,0.1884,0.6625,"medical, solo, practice,, Dr., patients",5
79788,nurse,F,5,nurse,0.9977,0.9576,0.0401,"nurse, practitioner, office., women,, ARNP",5
51415,architect,M,10,architect,0.9981,0.9558,0.0424,"Architectural, construction, building, design, design",5
51280,professor,M,0,professor,0.9991,0.9976,0.0015,"postdoctoral, PhD, Technology,, University, Before",5
24881,professor,F,0,professor,0.9992,0.999,0.0002,"research, award., professor, teaching, University",5
33467,dentist,M,8,dentist,0.9953,0.998,-0.0027,"dental, patients, Dentist., Dr., online",5
66467,physician,M,1,physician,0.9595,0.9532,0.0063,"Spanish., medical, Dr., Medicine., University",5
71724,professor,M,0,professor,0.9994,0.999,0.0005,"faculty, include, University, interests, research",5
22782,professor,M,0,professor,0.9995,0.999,0.0005,"teaches, theory,, classes, criminological, research",5
53423,dentist,M,8,dentist,0.9975,0.9461,0.0514,"Dr., old, practicing, Medical, Center.",5
27711,photographer,M,3,photographer,0.9951,0.0802,0.9149,"Photography, Photography,, photography, Camera, Angeles.",5
59019,filmmaker,M,14,filmmaker,0.3754,0.1627,0.2127,"flat-out, says,, Gericault,, chip,, Medusa",5
70650,journalist,F,4,journalist,0.8451,0.2763,0.5688,"Justice., TurkeyâĢĻs, European, WomenâĢĻs, rights",5
81855,teacher,M,7,teacher,0.9163,0.2869,0.6294,"curriculum, Teachers., curriculum, local, introduced",5
32976,surgeon,M,9,surgeon,0.9009,0.8587,0.0422,"surgery, treat, conditions, stenosis, Neurosurgical",5
57583,journalist,M,4,journalist,0.9962,0.0303,0.9659,"Editor-In-Chief/Publisher, newspaper, Ghana., training., is",5
66893,physician,M,1,physician,0.9967,0.9358,0.0609,"practitioner., Naturopathic, medicine),, Medicine, clinical",5
81089,physician,F,1,physician,0.9995,0.7402,0.2593,"practices, medicine, Medicine., speaks, English",5
34967,professor,F,0,professor,0.9946,0.5821,0.4125,"doctorate, University, served, development, within",5
53138,professor,M,0,professor,0.4157,0.2633,0.1524,"PhD, Scholar, diatribe, Utah-based, Stanford",5
80520,physician,F,1,physician,0.9995,0.9984,0.001,"practices, medicine, specializes, Center., Medical",5
44725,professor,F,0,professor,0.7761,0.5581,0.218,"Ph.D., research, University, peer, Dr.",5
1136,professor,M,0,professor,0.9976,0.1708,0.8268,"research, focuses, University,, cyber-physical, Ph.D.",5
86471,professor,M,0,professor,0.9993,0.9979,0.0013,"research, NASA's, interests, technologist, include",5
92918,photographer,F,3,photographer,0.9889,0.0047,0.9842,"photographing, project, traveling, past, years.",5
23422,software engineer,M,15,software engineer,0.9345,0.6121,0.3225,"WebSphere, currently, Apache, programming, team",5
84801,composer,M,17,composer,0.9962,0.0026,0.9936,"music, sonic, by, tension, Kandinsky,",5
58105,nurse,M,5,nurse,0.9647,0.0171,0.9476,"nurse, staff., Cardiologist, sexy, in",5
66721,painter,F,11,painter,0.9947,0.8711,0.1236,"painting, Artists., design, embraces, work",5
60260,professor,F,0,professor,0.9989,0.998,0.0008,"teaches, courses, NAU, Speech-Language-Hearing, graduate",5
6298,psychologist,M,6,psychologist,0.9915,0.9831,0.0083,"person's, self-depreciating,, depression, moods, writes",5
39899,filmmaker,F,14,filmmaker,0.9934,0.981,0.0124,"filmmaking, films, graduate, Production,, film",5
5039,model,F,12,model,0.2804,0.0572,0.2232,"pretty, manages, Awesome, have, Keeping",5
79859,model,F,12,model,0.676,0.5841,0.092,"cruel, photographersâĢĶat, ItâĢĻs, along, better",5
45488,professor,M,0,professor,0.9564,0.8642,0.0922,"Ph.D., awarded, University, 2016,, novel",5
40779,professor,F,0,professor,0.9989,0.9987,0.0002,"researchers, faculty,, post-doctoral, Research, paper",5
43535,composer,M,17,composer,0.9781,0.8805,0.0976,"music, music., albums, songs., Bulgarian",5
64464,nurse,F,5,nurse,0.9961,0.9882,0.0079,"Nursing, Nurse, Nursing, Nursing, Tiffany",5
76396,software engineer,F,15,software engineer,0.9434,0.8999,0.0435,"systems., team, engineers, designs, tools",5
67435,professor,M,0,professor,0.9984,0.996,0.0025,"research, interests, author, editing, include",5
10467,professor,F,0,professor,0.8894,0.3603,0.529,"research, care., epidemiological, focuses, research",5
4239,teacher,M,7,teacher,0.9965,0.9972,-0.0008,"taught, taught, grade, English, literature.",5
16304,attorney,F,2,attorney,0.999,0.9977,0.0014,"law,, representing, focuses, corporations,, liability",5
18769,nurse,F,5,nurse,0.9985,0.6475,0.3511,"nurse, patients, patient, training, care",5
63117,physician,F,1,physician,0.9938,0.0382,0.9556,"patient, Medicine, Medicine, Osteopathic, DO",5
30885,surgeon,M,9,surgeon,0.862,0.0108,0.8511,"Surgery, Surgery, Center., Physicians, is",5
19751,professor,F,0,professor,0.998,0.9962,0.0018,"research, scholar., grants, research, interests",5
94584,filmmaker,M,14,filmmaker,0.991,0.0825,0.9085,"film, Film, Festival., York, life.""",5
27721,professor,M,0,professor,0.9992,0.9933,0.0059,"research, interactions, focuses, on, between",5
55862,professor,F,0,professor,0.984,0.9276,0.0564,"research, University, project, Historical, Studies",5
37468,professor,M,0,professor,0.9993,0.9983,0.001,"research, Indiana, research, University, journals.",5
82798,professor,F,0,professor,0.9994,0.9992,0.0002,"research, University, Post-doctoral, University., Asia-Pacific:",5
3623,attorney,M,2,attorney,0.9966,0.1063,0.8903,"law, law, Law, plaintiffs, obtained",5
89814,professor,F,0,professor,0.9986,0.559,0.4396,"research, interests, also, Affiliate., Organization.",5
13824,teacher,F,7,teacher,0.9822,0.9173,0.0649,"students, supports, has, yoga, GISB,",5
9391,journalist,F,4,journalist,0.9847,0.0253,0.9594,"writes, grew, @zalikkas, twitter, found",5
16087,professor,M,0,professor,0.9848,0.9645,0.0203,"lab, journals., scientific, articles, study",5
79514,professor,F,0,professor,0.9992,0.9983,0.0009,"examines, research, currently, conducting, Canadian",5
3831,physician,M,1,physician,0.9981,0.9842,0.0139,"cataracts., medical, Healthcare, Healthcare, residency",5
51714,physician,F,1,physician,0.3112,0.0893,0.2219,"medical, heal, cure, insisting, save",5
60965,professor,M,0,professor,0.9897,0.9927,-0.0029,"MGP, fellowship, clinical, Pathology., anatomic",5
46029,photographer,F,3,photographer,0.997,0.0539,0.9431,"Photography, Art, completed, explores, thesis,",5
32338,software engineer,M,15,software engineer,0.9435,0.0004,0.9431,"DevOps, code, skills, professional, sharing",5
47170,nurse,F,5,nurse,0.9994,0.997,0.0025,"NURSE, Call, graduated, Shannon, cooperates",5
70021,professor,M,0,professor,0.9935,0.9562,0.0372,"research, interests, analysis., role, main",5
75330,professor,M,0,professor,0.999,0.9812,0.0178,"research, interests, Teaching, adviser, Faculty",5
5581,painter,M,11,painter,0.9813,0.0003,0.9811,"painting, Painting, Photography., Artists, landscape",5
62528,professor,F,0,professor,0.9404,0.1599,0.7806,"students., began, fellowship, genetics, research",5
3380,professor,M,0,professor,0.9164,0.0288,0.8876,"research, include:, interests, examining, data",5
57264,attorney,M,2,attorney,0.9993,0.0515,0.9478,"represented, representing, EB-5, experience, agencies.",5
38775,attorney,F,2,attorney,0.9993,0.9992,0.0001,"attorney, attorneys, defense, cases, firmâĢĻs",5
79048,professor,F,0,professor,0.9985,0.9565,0.042,"research, literature, interests, post-independence, include",5
20028,journalist,F,4,journalist,0.9831,0.9938,-0.0107,"publications., http://blogs.parent24.com/veggietots, Freelancers, Durban,, range",5
11985,physician,F,1,physician,0.9185,0.9027,0.0158,"NPI, practice, NPI, Martinez's, Martinez's",5
48283,poet,F,13,poet,0.9891,0.7114,0.2777,"poetry, poetry, color., publication, millennial",5
95315,professor,F,0,professor,0.9994,0.9991,0.0004,"research, plantâĢĲinsect, PhD, interactions, investigates",5
68934,software engineer,M,15,software engineer,0.8575,0.7609,0.0966,"Search'sWebMap, optimized, Yahoo, Before, Engineering",5
67649,professor,M,0,professor,0.9993,0.9992,0.0001,"PhD, Teaching,, academic, Teaching, University",5
62575,attorney,M,2,attorney,0.9991,0.9988,0.0004,"law, Attorney, Lawyer., employment, selected",5
71744,professor,F,0,professor,0.9975,0.1289,0.8685,"Anthropologist, Anthropology,, Medical, linkages, in",5
26922,physician,F,1,physician,0.9909,0.9942,-0.0033,"academic., Dr., medical, Medicine., residency",5
67032,composer,M,17,composer,0.9919,0.0026,0.9893,"music, music, music, works, include",5
81542,professor,M,0,professor,0.9995,0.9994,0.0,"Teaching, taught, Professor, projects., BFA",5
87321,photographer,F,3,photographer,0.9966,0.9972,-0.0005,"Photography, Photography, Photography, imagery, Photographers",5
82736,physician,M,1,physician,0.9562,0.8935,0.0626,"NPI, NPI, practice, Buhl's, Connecticut",5
41193,professor,F,0,professor,0.9776,0.0039,0.9737,"teaches, Chair, position, articles, and",5
30361,architect,M,10,architect,0.9972,0.923,0.0743,"architecture, firms,, practice,, forming, admired",5
48659,photographer,M,3,photographer,0.9977,0.9955,0.0022,"photographer, capture, shoots, covers, goal",5
68589,photographer,M,3,photographer,0.9944,0.9877,0.0067,"photography, photographs, photographer,, Photography,, work,",5
74271,professor,M,0,professor,0.9994,0.0776,0.9218,"research, design., include, interests, consumers",5
18241,dietitian,F,18,dietitian,0.9852,0.1622,0.823,"nutritional, nutrition, diets, in, training",5
40210,professor,F,0,professor,0.9975,0.9909,0.0066,"research, campus-wide, education, endeavors, focus",5
57244,painter,F,11,painter,0.6666,0.2292,0.4373,"portraits, portraits, figures, subjects, focus",5
92019,teacher,M,7,teacher,0.9516,0.0924,0.8592,"teaching, School, started, coaching, Academy",5
25340,software engineer,M,15,software engineer,0.991,0.9909,0.0001,"JavaScript,, PHP,, software, development,, Android.",5
6379,photographer,F,3,photographer,0.8326,0.0046,0.8281,"Photography, Photography., Photography, Photography., Prize",5
66181,psychologist,F,6,psychologist,0.9964,0.9922,0.0043,"helped, couples, relationships., achieve, individuals,",5
81388,professor,M,0,professor,0.8697,0.1467,0.723,"expert, internationally, language,, literacy,, recognized",5
89321,psychologist,F,6,psychologist,0.9974,0.2909,0.7065,"Psychology, Psychiatry, consultant, developed, Lecturer",5
88197,architect,M,10,architect,0.9909,0.9592,0.0317,"Architecture, architecture., design, School)., work",5
46791,dentist,M,8,dentist,0.9984,0.998,0.0003,"Dentist., Dr., Dental, Hospital, currently",5
14423,professor,M,0,professor,0.9219,0.0002,0.9217,"doctoral, Engineering, innovation, University,, Innovation",5
75570,accountant,M,16,accountant,0.4082,0.7055,-0.2973,"acquisition, joined, acquisition, Graeme, British",5
91312,professor,F,0,professor,0.9987,0.9984,0.0003,"College,, addition, conductors., Chorus, oversees",5
67570,dentist,F,8,dentist,0.9815,0.975,0.0065,"Dr., insurance, Cross/Blue, average, Shield,",5
61351,professor,F,0,professor,0.7822,0.7675,0.0146,"Michelle, Michelle, colleague, encouragement, scientist.",5
38051,physician,F,1,physician,0.5658,0.492,0.0737,"practice, NPI, NPI, CA, phone",5
53207,painter,M,11,painter,0.9963,0.0027,0.9936,"paintings, work, work, Hyper-Realist, 1960âĢ²s",5
43190,journalist,M,4,journalist,0.8017,0.0571,0.7447,"Journalists-, Journalism, station,, an, became",5
55934,model,F,12,model,0.9986,0.9985,0.0001,"Model"", pose, beautiful, ""Fashion, ""Next",5
62577,attorney,M,2,attorney,0.978,0.9584,0.0196,"attorney, arena., representation, Texas, lobbyist",5
40194,nurse,F,5,nurse,0.5702,0.1256,0.4446,"Elizabeth, #1407873086, practice, Elizabeth, Harrison",5
66406,nurse,F,5,nurse,0.9994,0.9984,0.001,"NURSE, PRACTITIONER,, Call, Carol, Carol",5
40125,professor,F,0,professor,0.9988,0.9972,0.0016,"undergraduate, teaches, courses, graduate, Actuarial",5
27486,painter,M,11,painter,0.9956,0.9962,-0.0006,"painting,, acrylic, exhibitions., acrylic,, artistic",5
10119,professor,M,0,professor,0.9992,0.999,0.0002,"Research,, published, Economics,, Economists, Economic",5
12161,photographer,F,3,photographer,0.9978,0.9933,0.0045,"portraits, subjects,, showcase, focuses, based",5
36319,professor,M,0,professor,0.8119,0.0154,0.7965,"scholar-in-residence, in, University, author, professional",5
32860,photographer,M,3,photographer,0.9976,0.995,0.0026,"shoots, weddings, photographey., specialty, Muskoka",5
5530,attorney,F,2,attorney,0.999,0.9983,0.0007,"law, Court, cases, Supreme, Amicus",5
47371,journalist,F,4,journalist,0.9975,0.9974,0.0002,"Journalists', media, network,, Charity., Games",5
95004,accountant,F,16,accountant,0.9866,0.0166,0.97,"tax, expertise, business, planning, corporations",5
69035,attorney,F,2,attorney,0.9975,0.9982,-0.0006,"attorney, legal, Amendment, Clearinghouse,, issues.",5
57334,surgeon,M,9,surgeon,0.9107,0.7022,0.2085,"Surgery, Read, for, Healthcare, Director",5
49219,professor,F,0,professor,0.9989,0.9985,0.0005,"teaches, undergraduate-level, research, bank, currently",5
74339,model,F,12,model,0.9989,0.9985,0.0004,"gallery, born, 251, ranked, 1995.",5
57648,professor,M,0,professor,0.8265,0.8208,0.0057,"fiction,, 2011., also, nonfiction, Iowa",5
60417,professor,F,0,professor,0.9984,0.9985,-0.0001,"peer-reviewed, research, articles, published, journals.",5
66922,professor,F,0,professor,0.9983,0.8039,0.1944,"PhD, University, learnersâĢĻ, theoretical, instruction",5
81825,surgeon,M,9,surgeon,0.9982,0.9982,0.0,"Surgery., Dr., Dr., Hospital., Dr.",5
69717,physician,M,1,physician,0.9949,0.9597,0.0352,"naturopathic, Medicine,, medicine,, medicine., Patients.",5
78780,software engineer,M,15,software engineer,0.9374,0.8972,0.0402,"Adobe., web-based, http://crayfishden.net, currently, games,",5
7542,photographer,M,3,photographer,0.9954,0.9914,0.0041,"photograph, photographer., images, first, BrassaÃ¯",5
87975,physician,M,1,physician,0.8808,0.3551,0.5258,"Clinic, Dr., Veterinary, practices, at",5
62624,software engineer,M,15,software engineer,0.9826,0.9215,0.0611,"working, developers, currently, docker,, App",5
82597,physician,F,1,physician,0.8752,0.8511,0.024,"Hospital, NPI, NPI, VA, Christina",5
17292,surgeon,F,9,surgeon,0.5219,0.5872,-0.0653,"surgery,, Dr., Dr., reconstruction, Medical",5
49736,nurse,F,5,nurse,0.9994,0.3289,0.6705,"NURSE, hospital,, doctors, PRACTITIONER,, medical",5
59842,psychologist,F,6,psychologist,0.9985,0.972,0.0265,"therapists, clinical, neuroscience-supported,, EMDR, trauma),",5
67818,attorney,M,2,attorney,0.9994,0.9995,-0.0,"litigation, litigation, litigation., litigation,, litigation.",5
25803,professor,M,0,professor,0.9982,0.9893,0.009,"University, Hopkins, journals,, University, also",5
31326,architect,M,10,architect,0.7819,0.8308,-0.0489,"architecture, service-oriented, Allianz, improving, focus",5
63957,professor,M,0,professor,0.9946,0.0629,0.9317,"publications, extensive, forecasting, class, smoothing.",5
28185,attorney,F,2,attorney,0.9995,0.9983,0.0012,"represents, estate, 2008., individuals,, matters",5
33509,professor,M,0,professor,0.9802,0.9451,0.0351,"fellowship, education., Va., interests, student",5
56678,professor,M,0,professor,0.9968,0.0398,0.957,"research, research, PhD, include, IEEE",5
14886,physician,M,1,physician,0.8089,0.1982,0.6107,"doctor, missionary, healthcare, as, family.",5
23390,attorney,F,2,attorney,0.9994,0.9986,0.0008,"practice, matters., represents, focuses, transactions,",5
54914,nurse,F,5,nurse,0.9994,0.9744,0.025,"NURSE, Hospital,, Sharla, doctors, medical",5
16794,professor,M,0,professor,0.9985,0.981,0.0175,"research, scientist, principal, Before, doctoral",5
92564,nurse,M,5,nurse,0.9994,0.998,0.0014,"NURSE, affiliates, Call, Having, phone",5
23442,filmmaker,M,14,filmmaker,0.5963,0.3939,0.2024,"cinema,, Milan, Segnocinema,, Film, media,",5
56747,photographer,M,3,photographer,0.9979,0.9975,0.0004,"photography,, portrait, frame, editing, subject.",5
3813,teacher,M,7,teacher,0.9757,0.0026,0.973,"schools, improving, control., district, are",5
56920,model,F,12,model,0.9985,0.9976,0.0009,"model, best, appearance, ''Playboy''âĢĻs, known",5
39768,attorney,M,2,attorney,0.9993,0.9978,0.0015,"attorney,, law, probates,, suits., handles",5
53126,attorney,M,2,attorney,0.9991,0.9994,-0.0003,"law, practice, practiced, transactions, experience",5
19720,psychologist,F,6,psychologist,0.6374,0.4902,0.1471,"Currently,, psychologist, psychology, behavioral, behavioral",5
62153,professor,F,0,professor,0.3139,0.0763,0.2377,"degrees, child, University., earned, Sports",5
2288,physician,M,1,physician,0.9994,0.2341,0.7653,"practices, medicine, Medicine., Medical, Hospital",5
55771,filmmaker,M,14,filmmaker,0.9915,0.0071,0.9844,"film, festivals, documentary, feature, international",5
44516,professor,F,0,professor,0.9994,0.9993,0.0,"research, University,, Carnegie, conducts, computational",5
47786,painter,M,11,painter,0.9923,0.9171,0.0751,"Painting, Art, Studio, Wimbledon, Arts",5
89197,professor,F,0,professor,0.9978,0.9936,0.0042,"University,, research, PhD, University, postdoctoral",5
85648,filmmaker,M,14,filmmaker,0.9202,0.8325,0.0877,"Films, screenwriter., director, Cinema., Toronto.",5
81248,attorney,F,2,attorney,0.9928,0.6804,0.3124,"Rights, nonprofit, co-founded,, Executive, caregivers.",5
13523,physician,F,1,physician,0.9994,0.9993,0.0001,"Dr., M.D.., practices, professional, credentials",5
21322,dietitian,F,18,dietitian,0.9978,0.3327,0.6651,"nutrition, Nutrition, diet, helping, people",5
22834,accountant,F,16,accountant,0.9967,0.6506,0.346,"CORPORATION, small, SIMPLE, specializes, over",5
42590,attorney,F,2,attorney,0.9993,0.8283,0.171,"dealing, experience, counsel, matters,, Carolina.",5
92863,photographer,M,3,photographer,0.997,0.9917,0.0053,"photographies, aesthetic, beauty, website, nature",5
54919,teacher,F,7,teacher,0.8782,0.0961,0.7821,"teacher, manifested, the, and, share",5
28163,attorney,M,2,attorney,0.9992,0.9993,-0.0001,"litigation., law, law, practiced, represents",5
1991,professor,F,0,professor,0.7753,0.2071,0.5681,"director, Policy, Clinic, Dr., VA",5
95384,dietitian,F,18,dietitian,0.9974,0.0021,0.9953,"Dietitians, metabolic, Metabolic, treatment, diseases.",5
48500,professor,F,0,professor,0.9992,0.9991,0.0001,"Ph.D., campus., Rhetoric,, Literacy,, Practice",5
21188,professor,F,0,professor,0.9994,0.9978,0.0016,"research, focuses, nineteenth-century, on, culture.",5
81882,professor,M,0,professor,0.9955,0.4859,0.5097,"PhD, earned, Chengdu., Engineering, (NTNU",5
85609,physician,F,1,physician,0.9309,0.6636,0.2673,"Dr., Medical, Medical, accepts, Health",5
70044,physician,M,1,physician,0.9958,0.5865,0.4093,"patients., Medicine, medical, residency, Center.",5
47220,psychologist,M,6,psychologist,0.9982,0.9917,0.0065,"Counseling, Group, Ph.D., Carolinas, psychology.",5
11064,model,F,12,model,0.9989,0.9911,0.0077,"modeling, career,, NBA, Larsa, Super",5
28093,teacher,F,7,teacher,0.996,0.9859,0.0102,"students, teach, school, grade, students",5
94619,physician,M,1,physician,0.4866,0.3163,0.1703,"emergency, joining, Sunway, Medical, trauma",5
49414,professor,M,0,professor,0.993,0.8244,0.1686,"faculty, Hopkins., neurology, residency, joining",5
81729,software engineer,M,15,software engineer,0.9188,0.5823,0.3365,"Computer, Engineering, degrees, 2015., Science",5
22196,composer,F,17,composer,0.9851,0.9575,0.0277,"textures., sounds, vocal, may, create",5
88330,professor,F,0,professor,0.9987,0.9965,0.0022,"teaching, Doctorate, Dr., Jesuit, science.",5
24925,nurse,M,5,nurse,0.8075,0.0005,0.807,"Nursing, Marilyn, State, Smith-Stone,, of",5
7891,model,F,12,model,0.9606,0.5682,0.3924,"born, as, age, was, 2007",5
95305,professor,M,0,professor,0.9994,0.9993,0.0001,"academic, research, aims, University, ASU,",5
1259,physician,F,1,physician,0.9994,0.9486,0.0508,"practices, medicine, specializes, Medicine, speaks",5
94280,nurse,F,5,nurse,0.9988,0.9989,-0.0002,"nurse., bedside, surgery, works, hospital.",5
48548,teacher,F,7,teacher,0.9815,0.9177,0.0638,"taught, taught, teaching,, educational, teacher",5
34256,professor,M,0,professor,0.8262,0.0744,0.7518,"interested, work, particular,, examines, how",5
38595,physician,M,1,physician,0.9739,0.9505,0.0234,"patients, Allergy, departments, public, fever).",5
58496,journalist,F,4,journalist,0.9429,0.0053,0.9377,"interviewed, writer,, FileâĢĻs, editor, whose",5
72718,photographer,F,3,photographer,0.9971,0.6725,0.3246,"photo, image, emphasis, subject, styles",5
74832,filmmaker,F,14,filmmaker,0.9958,0.0575,0.9383,"films, directed, Film, experimental, Jigsaw",5
84387,nurse,M,5,nurse,0.9994,0.9891,0.0103,"NURSE, PRACTITIONER,, appointment., years, 262-4000",5
26171,accountant,M,16,accountant,0.9964,0.99,0.0064,"accounting, firms,, finance,, international, experience",5
22517,professor,M,0,professor,0.9989,0.9836,0.0153,"university, teaching, courses, since, campuses",5
42732,accountant,M,16,accountant,0.9983,0.9815,0.0168,"reporting, Financial, business, reporting;, financial",5
54506,nurse,F,5,nurse,0.9967,0.9968,-0.0001,"No., CRNP., practices, professional, credentials",5
13402,attorney,M,2,attorney,0.9989,0.9992,-0.0003,"litigation, practice, defense., defense,, Law",5
34277,professor,M,0,professor,0.9993,0.158,0.8412,"doctorate, science-criminal, University., in, University",5
31629,professor,F,0,professor,0.9975,0.1216,0.8759,"teaching, research, JulietâĢĻs, interests, 2003-2010,",5
85805,dentist,M,8,dentist,0.9456,0.9477,-0.0021,"Dr., doctor, Dentistry,Dental, are:, Cosmetic/",5
18759,model,F,12,model,0.9989,0.9987,0.0003,"gallery, born, ranked, 11645th, has",5
86661,dentist,M,8,dentist,0.9333,0.6265,0.3068,"Dental, Dr., Dental, Clinic, Madhukar",5
85575,professor,M,0,professor,0.9975,0.0279,0.9696,"Yale, author, articles, co-author, recently",5
18154,architect,M,10,architect,0.5267,0.6368,-0.1101,"architecture, geosynchronous, virtualization, software, solutions.",5
21831,physician,M,1,physician,0.9614,0.9256,0.0358,"medicine, Dr., takes, Medicine, Dr.",5
80642,filmmaker,M,14,filmmaker,0.9788,0.9462,0.0326,"filmmaker,, Serial., genre, space, when",5
95364,professor,M,0,professor,0.8834,0.9388,-0.0554,"MD/PhD, Hematology/Oncology, undergraduate, recombinant, research",5
16552,professor,M,0,professor,0.9972,0.9418,0.0554,"research, gene-gene, interests, gene-environment, statistical",5
65562,professor,M,0,professor,0.9951,0.9966,-0.0015,"research, microenvironments., isotropic, oversees, include",5
10011,professor,M,0,professor,0.998,0.0116,0.9864,"research, computational, interests, include, PhD",5
12460,professor,F,0,professor,0.9995,0.9994,0.0001,"research, University's, focuses, peer-reviewed, examines",5
29989,professor,F,0,professor,0.9985,0.9984,0.0001,"Ph.D., University, University,, supervisor, garment",5
31044,attorney,M,2,attorney,0.9985,0.9956,0.0029,"Litigation., Rights, Law, Practice, Constitutional",5
57,professor,M,0,professor,0.9995,0.9992,0.0002,"Ph.D., studies, University, University, earned",5
22647,photographer,F,3,photographer,0.9975,0.0062,0.9913,"photographer, Bucharest., photographed, as, working",5
72227,journalist,M,4,journalist,0.7241,0.2918,0.4323,"this:TwitterLinkedInGoogleFacebookEmailLike, Follow, While, arts,, Share",5
3875,photographer,F,3,photographer,0.9969,0.9915,0.0054,"images, subject, project., working, interest",5
85687,professor,M,0,professor,0.9764,0.0276,0.9488,"EAM, studies, 2003, publication, committee",5
38032,software engineer,M,15,software engineer,0.9645,0.9133,0.0512,"software,, development, software, applications,, code,",5
6275,professor,M,0,professor,0.9986,0.9671,0.0315,"research, include, interests, Bayesian, Bayesian",5
45977,poet,F,13,poet,0.787,0.9652,-0.1782,"poetry, chapbook, author, full-length, chapbooks,",5
52150,painter,F,11,painter,0.8767,0.0012,0.8755,"exhibited, art, venues,, pieces, historical",5
15721,attorney,M,2,attorney,0.9974,0.9891,0.0084,"litigation., provides, Act,, regulations,, matters",5
70849,professor,M,0,professor,0.9605,0.9041,0.0564,"populations., research, non-clinical, 2006,, Dr.",5
57060,physician,M,1,physician,0.9833,0.9889,-0.0056,"rosacea., clinical, Healthcare, Center., residency",5
21776,model,F,12,model,0.2742,0.1077,0.1665,"heiress, goals?, achieve, who, person",5
77013,professor,F,0,professor,0.999,0.9974,0.0017,"Dr., investigates, College, Colorado, chemist",5
41393,surgeon,M,9,surgeon,0.9981,0.3187,0.6793,"Dr., Dr., practices, practice, Medicine",5
21337,teacher,M,7,teacher,0.7336,0.3355,0.3981,"degree, Bachelor, University., concentration, has",5
49352,poet,M,13,poet,0.706,0.3455,0.3606,"poems, poems,, poem, published, Cordite,",5
82517,attorney,F,2,attorney,0.9993,0.9974,0.002,"Law., Attorney,, graduate, law, Attorney",5
56691,professor,M,0,professor,0.9989,0.995,0.0038,"PhD, academic, semester, University, post-doc",5
41260,attorney,M,2,attorney,0.9994,0.9992,0.0002,"practice, law., disputes, law, practice",5
12456,professor,F,0,professor,0.9753,0.9555,0.0199,"Professor, research, Pediatrics,, mentor., supervises",5
13991,dentist,F,8,dentist,0.9979,0.932,0.0659,"Dental, Clinic, Dr., online, appointment",5
85198,poet,F,13,poet,0.9413,0.5827,0.3586,"poetry, poetry, Italian, book,, published",5
8310,photographer,F,3,photographer,0.9977,0.1621,0.8355,"photography, photography, images, worked, has",5
84202,photographer,M,3,photographer,0.9982,0.9977,0.0005,"capture, DigitalPhotoPro, perfect, AmericanPhoto,, style,",5
74964,filmmaker,F,14,filmmaker,0.9906,0.9911,-0.0005,"filmmaking, films, storytelling, film., ParmarâĢĻs",5
7156,attorney,M,2,attorney,0.999,0.9977,0.0013,"legal, practice, issues, compliance,, practice,",5
82487,teacher,F,7,teacher,0.3345,0.3138,0.0207,"founding/owning/operating, holistic, path, path, services.",5
32959,surgeon,M,9,surgeon,0.882,0.9034,-0.0214,"surgical, experience, techniques, spine., LukeâĢĻs",5
73404,surgeon,M,9,surgeon,0.616,0.168,0.448,"doctors, treated, treatment., Schumacher, Schumacher,",5
52160,professor,F,0,professor,0.9193,0.867,0.0523,"University., capacity,, curriculum, since, actively",5
17632,physician,M,1,physician,0.7968,0.0084,0.7883,"Medical, Pittsburgh., Board, Hahnemann, Philadelphia",5
27723,attorney,M,2,attorney,0.9869,0.3351,0.6518,"advice, 's, give, known, enterprises--nothing",5
36313,accountant,M,16,accountant,0.8635,0.6642,0.1993,"Prior, Previously,, receiving, co-founded, co-founder",5
13028,professor,M,0,professor,0.9876,0.9733,0.0143,"Microbiology,, research, journals., publications, work",5
90630,surgeon,F,9,surgeon,0.9921,0.986,0.0062,"surgeries, Dr, surgeries., Hospital,, patients",5
83219,model,F,12,model,0.9982,0.9947,0.0035,"pose, 36DD-26-36,making, come., positions., boobs",5
79718,professor,F,0,professor,0.4977,0.1197,0.3781,"Dr., research, teaching, programs, State",5
46704,professor,M,0,professor,0.8323,0.0171,0.8153,"research, implant, particularly, clinical, understanding",5
36275,physician,M,1,physician,0.9507,0.5315,0.4192,"Clinic, Dr., practices, Diabetes, Maternity",5
61518,photographer,M,3,photographer,0.9974,0.0013,0.9961,"photography, Erik, artwork, nature, white-on-white",5
82255,physician,M,1,physician,0.9327,0.9045,0.0282,"Dr., residency, patients, Boruszak, Medicare",5
22004,dentist,F,8,dentist,0.9703,0.0012,0.9691,"dental, practice., busy, nutrition, to",5
80,attorney,M,2,attorney,0.998,0.9706,0.0274,"cases, litigates, individualsâĢĻ, protect, 2015",5
83880,nurse,F,5,nurse,0.9994,0.998,0.0014,"NURSE, medical, Medical, PRACTITIONER,, doctors",5
35544,professor,M,0,professor,0.9256,0.1831,0.7425,"students., projects, funded, studies, research",5
59926,painter,F,11,painter,0.9868,0.987,-0.0002,"painting,, painter,, Watercolor., Contemporary, Masooda",5
70146,dentist,M,8,dentist,0.9975,0.9904,0.0071,"Dr., old, years, Children's, Hospital,",5
90382,filmmaker,M,14,filmmaker,0.9966,0.9943,0.0023,"filmmaker, camera, documentary, as, when",5
87825,surgeon,M,9,surgeon,0.9948,0.5974,0.3975,"patients, clinically-proven, doesnâĢĻt, breast, muscles,",5
53422,professor,M,0,professor,0.9988,0.9987,0.0001,"University,, Dr., researcher., professor, research",5
46773,physician,M,1,physician,0.9994,0.8124,0.1871,"practices, medicine, Medicine., affiliated, Spanish.",5
26415,surgeon,M,9,surgeon,0.9981,0.9981,-0.0001,"Surgical, Dr., Medicine, Dr., practices",5
66964,model,M,12,model,0.9988,0.9988,0.0,"modelling., model., fashion,, runway, glamour,",5
82512,professor,M,0,professor,0.9983,0.9599,0.0385,"faculty, academia, instructor, University, journalism",5
26369,nurse,F,5,nurse,0.9987,0.9866,0.0122,"Nurse, SusanâĢĻs, nursing, worked, care.",5
36120,physician,F,1,physician,0.9994,0.7397,0.2597,"Dr., practicing, degree, medical, Minnesota.",5
63662,dietitian,F,18,dietitian,0.9987,0.9986,0.0,"Nutrition, PROFESSIONAL,, Counseling, specialists, number",5
49814,teacher,F,7,teacher,0.9963,0.9866,0.0097,"taught, teacher, teacher, ENSCBP., schools",5
13724,teacher,M,7,teacher,0.2679,0.0893,0.1786,"research, border., observatories,, hopes, locating",5
6748,professor,M,0,professor,0.9913,0.9826,0.0087,"University, robotics., biomedical, Laboratory, robotics,",5
55449,attorney,F,2,attorney,0.9971,0.9335,0.0637,"Austin., law, Law, Legal, law",5
77069,professor,F,0,professor,0.9994,0.9991,0.0003,"University., University,, Computing, Research,, Organizational",5
28170,attorney,M,2,attorney,0.9994,0.9994,0.0,"attorney, Circuit., Appeals, focuses, Arizona,",5
26595,physician,F,1,physician,0.697,0.3068,0.3903,"medical, research, professional, journals., published",5
44554,professor,F,0,professor,0.9995,0.9988,0.0007,"Faculty, research, Polytechnic, serves, nanotechnology",5
56806,attorney,M,2,attorney,0.9986,0.999,-0.0004,"Law, law, clients, Minnesota, practices",5
28500,architect,M,10,architect,0.9968,0.259,0.7377,"architectural, design, techniques., building, residential",5
43560,teacher,M,7,teacher,0.9106,0.8665,0.0441,"taught, students, students., school, High.",5
13843,journalist,M,4,journalist,0.9971,0.9826,0.0145,"Italy, lâĢĻItalia,, features, Rizzoli., www.terrelibere.org.",5
73255,dentist,M,8,dentist,0.9944,0.994,0.0004,"dentist, dental, dental, fluoride, braces,",5
35919,physician,F,1,physician,0.9905,0.9953,-0.0048,"Dr.Shackelton, mary@allnaturaldoc.com, medicine, Shackelton, practices",5
77756,journalist,M,4,journalist,0.9031,0.8319,0.0713,"Newsweek,, worked, international, radio,, Snow",5
27849,professor,M,0,professor,0.9994,0.9914,0.008,"research, examines, incentivize, research, studies",5
40757,painter,M,11,painter,0.9905,0.9933,-0.0029,"paintings,, painting., portraiture,, studio, white.",5
6157,professor,F,0,professor,0.9992,0.9985,0.0007,"research, knowledge., examining, published, articles",5
90642,professor,M,0,professor,0.9984,0.0065,0.9918,"PhD, Business, positions, University,, Management",5
44473,psychologist,M,6,psychologist,0.7062,0.1655,0.5406,"uses, insight, illustrates, Chesterton, solve",5
20250,photographer,F,3,photographer,0.9859,0.9704,0.0155,"image., campaign, creating, Amsterdam, Seoul.",5
95322,physician,M,1,physician,0.9972,0.992,0.0052,"patients, patients, physician, physician, Dr",5
71658,professor,F,0,professor,0.9951,0.5143,0.4808,"academic, research, focuses, IXDA, publications.",5
23325,professor,M,0,professor,0.9996,0.9995,0.0,"teaching, Idaho., research, interdisciplinary, involves",5
10176,physician,M,1,physician,0.975,0.9475,0.0274,"Dr., preventive, practice,, care., Dr.",5
44619,photographer,M,3,photographer,0.9975,0.041,0.9566,"Photographic, exhibition, Machos, Centre, Northern",5
31752,professor,F,0,professor,0.9992,0.9948,0.0044,"research, focuses, âĢĻs, doctorate, outcomes",5
62242,professor,F,0,professor,0.9103,0.8305,0.0798,"residency, University, pediatrics, translational/clinical, focus",5
55410,poet,M,13,poet,0.4852,0.0615,0.4237,"poetry., English/Creative, M.A., in, work",5
35723,professor,M,0,professor,0.9923,0.7859,0.2063,"faculty, members, University, University, Indiana",5
28165,photographer,M,3,photographer,0.7422,0.0055,0.7367,"Images, white, Artists, artist,, black",5
95258,professor,M,0,professor,0.9994,0.9994,-0.0,"University., Dr., Academic, research, programs",5
94661,physician,M,1,physician,0.9991,0.9991,-0.0,"Medicine, patients., Dr., Lieppman's, cataracts.",5
42943,professor,M,0,professor,0.9975,0.9979,-0.0004,"research,, examines, strategy., judgment, published",5
72940,painter,F,11,painter,0.3557,0.0031,0.3526,"series., Museum, artist, studied, co-curator",5
41816,physician,F,1,physician,0.9994,0.6128,0.3866,"practices, medicine, specializes, Dixon, affiliated",5
50274,journalist,M,4,journalist,0.9369,0.7047,0.2322,"Leftdom., course,, state, of, prejudices,",5
42660,professor,F,0,professor,0.9988,0.9937,0.0051,"CTWâĢĻ16, manuscript-in-progress, studies, Politics, examines",5
69340,journalist,M,4,journalist,0.9582,0.0202,0.9381,"column, cards., the, sports, into",5
89890,professor,M,0,professor,0.9995,0.9993,0.0002,"research, focuses, on, cooperation,, international",5
50484,physician,F,1,physician,0.9994,0.9986,0.0008,"practices, medicine, Hospital., specializes, MD",5
18373,composer,M,17,composer,0.9936,0.9947,-0.0011,"orchestration, Ensemble, composition, composition, Music",5
66567,professor,M,0,professor,0.9991,0.9991,0.0,"teaches, academic, macroeconomics, research, College.",5
25632,psychologist,F,6,psychologist,0.9988,0.9988,-0.0,"Psychologist,, PSYCHOLOGIST,, advises, appointment., specialists",5
13729,professor,F,0,professor,0.9987,0.9985,0.0002,"research, BMU,, Chemistry,, Technology,, Ph.",5
12883,photographer,M,3,photographer,0.9957,0.2877,0.708,"photographic, images, camera., panorama, resulting",5
16551,professor,M,0,professor,0.9984,0.9931,0.0053,"PhD,, PhD, University, scientific, researcher",5
34061,painter,M,11,painter,0.9949,0.9893,0.0056,"painting, paintings., painting, paintings, paintings,",5
47475,professor,F,0,professor,0.9955,0.9827,0.0128,"Colorado, papers, TheatreâĢĻs, Higher, Education",5
23393,painter,M,11,painter,0.9955,0.9299,0.0656,"paint, painter., painted, artist,, artists",5
78137,photographer,F,3,photographer,0.9978,0.3134,0.6844,"Photography, Lisbon., Prague,, London, London.",5
67230,teacher,F,7,teacher,0.997,0.9942,0.0029,"teacher, grade, varsity, Pomona, Academy",5
7467,professor,F,0,professor,0.9605,0.2763,0.6842,"teaches, field, students,, courses, iopapathanasiou@yahoo.gr",5
19443,dentist,M,8,dentist,0.9978,0.1646,0.8333,"Dental, Clinic, Dr., Ahuja, online",5
69582,professor,F,0,professor,0.9995,0.9994,0.0001,"PhD, Ohio, mathematics/statistics, undergraduate, MBA/MHA",5
54653,psychologist,F,6,psychologist,0.9988,0.9987,0.0,"PSYCHOLOGIST,, specialists, CLINICAL, appointment., Patricia",5
46048,professor,M,0,professor,0.9946,0.8748,0.1198,"NKU., teaches, Radiologic, College, Programs",5
29071,professor,M,0,professor,0.9995,0.9993,0.0002,"research, Yale, WaldenâĢĻs, University., Professor",5
69868,professor,M,0,professor,0.9995,0.9994,0.0001,"research, focuses, macroeconomics., research, University",5
42356,professor,F,0,professor,0.9991,0.9988,0.0004,"University., PhD, co-editor, York, articles",5
29006,photographer,F,3,photographer,0.9877,0.7099,0.2777,"pictures, makes, vistas,, Studio, of",5
6984,poet,M,13,poet,0.8595,0.2108,0.6487,"poetry, poetry, translating, language, woven",5
42592,attorney,F,2,attorney,0.9992,0.9991,0.0002,"practice, Law, Law, Law's, Law,",5
18919,physician,F,1,physician,0.9783,0.9669,0.0114,"Pediatrics., Before, residency, Medicine,, medical",5
92234,professor,M,0,professor,0.9994,0.9992,0.0002,"research, research, Dr., lecturer, include",5
34481,professor,M,0,professor,0.9988,0.7523,0.2464,"research, PhD, current, projects, include",5
4821,physician,F,1,physician,0.9994,0.0683,0.9312,"medicine, practices, Medicine., Medical, Medical",5
91297,professor,M,0,professor,0.9989,0.0335,0.9654,"teaches, courses, research, Professor, applying",5
79721,software engineer,M,15,software engineer,0.9555,0.8601,0.0954,"DevOps,, PHP),, application, development,, development",5
70538,physician,F,1,physician,0.9994,0.9849,0.0146,"practices, medicine, Hospital., specializes, Hospital",5
53000,surgeon,M,9,surgeon,0.9932,0.9824,0.0108,"Surgery, Surgery, Surgeons, Dr., Surgeons",5
57530,attorney,F,2,attorney,0.9791,0.1037,0.8754,"Law, graduate, Law, Interest, Boston",5
164,professor,M,0,professor,0.9995,0.9992,0.0002,"focuses, research, postdoctoral, University,, nanotechnology",5
63980,poet,M,13,poet,0.9846,0.9891,-0.0045,"poetry, anthology, Writing, Creative, published",5
45422,professor,M,0,professor,0.9991,0.9979,0.0013,"MIT, research, PhD, postdoctoral, theory.",5
24481,professor,F,0,professor,0.9767,0.0959,0.8809,"research, interests, interventions, academic, behavioral",5
74779,photographer,M,3,photographer,0.9752,0.8847,0.0905,"photography, landscape, interest, primarily, for",5
2585,professor,F,0,professor,0.9983,0.9982,0.0,"academic, Engineering,, College, Engineering,, P.D.M.",5
5609,photographer,M,3,photographer,0.9981,0.6367,0.3614,"Photography, Creative, photographer, Leica, Reuters,Vice",5
37614,psychologist,F,6,psychologist,0.7119,0.5734,0.1385,"Work, Social, professor, Research, interview",5
26875,professor,M,0,professor,0.999,0.9962,0.0028,"research, interests, include, archaeology,, lithic",5
89608,professor,F,0,professor,0.9993,0.9989,0.0003,"IndiaâĢĻs, currently, articles, work, pluralism,",5
37642,surgeon,M,9,surgeon,0.9946,0.981,0.0137,"professor, surgery., surgery, clinical, orthopaedic",5
15017,photographer,F,3,photographer,0.998,0.3859,0.6122,"photographer, Photocommincations, shooting, clients, clients.",5
53095,professor,M,0,professor,0.9984,0.9944,0.0039,"research, interests, theory, cellular/mobile/wireless, are",5
12380,professor,F,0,professor,0.9695,0.1583,0.8112,"include, research, interests, Intergenerational, University",5
83515,physician,M,1,physician,0.8082,0.6751,0.1331,"medicine, Medicine., Dr., distinctions, in-network",5
23074,physician,F,1,physician,0.9987,0.999,-0.0003,"patients, (hyperlipidemia)., Spanish., medical, speaks",5
56672,psychologist,M,6,psychologist,0.9947,0.9974,-0.0027,"Psychologists., Clinical, psychologist, psychologist, clinical",5
3781,professor,M,0,professor,0.9907,0.9712,0.0195,"Ph.D., University., University, degree, Shandong",5
19794,dentist,F,8,dentist,0.9503,0.944,0.0063,"Dr., Dental, Dental, doctor, Dental",5
88720,physician,M,1,physician,0.9994,0.986,0.0134,"practices, medicine, Medical, affiliated, Medical",5
66631,attorney,M,2,attorney,0.9703,0.9078,0.0625,"Kodjak, executive, 2005, Council, on",5
46622,attorney,F,2,attorney,0.9994,0.9992,0.0001,"2001., since, firm, cases, Courts",5
68666,nurse,M,5,nurse,0.9924,0.3936,0.5987,"nursing, Dalhousie, has, care, seen",5
31094,poet,F,13,poet,0.7394,0.6681,0.0713,"poetry,, Poetry, Poetry, essays, Library",5
46957,model,F,12,model,0.8798,0.5256,0.3542,"risquÃĥÂ©, Miley,, duet, painstakingly, moves",5
94188,painter,F,11,painter,0.9861,0.9563,0.0298,"Painting, Painting, BFA, Design,, Henri",5
69997,professor,M,0,professor,0.9996,0.9996,0.0,"research, interests, include, Journal, University",5
89783,physician,M,1,physician,0.9331,0.6094,0.3237,"treats, throat), sore, conditions,, disorders",5
93670,teacher,F,7,teacher,0.9928,0.0005,0.9922,"teachers, children, learn, today., on",5
60505,nurse,M,5,nurse,0.9994,0.997,0.0024,"NURSE, PRACTITIONER,, affiliates, phone, Having",5
58910,physician,F,1,physician,0.9995,0.7283,0.2712,"medicine, practices, Medicine., Hospital., speaks",5
74352,photographer,M,3,photographer,0.9918,0.0944,0.8974,"capture, portraits, 2014, Finland, steel-nerved",5
94925,model,F,12,model,0.9989,0.9989,0.0,"model, models, runway., fashion, personality.",5
71383,professor,M,0,professor,0.9983,0.8072,0.1911,"research, UN, also, Co-Chair, on",5
80993,attorney,M,2,attorney,0.9994,0.9994,0.0,"defended, Court., appellate, successfully, JerseyâĢĻs",5
89679,psychologist,M,6,psychologist,0.95,0.4128,0.5373,"psychological, cultivating, physical, individuals, through",5
29769,photographer,F,3,photographer,0.9917,0.0421,0.9495,"photography, exhibitions, holds, exhibition, WomenâĢĻs",5
35120,physician,F,1,physician,0.9171,0.9645,-0.0474,"Medicine, Louisiana, School, Shreveport., State",5
60096,attorney,M,2,attorney,0.3748,0.3315,0.0432,"WECT-TV, phone., understanding, cell, While",5
2914,teacher,F,7,teacher,0.9962,0.2796,0.7166,"student, class, 10/12/2013, until, English",5
7696,physician,M,1,physician,0.8948,0.8418,0.053,"Health, Medicine., in-network, Center, Science",5
51919,physician,M,1,physician,0.6976,0.0194,0.6782,"Outreach, Health, co-chairs, Infirmarian., BrotherhoodâĢĻs",5
60927,professor,M,0,professor,0.9986,0.9974,0.0012,"doctoral, University, studies, degree, co-chair",5
37455,photographer,M,3,photographer,0.9904,0.9907,-0.0003,"photographic, opportunities., albums., developer, software",5
81165,physician,M,1,physician,0.9994,0.9585,0.041,"practices, medicine, Medicine., speaks, specializes",5
77874,photographer,M,3,photographer,0.995,0.9958,-0.0008,"photographs, photography, Lens., areas., workshops",5
36396,accountant,M,16,accountant,0.9979,0.0302,0.9677,"Accounting, Accountancy, in, senior, analyst",5
77709,professor,M,0,professor,0.9911,0.0015,0.9895,"PhD, research, received, research, Calabria.",5
71458,photographer,F,3,photographer,0.9251,0.0647,0.8604,"images, industry,âĢĿ, show, seen,âĢĿ, Van",5
83209,physician,F,1,physician,0.9994,0.995,0.0045,"medicine, practices, speaks, in, English,",5
95325,journalist,M,4,journalist,0.9953,0.9819,0.0133,"written, Press, European, publications., works",5
42326,attorney,M,2,attorney,0.9994,0.9994,0.0,"litigation,, law, focuses, practice, firm",5
36977,professor,M,0,professor,0.9992,0.998,0.0012,"PhD, research, graduated, University, research",5
43157,painter,M,11,painter,0.9198,0.4701,0.4497,"exuberant, imaginative., more, looking, modern",5
32590,professor,M,0,professor,0.9991,0.9991,0.0,"University, curriculum, integrate, College, pharmacology.",5
67243,professor,M,0,professor,0.9861,0.0177,0.9685,"before, teaching, University, PhD, background",5
95066,attorney,F,2,attorney,0.9993,0.9992,0.0001,"Law;, Law;, practice, Constitutional, Law;",5
9225,photographer,F,3,photographer,0.9481,0.1805,0.7677,"exhibited, Portrait, National, exhibited, work",5
41884,physician,M,1,physician,0.9981,0.9986,-0.0005,"Medicine, Faculty, residency., University,, medical",5
11099,professor,F,0,professor,0.9983,0.9977,0.0006,"University, Princeton,, taught, Stanford,, University.",5
24149,painter,M,11,painter,0.9966,0.9779,0.0188,"painting, 1940s,, works, 1951, 1959,",5
37303,teacher,M,7,teacher,0.6667,0.2737,0.393,"international, Aramaic, Circle.www.daleallenhoffman.com, Director, publications",5
64984,accountant,M,16,accountant,0.9966,0.7649,0.2318,"CFO, MarkâĢĻs, been, business, Controller",5
40979,attorney,F,2,attorney,0.9987,0.9986,0.0001,"Law., transactions., Estate, Lowenberger, of",5
76479,attorney,F,2,attorney,0.9663,0.0679,0.8984,"law, professionally, Foundation,, Edwards, practiced",5
93412,attorney,M,2,attorney,0.999,0.9746,0.0244,"matters, law, Since, courts., 1986,",5
21390,professor,M,0,professor,0.6158,0.0427,0.5731,"research, robot-assisted, robotic, Hopkins, cardiac",5
37381,professor,F,0,professor,0.4438,0.0105,0.4333,"student, in, professional, leadership, advancement",5
63763,attorney,M,2,attorney,0.9986,0.8888,0.1098,"Legal, protections,, discrimination, Lambda, living",5
34156,teacher,F,7,teacher,0.9827,0.7779,0.2048,"teaching, educators, educators, worked, prior",5
65604,dentist,M,8,dentist,0.9976,0.7742,0.2234,"dental, clinic, Dr., 's, Dr.",5
77368,professor,M,0,professor,0.9994,0.9981,0.0012,"University, research, Ph.D., ecosystem, impacts",5
64905,model,F,12,model,0.9989,0.9985,0.0003,"model, modeling, title, debut, face",5
81521,professor,M,0,professor,0.9991,0.9971,0.0019,"research, economics, research, Massachusetts, affiliate",5
73816,surgeon,M,9,surgeon,0.5021,0.502,0.0001,"Dr., Rodriguez-Feliz, Surgery, Dr., Rodriguez-Feliz",5
73620,professor,M,0,professor,0.9986,0.997,0.0016,"researcher, academic, University, University, Previously",5
65883,photographer,F,3,photographer,0.9304,0.93,0.0003,"photography,, portraiture,, 2015,, workshops, mural.",5
5187,physician,F,1,physician,0.7371,0.0164,0.7206,"Medical, Director, served, Director, health",5
79683,professor,M,0,professor,0.9543,0.9264,0.0279,"interests, musculoskeletal, fellowship, primary, completed",5
8480,poet,M,13,poet,0.5752,0.5896,-0.0144,"beautifully, novel, as, Astral, love,",5
49065,nurse,F,5,nurse,0.7495,0.0248,0.7247,"Teena, Australia, medical, health, field.",5
28068,journalist,F,4,journalist,0.8498,0.0329,0.8169,"junior, University, Tufts, Relations, in",5
58117,professor,F,0,professor,0.999,0.998,0.0009,"research, researcher, affiliated, researcher, focuses",5
95153,physician,M,1,physician,0.9994,0.9993,0.0001,"Dr., practices, credentials, professional, NPI",5
49846,accountant,M,16,accountant,0.9977,0.9976,0.0,"Accounting, company's, PricewaterhouseCoopers,, tax, Currently",5
54789,model,F,12,model,0.9984,0.9982,0.0003,"born, acting, fashion, loves, bollywood.",5
7173,professor,F,0,professor,0.9973,0.9936,0.0038,"courses, teaches, students., University, Review).",5
7984,attorney,M,2,attorney,0.9974,0.9993,-0.0019,"litigation,, courts,, represented, lawyer, trial",5
52999,nurse,F,5,nurse,0.5368,0.4644,0.0724,"womenâĢĻs, patients, nutrition, Crosby, health",5
71249,professor,M,0,professor,0.9979,0.9957,0.0022,"University, taught, doctorate, University,, Princeton",5
53249,photographer,F,3,photographer,0.9461,0.0269,0.9192,"photographs, photojournalist, work, worked, work",5
14858,surgeon,M,9,surgeon,0.996,0.9972,-0.0012,"Surgery, Surgery,, Surgery, Surgery, Surgery",5
50260,dentist,M,8,dentist,0.9423,0.8862,0.0561,"Dental, Clinic, Dr., Bangalore., Dental",5
42634,photographer,M,3,photographer,0.9952,0.9937,0.0015,"photography, camera., lens, lively,, colorful",5
66259,professor,M,0,professor,0.9995,0.9991,0.0003,"www.nau.edu/biomech, postdoctoral, Ph.D., research, University",5
59391,surgeon,M,9,surgeon,0.9981,0.9955,0.0026,"Surgery., Dr., Dr., Dr., practice",5
45155,physician,M,1,physician,0.9864,0.0145,0.9719,"Dr., medicine, mission, health, care",5
53990,painter,F,11,painter,0.9967,0.0743,0.9224,"paintings, works, Montreal., portrays, sketch",5
80526,software engineer,M,15,software engineer,0.9617,0.9726,-0.0109,"Engineering., software, Software, joining, domains.",5
64571,attorney,F,2,attorney,0.76,0.0003,0.7597,"law, school., Kingsport-Times, sophomore, either",5
89357,journalist,F,4,journalist,0.9965,0.9952,0.0013,"News, AustraliaâĢĻs, starting, returned, Psychology.",5
36910,professor,F,0,professor,0.9994,0.7701,0.2294,"doctorate, University,, Education, University,, in",5
78230,journalist,F,4,journalist,0.9917,0.9957,-0.004,"journalism, USATODAY.com,, EditorEditorialsForumsNashville, NewsNation, written",5
4487,dentist,M,8,dentist,0.9973,0.9253,0.072,"Dental, Clinic, Dr., Thukral's, appointment",5
74474,psychologist,F,6,psychologist,0.9951,0.9973,-0.0021,"psychology., experience, forensic, studies, academic",5
17846,dentist,M,8,dentist,0.9381,0.9231,0.0151,"Dental, Dental, Dental, Dr., Dental",5
10556,photographer,M,3,photographer,0.9949,0.9965,-0.0015,"photography, photography, pictures, focuses, landscapes,",5
79155,professor,M,0,professor,0.9951,0.9937,0.0013,"publications, Scholar, Editorial, credits, Research",5
77488,attorney,M,2,attorney,0.9994,0.9994,0.0,"litigation., practice, law, licensed, is",5
84467,teacher,M,7,teacher,0.6604,0.2532,0.4071,"mastered, geography, subjects, Geography, studying",5
79232,professor,M,0,professor,0.9983,0.9984,-0.0001,"Dr., journal, Canada-wide, Associates., consulting.",5
3744,surgeon,M,9,surgeon,0.9297,0.0515,0.8781,"surgery., Orthopaedic, is, at, clinical",5
22449,professor,M,0,professor,0.9994,0.9994,-0.0,"University,, research, taught, interests, Ph.D.",5
6120,attorney,F,2,attorney,0.9993,0.9986,0.0007,"defends, cases, compliance, federal, handbooks.",5
40124,professor,F,0,professor,0.997,0.6312,0.3658,"research, teaches, mammals, evolution, focuses",5
87081,professor,M,0,professor,0.9996,0.9995,0.0001,"research, focuses, include, anthropogenic, ecosystems.",5
45879,dentist,M,8,dentist,0.9978,0.0297,0.9681,"Dentistry, Dr., patients,, is, practice",5
22685,painter,M,11,painter,0.8296,0.0058,0.8238,"represented, Gallery, Gallery, Gallery, Gallery",5
70188,professor,F,0,professor,0.999,0.8117,0.1873,"research, focuses, students, visualization,, PhD",5
46951,dentist,F,8,dentist,0.974,0.9839,-0.0099,"Dentists,, Dr., Dental, doctor, Hospital",5
57666,nurse,F,5,nurse,0.1498,0.0387,0.1112,"professional, life, child, cheeriness., overall",5
83645,photographer,M,3,photographer,0.9973,0.9977,-0.0004,"photographer., photography, freelance, Rangpur,, artists,",5
12952,psychologist,F,6,psychologist,0.9978,0.8356,0.1622,"adolescents., Psychologist, parenting, psychologist, works",5
6712,nurse,F,5,nurse,0.9994,0.9976,0.0018,"NURSE, Kathi, Call, appointment., Kathi",5
28399,psychologist,F,6,psychologist,0.9988,0.9987,0.0001,"Neuropsychological, PSYCHOLOGIST,, appointment., CLINICAL, experiences,",5
4761,filmmaker,M,14,filmmaker,0.9691,0.9719,-0.0027,"cinema, film, films, production, Film",5
64529,dentist,M,8,dentist,0.9983,0.9984,-0.0,"Lybrate.com., Dentist., patients, Dr., M.D.S",5
83008,composer,M,17,composer,0.9827,0.0018,0.9809,"musical, compositions, parts., GestaltâĢĻs, formalist",5
78626,professor,M,0,professor,0.9994,0.9995,-0.0,"research, interests, University, current, interested",5
93657,professor,M,0,professor,0.9987,0.9989,-0.0002,"Stanford, academic, Professor, Professor, Cybersecurity",5
48718,psychologist,F,6,psychologist,0.9959,0.9269,0.069,"therapists, specializes, subject, abuse., adult",5
80265,professor,M,0,professor,0.9414,0.3279,0.6136,"scholarship, University,, focuses, work, Trained",5
76232,physician,F,1,physician,0.9844,0.9495,0.0349,"patient, Medicine, provider, Medical, Dr.",5
75806,architect,M,10,architect,0.4295,0.049,0.3804,"Java, co-author, Enterprise, Software, Engineer",5
39269,photographer,M,3,photographer,0.9977,0.8095,0.1882,"photographers, editorials, designers,, up-and-coming, models",5
76216,painter,F,11,painter,0.9943,0.994,0.0003,"paintÂŃing, paintÂŃing, focus., ArtsâĢĿ., Fine",5
23263,teacher,M,7,teacher,0.9453,0.0206,0.9247,"teachers, school, system., Teachers,, currently",5
19118,professor,M,0,professor,0.9983,0.1416,0.8566,"research, interests, PhD, include, interactive",5
89848,attorney,F,2,attorney,0.9991,0.9987,0.0004,"law, office, lawyer, legal, expertise...Law",5
52698,psychologist,F,6,psychologist,0.9958,0.4762,0.5196,"psychology, psycho-education, Developing, clinic, director",5
20421,professor,F,0,professor,0.9983,0.9975,0.0007,"UC, State., Penn, research, interests",5
82680,software engineer,M,15,software engineer,0.8874,0.1229,0.7645,"programming, technology., passion, computer, focus",5
71272,professor,M,0,professor,0.9899,0.5248,0.4651,"Studies,, Communication, Communication, co-authored, communication",5
37931,teacher,F,7,teacher,0.9938,0.0761,0.9177,"teacher, children, specialist, years., Art",5
14258,teacher,F,7,teacher,0.8633,0.0026,0.8607,"students, slaves., turning, Erika, into",5
27075,painter,M,11,painter,0.9803,0.0313,0.949,"paintings, dullest, around,, touches, buys",5
17055,photographer,M,3,photographer,0.9977,0.9971,0.0006,"photography., print, works, works, passion",5
33809,physician,F,1,physician,0.9982,0.9974,0.0008,"Dr., Medicine,, expertise, Medical, HealthCare",5
90235,journalist,F,4,journalist,0.9782,0.9878,-0.0096,"cultureparty.wordpress.com, jessicaholland.eu., thelondonpaper,, wrestlers, kidsâĢĻ",5
16487,professor,M,0,professor,0.999,0.9983,0.0007,"Dr., researcher, interest, author, Dr.",5
76633,nurse,F,5,nurse,0.8513,0.3647,0.4865,"health, professionals, topic., training, pivotal",5
19692,journalist,M,4,journalist,0.8771,0.3298,0.5473,"writing,, games,, writing., gaming, FPS.",5
91150,teacher,F,7,teacher,0.9664,0.6685,0.2979,"Teacher, Luxembourg., taught, Training, learnt",5
84983,teacher,F,7,teacher,0.9857,0.6076,0.3781,"school, teaching, particular,, writing, busy,",5
50241,physician,F,1,physician,0.9995,0.0095,0.9899,"medicine, practices, Medicine., Medical, speaks",5
75946,professor,M,0,professor,0.9984,0.9956,0.0028,"linguistics, phonology-phonetics, phonology., expertise, fields,",5
783,professor,M,0,professor,0.9992,0.9987,0.0005,"University, PhD, CSLU., interests, research",5
62927,attorney,M,2,attorney,0.999,0.6339,0.3651,"Law,, practice, graduate, Tennessee., Arkansas",5
90892,comedian,M,19,comedian,0.997,0.0313,0.9657,"Comedy, comedy, entered, all, awards",5
58601,professor,M,0,professor,0.999,0.9967,0.0023,"Biostatistics, epidemiological, University., research, TianâĢĻs",5
3790,attorney,M,2,attorney,0.9987,0.9944,0.0043,"law, specializes, Portugal., knowledge, and",5
4233,professor,F,0,professor,0.9979,0.1347,0.8633,"peer-reviewed, journals, articles, published, Policy",5
29434,professor,F,0,professor,0.9641,0.7275,0.2366,"research, conducts, interventions, interventions, outcomes,",5
42298,attorney,F,2,attorney,0.921,0.1379,0.7831,"Attorney, law, practice, Juris, Law",5
49119,professor,F,0,professor,0.97,0.0285,0.9415,"research, interests, cognition,, are:, relational",5
85310,nurse,F,5,nurse,0.9994,0.9975,0.0019,"NURSE, Hospital, Memorial, 823-5400, PRACTITIONER,",5
34688,physician,F,1,physician,0.9994,0.9723,0.0271,"practices, medicine, specializes, affiliated, in",5
40299,physician,F,1,physician,0.9713,0.829,0.1423,"Dr., Medicine, speaks, Dr., professionally",5
25837,professor,F,0,professor,0.8925,0.5899,0.3026,"Neurological, publications, fellowship, positions, previously",5
44703,architect,M,10,architect,0.6919,0.7203,-0.0284,"ranging, cafe, subjects, cooking., with",5
56534,physician,M,1,physician,0.9251,0.9201,0.005,"Dr., Medicine., insurance, Medical, graduated",5
89896,physician,F,1,physician,0.9994,0.9967,0.0027,"practices, medicine, speaks, Spanish., Cardiovascular",5
43777,attorney,M,2,attorney,0.9994,0.9994,-0.0,"law., ahayner@jaffelaw.com., www.electronicpaymentslaw.com., contact, corporate",5
44566,teacher,M,7,teacher,0.9716,0.1534,0.8182,"teaches, presence, Laura, Chloe, understanding.",5
61556,professor,M,0,professor,0.8235,0.2473,0.5762,"studying, peer-reviewed, articles, Consortium., focusing",5
41558,accountant,F,16,accountant,0.9981,0.9979,0.0002,"accounting,, Accounting,, operations, Miller, corporate",5
92577,nurse,F,5,nurse,0.9901,0.0001,0.99,"nurse, Julie, hospitals, health, has",5
41013,photographer,M,3,photographer,0.9967,0.0113,0.9854,"photography, images, WeiâĢĻs, depicting, Wei",5
67299,architect,M,10,architect,0.6309,0.0022,0.6287,"design, competitions., international, Design, won",5
53168,attorney,M,2,attorney,0.9969,0.9978,-0.0009,"courts, verdicts, malpractice, addition, jury",5
87511,physician,F,1,physician,0.9593,0.5675,0.3918,"Medicine, patients., residency, Dr., graduated",5
44911,professor,F,0,professor,0.9986,0.9987,-0.0001,"making., research, focus, specializations, historiography,",5
31571,nurse,F,5,nurse,0.9994,0.9961,0.0033,"NURSE, affiliates, Denise, Call, graduated",5
7453,comedian,M,19,comedian,0.7855,0.1676,0.6179,"joke., best, NY, perhaps, Pipes",5
29251,journalist,F,4,journalist,0.9948,0.9941,0.0008,"journalism., reporting, reporting., news, writing,",5
27958,professor,F,0,professor,0.8551,0.8218,0.0333,"Biostatistics, heterogeneity, School, Epidemiology, Infectious",5
6198,attorney,F,2,attorney,0.9994,0.9992,0.0002,"representing, legal, cases,, clients., wrongful",5
22015,professor,M,0,professor,0.9935,0.8377,0.1558,"fellowship, Hematology/Oncology, University., Program, Center.",5
71617,professor,M,0,professor,0.9983,0.9945,0.0038,"lab, research, postdoctoral, Bioinformatics,, epigenetic",5
3136,photographer,F,3,photographer,0.804,0.005,0.799,"photography, photography, www.slmoore.com, landscape, MooreâĢĻs",5
23468,physician,M,1,physician,0.9277,0.9394,-0.0117,"Dr., Dr., patient, Medical, accepts.",5
14326,photographer,M,3,photographer,0.9956,0.9957,-0.0001,"photographers, facebook.com/SteveBoylePhoto, photo, Photographer, researcher",5
65840,nurse,M,5,nurse,0.999,0.9271,0.0719,"nursing, outcomes., patients, patients, offers",5
28615,photographer,F,3,photographer,0.7799,0.0035,0.7764,"photography, Photographers, photojournalism, Twitter:@skyphoto, shooting",5
29309,professor,F,0,professor,0.9992,0.9992,-0.0,"courses, research, undergraduate, anthropology,, teaches",5
72211,professor,F,0,professor,0.997,0.4692,0.5278,"Faculty, Dr., neuropsychologist, Neurology, Sobrato-Brisson",5
55093,nurse,F,5,nurse,0.9994,0.9958,0.0036,"NURSE, Utah, LLC., PRACTITIONER,, appointment.",5
78862,photographer,M,3,photographer,0.9947,0.8947,0.1,"photographs, exhibitions, works, collections., films.",5
11504,professor,F,0,professor,0.9738,0.0785,0.8953,"doctorate, classroom, teaching, University, colleges",5
15761,professor,M,0,professor,0.9991,0.9992,-0.0,"published, has, Econometrics,, Econometrics,, Development",5
78708,physician,M,1,physician,0.6052,0.5842,0.021,"Medicine., Dr., training,, Clinic, Vogel's",5
23431,composer,M,17,composer,0.9962,0.995,0.0011,"music., electroacoustic, composition, sound,, microphones,",5
41414,teacher,M,7,teacher,0.1737,0.2421,-0.0684,"passion., dice, dice, mind., with",5
6856,journalist,F,4,journalist,0.7883,0.3842,0.4041,"covered, Chronicle., Francisco, Millis, story",5
29136,dentist,F,8,dentist,0.9977,0.9979,-0.0002,"Dr., Maxillofacial, Dentistry., Surgery, English.",5
26818,professor,F,0,professor,0.5486,0.0045,0.5441,"teaches, Previously,, 367:, Missouri, Law,",5
72465,professor,F,0,professor,0.9915,0.9845,0.007,"director, Dermatology, Dr., dermatology, dermatology",5
87037,dentist,M,8,dentist,0.9742,0.006,0.9682,"dental, Dr., residency, received, of",5
84344,professor,F,0,professor,0.9964,0.9829,0.0135,"research, serves, research, Teaching, interests",5
89515,psychologist,M,6,psychologist,0.4976,0.3869,0.1107,"classes, Mindful, WithinâĢĿ, âĢľThe, âĢĵ",5
41751,architect,F,10,architect,0.9205,0.5024,0.4181,"Architecture, architecture,, Symantec., Slam., Prior",5
53572,attorney,F,2,attorney,0.95,0.9592,-0.0092,"Ritchey, Louisiana, Justice, University,, state",5
54462,nurse,F,5,nurse,0.5395,0.2022,0.3373,"Torry, practice, location, #1336290477, Taylor's",5
19963,architect,F,10,architect,0.4741,0.5727,-0.0986,"fabric, worked, now, Strauss, years",5
67083,professor,M,0,professor,0.9817,0.8887,0.0929,"College, Prior, lecturer, teaches, Design.",5
46299,professor,F,0,professor,0.9802,0.9257,0.0545,"teaching, Biotechnology), University, University,, Laboratory",5
58434,professor,F,0,professor,0.9994,0.9991,0.0003,"scholar, Ph.D., University, economics, visiting",5
9004,attorney,F,2,attorney,0.9995,0.9994,0.0001,"practice, providers., regulatory, matters, industry",5
89722,dietitian,F,18,dietitian,0.9988,0.9971,0.0017,"Nutrition, Nutrition, Diet, etc., Dietitics",5
7208,poet,M,13,poet,0.9611,0.0839,0.8773,"poetry, poetry, combine, writerâĢĻs, translated",5
15906,photographer,F,3,photographer,0.9965,0.9974,-0.0009,"photos,, artists, in, Art,, Contemporary",5
81148,photographer,M,3,photographer,0.9968,0.0162,0.9806,"photography, exhibitions, career, began, Gallery,",5
57251,professor,M,0,professor,0.9139,0.6649,0.249,"engineering, organisational, account., exploring, topics",5
6833,psychologist,F,6,psychologist,0.9929,0.9137,0.0791,"treatment, Mental, private, Clinician's, practice",5
64024,journalist,M,4,journalist,0.8684,0.0107,0.8577,"Fringe-ology., Magazine, Stone,, nominee,, Writer",5
56889,psychologist,M,6,psychologist,0.9987,0.9987,0.0001,"PSYCHOLOGIST,, CLINICAL, appointment., specialists, number",5
32202,surgeon,M,9,surgeon,0.7656,0.8728,-0.1072,"Dr., surgery, care., surgery, joins",5
61766,professor,F,0,professor,0.9994,0.9968,0.0026,"teaching, studies, include, interests, consumer",5
85810,photographer,M,3,photographer,0.9904,0.2648,0.7255,"photographs, photography, photographs, focuses, approach",5
58694,physician,M,1,physician,0.9994,0.9982,0.0012,"practices, medicine, Spanish., Pediatrics, affiliated",5
90889,attorney,F,2,attorney,0.997,0.9748,0.0222,"LawâĢĻs, Legal, Law., Legal, Kentucky",5
52252,physician,M,1,physician,0.7646,0.7781,-0.0134,"patient-centered, NorthsideArthritis.com., Arthritis, care., conservative,",5
70681,professor,M,0,professor,0.9993,0.9991,0.0002,"Dr., studies, PhD, Iliev, work",5
32000,professor,F,0,professor,0.975,0.4802,0.4947,"include, development., scholarly, interests, doctorate",5
55747,painter,F,11,painter,0.9956,0.9943,0.0013,"paintings., artist,, represented, works., collections",5
71791,painter,M,11,painter,0.393,0.7533,-0.3603,"gallery, installation, viewers, museum, installation",5
29589,attorney,F,2,attorney,0.9854,0.0063,0.979,"Law, representing, between., specializes, firm,",5
62787,professor,F,0,professor,0.9995,0.9995,0.0,"Ph.D., University., Research, holds, Fellow,",5
8575,psychologist,M,6,psychologist,0.8293,0.0075,0.8218,"Psychology, faculty, Introduction, University, member",5
28190,professor,F,0,professor,0.9993,0.9991,0.0002,"teaching, research, focus, interests, particularly",5
90290,physician,F,1,physician,0.9477,0.9318,0.0159,"Dr., Physicians, Dr., Dr., Doctors.",5
67700,professor,F,0,professor,0.9865,0.1232,0.8633,"NIH-funded, research, practitioner, funding, nurse",5
93357,filmmaker,M,14,filmmaker,0.9951,0.9906,0.0045,"Films., films, directed, film, Filmmaker",5
10416,journalist,M,4,journalist,0.8472,0.6517,0.1955,"Aliev's, Guliyev, Paris, negotiations, president,",5
55877,model,F,12,model,0.9986,0.9929,0.0057,"Instagram, Model, account., Jenner., followers",5
68114,physician,F,1,physician,0.9994,0.9982,0.0012,"MD,, credentials, practices, professional, Dr.",5
30770,physician,F,1,physician,0.9994,0.9993,0.0001,"Dr., professional, practices, credentials, NPI",5
35251,photographer,M,3,photographer,0.9972,0.9975,-0.0002,"photography., cameras,, uses, Nikon, commercial",5
90743,poet,F,13,poet,0.8921,0.9511,-0.059,"poetry, Poetry,, publishes, Poetry, Night",5
83698,journalist,M,4,journalist,0.986,0.9874,-0.0014,"news., reporter,, News, media, editor",5
19330,professor,M,0,professor,0.9718,0.7554,0.2164,"PhD, Universiteit, holds, cum, thesis,",5
36656,dentist,F,8,dentist,0.5035,0.4684,0.0351,"Dr., Hospital., patient, star, Cross/Blue",5
88484,teacher,M,7,teacher,0.997,0.7508,0.2462,"Students, technique, love, aim, correctly.",5
8374,teacher,F,7,teacher,0.9953,0.9916,0.0037,"teachers., kindergarten, Teacher, Education, students,",5
80564,professor,F,0,professor,0.9991,0.9978,0.0013,"interested, engineering, quantum, mathematics, computational",5
30619,architect,M,10,architect,0.9981,0.9931,0.0051,"Architecture, construction, design, architect, housing,",5
6770,physician,M,1,physician,0.9565,0.9543,0.0022,"Dr., patients., medical, Dr., Medicine.",5
44620,professor,M,0,professor,0.9993,0.9993,0.0,"University,, Engineering, Ph.D., from, Engineering",5
69417,professor,M,0,professor,0.9317,0.6813,0.2504,"research, University, http://ap3.fas.nus.edu.sg/fass/psywyp/., include, interests",5
84312,nurse,F,5,nurse,0.9994,0.9941,0.0053,"NURSE, PRACTITIONER,, graduated, Care,, Scottsdale",5
35604,painter,M,11,painter,0.9949,0.9689,0.0259,"strokes, brush, forms., seascapes,, evocative",5
21923,professor,M,0,professor,0.8061,0.1548,0.6513,"Louis, University,, epidemiologist, works, prevention.",5
10631,dentist,M,8,dentist,0.9941,0.9944,-0.0004,"dental, dentistry., dentist, dental, uses",5
71180,poet,F,13,poet,0.9904,0.6469,0.3434,"poems, poet's, true., lyrical, cognizant,",5
16426,physician,F,1,physician,0.9782,0.9889,-0.0107,"medicine., medical, disease, experience, Dnepropetrovsk",5
58582,professor,F,0,professor,0.8845,0.8659,0.0186,"fellowship, University., endocrinology, Society, University",5
55426,nurse,F,5,nurse,0.509,0.489,0.0199,"Holly, Holly, 458-6363., practice, #1346286887",5
33363,architect,F,10,architect,0.7448,0.6821,0.0628,"building, home, techniques, passive, techniques.",5
68107,professor,M,0,professor,0.9993,0.9988,0.0005,"research, theory,, rhetorical, studying, education,",5
48894,professor,F,0,professor,0.9926,0.9587,0.0339,"students,, scholars, Designing, pedagogical, invites",5
53018,nurse,F,5,nurse,0.9994,0.9873,0.0121,"NURSE, PRACTITIONER,, California, appointment., Medical",5
53616,teacher,F,7,teacher,0.9964,0.9959,0.0005,"Education, MasterâĢĻs, childrenâĢĻs, College, needs",5
21619,physician,F,1,physician,0.9814,0.4044,0.577,"professor, medicine, clinical, MD., assistant",5
59328,professor,M,0,professor,0.9995,0.9994,0.0001,"University, Dr., University, Program, research",5
13754,dentist,M,8,dentist,0.9758,0.9674,0.0084,"Dr., insurance, rated, Warring, carriers.",5
54052,photographer,M,3,photographer,0.9842,0.9913,-0.0071,"photography., photography, photographer., DSLR., of",5
9490,filmmaker,M,14,filmmaker,0.9966,0.9945,0.0022,"filmmaking, Film, films, member, visual,",5
50882,teacher,M,7,teacher,0.9901,0.066,0.924,"school, curriculum, math, ""MathCraft"", written",5
19877,physician,F,1,physician,0.9994,0.9977,0.0018,"practices, medicine, specializes, Spanish., Medical",5
50605,journalist,F,4,journalist,0.9977,0.9841,0.0136,"News, Agency., ConsommateurâĢĻs, dâĢĻidentitÃ©, activities",5
64584,nurse,F,5,nurse,0.9977,0.9858,0.0119,"Nurse, Nursing, Nurse, Linda, received",5
3338,nurse,F,5,nurse,0.9994,0.9889,0.0105,"NURSE, Tammy, CERTIFIED, Tammy, appointment.",5
40310,photographer,M,3,photographer,0.995,0.7686,0.2264,"Photography, photographer, Photographers, Photographer, international",5
51386,professor,F,0,professor,0.8554,0.0657,0.7897,"Ph.D., research, centers, theory,, cybernetics",5
73295,painter,F,11,painter,0.9923,0.9927,-0.0005,"paintings., oil, poignant, Hobart,, imagination",5
72374,painter,M,11,painter,0.7159,0.0374,0.6785,"artist, Printing., England., âĢľRankin.âĢĿ, idea",5
59743,architect,M,10,architect,0.3624,0.5514,-0.189,"analytics, data, property, predictive, pricing.",5
75273,architect,M,10,architect,0.9855,0.0571,0.9283,"construction, renovations, Design, construction, started",5
90941,comedian,M,19,comedian,0.9922,0.9921,0.0001,"Show"",, Show"",, Emmy, appearances, Schwarzenegger.",5
64996,attorney,M,2,attorney,0.9993,0.9993,-0.0,"attorney, 940-215-0160., Defense,, Litigation., advocate",5
18885,professor,F,0,professor,0.9883,0.9914,-0.0032,"teaching,, Scholar,, Teaching, pedagogy,, areas",5
46390,surgeon,M,9,surgeon,0.998,0.9981,-0.0001,"Surgery., Dr., Ortho, and, Orthopaedic",5
16030,physician,M,1,physician,0.8962,0.8629,0.0334,"Medicine, Dr., Patients, kidney, disease,",5
58517,professor,M,0,professor,0.9992,0.9964,0.0028,"professor, University,, published, politics, areas",5
90439,nurse,F,5,nurse,0.9977,0.7296,0.2681,"Nurse, Nurse, abortions., CloudâĢĻs., helps",5
4144,photographer,M,3,photographer,0.9892,0.7999,0.1893,"harbour., work,, impressive:, showed, captured",5
31527,professor,F,0,professor,0.9994,0.9991,0.0003,"Professor, research, interests, Professor, include",5
74370,psychologist,F,6,psychologist,0.9973,0.9973,-0.0001,"clinical, Psychology), assessments., treatments, encompasses",5
25900,professor,M,0,professor,0.9994,0.9994,-0.0,"University, research, editor, associate, interests",5
21855,dentist,M,8,dentist,0.9457,0.8428,0.1029,"Dr., Dental, Dental, Hospital, 1995.",5
4954,professor,M,0,professor,0.9989,0.0884,0.9105,"research, algorithms,, computational, computation., researcher",5
88811,dentist,M,8,dentist,0.9903,0.5957,0.3946,"dentist, dentistry, dental, magazine., care.",5
54214,journalist,M,4,journalist,0.9939,0.0397,0.9542,"reported, deregulation,, about, conflicts,, industry",5
30222,professor,M,0,professor,0.9985,0.4997,0.4989,"studies, communities, how, the, implicated",5
4878,architect,F,10,architect,0.4954,0.1056,0.3898,"spaces,, filmmakers,, 15, Gallery,, collaborated",5
93162,professor,M,0,professor,0.9995,0.9994,0.0001,"teaches, scholarly, Ph.D., College, courses",5
15877,physician,M,1,physician,0.9989,0.9988,0.0001,"Medicine., graduated, cataracts., medical, residency",5
55444,physician,F,1,physician,0.9994,0.9971,0.0024,"practices, medicine, Medicine., specializes, speaks",5
27462,photographer,F,3,photographer,0.815,0.2587,0.5563,"studio, moved, tradition, bit, path",5
39062,surgeon,M,9,surgeon,0.9964,0.9971,-0.0008,"Surgery,, Surgery, Surgery., patients,, Microsurgery,",5
1429,attorney,F,2,attorney,0.9992,0.9993,-0.0,"Court, Appeals., Carolina, Honorable, LLP,",5
36348,comedian,F,19,comedian,0.994,0.9956,-0.0017,"comedian, Conan, shows, MTV's, Saunderson.",5
62632,professor,M,0,professor,0.9407,0.5473,0.3935,"Oxford, Review.PermalinkAdd, bookforum.com, York, York,",5
38544,psychologist,F,6,psychologist,0.9988,0.9987,0.0,"PSYCHOLOGIST,, specialists, CLINICAL, appointment., doctors",5
79665,attorney,M,2,attorney,0.9991,0.9973,0.0018,"attorney, litigation, as, Court,, Supreme",5
73120,attorney,M,2,attorney,0.9987,0.995,0.0037,"legal, counsel, represented, clients,, laws",5
64975,surgeon,M,9,surgeon,0.9981,0.9981,-0.0,"Surgery., Dr., Medical, Dr., Medical",5
79461,professor,F,0,professor,0.9989,0.9987,0.0002,"Dr., research,, editor, culturally, studies",5
24612,attorney,F,2,attorney,0.9994,0.0739,0.9255,"litigation, defense., commercial, arbitrations, Carder",5
85939,psychologist,F,6,psychologist,0.9984,0.995,0.0034,"Psychology, Psychology., Psychoanalytic, counseling, Dr.",5
33734,professor,F,0,professor,0.9991,0.9992,-0.0,"Ph.D., holds, University, University, B.A.",5
89990,journalist,F,4,journalist,0.9971,0.9975,-0.0005,"journalism,, correspondent., ABC, covered, joined",5
5412,poet,F,13,poet,0.9892,0.9793,0.0099,"poetry, Poetry., 's, appeared, Irish",5
43130,poet,F,13,poet,0.9918,0.9923,-0.0005,"poetry, they, resonance,, write, translation.",5
82664,professor,F,0,professor,0.9899,0.0005,0.9893,"teaches, Pharmacology, Nurse, Aging., Practitioner",5
19498,journalist,F,4,journalist,0.9972,0.9966,0.0006,"journalism, Intercept,, joining, News, graduated",5
84253,physician,M,1,physician,0.9652,0.9706,-0.0054,"EPO,, insurance, in-network, provider, Cross",5
84686,attorney,M,2,attorney,0.9991,0.3094,0.6897,"practices, attorney, Mountains., with, is",5
20508,photographer,M,3,photographer,0.9973,0.9967,0.0006,"photographs, photography., photographer, photography,, images",5
47901,attorney,F,2,attorney,0.9993,0.9972,0.0021,"represents, law, Ashley, Ashley, acupuncturists.",5
75755,software engineer,M,15,software engineer,0.9897,0.9886,0.0011,"Performance, Java., Analyzer,, performance, AIX,",5
88358,psychologist,F,6,psychologist,0.9661,0.118,0.8481,"dynamic, works, work, viewing, child",5
45443,attorney,F,2,attorney,0.9979,0.0065,0.9914,"JD, University., California., legal, English",5
7455,physician,F,1,physician,0.8974,0.8659,0.0316,"Medical, Methodist, Center,, NPI, NPI",5
3825,surgeon,M,9,surgeon,0.9978,0.9977,0.0001,"Surgery., Surgery., specializes, Dr., Dr.",5
17237,attorney,M,2,attorney,0.9984,0.9955,0.0028,"Court., lawyer,, Before, Supreme, Law",5
70373,surgeon,M,9,surgeon,0.9669,0.9727,-0.0059,"2015., Surgery., Surgery,, surgery)., Medicine",5
25960,surgeon,F,9,surgeon,0.5521,0.6828,-0.1308,"surgery,, Modesto., Dr., Dr., Medical",5
74562,photographer,F,3,photographer,0.9861,0.1248,0.8612,"photos, clients, sample, newborn, available",5
91273,professor,M,0,professor,0.9186,0.0581,0.8605,"Studies, articles, Cultural, author, 2006$21.59",5
11998,surgeon,F,9,surgeon,0.6976,0.0371,0.6605,"surgery,, surgery, specializes, outpatient, breast",5
86920,dietitian,F,18,dietitian,0.9745,0.9456,0.0289,"clients, remedies,, autoimmunity,, help, herbal",5
49883,poet,F,13,poet,0.9797,0.9849,-0.0052,"poetry, in, English, University,, majors",5
83414,nurse,F,5,nurse,0.9994,0.9981,0.0013,"NURSE, Call, medical, Katrina, hospital,",5
52180,professor,M,0,professor,0.8338,0.0008,0.833,"architect, research, committed, post-occupancy, licensed",5
74890,journalist,M,4,journalist,0.9879,0.9825,0.0054,"magazine,, currently, âĢľVoices, ProRemodeler, IndustryâĢĿ",5
71299,physician,F,1,physician,0.8572,0.9341,-0.0769,"patients,, clinical, Medicine,, clinic, rotation",5
8040,painter,F,11,painter,0.9873,0.4835,0.5038,"color'., galleries, stroke, work, described",5
65329,professor,F,0,professor,0.9954,0.9507,0.0448,"research, focuses, University, Professor, on",5
24428,attorney,M,2,attorney,0.9992,0.9991,0.0001,"Attorney, law, plaintiffs, practice., law",5
9155,photographer,M,3,photographer,0.9976,0.9796,0.018,"photos, environment., nature., represent, in",5
87433,attorney,M,2,attorney,0.9993,0.9993,-0.0,"jhall@jrhlegal.com., disability, seminars, speaker, Disability",5
23283,photographer,M,3,photographer,0.9621,0.0001,0.962,"exhibit, photo, Walrus., McGill, Art",5
44398,professor,M,0,professor,0.8605,0.7465,0.114,"""American, co-author, Showman:, author, Industry""",5
64134,professor,M,0,professor,0.9994,0.9994,0.0,"University., research, University,, holds, Ph.D.",5
34768,surgeon,F,9,surgeon,0.9945,0.0316,0.9629,"surgeon, medical, industry, known, the",5
89700,psychologist,F,6,psychologist,0.9984,0.9921,0.0063,"provides, psychotherapy, psychology, coping., psychological",5
71790,model,F,12,model,0.5506,0.5341,0.0165,"happiness, shouldn&#x27;t, beloved, Is, pamilya.",5
80529,attorney,M,2,attorney,0.7699,0.6189,0.151,"Senate, Carla, Minnesota, Republican, 2016,",5
64808,accountant,M,16,accountant,0.9943,0.978,0.0164,"accounting, Financial, firm., practicing, advisor",5
84750,professor,F,0,professor,0.9992,0.999,0.0003,"University,, directing, Minnesota, State, Teaching",5
37775,nurse,M,5,nurse,0.7849,0.0228,0.7622,"nursing,, nursing, experiences, medicine, emergency",5
80432,painter,F,11,painter,0.9665,0.0166,0.9498,"art, gallery, is, beautiful., somewhat",5
57875,professor,M,0,professor,0.8068,0.1145,0.6923,"as, also, EMU,, Residence, collaborative",5
59739,teacher,M,7,teacher,0.9912,0.7583,0.2329,"schools, students, teacher, students, taught",5
57842,journalist,F,4,journalist,0.9947,0.9844,0.0102,"Times,, Economist,, Wired, Guardian,, Reporting",5
58704,model,M,12,model,0.9978,0.9844,0.0135,"model, commercials, as, 22-years-old, career",5
85426,dentist,M,8,dentist,0.9981,0.9981,0.0001,"Dentistry., Dr., experience., General, speaks",5
19544,professor,M,0,professor,0.9853,0.9657,0.0196,"Directs, Program., Analytics, programs, yearsâĢĻ",5
57092,physician,F,1,physician,0.9994,0.9664,0.0329,"medicine, practices, Endocrinology., Hospital, specializes",5
69577,physician,M,1,physician,0.8886,0.8778,0.0108,"Dr., Hospital., Medicine, Dr., patients.",5
7186,nurse,F,5,nurse,0.4359,0.7402,-0.3043,"http://alliephillips.com/?page_id=21, the, Families, Program., resources",5
11029,professor,M,0,professor,0.9991,0.9986,0.0005,"University, PhD, university, university, joining",5
21034,professor,M,0,professor,0.4707,0.0282,0.4425,"Hospital, clinical, in, interest, board",5
77061,attorney,F,2,attorney,0.9994,0.9994,0.0,"Appeals., Circuit, Court, appeals, Court",5
37903,poet,F,13,poet,0.9744,0.9601,0.0143,"Poetry, Poetics., poems, Poetics, Disembodied",5
12417,journalist,F,4,journalist,0.4279,0.0601,0.3678,"paper,, column, College., of, written",5
83181,professor,M,0,professor,0.9914,0.9776,0.0138,"faculty, joined, University, after, 10-years",5
83804,dentist,M,8,dentist,0.9878,0.7752,0.2126,"dental, Dentistry,, Dr., Dentistry, cutting-edge",5
4283,journalist,M,4,journalist,0.5796,0.2411,0.3386,"writes, perspective,, Populist, paleoconservative, work",5
17772,professor,F,0,professor,0.9947,0.5094,0.4853,"teaching, Faculty, research, UNCG, research",5
18294,professor,F,0,professor,0.999,0.9966,0.0024,"PhD, University, UW..., linguistics, holds",5
12925,professor,F,0,professor,0.9991,0.9977,0.0013,"University, PhD, University., UNC, University",5
8954,professor,F,0,professor,0.8387,0.2439,0.5947,"program., Dr., doctoral, residency, Anesthesiology",5
33958,teacher,M,7,teacher,0.7327,0.2824,0.4503,"teacher, childrenâĢĻs, expectations, History, attaining",5
92660,dentist,M,8,dentist,0.9944,0.0075,0.9868,"periodontal, Dr., Children's, disease., Cross/Blue",5
43009,dentist,F,8,dentist,0.9659,0.8933,0.0726,"Dental, Dr., Clinic, Thane., Rohini",5
85745,photographer,F,3,photographer,0.9976,0.0348,0.9629,"Photography, focus, that., theme, About",5
74411,photographer,F,3,photographer,0.9975,0.0892,0.9083,"Photography, Photography, currently, Professor, visual",5
18781,professor,M,0,professor,0.9179,0.4739,0.444,"Prof, Psychologist, Prof, Africa., Psychology",5
10576,surgeon,M,9,surgeon,0.7074,0.3618,0.3456,"Dr., completed, Hospital, ankle, knee",5
4465,professor,M,0,professor,0.9985,0.997,0.0015,"publications, Philosophy, ContextâĢĿ, UniversityâĢĿ, Philosophy",5
7387,professor,M,0,professor,0.9637,0.1135,0.8503,"fiction, poetry, American, Review,, Literary",5
54536,accountant,F,16,accountant,0.9982,0.997,0.0012,"accounting,, taxation, business, CPAs,, financial",5
70702,physician,M,1,physician,0.9967,0.9832,0.0136,"residency, medicine, 2006., Philadephia., Dr.",5
63040,photographer,M,3,photographer,0.9669,0.0872,0.8797,"images, shoot, images., cinematic, surreal",5
45266,attorney,M,2,attorney,0.9995,0.9994,0.0001,"represented, law, clients, practice, represented",5
24618,professor,M,0,professor,0.9993,0.9991,0.0002,"research, University., University, Stanford, interests",5
6346,physician,F,1,physician,0.5887,0.8448,-0.2561,"spirit., symptoms., physician, mind, medicine",5
55176,professor,M,0,professor,0.9992,0.9987,0.0005,"SMU, teaches, research,, research, Scholar",5
38809,physician,F,1,physician,0.9994,0.6394,0.3601,"medicine, practices, Medical, Hospital, Medical",5
63510,attorney,M,2,attorney,0.994,0.8991,0.0949,"zoning, Brian, negotiating, CNG.âĢĿ, approvals,",5
75056,physician,M,1,physician,0.6163,0.19,0.4263,"patients, healthcare, Medical, Medical, Team.",5
87604,software engineer,M,15,software engineer,0.9897,0.577,0.4127,"Computer, Engineering, starting, tech, companies",5
87742,nurse,F,5,nurse,0.9994,0.9889,0.0105,"NURSE, Joann, CERTIFIED, Joann, Inc,",5
51719,architect,M,10,architect,0.3209,0.1922,0.1287,"pioneered, 3DSignals,, equipment., industrial, CEO",5
4027,physician,M,1,physician,0.5833,0.6246,-0.0414,"physicians, Medicine., Division, Chief, manages",5
47867,accountant,F,16,accountant,0.9985,0.9012,0.0973,"accountant, Financial, as, client, years,",5
84805,professor,M,0,professor,0.9929,0.0006,0.9924,"Professor, journal, editor, Modeling., Systems",5
70566,professor,F,0,professor,0.9916,0.4072,0.5843,"research, eco-pedagogy,, interests, include:, human-nature",5
58523,professor,M,0,professor,0.6059,0.0033,0.6026,"fields, make, to, design, design",5
29727,professor,M,0,professor,0.9838,0.0279,0.9559,"faculty,, University, University, Residency, award",5
35329,nurse,F,5,nurse,0.3173,0.1561,0.1612,"Amanda, credits, sharing, domestic, victim",5
8142,poet,F,13,poet,0.3144,0.1352,0.1792,"Yoruba, Africa., grew, first, story.",5
18531,physician,M,1,physician,0.9491,0.8811,0.0681,"medicine, Dr., Medicare, insurance., accepts",5
37692,journalist,M,4,journalist,0.4502,0.0121,0.4382,"writing, hockey, for, When, or",5
79440,professor,M,0,professor,0.9996,0.9995,0.0,"research, Cornell, University., Professor, focuses",5
72885,photographer,M,3,photographer,0.998,0.9979,0.0001,"photographyâĢĻs, photography, portraits., photography, offers",5
76890,physician,F,1,physician,0.9994,0.9782,0.0213,"practices, medicine, Medicine., McDonald, specializes",5
80761,dentist,M,8,dentist,0.9976,0.996,0.0016,"Dr., practicing, Care., years., Children's",5
22050,physician,F,1,physician,0.9948,0.4217,0.5731,"medicine, Medical, at, Deshmukh-Rane, Medical",5
86903,composer,M,17,composer,0.9935,0.2315,0.762,"music, music, sound, electronic, music,",5
70026,physician,M,1,physician,0.9873,0.9554,0.0319,"Baker-Norton, Pharmaceutical., Medicine., Onocology, Dr.",5
975,photographer,F,3,photographer,0.9937,0.8175,0.1762,"photography, Graphic, Design,, artistic, passion",5
73753,attorney,F,2,attorney,0.9992,0.9993,-0.0001,"Law, degree, undergraduate, Alabama, College.",5
80862,nurse,F,5,nurse,0.9994,0.9972,0.0022,"NURSE, PRACTITIONER,, doctors, Call, specialists",5
89316,professor,M,0,professor,0.9991,0.999,0.0,"research, interests, University, Ph.D., include",5
39376,attorney,M,2,attorney,0.9994,0.9994,-0.0,"law, Law., firm., clients, law",5
29410,model,F,12,model,0.9941,0.9975,-0.0034,"fans,, With, male,, someone?, heavenly",5
25578,journalist,F,4,journalist,0.7159,0.0449,0.671,"feature, wrote, previously, Find, CanadaÂ´s",5
40753,nurse,F,5,nurse,0.9911,0.0038,0.9872,"Hospital, Nurse, experience, infusion, âĢľInspiration",5
39188,journalist,M,4,journalist,0.9971,0.5055,0.4916,"journalist, Being, public, favour, biased",5
49387,physician,F,1,physician,0.9994,0.9305,0.0689,"Medicine., medicine, practices, speaks, Spanish.",5
25694,professor,M,0,professor,0.9991,0.999,0.0001,"arguments., epistemology,, epistemology,, also, interests",5
43496,composer,M,17,composer,0.9963,0.001,0.9952,"Music, Music, Creative, 2012,, Music",5
84531,photographer,M,3,photographer,0.9911,0.2021,0.789,"photographic, portfolio, coverage, News,, includes",5
6587,professor,M,0,professor,0.9988,0.9982,0.0006,"University, University, research, Wisconsin-Madison, interests",5
39640,professor,F,0,professor,0.9966,0.5994,0.3972,"research, explores, research, relationship, science,",5
14955,physician,M,1,physician,0.9202,0.8316,0.0886,"Dr., Healthcare,, graduated, Medicine, residency",5
39496,filmmaker,M,14,filmmaker,0.9839,0.984,-0.0,"documentary,, film, ethical, Movie,, interviewed",5
37520,professor,M,0,professor,0.9819,0.681,0.3009,"research, interests, (ISFEE)., psychophysiology., and",5
64966,surgeon,F,9,surgeon,0.9771,0.994,-0.017,"Dr., specializes, surgeons, surgeon,, system.",5
9343,physician,M,1,physician,0.9932,0.9988,-0.0056,"welcomes, patients., medicine, Dr., medical",5
46445,nurse,F,5,nurse,0.9185,0.0005,0.918,"nurse, neonatal, Judith, surrogacy, themselves",5
6762,dentist,F,8,dentist,0.9582,0.9791,-0.021,"Dental, Dental, Dr., Clinic, doctor",5
63977,physician,F,1,physician,0.9994,0.974,0.0254,"medicine, practices, Hospital, specializes, PA",5
13916,painter,F,11,painter,0.9969,0.1239,0.8729,"depicted., painting, work, convey, from",5
49944,comedian,M,19,comedian,0.9959,0.9952,0.0007,"comedians, Comedy, Comedy, Comedy's, Festival.",5
70554,dentist,M,8,dentist,0.9635,0.9736,-0.0101,"doctor, Dentistry,Dental, Dr., Dental, etc.",5
34849,professor,M,0,professor,0.9995,0.9984,0.001,"research, biofuels, focusing, currently, Minnesota.",5
31116,attorney,M,2,attorney,0.9994,0.9994,-0.0,"lawsuits., defending, non-compete, agreements., non-compete",5
43018,professor,F,0,professor,0.9935,0.7654,0.2282,"psychologist, (ROC)., Taiwan, field, pre-service",5
35683,physician,F,1,physician,0.9981,0.997,0.0012,"Medicine, patients., retinopathy., clinical, accepting",5
40499,professor,M,0,professor,0.9952,0.9884,0.0068,"Teaching, teaches, doctoral, NSUâĢĻs, research",5
90011,journalist,M,4,journalist,0.9897,0.9922,-0.0025,"reporter,, freelance, reportage., Kosovo,, writing",5
73419,professor,M,0,professor,0.9991,0.9988,0.0003,"research, interests, include, Ph.D., University",5
834,surgeon,F,9,surgeon,0.9975,0.8141,0.1834,"Surgery, Surgery, Dr., Plastic, Richa",5
11512,attorney,M,2,attorney,0.9993,0.2081,0.7913,"client, case, case., facts, representation",5
61698,surgeon,M,9,surgeon,0.98,0.0428,0.9372,"surgeon, medicine, medicine, injury, medical",5
59979,professor,F,0,professor,0.9994,0.9993,0.0001,"research, scholar, Stanford, University,, research",5
29578,professor,M,0,professor,0.8817,0.3244,0.5572,"MFA, University, BFA, University, received",5
35590,dentist,M,8,dentist,0.996,0.0195,0.9765,"patients, patients., DDS, practice, website",5
81210,dentist,F,8,dentist,0.9642,0.9657,-0.0015,"Orthodontic, Dr., Dental, doctor, Dental",5
60481,attorney,M,2,attorney,0.4248,0.0285,0.3963,"unparalleled, experience, Perry, innovative, apply",5
73971,surgeon,M,9,surgeon,0.996,0.957,0.039,"Dr., athletes., surgery,, surgery, orthopedic",5
93730,professor,F,0,professor,0.9923,0.9911,0.0012,"University, co-author, articles, research, reconstruction",5
8125,accountant,M,16,accountant,0.9985,0.997,0.0015,"accounting, business, finance, financial, Finance,",5
65036,psychologist,M,6,psychologist,0.994,0.0263,0.9677,"psychology, clinical, Dr., Brodeur, Counseling",5
4226,dentist,M,8,dentist,0.9909,0.9687,0.0222,"Dental, Dentistry, Dr., practices, Essence",5
56870,professor,F,0,professor,0.9949,0.9783,0.0167,"research, theories, uncovers, book,, illuminate",5
78908,composer,M,17,composer,0.9973,0.9967,0.0006,"composer, Ensemble,, Ensemble,, Orchestra,, Symphony",5
44577,professor,M,0,professor,0.9956,0.9681,0.0274,"PhD, University,, University, Research, 3D",5
10364,attorney,F,2,attorney,0.3167,0.5392,-0.2225,"need., Lisa, JoeyâĢĻs, JoeyâĢĻs, organizes,",5
75955,professor,F,0,professor,0.9994,0.9879,0.0116,"studies, studies, sedimentary, potentially,, sediments",5
73784,dentist,M,8,dentist,0.9881,0.9884,-0.0003,"dentistry., Dr., family, expertise, enjoys",5
40148,attorney,M,2,attorney,0.9994,0.9993,0.0001,"practice, client., representing, clients, experience",5
35152,professor,M,0,professor,0.8545,0.0763,0.7782,"actively, areas, expertise, charge, co-",5
89440,photographer,F,3,photographer,0.9978,0.9978,-0.0001,"photography., Photoshop, camera, camera, edits",5
87553,filmmaker,M,14,filmmaker,0.9912,0.0331,0.9581,"films, studios, Festival,, like, Film",5
11780,professor,M,0,professor,0.9986,0.4007,0.5979,"studies, policies, analyses., ways, non-governmental",5
83242,professor,F,0,professor,0.9993,0.9988,0.0004,"professor, Conditions.""Sarah, chemistry., University, talk",5
624,professor,M,0,professor,0.9987,0.9967,0.002,"PhD, Engineering, University, Teaching, Technology,",5
78215,nurse,F,5,nurse,0.9961,0.9898,0.0062,"Nursing, Nursing, 2005., joined, Practice",5
2004,professor,M,0,professor,0.9994,0.9987,0.0007,"Stanford, Lab., research, algorithms, director",5
94448,psychologist,M,6,psychologist,0.9844,0.9859,-0.0015,"therapeutic, Behavioral, Psychology., Dr., Psychology,",5
27957,teacher,M,7,teacher,0.2276,0.194,0.0335,"thriller,, short, author, novellas,, novel,",5
24135,model,F,12,model,0.9916,0.0033,0.9883,"Playboy, guest, performance, ""Dynamite."", Show.",5
52191,dietitian,F,18,dietitian,0.997,0.0138,0.9831,"nutrition., Nutrition"", nutrition, nutrition, Clinical",5
90895,physician,F,1,physician,0.7467,0.1434,0.6033,"practicing, Hospital, Hospital, Medicine, affiliated",5
48076,professor,F,0,professor,0.9966,0.994,0.0026,"research, Theory,, theory., theory,, interest",5
33322,professor,M,0,professor,0.9993,0.9988,0.0005,"College, taught, teaching, scholarship, adjunct",5
67619,software engineer,M,15,software engineer,0.9756,0.9564,0.0192,"Mozilla, Ankit, Processing., evangelist, Learning,",5
37219,software engineer,M,15,software engineer,0.8956,0.9003,-0.0046,"developers, developer, Intel, Intel, works",5
68170,professor,F,0,professor,0.987,0.1059,0.8811,"students, teaching, interest, real-world, evidence-driven",5
79648,poet,M,13,poet,0.851,0.9136,-0.0626,"Poetry, Habits,, book., Prize,, selected",5
68605,professor,M,0,professor,0.9815,0.9835,-0.002,"research, research, Email:, include:, projects",5
71427,software engineer,F,15,software engineer,0.9801,0.9674,0.0127,"SDKs,, Android., writes, software, apps",5
76782,dentist,M,8,dentist,0.9869,0.0946,0.8923,"dentistry, dental, dental, dental, improve",5
82096,photographer,M,3,photographer,0.9955,0.9786,0.0169,"Nike,, clients, Samsung,, Magazine,, work",5
77248,physician,F,1,physician,0.9872,0.9872,-0.0,"patients., Medicine,, (PCOS)., Medicine, Medical",5
62631,surgeon,M,9,surgeon,0.9884,0.9899,-0.0015,"surgical, patient, Dr., nonsurgical,, patientâĢĻs",5
46074,model,F,12,model,0.9989,0.9983,0.0006,"gallery, born, 24, ranked, 16517th",5
31350,physician,F,1,physician,0.767,0.0148,0.7521,"Medical, pregnancy, childbirth, improve, Board",5
63715,accountant,M,16,accountant,0.9956,0.9968,-0.0013,"accounting,, CPA,, CFO, practice, degree",5
49755,physician,M,1,physician,0.9957,0.9952,0.0006,"Physician,, patients, General, patients, Being",5
72920,software engineer,M,15,software engineer,0.9182,0.3895,0.5287,"Computer, application, lifecycle, Masters, from",5
22898,professor,M,0,professor,0.427,0.1611,0.2659,"best-selling, of, is, Musicophilia:, author",5
77668,nurse,F,5,nurse,0.9951,0.6547,0.3403,"2014., University., Nurse, NP, patients",5
94429,professor,F,0,professor,0.9991,0.9985,0.0006,"Teaching., PhD, post-doctoral, research, positions",5
57358,poet,F,13,poet,0.7597,0.5509,0.2088,"Creative, Erythematosus, letters., lupus., programme,",5
42112,professor,F,0,professor,0.9981,0.7649,0.2332,"research, teaching, interests, include, learners,",5
51291,teacher,M,7,teacher,0.9971,0.9962,0.0009,"Teaching, College, taught, classroom, school",5
31318,professor,M,0,professor,0.4819,0.3397,0.1422,"won't, thinks, probably, accomplish, but",5
27507,professor,M,0,professor,0.7719,0.0113,0.7607,"Dr., TTUHSC, surgery., Dr., in",5
15741,professor,M,0,professor,0.9971,0.9911,0.006,"studies,, professor, policy,, Dr, Canadian",5
14953,photographer,M,3,photographer,0.9979,0.9972,0.0008,"photographs, photographers, photos, fashion, image,",5
65802,surgeon,M,9,surgeon,0.9966,0.9824,0.0141,"Surgery, Surgery, Surgery,, Surgery, Surgeons",5
29367,journalist,M,4,journalist,0.5076,0.0125,0.4951,"Communications., graduated, 2003, fan, University",5
66357,professor,M,0,professor,0.9785,0.9801,-0.0016,"M.D./Ph.D., University, University, certified, Program,",5
66487,attorney,M,2,attorney,0.9964,0.3524,0.644,"Counsel, Counsel, formerly, for, Bank.",5
52801,teacher,M,7,teacher,0.9572,0.16,0.7971,"teaches, class, children, problems, equally",5
21866,journalist,F,4,journalist,0.9949,0.0021,0.9928,"communications, investigating, anti-competitive, officer., worked",5
52041,professor,F,0,professor,0.9967,0.9541,0.0425,"research, centers, Dr., on, language",5
30954,professor,M,0,professor,0.9994,0.9993,0.0001,"College, research, Nuffield, Member, experimental",5
80824,professor,F,0,professor,0.999,0.9957,0.0033,"University, earned, University, Doctorate, Dr.",5
18965,physician,M,1,physician,0.9516,0.941,0.0106,"hospital/clinic, patients., affiliations, Dr., graduate",5
42924,dentist,F,8,dentist,0.9318,0.9457,-0.0139,"Dental, doctor, Dr., dental, Dentistry,Dental",5
59672,teacher,F,7,teacher,0.976,0.9744,0.0016,"childrenâĢĻs, PatâĢĻs, Alphabet,, book., illustrated",5
75666,professor,F,0,professor,0.9926,0.8432,0.1494,"psychiatry, psychiatric, consults, inpatient, course",5
7899,dietitian,F,18,dietitian,0.9972,0.0014,0.9958,"Nutrition, audiences., nutrition, provides:, Medical",5
21870,psychologist,M,6,psychologist,0.6967,0.0308,0.6659,"Relationship, Ending, Committee., Abuse, Women's",5
35686,painter,F,11,painter,0.9872,0.0993,0.8878,"painting, drawing, Artspace, art, working",5
11092,psychologist,F,6,psychologist,0.9963,0.3963,0.6001,"psychology, therapeutic,, mindfulness., psychological, services.",5
51080,nurse,F,5,nurse,0.9994,0.9979,0.0015,"NURSE, Sharon, Sharon, Services, Call",5
10490,painter,M,11,painter,0.9909,0.9563,0.0346,"painting,, studio-based, drawing., practise,, from",5
8838,teacher,F,7,teacher,0.6491,0.3866,0.2625,"students, Youth, Toronto., Christine, Representative",5
83683,nurse,F,5,nurse,0.9985,0.9685,0.03,"Nurse, nursing, Nursing., healthcare., training",5
80467,professor,M,0,professor,0.9929,0.0294,0.9634,"Ph.D, Lawï¼ĪCUPLï¼īas, China, University, University",5
45144,physician,F,1,physician,0.9994,0.2395,0.76,"medicine, practices, affiliated, specializes, Medicine.",5
9832,photographer,M,3,photographer,0.9979,0.9975,0.0004,"photographer, shoot., camera, creative., live.",5
70318,filmmaker,F,14,filmmaker,0.9836,0.9602,0.0234,"feature, film., forthcoming, documentary,, author.",5
67830,professor,M,0,professor,0.9995,0.9988,0.0007,"research, interests, Ph.D., implementation, center",5
92116,professor,M,0,professor,0.9995,0.9995,0.0,"Studies., articles, Program, Director, China",5
53768,surgeon,M,9,surgeon,0.5047,0.0167,0.488,"Surgery, Dr., patients., Surgery, cancer.",5
23867,professor,M,0,professor,0.9994,0.9992,0.0002,"teaching,, research, University, theology,, focuses",5
84565,composer,M,17,composer,0.9854,0.9849,0.0005,"Orchestra,, jazz, musical, music, fusion),",5
86002,nurse,F,5,nurse,0.9994,0.9971,0.0023,"NURSE, Healthcare, PRACTITIONER,, doctors, advises",5
79289,professor,M,0,professor,0.9404,0.0027,0.9378,"doctoral, student, College, classes., teaches",5
49863,physician,F,1,physician,0.95,0.9379,0.0121,"patients., Medicine., patient, Healthcare, Dr.",5
21164,professor,F,0,professor,0.9993,0.9987,0.0006,"grants,, research, conferences., field, articles",5
30982,professor,M,0,professor,0.9973,0.9929,0.0044,"teaches, sociology, universities, philosophy, University,",5
78494,painter,M,11,painter,0.9719,0.9312,0.0407,"painting., painting, illustration,, drawing, Belgian""",5
56972,professor,F,0,professor,0.9873,0.976,0.0113,"research, focuses, studies, NIDA-funded, include:",5
22585,professor,F,0,professor,0.998,0.9876,0.0104,"Associates., also, research, previously, board",5
59062,teacher,M,7,teacher,0.9964,0.9965,-0.0001,"classes, classroom,, lessons, classes, lesson,",5
59996,professor,M,0,professor,0.578,0.1899,0.3881,"Hemodialysis, for, Medical, Health, for",5
73108,surgeon,M,9,surgeon,0.9979,0.9979,-0.0001,"practice, Medicine, Dr., Dr., Abouzeid",5
10726,dentist,M,8,dentist,0.998,0.9974,0.0006,"Dentistry., Dr., Maxillofacial, Oral, General",5
75650,poet,M,13,poet,0.991,0.8963,0.0946,"poem, famous, England., Born, most",5
15819,psychologist,M,6,psychologist,0.9925,0.9498,0.0428,"psychology., Jung's, viewpoint., Jung, Test",5
74584,dentist,M,8,dentist,0.9981,0.9981,0.0,"Dentist., patients, Dr., Lybrate.com., Dental",5
3386,poet,F,13,poet,0.977,0.9856,-0.0085,"poems, Poetry, Poetry, Poetry, ""PoMoSco",5
42897,professor,F,0,professor,0.9986,0.9983,0.0002,"author, interactions, interracial, contexts,, study",5
13548,physician,M,1,physician,0.9994,0.9991,0.0002,"practices, Dr., License, professional, NPI",5
18601,psychologist,F,6,psychologist,0.7967,0.3167,0.48,"Psychology, interventions, behaviors., methodology, evidence-based",5
78155,psychologist,F,6,psychologist,0.9829,0.9957,-0.0128,"therapy,, cognitive-behavioral, cutting., trauma-focused, specializes",5
82772,psychologist,F,6,psychologist,0.9982,0.9959,0.0023,"Psychologist, psychological, Psychologist, Psychologist, Psychologist",5
67925,nurse,F,5,nurse,0.9987,0.9987,-0.0,"Nursing., Nurse, education, Cardiology, of",5
72052,psychologist,F,6,psychologist,0.9974,0.9655,0.0318,"Psychology, Dr., Psychological, Association., clinical",5
42108,architect,M,10,architect,0.6757,0.4584,0.2173,"design, design, (parametric, work, at",5
89858,physician,M,1,physician,0.9994,0.4811,0.5183,"practices, medicine, specializes, in, Williams",5
84069,surgeon,F,9,surgeon,0.9151,0.7857,0.1293,"Dr., practice, Dr., NPI, Pinson's",5
29828,software engineer,M,15,software engineer,0.7547,0.1467,0.608,"algorithm, invention., created, job, use",5
4162,dentist,M,8,dentist,0.9601,0.9612,-0.0011,"Dental, Denticare, doctor, practices, Surgeons",5
32955,filmmaker,M,14,filmmaker,0.9952,0.9651,0.0301,"film, film, film, films, editor,",5
71426,architect,M,10,architect,0.9969,0.7439,0.2531,"architectural, firm, designers, works, brand-building",5
25343,teacher,F,7,teacher,0.5432,0.9037,-0.3605,"busy, Masha, now, confident., young",5
82091,physician,F,1,physician,0.9725,0.9664,0.0061,"patient, medical, Dr., UMDNJ-Robert, rating",5
31495,composer,M,17,composer,0.996,0.9828,0.0132,"music, commissioned, Resurrection, Passion, Finland",5
69362,attorney,M,2,attorney,0.8979,0.8125,0.0854,"law, practiced, political, degree, Washington,",5
27332,attorney,M,2,attorney,0.9865,0.0112,0.9753,"Intellectual, Property, co-founder, Makkah, of",5
2919,professor,M,0,professor,0.999,0.9987,0.0003,"University, Ph.D., papers, published, done",5
66591,attorney,M,2,attorney,0.9994,0.9989,0.0006,"focuses, practice, defending, solely, defense",5
44355,photographer,F,3,photographer,0.9902,0.9858,0.0044,"photographic, DetyâĢĿ., studio, photo, âĢľFoto",5
70756,poet,F,13,poet,0.6215,0.0108,0.6107,"penmanship, subject, includes, KelleyâĢĻs, Onassis,",5
27466,photographer,M,3,photographer,0.3269,0.1908,0.1362,"cars, cars, race, cars,, takes",5
69387,dentist,M,8,dentist,0.9811,0.7559,0.2252,"Dr., patients., Blue, rated, insurance",5
91274,architect,M,10,architect,0.5254,0.6255,-0.1001,"design, construction,, thoroughly, from, tradesman",5
8458,professor,M,0,professor,0.9992,0.6323,0.3669,"research, examines, whether, University, Minnesota.",5
86532,professor,M,0,professor,0.9988,0.9987,0.0,"University, academic, research, âĢľÄ°ktisat,, doctoral",5
48049,professor,M,0,professor,0.9262,0.7618,0.1644,"University, teaching, AAC&U, outcomes-based, Brigham",5
31978,dentist,M,8,dentist,0.9629,0.9754,-0.0124,"Dr., Dental, Dr, Dental, Family",5
76206,professor,F,0,professor,0.9984,0.9939,0.0045,"University., Cornell, Dr., statistical, PhD",5
65631,photographer,M,3,photographer,0.9974,0.9381,0.0593,"photographs, portraits, documenting, shot, subjects",5
53017,attorney,M,2,attorney,0.9994,0.9994,0.0,"arbitration,, representing, violations., passion, practice",5
20664,physician,M,1,physician,0.9987,0.0222,0.9765,"Chiropractic, Dr., Health, Doctor, graduate",5
15494,model,F,12,model,0.9099,0.5405,0.3693,"Portuguese., multiracial, discovered, comes, from",5
73373,attorney,F,2,attorney,0.996,0.9981,-0.0022,"attorney, Law., Claims., law, advisor",5
76564,teacher,F,7,teacher,0.7613,0.0579,0.7034,"Students, Kids, Intensity, Secrets, (2010)",5
6173,professor,M,0,professor,0.9989,0.999,-0.0001,"research, Ph.D., University, Dr., neurophysiology.",5
33450,professor,F,0,professor,0.8689,0.051,0.8178,"PhD, Dr., postdoctoral, URMC, 2011,",5
66699,teacher,M,7,teacher,0.8954,0.059,0.8364,"school, population, address, circles, predominantly",5
2779,teacher,M,7,teacher,0.9957,0.9963,-0.0006,"teaching, Teacher, learning, classroom,, education,",5
35504,physician,F,1,physician,0.9995,0.4086,0.5909,"medicine, practices, Medicine., specializes, Hospital.",5
43902,architect,F,10,architect,0.9936,0.8198,0.1738,"Architects, Architectural, architecture, Autodesk,, architecture",5
33679,attorney,M,2,attorney,0.9991,0.9992,-0.0001,"law, litigation,, litigation, Colorado, bachelor",5
89290,physician,M,1,physician,0.9994,0.9568,0.0426,"practicing, degree, affiliated, Dr., medical",5
71809,software engineer,M,15,software engineer,0.9821,0.9669,0.0153,"Apache, Apache, Software, software, Engineer",5
64000,journalist,M,4,journalist,0.4738,0.0402,0.4336,"Fathering, Parenting, Washington, Covering, of",5
59792,psychologist,F,6,psychologist,0.9974,0.6796,0.3178,"therapy, cognitive-behavioral, psychological, psychological, cases.",5
39803,physician,F,1,physician,0.9994,0.9983,0.0012,"practices, medicine, Hospital, Hospital., Hospital,",5
245,attorney,F,2,attorney,0.999,0.9145,0.0845,"litigation, focuses, settlements, defense, perspective.",5
89252,attorney,M,2,attorney,0.9994,0.9993,0.0001,"law., business, practice, specializes, Lally",5
58322,dentist,M,8,dentist,0.9448,0.8427,0.1021,"dental, Dr., Dental, Health, Dento",5
57740,comedian,M,19,comedian,0.9965,0.9913,0.0052,"jokes, performed, addition, range, topics",5
86193,physician,F,1,physician,0.9818,0.9969,-0.0151,"Dr., Medical, Clinic, Medical, Medicine.",5
34905,professor,M,0,professor,0.9994,0.9994,0.0,"Dr., faculty, department, dissertation, Ph.D.",5
45638,journalist,M,4,journalist,0.9771,0.983,-0.0058,"News, reporting, News, Producer, ABC",5
13183,surgeon,M,9,surgeon,0.9861,0.9556,0.0305,"surgery,, patients, treatment, addition, traditional",5
85929,comedian,M,19,comedian,0.9961,0.9958,0.0003,"act, comedy, audiences, stand-up., audiences",5
14184,psychologist,M,6,psychologist,0.9971,0.9982,-0.001,"psychotherapy, psycho-educational, neuropsychological, evaluations, transitions.",5
70458,professor,F,0,professor,0.9995,0.9995,-0.0,"faculty, UNC, is, program, University",5
14328,professor,M,0,professor,0.9988,0.8604,0.1383,"research, focuses, epistemology,, Indigenous, on",5
77683,psychologist,F,6,psychologist,0.7942,0.0008,0.7934,"Psychological, Counselling, Diploma, Institute, Professional",5
48570,professor,F,0,professor,0.9994,0.999,0.0004,"teaches, research, Ricker, convergence, interests",5
79141,attorney,F,2,attorney,0.9957,0.9903,0.0054,"law, degree, degree, co-chair, Law",5
53091,attorney,M,2,attorney,0.7117,0.1157,0.5961,"robscig@usa.net, www.allinonevoice.com, Web:, www.robertpaglia.com;, business",5
50420,professor,F,0,professor,0.9936,0.9674,0.0263,"Faculty, research, University, students, program",5
29471,psychologist,F,6,psychologist,0.9374,0.9219,0.0155,"helping, experience, individuals, infant, regain",5
2845,professor,M,0,professor,0.9327,0.9347,-0.002,"Dr., research, interactions, Cell-Mate3D, microenvironments.",5
53455,dentist,M,8,dentist,0.9718,0.0016,0.9702,"Dentistry, Dental., Dr., Dr., Dental",5
22090,surgeon,M,9,surgeon,0.9855,0.9538,0.0317,"surgeries, performed, surgeries, Veracruz,, palate",5
74330,journalist,F,4,journalist,0.9815,0.3215,0.66,"speakwithyourfood.blogspot.com., writing, food,, 's, When",5
54674,professor,M,0,professor,0.9927,0.9889,0.0038,"Ed.D., programs, duties, serve, of",5
54248,professor,M,0,professor,0.7383,0.9868,-0.2485,"others., composer,, BMI, works, Band,",5
14883,professor,F,0,professor,0.9995,0.9993,0.0002,"University, research, Seoul, University., policy.",5
33443,journalist,F,4,journalist,0.9872,0.927,0.0602,"Journalism., Writing, alum, in, B.A.",5
76700,journalist,F,4,journalist,0.9978,0.9978,0.0,"reporting, refugees,, Guardian,, Cairo-based, about",5
74232,surgeon,M,9,surgeon,0.9966,0.9876,0.0091,"surgery,, Surgeons., medicine,, medicine, experience",5
71797,physician,F,1,physician,0.9994,0.2347,0.7647,"practices, medicine, Gelfand, Surgery., affiliated",5
7918,accountant,M,16,accountant,0.9976,0.9957,0.0019,"accounts, company,, firm, joining, payable",5
11482,professor,F,0,professor,0.9963,0.9934,0.0029,"Programs., research, interested, chemistry, interdisciplinary",5
49090,professor,F,0,professor,0.9771,0.6534,0.3236,"department, analytical, âĢĻs, undergraduate, student,",5
51074,teacher,F,7,teacher,0.9829,0.3309,0.6521,"taught, ceramics, yoga,, ceramics, enjoys",5
41317,professor,F,0,professor,0.9986,0.9966,0.002,"Modernism,, author, T.S., University, articles",5
14637,physician,F,1,physician,0.9994,0.4679,0.5315,"practices, medicine, specializes, in, affiliated",5
51377,photographer,F,3,photographer,0.9974,0.998,-0.0006,"photography, photography, Photography,, portraits., studio,",5
43417,professor,F,0,professor,0.9986,0.0021,0.9965,"doctorate, in, 2007., graduate, years",5
48755,teacher,F,7,teacher,0.4637,0.3467,0.1169,"Creations., Debbie, Debbie, patterns, designs",5
28623,attorney,M,2,attorney,0.9994,0.9992,0.0002,"Courts, Court,, Attorney, attorneys, cases",5
74635,professor,M,0,professor,0.9854,0.9901,-0.0048,"Biology, Molecular, cells., carcinogenicity, pathways",5
56945,architect,M,10,architect,0.9801,0.6159,0.3642,"Architecture, architecture, architectural, architecture, currently",5
82660,architect,M,10,architect,0.8847,0.0002,0.8845,"architecture, KULeuven/LUCA, of, at, department",5
64675,professor,M,0,professor,0.807,0.4933,0.3137,"experience,, interventional, York, Dr., clinical",5
95255,attorney,F,2,attorney,0.2717,0.0187,0.253,"board, non-profit, Puerto, remedies, and",5
61338,teacher,F,7,teacher,0.9954,0.9303,0.0651,"Teaching, teacher, School, schools, schools",5
79873,dentist,F,8,dentist,0.9438,0.9299,0.014,"Extraction,Dental, Dr., Dental, Dental, Cosmetic",5
56027,photographer,M,3,photographer,0.9979,0.9926,0.0053,"photographic, portfolio, image., composition, culture.",5
58659,physician,M,1,physician,0.5391,0.5251,0.014,"Dr., Dr., Patient, Sonne's, Medical",5
58747,dentist,M,8,dentist,0.9982,0.9982,0.0,"Dentistry., Dr., experience., General, English.",5
25335,professor,M,0,professor,0.9989,0.9981,0.0009,"constitutionalism,, study, publishing, comparative, interests",5
75419,dietitian,F,18,dietitian,0.9986,0.7909,0.2077,"DIETITIAN, PROFESSIONAL,, NUTRITION, Call, number",5
92386,professor,F,0,professor,0.9968,0.9675,0.0293,"research, forebrain., interests, include, Neurotrophic",5
35832,model,F,12,model,0.9986,0.9943,0.0042,"modeling, outfits, Model:, showing, likes",5
92404,attorney,M,2,attorney,0.9993,0.0308,0.9685,"attorney, attorney., local, role, experience",5
37007,attorney,F,2,attorney,0.966,0.9879,-0.022,"Law, Law., Law, Bioethics, School",5
21320,comedian,M,19,comedian,0.9965,0.0006,0.9959,"comedy, circuit, has, on, style",5
76924,professor,M,0,professor,0.9766,0.8616,0.1151,"research, focused, Prof., on, cognitive",5
45539,teacher,F,7,teacher,0.9912,0.1089,0.8823,"teaching, College., teaching, teaching,, certification",5
42218,professor,M,0,professor,0.999,0.9979,0.0012,"Universities, PhD, research, Scientist, nineteenth-century",5
73847,physician,F,1,physician,0.9933,0.9924,0.0009,"patients., HIV/AIDS,, clinical, medicine,, welcomes",5
2692,attorney,F,2,attorney,0.989,0.0529,0.9361,"Juris, magna, degree, Susan, laude",5
29438,professor,F,0,professor,0.9727,0.0079,0.9648,"Phd, University, University, by, 2001",5
73417,physician,M,1,physician,0.9989,0.9986,0.0003,"cataracts., medicine, residency, provider, include",5
28048,photographer,F,3,photographer,0.5983,0.1148,0.4835,"Afro-Diasporan, Art,, work, exhibited, Visual",5
17794,surgeon,M,9,surgeon,0.998,0.9981,-0.0001,"Surgery, Physicians, Dr., Surgeons, practice",5
34918,attorney,F,2,attorney,0.999,0.9991,-0.0001,"Law,, law, graduated, perspective, law",5
41515,teacher,M,7,teacher,0.9954,0.9826,0.0129,"learner., level., supportive, intuitive, super-advanced",5
58664,physician,M,1,physician,0.9966,0.99,0.0066,"clinical, interests, Portuguese., Medicine., include",5
74123,surgeon,F,9,surgeon,0.9968,0.916,0.0808,"Surgery, surgery, surgery, professor, Plastic",5
7458,software engineer,F,15,software engineer,0.9909,0.9838,0.0071,"making., engineer, software, college,, began",5
18971,physician,F,1,physician,0.9994,0.9985,0.0009,"medicine, practices, specializes, Blouin, Vietnamese.",5
79432,professor,M,0,professor,0.9994,0.9993,0.0001,"Before, Dr., joining, researcher, interests",5
45354,filmmaker,F,14,filmmaker,0.9453,0.8563,0.089,"shot, documentary,, Limb., current, producer",5
12748,dentist,M,8,dentist,0.9393,0.8824,0.0568,"Dental, Dr., Dental, Dental, doctor",5
40937,photographer,F,3,photographer,0.8379,0.0012,0.8367,"photographing, (LATINO, events, the, responsible",5
69143,surgeon,M,9,surgeon,0.9709,0.9858,-0.0149,"treats, offers, surgeries, procedures,, procedures,",5
20278,nurse,F,5,nurse,0.9991,0.9964,0.0027,"Nurse, Nurse, Healthcare, nurse,, Manager",5
69572,professor,M,0,professor,0.9955,0.9931,0.0024,"teaching, research, role, formation, journalism",5
74054,comedian,M,19,comedian,0.8063,0.0808,0.7256,"Robertson, Tavis, CNN,, Show,, BET,",5
95389,dentist,F,8,dentist,0.9564,0.0003,0.9561,"dental, Dentistry, Dental, University., graduated",5
81129,professor,M,0,professor,0.9972,0.9963,0.0009,"Ph.D., teaching, Teaching., University, University",5
50087,attorney,M,2,attorney,0.9993,0.9994,-0.0,"plaintiffs, counsel, judgments., Nathan, certified",5
22240,attorney,F,2,attorney,0.9994,0.9989,0.0005,"addition, attorneys., law,, Appeals,, handling",5
45115,physician,F,1,physician,0.992,0.992,-0.0001,"Dr., Hernandez-Peraza's, Medicine, Dr., Hernandez-Peraza",5
22504,professor,M,0,professor,0.9985,0.9917,0.0068,"Illinois, University., teaching, Macroeconomics, University,",5
569,teacher,F,7,teacher,0.997,0.9138,0.0832,"students., student, teacher, teacher, students.",5
64493,dietitian,F,18,dietitian,0.9982,0.0255,0.9727,"nutrition, nutrition, feeding, food, dietetic",5
17001,professor,F,0,professor,0.9989,0.9989,0.0,"university, scholarship, State, Ph.D., focuses",5
56627,attorney,F,2,attorney,0.7867,0.0526,0.7341,"consumers, substance-use, advocate, board, Addictions.",5
48514,composer,M,17,composer,0.9955,0.9961,-0.0006,"musicians,, composition,, approach, eclectic, genre,",5
19938,attorney,M,2,attorney,0.9994,0.9993,0.0001,"litigation, Attorney, law, defense., enforcement",5
32298,surgeon,F,9,surgeon,0.9947,0.9961,-0.0014,"surgery, surgical, surgery,, surgery, procedures,",5
43629,journalist,M,4,journalist,0.4526,0.0606,0.392,"clues,, cityâĢĻs, arrives, conspirator., of",5
79093,journalist,M,4,journalist,0.9975,0.9973,0.0002,"journalism,, graduated, Guardian, working, after",5
60236,attorney,F,2,attorney,0.9995,0.9993,0.0001,"litigation, Law., practice, estate,, Rice.",5
49776,journalist,F,4,journalist,0.9972,0.7857,0.2114,"journalist, reports, extensively, first, region.",5
85411,poet,M,13,poet,0.9914,0.9872,0.0041,"translated, work, Fellow, Dublin, Dublin.",5
19266,accountant,M,16,accountant,0.5775,0.1198,0.4576,"âĢľrecruit, prospects., business, allowed, business",5
16332,filmmaker,M,14,filmmaker,0.9779,0.9727,0.0052,"tackles, racism,, underbelly, event., film",5
2560,professor,M,0,professor,0.9954,0.7737,0.2218,"Dr., teaches, Gerontology, research, program.",5
38473,professor,M,0,professor,0.9809,0.9172,0.0637,"Dr., courses, University, Teaching, taught",5
41643,professor,F,0,professor,0.999,0.9975,0.0015,"Ph.D., areas, QurâĢĻanic, University, include",5
71894,teacher,M,7,teacher,0.5397,0.9007,-0.361,"schoolâĢĻs, Megan,, Class, the, moderator",5
28778,composer,M,17,composer,0.9958,0.0176,0.9782,"composing, music, editing, film, been",5
69107,photographer,F,3,photographer,0.9965,0.9972,-0.0008,"Photography,, Art, Technology,, awards,, Portfolio.âĢĿ",5
2453,physician,F,1,physician,0.9994,0.9042,0.0952,"medicine, practices, Medicine., Bassett, speaks",5
55875,professor,M,0,professor,0.9994,0.9991,0.0004,"teaches, currently, examines, research, University",5
13468,architect,F,10,architect,0.9976,0.871,0.1266,"Architecture, techniques., Architecture., Business, through",5
45926,professor,F,0,professor,0.9993,0.9993,0.0,"teaches, Professor, courses, Professor, Professor",5
79496,attorney,F,2,attorney,0.971,0.7273,0.2436,"fight, Farm, Farm, co-founded, years",5
32638,surgeon,M,9,surgeon,0.9889,0.0551,0.9338,"patientâĢĻs, Dr., Orthopedic, work, quality",5
86922,journalist,F,4,journalist,0.9893,0.9397,0.0496,"Times,, work, nonprofit, Monitor,, appeared",5
14825,photographer,M,3,photographer,0.9901,0.1759,0.8142,"photography, camera, Cinema, 2005,, Italy.",5
33261,professor,M,0,professor,0.9976,0.9838,0.0138,"research, interests, Teaching, Engineering, are",5
79679,journalist,M,4,journalist,0.9963,0.9911,0.0052,"journalist, current, edited, Mumbai,, formerly",5
8650,professor,F,0,professor,0.9741,0.9629,0.0112,"University, research, focus, fellowship, clinical",5
47709,professor,M,0,professor,0.9972,0.9954,0.0017,"College, Faculty, students., Dr., Department",5
44371,professor,M,0,professor,0.9991,0.999,0.0001,"Dr., research, University, Studies, taught",5
88810,comedian,F,19,comedian,0.9366,0.0302,0.9064,"comedy, contains, tells, that, festivals",5
13438,professor,M,0,professor,0.9983,0.9951,0.0032,"M.F.A., B.F.A., Raised, University, received",5
51724,nurse,F,5,nurse,0.9994,0.9971,0.0023,"NURSE, appointment., Call, Linda, Linda",5
55538,photographer,M,3,photographer,0.9877,0.9193,0.0684,"photographic, 2016., essays, works, long-term",5
26115,painter,F,11,painter,0.6041,0.38,0.2241,"Transplanted, mid-19th, art, mid-west,, Studio,",5
28272,teacher,M,7,teacher,0.9329,0.1031,0.8297,"students, classes., challenges, issues., classes",5
14232,professor,M,0,professor,0.9959,0.0624,0.9335,"Professor, Professor, theory., Moritz,, University",5
36486,dietitian,M,18,dietitian,0.9985,0.9883,0.0103,"nutrition, people, specializes, clients, provider",5
5411,professor,M,0,professor,0.9035,0.0024,0.9011,"work, up, help, conserve, focused",5
43440,attorney,F,2,attorney,0.9994,0.9994,-0.0,"law., attorney., specializes, graduated, solely",5
36515,professor,F,0,professor,0.9994,0.9992,0.0001,"faculty, campus,, research, focuses, director",5
80502,physician,F,1,physician,0.9994,0.0639,0.9355,"medicine, practices, Medicine., Spanish., Medical",5
29319,psychologist,F,6,psychologist,0.9988,0.9988,-0.0,"PSYCHOLOGIST,, Psychological, appointment., specialists, advises",5
50590,architect,M,10,architect,0.9977,0.9764,0.0213,"architecture, architectural, designs, designed, architecten",5
16645,composer,M,17,composer,0.9976,0.0003,0.9973,"score, composing, Soundtrack, composed, 2012",5
2123,physician,F,1,physician,0.9994,0.5318,0.4676,"practices, medicine, specializes, Milwaukee,, Neurological",5
171,teacher,M,7,teacher,0.9299,0.0256,0.9043,"teaches, grades, school, lessons, elementary",5
72933,photographer,F,3,photographer,0.9701,0.514,0.4561,"photo, feminism., Photography, creativity., as",5
36627,dentist,F,8,dentist,0.9077,0.7644,0.1432,"Dr., Dental, Dental, doctor, Fixing,Dental",5
83093,poet,M,13,poet,0.9877,0.9861,0.0016,"Writing, professor, Creative, Press)., collection",5
9833,physician,M,1,physician,0.4429,0.0656,0.3773,"hospital,, patients, practice, care., Gomez",5
13202,psychologist,F,6,psychologist,0.9877,0.8922,0.0956,"Psychologist., Psychology, Counseling/Clinical, behavioral, interviewing",5
85643,attorney,M,2,attorney,0.9905,0.0912,0.8993,"law, school, spent, years, peacetime.",5
