id,profession,gender,pred_class_idx,pred_label,pred_prob_original,pred_prob_erased,faithfulness,tokens_erased,n_tokens_erased
12781,nurse,F,5,nurse,0.9993,0.311,0.6883,"nursing, patients., patients, patient., patients",5
34470,photographer,M,3,photographer,0.9965,0.9972,-0.0007,"photographer, professional, only, photography, artwork.",5
9342,professor,M,0,professor,0.998,0.9985,-0.0004,"Management, academic, research, publications, subjects",5
30362,professor,M,0,professor,0.9963,0.9978,-0.0015,"current, antenna, propagation., Research,, (SDR)",5
90967,professor,M,0,professor,0.9996,0.9993,0.0003,"Prior, Ph.D, conferences., joining, 2007.",5
13344,teacher,M,7,teacher,0.2564,0.1283,0.1281,"âĢľBewildering, decided, Stories,âĢĿ, write, passion",5
6239,journalist,M,4,journalist,0.9975,0.9969,0.0006,"VICE, reported, Al-Jazeera., Twitter:, @matnashed",5
42028,dietitian,F,18,dietitian,0.3249,0.5802,-0.2553,"food,, dishes,, enjoys, sitting., Louisiana",5
90212,architect,F,10,architect,0.9971,0.9262,0.0709,"architectural, design, progressive, Specializing, buildings",5
43953,teacher,F,7,teacher,0.9969,0.8856,0.1113,"students., students, school, learning, purposeful",5
27966,professor,F,0,professor,0.9987,0.9929,0.0058,"Ph.D., Endodontics, Biology, 2012., worked",5
41556,photographer,M,3,photographer,0.2887,0.0028,0.2859,"central, traveled, Debrecen, Eastern, 1984.",5
43148,professor,M,0,professor,0.9988,0.9975,0.0013,"Ph.D., research, an, Bakri, instructor",5
93200,professor,F,0,professor,0.9984,0.9982,0.0002,"strategies.Abstract, Ed.D., University., research, acquisition,",5
46307,physician,F,1,physician,0.9989,0.0043,0.9946,"Physician, Assistant, paramedic, completed, studies.",5
61841,teacher,F,7,teacher,0.9896,0.9603,0.0292,"Mrs., her, Bustillos, students, Educator",5
23333,teacher,F,7,teacher,0.9964,0.9946,0.0018,"education, education., elementary, master's, University.",5
15551,attorney,F,2,attorney,0.9994,0.999,0.0003,"Law,, licensed, Juris, Doctor, of",5
90631,journalist,F,4,journalist,0.9972,0.9955,0.0017,"Media, magazine., Africa,, Cape, regular",5
54445,professor,F,0,professor,0.9972,0.6045,0.3928,"National, genetics, UW/SCH, fellowship, pediatric",5
93903,professor,M,0,professor,0.7177,0.1637,0.554,"fellowship, co-editor, Dr., Trauma., Canada,",5
16348,physician,F,1,physician,0.9994,0.477,0.5224,"practices, medicine, is, Center., Medicine.",5
46287,professor,F,0,professor,0.9535,0.8848,0.0688,"years., She, experience, 10, schools",5
72503,physician,M,1,physician,0.9947,0.9929,0.0018,"patients., Medicine., physiology., Dr., residency",5
4602,physician,F,1,physician,0.9994,0.6169,0.3826,"practices, medicine, affiliated, Allergy, Connecticut.",5
49360,psychologist,M,6,psychologist,0.8107,0.263,0.5477,"consultation,, assistance, parent, autism,, professional",5
42951,professor,M,0,professor,0.977,0.0316,0.9453,"university, funded, in, Rushton, science.",5
77124,professor,M,0,professor,0.9989,0.9959,0.003,"PhD, Dr., leads, evolutionary, genome",5
39711,dentist,M,8,dentist,0.9985,0.4567,0.5418,"Dr., Dentist, patient,, Dedham., practice",5
30282,psychologist,M,6,psychologist,0.4372,0.4209,0.0163,"focuses, client-supplied, leadership, think, on",5
33409,professor,M,0,professor,0.9945,0.9632,0.0313,"Intercollegiate, also, Pittsburgh., Consultant/Attending, Assistant",5
36561,model,M,12,model,0.9988,0.9963,0.0025,"model, as, 185cm, 6âĢ²1Êº, professional",5
10637,poet,M,13,poet,0.3981,0.0238,0.3743,"French,, French, Ikere-Ekiti,, at, Nigeria.",5
24817,journalist,F,4,journalist,0.9383,0.8566,0.0817,"book,, argues, Dallas/Fort, landscape, Texas.",5
31505,software engineer,M,15,software engineer,0.9453,0.9372,0.0081,"design., development,, application, experience, front-end,",5
58312,journalist,F,4,journalist,0.9979,0.9976,0.0003,"newspapers, news, Budapest,, dealing, Hungary.",5
42143,psychologist,M,6,psychologist,0.9973,0.9963,0.001,"psychotherapy, one-to-one, neuroscience., Psychology, Coherence",5
4145,attorney,F,2,attorney,0.9777,0.9807,-0.003,"distinction,, degree,, MBA, degree, School",5
64458,photographer,M,3,photographer,0.9828,0.0039,0.9788,"Architectural, Photography, professional, representation, Chris'",5
74377,surgeon,M,9,surgeon,0.3677,0.0651,0.3026,"recuperating, flesh, of, the, he",5
20281,professor,M,0,professor,0.9958,0.9833,0.0125,"Ph.D., St., Pharmacogenomics, Lab, Director",5
55020,photographer,M,3,photographer,0.9222,0.6865,0.2357,"models, models, currently, industry, Colombia.",5
74809,psychologist,F,6,psychologist,0.9951,0.0526,0.9426,"counselling, here., body, radical, self",5
27933,professor,M,0,professor,0.9989,0.9948,0.0041,"Prior, arrival, Professor, Theatre., Assistant",5
11662,professor,F,0,professor,0.9994,0.9993,0.0,"Ph.D., interests, research, Faculty, Her",5
83094,professor,M,0,professor,0.9992,0.9977,0.0015,"Studies, research, UNM., program, program",5
42156,physician,M,1,physician,0.9374,0.951,-0.0136,"Dr., Medical, residency, Minnesota., Minnesota",5
15615,software engineer,M,15,software engineer,0.6047,0.4881,0.1166,"Java, company, startup, management, employee",5
79286,nurse,F,5,nurse,0.9915,0.8696,0.1219,"nursing, Nursing, Nurse, Clinical, Nurse",5
43044,photographer,F,3,photographer,0.9833,0.1496,0.8337,"capturing, exist., moments, work,, keen",5
79135,professor,F,0,professor,0.9994,0.9964,0.003,"doctorate, area, literature, ""Politics,, journal",5
17636,professor,M,0,professor,0.9988,0.9905,0.0083,"Neuroscience, neural, interests, Ph.D., director",5
54221,poet,M,13,poet,0.9797,0.9494,0.0302,"poets, autobiographer, writer;, prose, formidable",5
73575,photographer,M,3,photographer,0.9948,0.007,0.9879,"photographs, campaigns, campaigns, Also, magazines",5
13578,journalist,M,4,journalist,0.7938,0.6648,0.129,"magazines., writes, e-zine, name,, publishes",5
5448,professor,F,0,professor,0.9977,0.9238,0.0739,"studies, researcher,, questions, addresses, organizational",5
80601,architect,M,10,architect,0.9168,0.8927,0.0242,"Architectural, Architects, Design, competitions., currently",5
43877,nurse,F,5,nurse,0.9927,0.9832,0.0094,"disease, encompasses, process., prevention,, scope",5
44557,professor,M,0,professor,0.9995,0.9995,0.0,"Ph.D., research, University, investigates, Prior",5
61558,architect,M,10,architect,0.8377,0.8567,-0.019,"Engineering, Electrical, led, continuous, initiatives.",5
12480,professor,M,0,professor,0.8168,0.3788,0.438,"areas, Faculty, Prior, correspondent, (YbIEL)",5
37372,dentist,F,8,dentist,0.9878,0.9573,0.0305,"dental, Dr., surgery., HealthCare, Cross/Blue",5
48225,surgeon,F,9,surgeon,0.9023,0.003,0.8992,"surgery, medical, Medicine, general, Medicine",5
35423,composer,F,17,composer,0.7941,0.1524,0.6417,"works, abroad., Composers, Orchestra,, been",5
4598,teacher,M,7,teacher,0.9963,0.9925,0.0038,"RateMyTeachers.com., here., teacher, Additionally,, review",5
76006,journalist,F,4,journalist,0.9968,0.9965,0.0003,"organisation., non-fiction, best-selling, Times,, fact-checking",5
52486,physician,F,1,physician,0.9993,0.999,0.0002,"MD., professional, practices, credentials, Birmingham,",5
702,professor,M,0,professor,0.9835,0.9849,-0.0014,"Cardiology., published, Fellow, tachycardias, interests",5
71994,journalist,F,4,journalist,0.9975,0.997,0.0005,"Today., work, mainstream, Mail,, news",5
29015,attorney,F,2,attorney,0.9994,0.9994,-0.0001,"counsel, serves, as, legal, currently",5
93020,professor,M,0,professor,0.9994,0.9994,0.0,"Tufts,, postdoctoral, microfluidic, biomolecular, Prior",5
24289,professor,F,0,professor,0.9991,0.998,0.0011,"Ph.D., post-doc, faculty, Center, Biophysics",5
85541,professor,F,0,professor,0.9989,0.9985,0.0004,"internationally-recognized, Professor, African-American, field, Studies.",5
42719,professor,M,0,professor,0.9993,0.9938,0.0054,"sociolinguistics,, doctorate, University, linguistics, interested",5
50174,architect,F,10,architect,0.9948,0.1288,0.866,"Architects, Biennale., Architecture, architecture, Art,",5
14729,psychologist,M,6,psychologist,0.9866,0.6077,0.3789,"Psychopathology, interventions, internationally., Methods, conducted",5
84291,physician,M,1,physician,0.9491,0.5763,0.3727,"Assistant, Alliance., Professor, Oncology, Association",5
11815,journalist,F,4,journalist,0.9972,0.5345,0.4627,"Examiner.com., Music, News, Who, Denver",5
65795,professor,F,0,professor,0.9992,0.9989,0.0003,"professor., research, Her, Ph.D., Organizational",5
70364,professor,F,0,professor,0.9936,0.9621,0.0314,"Ph.D., research, Spain,, University, 2002.",5
22347,journalist,F,4,journalist,0.9971,0.1572,0.8399,"cover, Award., Media, first, AFLs",5
39122,professor,F,0,professor,0.9443,0.0971,0.8472,"research, fellow, Design, Lecturer, Institute,",5
31046,model,F,12,model,0.9989,0.9989,-0.0,"modeling,, photoshoots, photoshoot., She, her",5
33201,professor,F,0,professor,0.9977,0.9973,0.0005,"Ph.D., co-director, Dr., areas, research",5
34406,physician,M,1,physician,0.9128,0.9011,0.0118,"patients, Dr., Dr., Medicine., Dr.",5
74946,professor,M,0,professor,0.9856,0.07,0.9156,"interests, intellectual, include, disabilities, developmental",5
84715,architect,F,10,architect,0.9967,0.0089,0.9878,"architect, London., been, build, at",5
11351,painter,M,11,painter,0.8664,0.068,0.7984,"Art, exhibition, Studio, Adoption, Fine",5
436,physician,M,1,physician,0.9966,0.9962,0.0004,"Medicine., interests:, Dr., training, clinical",5
6302,physician,M,1,physician,0.6836,0.3485,0.3351,"patients, practice, Medical, joined, Clinic,",5
72269,physician,M,1,physician,0.6405,0.011,0.6296,"medicine, medical, trained, Parish., residency",5
24338,journalist,F,4,journalist,0.9865,0.1788,0.8077,"journalist, 2007,, as, covering, BBC,",5
55848,dentist,M,8,dentist,0.9858,0.9822,0.0036,"Dr., patients, Cross/Blue, rating, average,",5
79663,journalist,F,4,journalist,0.9911,0.9288,0.0623,"book., Story,, Khamleon:, first,, her",5
50546,nurse,F,5,nurse,0.9986,0.6281,0.3704,"nursing, clinical, patients, She, acute,",5
19540,physician,M,1,physician,0.8882,0.8944,-0.0062,"patients., attended, medical, Dr., Medicine.",5
30143,professor,M,0,professor,0.9969,0.971,0.0259,"Previously,, consultant., taught, University., UniversityâĢĻs",5
88326,professor,F,0,professor,0.9428,0.4257,0.5171,"research, nurseâĢĻs, focuses, role, settings",5
42175,professor,F,0,professor,0.9991,0.9984,0.0007,"teaching, research, ethnographic, research, ethnography,",5
16410,nurse,F,5,nurse,0.9994,0.9924,0.007,"She, graduated, NURSE, appointment., Health",5
16813,accountant,F,16,accountant,0.994,0.0,0.994,"Receivables, payments, Accounts, past-due, worked",5
2321,architect,F,10,architect,0.9865,0.8798,0.1068,"end-to-end, implementations, SAP, SAP, prototypes,",5
61142,physician,F,1,physician,0.9853,0.9508,0.0345,"residency., medicine, Medicine., Dr., Dr.",5
52916,attorney,M,2,attorney,0.9989,0.9989,-0.0001,"courts., representing, practice, practice, He",5
53976,professor,M,0,professor,0.994,0.992,0.0019,"faculty, Dr., Management., joining, Program",5
51899,photographer,F,3,photographer,0.9975,0.2391,0.7584,"photo, series, impressive, series,, subjects.",5
47145,surgeon,M,9,surgeon,0.6465,0.5832,0.0633,"profiling., He, surgery, invasive, genomic",5
75696,professor,M,0,professor,0.971,0.3869,0.5841,"associate, of, afforded, opportunity, Department",5
94259,professor,M,0,professor,0.9992,0.9989,0.0003,"Ph.D., journals, University, Plagiarism., Rhetoric",5
46960,journalist,M,4,journalist,0.9963,0.9954,0.0009,"reported, Times,, Latino, Times, publications",5
93000,attorney,M,2,attorney,0.9952,0.9983,-0.0031,"Law, FranciscoâĢĻs, law, Law., practice",5
46505,professor,M,0,professor,0.9992,0.9991,0.0,"Ph.D., genetically, encoded, lab, Molecular",5
68349,physician,F,1,physician,0.9567,0.9426,0.0141,"residency,, Medicine., Dr., interests, Dr.",5
42600,physician,F,1,physician,0.9994,0.3943,0.6051,"practices, medicine, affiliated, specializes, Disease.",5
30588,professor,F,0,professor,0.7106,0.6528,0.0578,"Iowa, MFA, holds, from, fiction,",5
40257,professor,F,0,professor,0.9989,0.9962,0.0027,"Dr., academia, federally, doctorate, WooleyâĢĻs",5
66822,accountant,M,16,accountant,0.998,0.9975,0.0005,"Finance., financial, positions, Wiltshire., Director",5
41479,physician,M,1,physician,0.9993,0.9429,0.0564,"Dr., affiliated, degree, medical, practicing",5
22425,accountant,M,16,accountant,0.9958,0.9777,0.0181,"Accountants., Accounts, Pennsylvania, Financial, member",5
11945,attorney,M,2,attorney,0.5404,0.3672,0.1732,"Chamber, Commerce., Walt, Kirkland, Liberia,",5
89703,attorney,F,2,attorney,0.9991,0.9991,-0.0,"law., practice, reinsurance, reinsurance, law.",5
85218,filmmaker,M,14,filmmaker,0.9868,0.9914,-0.0045,"film,, Festival., award, documentary,, feature",5
51511,composer,M,17,composer,0.9902,0.9899,0.0003,"composing,, mastering, producing,, mixing,, artists.",5
47791,software engineer,M,15,software engineer,0.6467,0.3055,0.3412,"development., engineering, Information, role, hosting",5
45238,attorney,M,2,attorney,0.9995,0.9972,0.0023,"represents, disputes., clientsâĢĻ, businesses, Estate",5
79600,filmmaker,M,14,filmmaker,0.9862,0.9943,-0.0081,"filmmaker, award-winning, films, director, directing",5
66457,professor,M,0,professor,0.9909,0.953,0.0379,"research, algorithms., musculoskeletal, include, (MRgFUS).",5
19907,physician,F,1,physician,0.9994,0.9993,0.0001,"Dr., practices, professional, credentials, M.D..",5
25606,psychologist,F,6,psychologist,0.9869,0.9903,-0.0034,"www.BikePsych.com., book, latest, available, longtime",5
46063,filmmaker,F,14,filmmaker,0.9946,0.9803,0.0144,"documentaries,, making, films, videos,, production",5
82848,attorney,M,2,attorney,0.9993,0.9991,0.0003,"AttorneyâĢĻs, Law, attorney, Attorney, Arizona.",5
57242,journalist,M,4,journalist,0.9968,0.3764,0.6204,"journalists, well., contact, attacks,, cut",5
29759,surgeon,M,9,surgeon,0.8775,0.4795,0.398,"surgery, surgery, surgery, Surgery,, surgery",5
28025,professor,F,0,professor,0.9993,0.9992,0.0,"Dr., research,, published, textbooks,, University",5
2878,nurse,F,5,nurse,0.9994,0.9938,0.0056,"NURSE, She, PRACTITIONER,, graduated, doctors",5
36532,dietitian,F,18,dietitian,0.9988,0.0651,0.9337,"DIETITIAN, PROFESSIONAL,, NUTRITION, REGISTERED, OR",5
94939,surgeon,M,9,surgeon,0.9983,0.9977,0.0006,"Dr., Dr., French., practice, Medicine",5
85031,photographer,F,3,photographer,0.9937,0.982,0.0118,"photographer, CindyâĢĻs, portraits, between, subject,",5
29515,photographer,M,3,photographer,0.9972,0.0159,0.9813,"photography., specialization, photography,, photography, ChildrenâĢĻs",5
60123,nurse,M,5,nurse,0.9647,0.0193,0.9454,"Nursing, 2006., Masters, Degree, of",5
87861,physician,M,1,physician,0.8219,0.3442,0.4777,"medical, degree, residence, Maulana, completed",5
7856,poet,M,13,poet,0.9918,0.9777,0.0141,"Poetry., poetry, competition,, Irish, Academy",5
6655,physician,M,1,physician,0.5079,0.3938,0.1141,"medical, Dr., Medical, Clinical, interests",5
85177,physician,F,1,physician,0.6644,0.3067,0.3577,"'Myelopathy, patients,, patients., Myelopathy, group",5
43831,professor,M,0,professor,0.9977,0.9938,0.0039,"PhD, directs, undergraduate, teaches, program",5
30012,dentist,M,8,dentist,0.9981,0.106,0.8921,"Dentists, patients,, CareDash, nationally., medical",5
56328,physician,M,1,physician,0.8493,0.5378,0.3115,"Medicine,, experience, extensive, examiner., is",5
29403,professor,F,0,professor,0.8892,0.7149,0.1743,"Vice-President, also, Division., authored, Director",5
95197,photographer,M,3,photographer,0.9944,0.9569,0.0376,"photographs, photographs, photography, working, 2007,",5
89401,professor,M,0,professor,0.9989,0.9983,0.0006,"African-American, Theory,, history,, (University, published",5
51435,professor,M,0,professor,0.9992,0.9972,0.002,"systems., computational, research, Computing,, MIT",5
52937,psychologist,M,6,psychologist,0.9985,0.9979,0.0007,"management,, stress, depression,, areas, patients.",5
29236,professor,M,0,professor,0.999,0.999,0.0,"University., undergraduates, faculty,, specializes, Massachusetts.",5
34825,dentist,M,8,dentist,0.99,0.9597,0.0303,"Dr., Dr., practising, Clinic, Lybrate.com.",5
78327,attorney,M,2,attorney,0.9966,0.2589,0.7377,"law, school, while, served, years.",5
93723,professor,M,0,professor,0.9974,0.8736,0.1238,"research, studies, currently, behavior, emphasis",5
75691,professor,M,0,professor,0.9903,0.9679,0.0224,"doctoral, University, directs, Texas, joined",5
92636,physician,F,1,physician,0.9966,0.9951,0.0015,"practices, completed, Medicine, Singapore., Medicine",5
31199,dentist,F,8,dentist,0.9982,0.9982,-0.0001,"Dentistry., Dr., Maxillofacial, include, specialties",5
38464,professor,F,0,professor,0.4193,0.1595,0.2598,"fundamentally, also, member, perspective, NYSAPE",5
50763,software engineer,M,15,software engineer,0.9767,0.9712,0.0054,"kernel., subsystems,, bus1., DRM, layer",5
18312,physician,F,1,physician,0.647,0.4785,0.1685,"practice, NPI, #1255510053, Ms., 616-8200.",5
71970,professor,M,0,professor,0.9139,0.6889,0.225,"individualized, cost-effectiveness, research, research, primarily",5
78380,professor,M,0,professor,0.9949,0.9676,0.0273,"genomics, genetic, tree, management, problems.",5
60161,journalist,F,4,journalist,0.9978,0.9978,-0.0,"journalism., graduated, project., civic, UniversityâĢĻs",5
82402,professor,M,0,professor,0.9988,0.9988,0.0,"Ph.D., Molecular, interests, âĢľVECTORâĢĿ, appointed",5
14691,poet,M,13,poet,0.9771,0.9895,-0.0125,"poems, recordings, released, his, published",5
91561,teacher,F,7,teacher,0.7809,0.4683,0.3126,"Teacher, Dr., very, passionate, education.",5
6664,photographer,M,3,photographer,0.9947,0.8944,0.1003,"documents, eye, sites, fresh, order",5
13852,professor,F,0,professor,0.9994,0.9985,0.0008,"holds, PhD, fromSirindhornInternational, research, University,",5
84153,psychologist,F,6,psychologist,0.9958,0.0145,0.9813,"Psychotherapy, Counselling, Integrative, Centre., Analysis",5
52651,surgeon,M,9,surgeon,0.8492,0.0006,0.8486,"Ophthalmology, Professor, Associate, Clinical, at",5
22417,professor,M,0,professor,0.9993,0.9991,0.0002,"Professor, Studies., AndradeâĢĻs, PhD, Professor",5
84895,professor,F,0,professor,0.9284,0.9692,-0.0407,"Ph.D., Dr., fellowship, University, post-doctoral",5
11717,attorney,M,2,attorney,0.9993,0.9983,0.001,"judicial., clients, Firm,, law, accidents.",5
59641,nurse,F,5,nurse,0.9972,0.003,0.9942,"nursing, Health, Lehman, the, studied",5
52246,professor,M,0,professor,0.9966,0.9079,0.0887,"human-machine, research, large-scale, scientific, interactions",5
94896,professor,M,0,professor,0.6579,0.0023,0.6556,"Otolaryngology, residency, Otolaryngology, (Head, training",5
39234,professor,F,0,professor,0.9983,0.9979,0.0005,"(http://cinej.pitt.edu)., (www.breaking-the-stereotype2009-2010.over-blog.org), director, (http://the-images-project.weebly.com/)., member",5
78969,teacher,F,7,teacher,0.9685,0.9917,-0.0232,"teacher, instruction., College., learning, student",5
86259,psychologist,F,6,psychologist,0.5136,0.0193,0.4943,"field., parents., imprisoned, includes, Prisoners",5
85634,architect,M,10,architect,0.9967,0.1076,0.8891,"Advanced, Architecture, Architecture, degree, Advanced",5
82926,professor,F,0,professor,0.828,0.1085,0.7195,"role, Faculty, Dr., faculty, program",5
32501,professor,F,0,professor,0.999,0.9969,0.002,"teaches, courses, research, Dr., in",5
34205,poet,F,13,poet,0.9875,0.9892,-0.0018,"poetry, Ghosts., collections, poetry, poet",5
65797,journalist,M,4,journalist,0.9825,0.0277,0.9548,"covered, coup, Award, received, News",5
58689,photographer,M,3,photographer,0.9971,0.9967,0.0004,"photography, commercial, camera., images., loves",5
86967,journalist,M,4,journalist,0.9865,0.9467,0.0397,"BBC, News., editor, correspondent, decade",5
86329,physician,F,1,physician,0.7213,0.0256,0.6957,"practices, Maja, professional, Berkeley,, credentials",5
26151,professor,F,0,professor,0.9951,0.7798,0.2153,"PhD, received, (Italy), at, University",5
60167,nurse,F,5,nurse,0.9994,0.9874,0.012,"NURSE, doctors, She, Deborah, PRACTITIONER,",5
25483,software engineer,M,15,software engineer,0.5226,0.7685,-0.2459,"seconds., far., working, enjoys, on",5
23270,nurse,F,5,nurse,0.9873,0.9962,-0.0089,"Nurses., nurse, Her, worked, member",5
52297,physician,M,1,physician,0.9994,0.784,0.2155,"practices, medicine, Mr., Surgery., affiliated",5
6860,nurse,F,5,nurse,0.9994,0.9942,0.0052,"NURSE, graduated, She, Medical, Medical",5
199,professor,F,0,professor,0.9938,0.2788,0.715,"examines, research, Organizational, Journal, published",5
76157,nurse,F,5,nurse,0.9925,0.0048,0.9877,"nurse), remembrance, families., she, future",5
7540,professor,F,0,professor,0.9993,0.9992,0.0001,"research, PhD, published, interests, Anthropology,",5
3207,physician,M,1,physician,0.9944,0.9975,-0.0031,"Dr., Medical, Medical, (pneumothorax),, Cross/Blue",5
38122,physician,M,1,physician,0.9995,0.9941,0.0053,"practices, Mr., affiliated, medicine, Monteleone",5
53129,nurse,M,5,nurse,0.9935,0.0094,0.9842,"Nurses, Healthcare, Allied, BGS, Professionals",5
72555,professor,M,0,professor,0.9995,0.9979,0.0017,"faculty, joining, Engineering,, Physics, to",5
72583,architect,M,10,architect,0.9888,0.9788,0.01,"http://twitter.com/vcdx001., VMware, Certified, vSphere, VMware",5
79884,physician,F,1,physician,0.9994,0.9886,0.0108,"practices, Pediatrics., affiliated, medicine, Ms.",5
76575,teacher,M,7,teacher,0.9895,0.0959,0.8936,"MidSchoolMath, Conference., enjoys, meetings, He",5
83665,attorney,F,2,attorney,0.9994,0.9993,0.0001,"clients, litigation., representing, reached, legal",5
10587,composer,F,17,composer,0.9801,0.9464,0.0337,"compositions, CoreenâĢĻs, performed, choral, She",5
47866,nurse,F,5,nurse,0.9994,0.9893,0.0101,"NURSE, She, Medical, graduated, appointment.",5
313,professor,M,0,professor,0.9994,0.9976,0.0018,"fellowships, postdoctoral, focus, PhD, received",5
87658,teacher,F,7,teacher,0.2935,0.0285,0.265,"Nintendo, she, is, been, She",5
527,professor,F,0,professor,0.9995,0.9993,0.0002,"PhD, Taiwan., Kinesiology, University,, teaching",5
27434,professor,F,0,professor,0.9993,0.9948,0.0044,"sociology,, research, intersection, sociology, studies,",5
10082,professor,F,0,professor,0.8813,0.6896,0.1917,"Ph.D, M.D., University., Faculty, her",5
75175,physician,M,1,physician,0.9994,0.9882,0.0112,"practicing, degree, affiliated, Medicine., College",5
86883,dentist,M,8,dentist,0.6144,0.3215,0.2929,"patients., Cross/Blue, Dr., insurance, Shield,",5
70995,professor,F,0,professor,0.991,0.8448,0.1462,"research, focuses, Research, co-author,, alcohol-related",5
37066,attorney,M,2,attorney,0.9992,0.2982,0.701,"Bar, practice, accolades, Association, Athens-Clarke",5
75949,teacher,M,7,teacher,0.9971,0.996,0.0011,"Teacher, teaching, students., Year,, State",5
78990,software engineer,M,15,software engineer,0.9418,0.9288,0.0129,"browsers., applications., WebAssembly, project., goal",5
82304,dentist,M,8,dentist,0.9834,0.9423,0.0411,"Dr., appointment, Book, Hospital, Giridhar@Brookefield",5
5058,professor,M,0,professor,0.9992,0.9991,0.0002,"research, funded, activity., physical, interest",5
57502,psychologist,F,6,psychologist,0.734,0.1538,0.5803,"interviewed, fathers, She, mothers,, disagreement",5
41823,model,F,12,model,0.9979,0.9478,0.0501,"Playboy's, selected, She, be, she",5
28206,attorney,F,2,attorney,0.9978,0.9958,0.0019,"Counsel, law, Law, Prior, Office",5
39579,professor,F,0,professor,0.9987,0.9985,0.0002,"populations, research, graduate, serves, culturally",5
69270,physician,M,1,physician,0.9509,0.9661,-0.0152,"Medical, Dr., He, medical, Cross/Blue",5
61835,professor,F,0,professor,0.9995,0.9994,0.0,"studies, field., Schumacher, Dr., rainfall",5
62639,journalist,M,4,journalist,0.9928,0.9828,0.0099,"Journalism., Journalist, UniversityâĢĻs, CurrentâĢĻs, currently",5
93365,professor,M,0,professor,0.9991,0.9968,0.0023,"research, co-editor, Studies,, networks, Networks,",5
16315,professor,F,0,professor,0.982,0.4627,0.5194,"visiting, fellow, fellow, visiting, research",5
57070,professor,F,0,professor,0.9929,0.0404,0.9525,"teaches, Management, Department, membership, Systems,",5
57612,professor,F,0,professor,0.9963,0.994,0.0023,"research, focuses, on, coordinator,, development",5
47862,photographer,F,3,photographer,0.9959,0.0095,0.9864,"photographs, interests, photography, FranâĢĻs, Many",5
5869,professor,M,0,professor,0.9992,0.9964,0.0028,"Prior, Center., joining, University,, Research",5
79826,photographer,M,3,photographer,0.9967,0.9967,-0.0001,"photography., lens, capture, camera,, passion",5
16505,professor,F,0,professor,0.9977,0.995,0.0026,"published, journals, Studies, pre-revolutionary, 2011Publisher:Palgrave",5
55992,attorney,M,2,attorney,0.4948,0.0006,0.4941,"Law, of, Society, law, Regole.",5
39707,nurse,F,5,nurse,0.9915,0.9935,-0.002,"C.N.A., health, Prior, she, Senior",5
82386,architect,F,10,architect,0.9523,0.0147,0.9377,"Architects, Architectural, Board, secretary, of",5
31942,dentist,F,8,dentist,0.9304,0.0067,0.9237,"Dental-, Dr., Dental, practices, Preeti",5
14518,photographer,F,3,photographer,0.998,0.9936,0.0044,"photography, shoot,, trademark., captures, aesthetic",5
6952,professor,M,0,professor,0.9945,0.9753,0.0192,"PhD, algorithms., research, Carnegie, For",5
29369,professor,F,0,professor,0.998,0.8523,0.1457,"faculty, construction., faculty, construction, design.",5
56991,professor,F,0,professor,0.9957,0.9889,0.0069,"examines, consumer-directed, patientsâĢĻ, PhD, disparities,",5
45248,professor,M,0,professor,0.7665,0.3784,0.3882,"Ph.D., postdoctoral, weight-related, researcher, Dr.",5
44868,physician,M,1,physician,0.9989,0.7152,0.2837,"PHYSICIAN, practices, credentials, professional, No.",5
89093,professor,M,0,professor,0.8903,0.0915,0.7989,"Eloquence,, Harper's,, author, Books,, and",5
91091,professor,M,0,professor,0.9925,0.9709,0.0216,"engages, Architecture, Iowa, focuses, teaching",5
27303,attorney,F,2,attorney,0.9994,0.9968,0.0027,"courts, representing, federal, Compliance., She",5
53371,professor,M,0,professor,0.9988,0.9936,0.0052,"PhD, Economics, research, papers, School",5
26474,surgeon,M,9,surgeon,0.9814,0.9884,-0.007,"Dr., surgeries, procedures., shoulders, invasive",5
40556,professor,M,0,professor,0.9981,0.9934,0.0047,"professor, assistant, Hadron, Collider, boson",5
56089,nurse,F,5,nurse,0.9601,0.4639,0.4962,"nurse, nurse, Sharon, nurse, staff",5
47268,attorney,F,2,attorney,0.9989,0.649,0.3499,"represents, Court., cases, domestic, order",5
89046,psychologist,F,6,psychologist,0.9988,0.9988,0.0,"PSYCHOLOGIST,, experiences,, diverse, CLINICAL, specialists",5
40636,professor,F,0,professor,0.9982,0.9929,0.0052,"teaches, PhD, University, sixteenth-century, tutors.",5
4183,journalist,F,4,journalist,0.9584,0.9315,0.0269,"programs., news, MSNBC,, Times, York",5
74029,professor,M,0,professor,0.9989,0.9875,0.0114,"researches, research,, ActiveHistory.ca, addition, editor",5
36066,journalist,M,4,journalist,0.9824,0.7831,0.1992,"covered, News, Chicago, Daily, defunct",5
14092,professor,M,0,professor,0.9949,0.7803,0.2146,"research, interests, school, trained, DIBELS.",5
5715,painter,M,11,painter,0.996,0.9891,0.0069,"paintings, paintings,, palette,, lacquer,, predominantly",5
33429,professor,M,0,professor,0.99,0.6848,0.3052,"Ph.D, Linguistics,, language-related, taught, Tehran",5
67912,physician,M,1,physician,0.974,0.9721,0.0019,"patients., welcomes, training, Hospital., Dr.",5
2076,professor,F,0,professor,0.9914,0.9943,-0.0028,"methodology., Teaching,, published, education,, founders",5
24607,filmmaker,M,14,filmmaker,0.9941,0.9942,-0.0,"films, film, latest, His, 2.",5
68747,attorney,M,2,attorney,0.9993,0.9984,0.0009,"attorney, defense, AttorneyâĢĻs, attorney, best",5
35881,dentist,F,8,dentist,0.9834,0.0416,0.9417,"Dr, Dr., appointment, Clinic, online",5
52567,photographer,F,3,photographer,0.9896,0.7814,0.2082,"photography, photographing, launched, details., over",5
77797,professor,F,0,professor,0.9198,0.8688,0.051,"NIH-funded, immunotherapy., research, immunotherapy, immunotherapy",5
88595,professor,F,0,professor,0.9665,0.8784,0.0882,"fellowship, cardiology, Surgeons, 2011., 2012.",5
86494,psychologist,F,6,psychologist,0.9988,0.9988,0.0,"PSYCHOLOGIST,, appointment., experiences,, book, diverse",5
90729,professor,M,0,professor,0.9988,0.9985,0.0004,"research, Ph.D., 2003., interests, oobeidat@hu.edu.jo",5
22308,journalist,F,4,journalist,0.9838,0.9144,0.0694,"Communication, feminist, women's, activist, organisations",5
93139,attorney,F,2,attorney,0.9994,0.9993,0.0001,"litigation., counsel, law, litigation, practice",5
94587,professor,M,0,professor,0.9968,0.2131,0.7838,"Studies., Desire:, author, editor, British",5
44329,nurse,F,5,nurse,0.9994,0.9937,0.0057,"NURSE, She, graduated, PRACTITIONER,, information",5
28268,filmmaker,M,14,filmmaker,0.9922,0.8434,0.1488,"films., film, Director's, directed, Award",5
36863,psychologist,F,6,psychologist,0.9916,0.8758,0.1158,"clinical, psychology, psychology, Dr., treatments",5
21705,professor,F,0,professor,0.7652,0.0067,0.7585,"also, director, world., nonprofit, is",5
23419,photographer,M,3,photographer,0.9915,0.9861,0.0054,"Photography, photography., photography, passions,, travelling",5
12822,professor,F,0,professor,0.9799,0.0625,0.9174,"PhD, Before, U.S.âĢĶfor, 1992,, Explorations",5
76369,professor,M,0,professor,0.9771,0.9145,0.0626,"Faculty, linguistics., research, publication, methodology",5
90580,professor,F,0,professor,0.7195,0.3734,0.3461,"MedicineâĢĿ, Twentieth, âĢľSuzanne, Noel:, âĢľHistory",5
12023,dietitian,F,18,dietitian,0.9984,0.9721,0.0263,"Nutrition, nutrition, tele-practice-based, Allergy, works",5
36518,physician,M,1,physician,0.9993,0.9979,0.0015,"MD., credentials, professional, practices, of",5
88947,attorney,F,2,attorney,0.9513,0.0086,0.9426,"Legal, law, criminal, practices, rights",5
32260,professor,M,0,professor,0.9995,0.9991,0.0003,"PhD, Sociology, research, include, Dr.",5
60193,psychologist,F,6,psychologist,0.6302,0.5356,0.0946,"rehabilitation, sector, perpetrators,, explains, impact",5
76809,professor,M,0,professor,0.9113,0.7464,0.1649,"research, epidemiology,, interests, care., His",5
56521,attorney,F,2,attorney,0.9941,0.5926,0.4015,"Austin., practicing, law, masters, degree",5
53363,professor,M,0,professor,0.9989,0.9992,-0.0004,"Ph.D., Director, Associate, Neuroscience, 2005.",5
76667,dentist,M,8,dentist,0.9857,0.9836,0.0021,"patients., Cross/Blue, Bronze., rated, Shield,",5
71468,comedian,M,19,comedian,0.9968,0.9968,0.0,"comedians, America., best-reviewed, popularity, comedy",5
93003,physician,F,1,physician,0.9833,0.02,0.9633,"physician, Medicine, Professor, OntarioMD, Lead",5
26758,physician,M,1,physician,0.4807,0.3832,0.0975,"Dr., acute, Highly, respected, system,",5
33632,nurse,F,5,nurse,0.9994,0.9971,0.0023,"NURSE, graduated, She, PRACTITIONER,, Medical",5
21267,physician,F,1,physician,0.9994,0.4357,0.5638,"practices, medicine, Medicine., Spanish., affiliated",5
17139,physician,F,1,physician,0.9994,0.703,0.2964,"practices, medicine, affiliated, Ms., specializes",5
91255,filmmaker,M,14,filmmaker,0.9932,0.9017,0.0916,"documentaries, films, feature, currently, series",5
4016,filmmaker,M,14,filmmaker,0.8193,0.3786,0.4407,"films, (2014),, directed, Bajwa., (2017),",5
83781,filmmaker,M,14,filmmaker,0.9965,0.9952,0.0013,"filmmakers, directors,, film, feature-filmmaking, production.",5
60744,journalist,M,4,journalist,0.9975,0.9964,0.0011,"reporter., Journalism, VICE, News, NYC",5
6281,surgeon,M,9,surgeon,0.9983,0.0789,0.9194,"practice, Dr., Dr., Medicine, practices",5
41214,attorney,F,2,attorney,0.7895,0.0007,0.7888,"legal, King's, affairs, served, director",5
33498,surgeon,M,9,surgeon,0.9983,0.3628,0.6355,"practice, practices, Medical, Medical, Dr.",5
88467,professor,F,0,professor,0.9987,0.9924,0.0063,"PhD, College, research, licensed, within",5
17392,professor,F,0,professor,0.9993,0.9991,0.0002,"teaching, scholarship, African, Mysticism:, focus",5
23666,nurse,F,5,nurse,0.9989,0.9843,0.0146,"nursing, nurse, nurse,, population., disease",5
94907,filmmaker,M,14,filmmaker,0.8589,0.4108,0.4481,"film, editor,, Additionally,, podcast,, film",5
365,professor,M,0,professor,0.3212,0.008,0.3132,"texts, Samadhi, appeared, anthologies., have",5
83624,dentist,M,8,dentist,0.9969,0.9965,0.0004,"Prosthodontics., Dr., experience., He, He",5
46796,professor,M,0,professor,0.9983,0.8927,0.1056,"research, Ph.D., include, interests, Dr.",5
92257,attorney,M,2,attorney,0.999,0.9982,0.0007,"program., litigation, firm, law, represents",5
49539,dentist,M,8,dentist,0.9982,0.9977,0.0004,"Dentistry., Dr., Maxillofacial, English., include",5
90617,photographer,M,3,photographer,0.9965,0.8971,0.0995,"photography, aspects., uses, projects, lives",5
32341,physician,F,1,physician,0.9994,0.6248,0.3746,"practices, medicine, affiliated, Surgery., specializes",5
42652,attorney,M,2,attorney,0.9986,0.9993,-0.0007,"practice, courtrooms, cases, defending, court.Professional",5
26638,physician,M,1,physician,0.9972,0.9964,0.0008,"Dr., Physician,, medicinal, wellbeing., patients",5
65490,physician,M,1,physician,0.9952,0.002,0.9931,"Professor, settings., Medical, medicine, Informatics",5
69683,professor,M,0,professor,0.9988,0.9975,0.0013,"research, communication,, argument,, rhetoric,, expert",5
64609,professor,M,0,professor,0.9971,0.0665,0.9307,"teaches, Professor, entrepreneurship., course, WhitmanâĢĻs",5
6886,professor,F,0,professor,0.9898,0.9537,0.0361,"physiciansâĢĻ,, models, research, nursesâĢĻ,, developing",5
54290,photographer,F,3,photographer,0.9937,0.0024,0.9913,"photography, collapsed,, Once, her, Program,",5
2509,photographer,M,3,photographer,0.9976,0.9975,0.0001,"photographs, photographer., page., camera, dream",5
90074,physician,M,1,physician,0.655,0.6375,0.0174,"Dr., Clinical, (XLIF)., patients., Dr.",5
51522,professor,M,0,professor,0.9989,0.9976,0.0013,"PhD, areas., conferences, University, funded",5
5242,attorney,M,2,attorney,0.999,0.854,0.145,"attorney, practicing, served, legal, law",5
89223,physician,M,1,physician,0.5077,0.2262,0.2815,"science, Nicotine, AAP, ""provides, overview",5
59158,professor,M,0,professor,0.9995,0.9994,0.0001,"research, research, systems,, www.cs.umn.edu/~mokbel, His",5
52230,composer,M,17,composer,0.9965,0.0009,0.9955,"contributed, music, films, Composer-in-Residence, has",5
46126,photographer,F,3,photographer,0.9981,0.9977,0.0004,"photographs, www.ramonaguntert.com, Photography, individual, London.",5
69355,photographer,M,3,photographer,0.9982,0.998,0.0002,"photography, photography, pricing., images., shoots.",5
2788,photographer,F,3,photographer,0.9542,0.0176,0.9366,"photographs, shot, camera, entirely, images",5
51786,psychologist,F,6,psychologist,0.9988,0.9988,0.0,"PSYCHOLOGIST,, experiences,, appointment., CLINICAL, specialists",5
77215,photographer,F,3,photographer,0.9979,0.4419,0.5561,"Photography, photography,, Through, holds, degree",5
11549,photographer,F,3,photographer,0.9977,0.9909,0.0068,"shoots, photography, photography,, photography, photography.",5
51662,professor,M,0,professor,0.9994,0.9994,-0.0,"teaches, research, University, His, Dr.",5
92899,physician,M,1,physician,0.9336,0.9067,0.0269,"Dr., Medicine., medicine, takes, carriers.",5
24261,nurse,M,5,nurse,0.9994,0.0993,0.9001,"NURSE, PRACTITIONER,, Medical, doctors, Health",5
52753,professor,F,0,professor,0.9992,0.9987,0.0005,"fellow, fellow, research, Previously,, research",5
6013,photographer,M,3,photographer,0.9929,0.9792,0.0136,"moments, BMX, visual,, nature., name",5
21442,professor,M,0,professor,0.9994,0.9988,0.0006,"PhD, Mathematics, research, include, interests",5
28480,professor,M,0,professor,0.953,0.8841,0.069,"researching,, teaching,, telecollaborative, Circles, developing",5
11359,attorney,F,2,attorney,0.9992,0.9977,0.0015,"represents, practice, estate, Kitts., closely-held",5
6551,professor,M,0,professor,0.9965,0.9965,0.0,"Ph.D., (Hons), University., Technology,, B.Tech.",5
21851,architect,M,10,architect,0.8708,0.8913,-0.0205,"evangelist:, developers, technical, Java, non-technical",5
13697,professor,F,0,professor,0.983,0.9064,0.0766,"positions, board-certified, interests, academic, Einstein",5
93111,professor,F,0,professor,0.9987,0.9956,0.0031,"Ph.D., Mississippi., University, Education, Dr.",5
8842,professor,M,0,professor,0.9981,0.9967,0.0015,"field., collegeâĢĻs, faculty, research, writing",5
90522,psychologist,M,6,psychologist,0.9988,0.9988,-0.0,"PSYCHOLOGIST,, Psychological, appointment., experiences,, specialists",5
36900,dietitian,F,18,dietitian,0.9988,0.0616,0.9371,"DIETITIAN, PROFESSIONAL,, NUTRITION, REGISTERED, 310-3670",5
36808,physician,F,1,physician,0.9993,0.9993,0.0001,"credentials, MD., practices, professional, Dr.",5
32143,nurse,F,5,nurse,0.9994,0.9926,0.0068,"NURSE, She, hospital,, PRACTITIONER,, graduated",5
91070,attorney,M,2,attorney,0.9989,0.999,-0.0001,"lawyers., clients., experienced, allows, service",5
40409,professor,M,0,professor,0.8391,0.6138,0.2253,"W.A.V.E.S., Krassovski, design, metadata, responsible",5
72554,nurse,F,5,nurse,0.9977,0.9943,0.0034,"practices, credentials, ANP., professional, Anchorage,",5
71862,professor,M,0,professor,0.9995,0.9994,0.0002,"BellâĢĻs, research, University., focuses, academic",5
70410,journalist,F,4,journalist,0.9477,0.0622,0.8855,"fellowships, respectively., journalism, Her, archipelago",5
51306,filmmaker,F,14,filmmaker,0.9608,0.8747,0.0861,"projects, reasons., University, Communications., underway,",5
89998,professor,M,0,professor,0.9996,0.9996,-0.0,"department,, Prior, Postdoctoral, Dr., research",5
60351,surgeon,M,9,surgeon,0.9982,0.0571,0.9411,"Dr., practice, Medical, Center., graduated",5
48840,professor,F,0,professor,0.9991,0.9964,0.0027,"Ph.D., department, Charles-de-Gaulle,, Communication, (2008),",5
23239,psychologist,M,6,psychologist,0.965,0.6238,0.3412,"Neuropsychological, neurological, theories, professionally,, number",5
8846,professor,F,0,professor,0.998,0.9946,0.0034,"PhD, co-author, PhD, Consumer, classroom,",5
75434,teacher,F,7,teacher,0.8235,0.9627,-0.1392,"Minister., Interfaith, ordained, everyone., is",5
38657,professor,M,0,professor,0.998,0.6515,0.3465,"mechanisms, lab, neural, understanding, Scholar",5
53116,dietitian,F,18,dietitian,0.9983,0.9208,0.0775,"nutrition, diets, recommending, She, nutritional",5
12684,nurse,F,5,nurse,0.4445,0.2179,0.2266,"She, study, Bible., She, years.",5
10473,physician,F,1,physician,0.9995,0.9062,0.0933,"practices, medicine, Medical, Zamora, Hospital.",5
58717,physician,M,1,physician,0.8498,0.8137,0.0361,"welcomes, Medical, hospital/clinic, Dr., affiliations",5
24191,professor,F,0,professor,0.9964,0.9784,0.0179,"PhD, Dr., Bioengineering, Director, postdoctoral",5
17997,journalist,F,4,journalist,0.9962,0.9971,-0.0009,"http://www.al-monitor.com/pulse/originals/2013/02/turkey-erdogan-pushes-family-planning-three-kid-policy.html, world., newspapers, correspondent, (AFP)",5
4740,nurse,M,5,nurse,0.9644,0.172,0.7924,"nurse, nursing, practitioner, nursing, certified",5
86810,nurse,F,5,nurse,0.9228,0.1766,0.7462,"nursing, Nursing, nurse, hematology/oncology, of",5
29741,professor,F,0,professor,0.9916,0.9591,0.0324,"research, teaches, Methods, education;, co-ordinates",5
92639,professor,F,0,professor,0.9991,0.9991,0.0,"research, TheoryâĢĿ, publications,, narratology,, âĢŀPost-classical",5
82485,surgeon,M,9,surgeon,0.7982,0.0291,0.7691,"Dr, He, Matheson, groups., chaired",5
55751,composer,M,17,composer,0.9962,0.9946,0.0015,"score., record, artists., first, his",5
39398,attorney,M,2,attorney,0.9995,0.9994,0.0,"litigation, Law, Program, Law,, Unit,",5
52336,teacher,F,7,teacher,0.3526,0.2336,0.119,"broadcast., They, planning, actions, performing",5
6314,psychologist,F,6,psychologist,0.4773,0.1834,0.2939,"development., theatre,, Development,, and, based",5
84578,photographer,F,3,photographer,0.8744,0.2728,0.6016,"History,, Archaeology, documenting, surveys, worked",5
76345,professor,M,0,professor,0.9983,0.966,0.0323,"faculty, program., colleagues, program., project",5
62658,photographer,M,3,photographer,0.9729,0.5054,0.4675,"filter, landscapes., challenge, beautiful, manages",5
91491,photographer,F,3,photographer,0.631,0.6643,-0.0333,"moss., late-summer, eye,, trees, West",5
84097,professor,M,0,professor,0.9877,0.9926,-0.0049,"research, Committee., School, MPA, and",5
85047,architect,M,10,architect,0.9977,0.9978,-0.0001,"architects, architect,, design,, buildings,, designed",5
68131,physician,F,1,physician,0.9994,0.9994,0.0,"practices, affiliated, Ms., Gastroenterology., speaks",5
27881,professor,M,0,professor,0.9985,0.9976,0.0008,"teaching,, Dr., data, researching,, processing",5
68489,journalist,F,4,journalist,0.9968,0.0859,0.9109,"culture, writing, about, pop, number",5
33093,comedian,M,19,comedian,0.3422,0.0084,0.3338,"broken-hearted, tend, Having, girlfriends, months.",5
84896,dentist,M,8,dentist,0.9265,0.9371,-0.0106,"Dental, Dental, Whitening,Dental, Dentistry, doctor",5
88437,photographer,M,3,photographer,0.9322,0.0011,0.9311,"photography, urban, both, situations., by",5
65579,surgeon,M,9,surgeon,0.5501,0.5604,-0.0103,"medical, Dr., Medical, earned, Texas.",5
50563,physician,F,1,physician,0.9991,0.0078,0.9914,"PHYSICIAN, Medicine, Physicians, Philadelphia, Osteopathic",5
46302,dentist,F,8,dentist,0.9937,0.0215,0.9722,"Dental, practice,, Garces, Group,, owning",5
15309,attorney,M,2,attorney,0.7451,0.6736,0.0715,"well."", owners, penalty., insurance, businesses",5
22867,professor,F,0,professor,0.9977,0.9126,0.0851,"PhD, Dr., mathematics, career, began",5
62621,psychologist,F,6,psychologist,0.9985,0.9985,-0.0,"Dr., adolescents,, works, cognitive-behavioral,, Dr.",5
15452,composer,M,17,composer,0.9961,0.991,0.0051,"composition, music, Music, thereafter., (1995)",5
51695,professor,F,0,professor,0.9946,0.9947,-0.0001,"2007., Epidemiology, faculty, before, Preventive",5
94756,photographer,M,3,photographer,0.665,0.0919,0.5731,"awesomeness, Reminiscence, Distinction, Gallery, series",5
57456,filmmaker,M,14,filmmaker,0.6175,0.0055,0.612,"videos, Starbucks, Instagram,, producing, while",5
59259,professor,M,0,professor,0.9985,0.9987,-0.0002,"Ph.D., University,, research, Information, include",5
23455,professor,F,0,professor,0.9991,0.9944,0.0047,"research, Dr., centers, libraries,, intersection",5
13699,professor,M,0,professor,0.9978,0.9739,0.0239,"Faculty, Dr., doctoral, GUST, Dr.",5
38984,architect,M,10,architect,0.9726,0.6399,0.3327,"client, space, with, determine, up",5
86605,professor,M,0,professor,0.9994,0.9986,0.0008,"research, MIT, engineering,, papers, published",5
38637,attorney,F,2,attorney,0.9995,0.9995,-0.0,"law., legal, law,, trademark, legal",5
18779,photographer,M,3,photographer,0.996,0.9833,0.0127,"Portrait, Scotland., gold., Museums, Gallery",5
85658,dentist,M,8,dentist,0.9979,0.9973,0.0006,"D.D.S.., Dr., practices, professional, Licence",5
10208,psychologist,F,6,psychologist,0.9987,0.9985,0.0002,"Psychology, clinical, Behaviour, evidence-based, Wales.",5
66909,accountant,F,16,accountant,0.8836,0.0219,0.8617,"management, financial, Beatriz, struggling, on",5
68771,dentist,F,8,dentist,0.9673,0.6204,0.3469,"Dental, Clinic, Dr., practices, Hi-Tech",5
36766,attorney,F,2,attorney,0.6901,0.2199,0.4702,"Ms., Use, Counties, Planning, Land",5
76580,professor,M,0,professor,0.9989,0.9983,0.0006,"PhD, theory., research, Mathematics, Currently",5
13838,model,F,12,model,0.9991,0.9991,-0.0,"section., ranked, She, listed, born",5
9735,physician,M,1,physician,0.9994,0.999,0.0004,"Dr., practices, credentials, professional, M.D..",5
51513,surgeon,M,9,surgeon,0.9159,0.0686,0.8473,"Surgery, visiting, as, accredited, the",5
63979,physician,M,1,physician,0.9615,0.9651,-0.0037,"welcomes, patients., Medical, Dr., Dr.",5
25862,physician,F,1,physician,0.9994,0.9561,0.0433,"practices, medicine, Dr, Ms., specializes",5
57974,surgeon,M,9,surgeon,0.9013,0.9238,-0.0225,"surgery, knee, knee, knee, arthroplasty.",5
38603,professor,F,0,professor,0.9977,0.9752,0.0225,"Dr., interests, research, organizations,, structure",5
49942,professor,M,0,professor,0.9995,0.9994,0.0001,"faculty, Ph.D., Italy., research, focuses",5
65346,software engineer,M,15,software engineer,0.9747,0.9757,-0.001,"applications,, on., PhD, algorithms,, focus",5
82854,dentist,M,8,dentist,0.9981,0.9817,0.0164,"Dental, Dental, Dentist, 2013., Bhati's",5
33142,professor,M,0,professor,0.9875,0.9937,-0.0063,"Ph.D., Technology,, 2015., Iowa, in",5
50356,filmmaker,F,14,filmmaker,0.9917,0.9935,-0.0018,"documentary,, Her, feature, Festival,, film",5
14592,attorney,F,2,attorney,0.9949,0.1795,0.8153,"legal, topics., judged, teams, speaker",5
93860,professor,F,0,professor,0.9993,0.9992,0.0001,"American, literature., Romanticism., Nineteenth-Century, American",5
67756,psychologist,M,6,psychologist,0.9978,0.9961,0.0017,"therapy, Dr., therapy,, depression., therapy,",5
4394,journalist,M,4,journalist,0.9773,0.9598,0.0175,"radio., national, media, productions,, hosts",5
64038,physician,F,1,physician,0.9971,0.0021,0.995,"Dr., Physicians, Medical, graduate, professionally",5
78385,attorney,M,2,attorney,0.9989,0.9945,0.0044,"legal, Member., clients,, law, practice",5
79403,attorney,M,2,attorney,0.9995,0.9995,0.0,"firm,, represented, represent, litigation, successfully",5
90392,teacher,F,7,teacher,0.6403,0.1416,0.4987,"her,, Samoa, bills, passed, three",5
17588,professor,F,0,professor,0.9992,0.9992,0.0001,"research, Dr., Ph.D., University, partnerships",5
24140,nurse,F,5,nurse,0.998,0.9937,0.0043,"nurse,, becoming, Prior, pediatric, health",5
14646,physician,M,1,physician,0.9994,0.8364,0.1631,"practices, affiliated, medicine, Mr., specializes",5
17841,photographer,F,3,photographer,0.9977,0.9972,0.0005,"photography., photographic, photographerâĢĻs, recent, âĢĺBalanceâĢĻ",5
65415,professor,M,0,professor,0.9993,0.9973,0.002,"demographer, research, funding, disparities;, methodological",5
58919,professor,F,0,professor,0.9989,0.9987,0.0001,"Dr., Investigator, developed, education., example,",5
42060,physician,F,1,physician,0.9995,0.9994,0.0,"practices, affiliated, Duainene, Ms., Medical",5
83381,professor,M,0,professor,0.9948,0.9868,0.008,"scientifically-based, school-based, practice., data-driven, educator,",5
16917,physician,F,1,physician,0.9932,0.0704,0.9228,"assistant's, physician, physiology, master's, training",5
79689,professor,M,0,professor,0.9993,0.9994,-0.0001,"Ph.D., research, Policy, (MSE,, University)",5
28718,psychologist,M,6,psychologist,0.899,0.1297,0.7692,"counsel, sister,, ""hitchhikers"", They, attached",5
73209,professor,F,0,professor,0.9992,0.9957,0.0036,"researches, specifically,, Canadian, peoples,, society,",5
17265,physician,M,1,physician,0.9233,0.5808,0.3424,"Medicine.Each, authority, renowned, management, lecture",5
55102,architect,M,10,architect,0.9925,0.0891,0.9034,"problems., Architecture, Architectural, degree, architectural",5
556,professor,M,0,professor,0.9993,0.9991,0.0002,"Ph.D., UniversityâĢĻs, research, Scholar, research",5
24634,professor,F,0,professor,0.9995,0.9995,0.0,"Ph.D.,, Ph.D., research, Engineering., (2008).",5
27305,photographer,M,3,photographer,0.661,0.6021,0.0589,"immerse, eventually, enthusiasts., runners, sport,",5
11784,physician,M,1,physician,0.9924,0.0009,0.9915,"Medicine, Dr., residency, attended, Dr.",5
659,physician,M,1,physician,0.9483,0.4011,0.5472,"(Non, Pain, Clinic, practices, India",5
7190,physician,M,1,physician,0.9715,0.9573,0.0142,"Dr., Medicine., graduate, Osteopathic, professionally",5
24430,teacher,M,7,teacher,0.3918,0.7376,-0.3458,"students', president, part, union, the",5
17726,attorney,M,2,attorney,0.9994,0.1808,0.8186,"legal, âĢľgo-toâĢĿ, advisor, advising, 2011,",5
7550,professor,M,0,professor,0.9993,0.9967,0.0026,"doctoral, teaches, courses, research, political",5
25200,attorney,M,2,attorney,0.6147,0.0421,0.5726,"Trial, author, ""TryingLeviathan"", Jury"", ""A",5
15166,attorney,M,2,attorney,0.9983,0.9982,0.0001,"12-thousand, common,\"", said., served, says",5
95147,professor,F,0,professor,0.9993,0.9994,-0.0,"Prof., Dr., Dr., Knowledge-based, Computing",5
81678,physician,F,1,physician,0.6101,0.1533,0.4568,"Dr., practices, Medical, Medical, completed",5
81212,physician,F,1,physician,0.9977,0.9929,0.0048,"residency, Medical, UMDNJ-School, Medicine, performing",5
79306,photographer,M,3,photographer,0.9969,0.9967,0.0002,"capturing, www.jamisonburt.com, lens, extremely, portraits",5
3546,composer,F,17,composer,0.9944,0.9932,0.0012,"releases,, scores,, (2014),, includes, discography",5
52495,photographer,M,3,photographer,0.9919,0.9145,0.0774,"camera, motion., captures, DSLR,, Vodka",5
53791,professor,F,0,professor,0.9991,0.9968,0.0023,"Race, Representation, in, publications, more",5
81987,journalist,F,4,journalist,0.5195,0.0407,0.4788,"for, mid, since, has, She",5
22627,professor,M,0,professor,0.9985,0.9971,0.0014,"research, Ph.D., University, probabilistic, BennyâĢĻs",5
29398,professor,M,0,professor,0.9995,0.9992,0.0003,"PhD, Assistant, Professor, previously, co-authored",5
10165,professor,M,0,professor,0.9962,0.995,0.0012,"Ph.D., Shannon, channels., quantum, Ph.D.",5
28947,physician,F,1,physician,0.9995,0.8507,0.1488,"practices, medicine, Medical, affiliated, Buenviaje",5
6696,poet,M,13,poet,0.7259,0.8565,-0.1306,"published, Quarterly,, Journal,, in, Song",5
5053,architect,M,10,architect,0.6918,0.0478,0.644,"practice., concepts., design, space, models",5
35842,professor,F,0,professor,0.9983,0.9971,0.0012,"Ph.D., ethnographic, gender, Dr., intersections",5
31623,physician,M,1,physician,0.9994,0.9991,0.0003,"practices, M.D.., professional, credentials, of",5
40083,professor,M,0,professor,0.9995,0.9935,0.0061,"PhD, areas, University, include, University",5
19737,journalist,F,4,journalist,0.9967,0.9956,0.0012,"Wired, Times,, Esquire,, elsewhere., Washington",5
75878,architect,M,10,architect,0.9714,0.5063,0.465,"Architecture,, Architecture, architecture, AndrewâĢĻs, design",5
23744,professor,F,0,professor,0.6829,0.0087,0.6742,"publications, ornithology,, academic, AckermannâĢĻs, together.",5
70198,physician,F,1,physician,0.9989,0.9987,0.0002,"genetics., Dr., Medicine., residency, in-network",5
22714,professor,F,0,professor,0.9963,0.983,0.0134,"faculty, specialist,, Dr., funded, at-risk",5
91970,physician,F,1,physician,0.678,0.5134,0.1645,"practice, 581-8086., NPI, #1598872319, NPI",5
11852,filmmaker,M,14,filmmaker,0.9896,0.0936,0.896,"directed, feature, feature, documentary, videos.",5
85341,professor,M,0,professor,0.6686,0.9098,-0.2412,"type, an, âĢľIt, administrative,, classroom",5
12989,poet,M,13,poet,0.9928,0.9927,0.0001,"poetry,, rhythms., lyrics, his, provocative",5
72533,professor,M,0,professor,0.9982,0.8722,0.126,"research, management, organizational, focuses, relationship",5
66765,professor,M,0,professor,0.9968,0.9097,0.0871,"Oncologist, Canadian, Genomics,, Genomics, Division",5
58171,dentist,F,8,dentist,0.9384,0.9542,-0.0158,"Dental, Dental, Extraction,Dental, Fixing,Dental, Dental",5
30463,attorney,M,2,attorney,0.9982,0.9842,0.014,"trial., clients, duration, broken-hearted., ex-girlfriend",5
20226,professor,F,0,professor,0.8775,0.6867,0.1909,"Yale-New, residencies, endocrinology, gynecology, at",5
49323,filmmaker,M,14,filmmaker,0.9966,0.1018,0.8948,"film, graduation,, ambitious, Productions, created",5
45080,attorney,M,2,attorney,0.9994,0.999,0.0003,"represented, Mr., matters., assists, regularly",5
46062,professor,M,0,professor,0.9941,0.9951,-0.001,"Ph.D., M.S., B.S., interests, Computer",5
89904,physician,F,1,physician,0.9994,0.9556,0.0438,"practices, medicine, Ms., Ms., Center.",5
59741,professor,F,0,professor,0.9984,0.9966,0.0019,"high-throughput, research, machine, laboratory,, goal",5
78122,nurse,F,5,nurse,0.9947,0.9963,-0.0016,"nursing, Nursing, Health, working, degree",5
19856,software engineer,M,15,software engineer,0.9811,0.977,0.0041,"security, developing, currently, focusing, WebSphere",5
91371,physician,M,1,physician,0.9994,0.9958,0.0036,"practices, Pediatrics., affiliated, Medicine, Medical",5
55854,photographer,M,3,photographer,0.9883,0.987,0.0014,"photography, passion, pursue, shoot, college",5
88894,comedian,M,19,comedian,0.5851,0.0502,0.5349,"living, cartoonist.âĢĿ, comics, 1970s, called",5
88794,attorney,F,2,attorney,0.9113,0.0695,0.8417,"board, case, case, her, her",5
27882,professor,M,0,professor,0.9891,0.3632,0.6259,"Ph.D, research, how, Research, GRAMMY",5
41261,professor,F,0,professor,0.9986,0.9983,0.0003,"produced., NY, research,, classroom,, post-Soviet",5
804,painter,F,11,painter,0.976,0.9882,-0.0121,"PaintingsOil, Gallery2010-, Paint,, Master, 2017$4,600Reflecting",5
34895,software engineer,M,15,software engineer,0.8048,0.4594,0.3454,"WebSphere, computer, Workflow,, degree, Informatics)",5
44078,photographer,M,3,photographer,0.9837,0.4247,0.5591,"shooting, restoring, purchasing, enjoys, time",5
40146,professor,M,0,professor,0.8556,0.5005,0.355,"teaching, student, involved, expertise, opportunities",5
18559,photographer,F,3,photographer,0.9943,0.0665,0.9278,"photographed, photographs, photographs, photographer, images",5
60063,psychologist,F,6,psychologist,0.8475,0.2648,0.5827,"Psychological, psychology, forensic, Association,, interests",5
55905,physician,M,1,physician,0.9745,0.9644,0.0101,"Medicine., Dr., Osteopathic, graduate, honors",5
13482,teacher,F,7,teacher,0.9001,0.949,-0.0489,"Schools., Prep., program, LifePrep@Naz, called",5
51135,surgeon,M,9,surgeon,0.5436,0.5621,-0.0184,"Dr., surgery,, clinical, Dr., Medicine",5
87508,physician,M,1,physician,0.9826,0.0021,0.9805,"medicine, Medicine, Medicine, Dr., earning",5
10650,model,F,12,model,0.9987,0.999,-0.0002,"model, fashion, brands., model, Jeter",5
83149,professor,F,0,professor,0.9282,0.2563,0.6718,"collaborations., teaching, paper, University, Theatre",5
25348,physician,F,1,physician,0.9994,0.7466,0.2528,"practices, medicine, Wisby, affiliated, Medicine.",5
20822,physician,F,1,physician,0.5928,0.3627,0.2301,"practice, NPI, Schilf's, #1316940737, reached",5
43622,architect,M,10,architect,0.3859,0.0585,0.3274,"big., thinks, development, condo, an",5
73713,professor,M,0,professor,0.9915,0.9611,0.0304,"Professor, studies, Minnis, opacity, empirically",5
8349,professor,M,0,professor,0.9994,0.9994,0.0,"teaching, sociology,, research, sociology,, theory.",5
52335,filmmaker,F,14,filmmaker,0.996,0.9814,0.0146,"directing,, Film, addition, film, Performing",5
74945,comedian,M,19,comedian,0.6938,0.0273,0.6665,"Fringe, Memphis., part, York, Festivalas",5
43961,physician,F,1,physician,0.9994,0.5488,0.4507,"practices, medicine, Ms., Medicine., Medical",5
5299,physician,F,1,physician,0.9994,0.9993,0.0001,"practices, affiliated, Ms., with, Medical",5
14999,professor,M,0,professor,0.9991,0.9738,0.0253,"research, organizational, on, papers, management",5
56088,professor,M,0,professor,0.9665,0.3559,0.6106,"Department, DeBakey, Surgery, Baylor, specializes",5
39268,filmmaker,F,14,filmmaker,0.9954,0.9958,-0.0005,"film,, Film, won, Award, Film",5
69189,professor,M,0,professor,0.9992,0.9803,0.0188,"research, social, clinical, interventions, research",5
23039,teacher,F,7,teacher,0.9957,0.8597,0.136,"teaching, students., teaching, Biology, College",5
7990,professor,M,0,professor,0.9327,0.0629,0.8698,"McGill, Philosophy, was, the, American",5
11187,professor,M,0,professor,0.9985,0.982,0.0165,"PhD, teaching, Computing., contexts., research",5
44299,professor,M,0,professor,0.9995,0.9995,-0.0,"lab, evolution., mechanisms, interdisciplinary, approach",5
56139,photographer,M,3,photographer,0.9975,0.8918,0.1057,"photos, EricâĢĻs, EricâĢĻs, Music., icons",5
37888,psychologist,F,6,psychologist,0.9979,0.0028,0.9951,"counselling, cross-section, been, wide, domestically",5
40533,physician,F,1,physician,0.9921,0.9305,0.0616,"medicine., patients., integrative, therapy., medicine",5
59052,photographer,M,3,photographer,0.3929,0.5194,-0.1265,"co-curating, partyâĢĿ, as, Grindcore,, organizer,",5
10913,professor,M,0,professor,0.9981,0.9968,0.0014,"Ph.D., Foundations, factors, Cultural, Leadership",5
60691,nurse,F,5,nurse,0.998,0.9989,-0.0009,"Nurse, nursing., Nurse, She, in",5
34862,professor,F,0,professor,0.9995,0.9993,0.0002,"Ph.D., Laboratory., Postdoctoral, Director, previously",5
68434,attorney,M,2,attorney,0.9995,0.9995,0.0,"Attorney,, counsel, practice, estates., protection",5
4680,professor,M,0,professor,0.9937,0.9465,0.0472,"doctorate, in, abstracts, (ISSN), Association.",5
51896,poet,F,13,poet,0.4088,0.0314,0.3774,"clichÃ©s, listens, Freeway, pens., contemplating",5
43110,physician,F,1,physician,0.9995,0.8719,0.1275,"practices, affiliated, medicine, Spanish., Medicine.",5
36580,physician,F,1,physician,0.6896,0.7704,-0.0808,"coffee-dependency,, practice, depression,, sees, issues",5
88684,physician,F,1,physician,0.9943,0.9855,0.0088,"patients., residency, She, Rahnamay-Azar, Medical",5
23742,professor,F,0,professor,0.9992,0.9552,0.044,"research, contemporary, published, gender,, essays",5
91201,professor,F,0,professor,0.9993,0.9992,0.0001,"inter-disciplinary, courses, diaspora., currently, offers",5
22214,nurse,F,5,nurse,0.8161,0.6817,0.1344,"Suzette, medicine, training, medicine, Reiki",5
44,professor,F,0,professor,0.9981,0.9588,0.0393,"joint, sociology, appointment, research, Annenberg",5
58334,software engineer,M,15,software engineer,0.9934,0.2648,0.7286,"software, development, computer, in, area,",5
66927,physician,M,1,physician,0.674,0.0134,0.6606,"doctor, puts, in, says, He",5
47567,professor,F,0,professor,0.9993,0.9991,0.0002,"solutions., PhD, University, Michigan., scholarship",5
90150,professor,F,0,professor,0.9982,0.719,0.2793,"research, education., processes,, processes,, formal",5
92726,physician,F,1,physician,0.9995,0.2996,0.6998,"practices, affiliated, medicine, Neurological, Medical",5
61193,professor,M,0,professor,0.9993,0.995,0.0043,"research, nanomaterials, nanometer, engineered, developed",5
62831,poet,F,13,poet,0.974,0.984,-0.0099,"writing, poemmemoirstory,, poetry, anthology, artist",5
93775,physician,M,1,physician,0.9327,0.9285,0.0041,"Medicine., Dr., Dr., provider, in-network",5
37255,software engineer,M,15,software engineer,0.9528,0.9179,0.0349,"Java/C/C++,, upgrades., Perl,, PHP, in",5
79446,attorney,M,2,attorney,0.9992,0.9973,0.0019,"law., practices, franchise, corporate,, commercial",5
43925,professor,F,0,professor,0.9918,0.987,0.0048,"LU's, professors., one, (PhD, Teaching",5
89663,physician,F,1,physician,0.9994,0.3784,0.6211,"practices, Ms., medicine, affiliated, Medicine.",5
35758,physician,F,1,physician,0.9994,0.2426,0.7568,"practices, affiliated, specializes, medicine, Columbus,",5
61034,professor,M,0,professor,0.9994,0.9974,0.002,"HUST,, joining, Researcher, Postdoc, Before",5
13527,psychologist,F,6,psychologist,0.971,0.0184,0.9526,"psychological, publications., programs, national, television",5
35951,dentist,F,8,dentist,0.9981,0.9977,0.0004,"Dental, Dental, Clinic, Clinic, Chakkalakkal",5
62296,architect,M,10,architect,0.9647,0.971,-0.0063,"team,, Microsoft's, virtualization, ecosystem, Microsoft.",5
26643,professor,M,0,professor,0.9947,0.934,0.0607,"service-learning, teaching., courses,, areas, teaching",5
47029,dentist,M,8,dentist,0.9982,0.9983,-0.0002,"Dentist., Dental, Dental, online, Dr.",5
1941,accountant,M,16,accountant,0.9985,0.9983,0.0002,"accounting, accounting,, reporting., oversees, offices,",5
91298,teacher,F,7,teacher,0.7047,0.5209,0.1837,"TeacherâĢĻ, âĢĺInspired, as, nominated, translating",5
41803,professor,M,0,professor,0.9954,0.9949,0.0005,"book, University, (Oxford, Role, 2015)",5
19971,photographer,M,3,photographer,0.9976,0.9969,0.0007,"shoot, portraits,, to, weddings,, (DC,",5
87426,filmmaker,M,14,filmmaker,0.9654,0.9821,-0.0167,"co-directed,, multi-screen, film, edited, award-winning",5
11600,journalist,M,4,journalist,0.9945,0.1873,0.8072,"journalist, first, African, to, Africans",5
61710,professor,F,0,professor,0.9984,0.9977,0.0007,"teaching, contemporary, research, studies, focus",5
64760,professor,F,0,professor,0.9993,0.9948,0.0045,"research, politics, interests, participation, U.S.,",5
54748,filmmaker,F,14,filmmaker,0.9951,0.9959,-0.0007,"films, ZhaoâĢĻs, filmmaker, developing, short",5
44498,attorney,M,2,attorney,0.9989,0.9988,0.0,"Law, practice, Law, 1987., matters.",5
68474,nurse,F,5,nurse,0.561,0.0005,0.5605,"professional,, health, the, passionate, as",5
16218,physician,M,1,physician,0.8621,0.8455,0.0166,"distinction, Medical, professional, Doctors., Dr.",5
22467,physician,F,1,physician,0.9994,0.1844,0.815,"practices, Medicine., affiliated, medicine, specializes",5
17099,professor,F,0,professor,0.9908,0.9816,0.0093,"program, pathogenesis., LynchâĢĻs, understanding, immunomodulation,",5
48852,photographer,M,3,photographer,0.9977,0.9968,0.0009,"Photography, ProjectâĢĻs, Initially,, of, images.",5
8607,professor,F,0,professor,0.9992,0.9974,0.0018,"Ph.D., Criminology, University, Indiana, University",5
49710,professor,F,0,professor,0.9985,0.9901,0.0083,"examines, translation,, literature., socialist-feminist, literary",5
38611,dentist,M,8,dentist,0.9602,0.588,0.3722,"Rehabilitation, Dr., Cross/Blue, Children's, Shield,",5
12083,professor,F,0,professor,0.9993,0.9994,-0.0,"research, conducting, Dr., 1900s., Northeastern",5
70054,physician,F,1,physician,0.6854,0.5891,0.0964,"practice, NPI, #1639334170, 971-5735., NPI",5
76239,attorney,M,2,attorney,0.9748,0.9917,-0.0169,"counsel, counsel, Rights, Civil, case",5
75866,professor,F,0,professor,0.9954,0.9967,-0.0013,"PhD, research, span, Nehru-Fulbright, in",5
20541,attorney,F,2,attorney,0.9161,0.8799,0.0362,"Tribunal., Court, Financial, Cases, Arbitration,",5
31598,journalist,F,4,journalist,0.997,0.9977,-0.0007,"others., reports, York, eNews., Times",5
70094,professor,F,0,professor,0.9994,0.9993,0.0001,"Ph.D., interests, teaches, Pharm.D., pharmacokinetics",5
66486,photographer,M,3,photographer,0.983,0.3123,0.6707,"capturing, images, images, Magazine., to",5
77151,software engineer,M,15,software engineer,0.9716,0.9577,0.0139,"engineering,, electrical, Warfare., worked, project",5
45097,photographer,M,3,photographer,0.9974,0.9972,0.0003,"photographs, portraits, site., streets, people",5
74778,professor,F,0,professor,0.9982,0.9967,0.0014,"research, explores, ideologies,, publications, Learning:",5
78276,nurse,F,5,nurse,0.999,0.1914,0.8076,"Nurse, 2016., Critical, Care, Care.",5
3712,physician,F,1,physician,0.9994,0.7667,0.2328,"practices, Ms., affiliated, Medicine., medicine",5
23116,professor,M,0,professor,0.9991,0.9985,0.0006,"research, University, academic, interest., publications",5
26726,accountant,F,16,accountant,0.9986,0.9986,-0.0,"accounting, clients., clients, accounting, tax",5
31052,model,M,12,model,0.678,0.7389,-0.0609,"re-signed, attempt, NBA's, re-up, deal.",5
5094,composer,F,17,composer,0.9636,0.9659,-0.0022,"albums, âĢľa, âĢľtranscendentâĢĿ, Music, acclaim,",5
47502,attorney,M,2,attorney,0.9644,0.2232,0.7412,"Utility, 2012., Public, Board, board",5
80560,poet,F,13,poet,0.5516,0.0014,0.5502,"poetry, English, books, Letters, author",5
90982,composer,M,17,composer,0.9956,0.9916,0.004,"performed, music, Orchestra,, PhilharmonicâĢĻs, been",5
59486,professor,M,0,professor,0.9992,0.9976,0.0015,"research, Dr., American, focuses, author",5
9307,professor,M,0,professor,0.8648,0.7755,0.0893,"systems., LaboratoryâĢĻs, experience, Engineering, Research",5
58861,professor,F,0,professor,0.976,0.1617,0.8143,"research, investigator, home-based, principal, designed",5
3342,teacher,M,7,teacher,0.6216,0.3938,0.2277,"Master's, currently, century., degree, History",5
14098,teacher,F,7,teacher,0.5211,0.7664,-0.2453,"TeacherâĢĻs, Childhood, InnovationsâĢĻ, Early, book.",5
74224,physician,F,1,physician,0.9902,0.8667,0.1235,"practices, Medicine, 2004., Dr., She",5
89030,professor,F,0,professor,0.9969,0.9953,0.0016,"Dr., transplantation., 2008, cardiology, moved",5
78493,psychologist,F,6,psychologist,0.9175,0.9804,-0.0629,"Psychotherapy, Medical, Manhattan., Mind-Body, Sinai",5
29428,professor,F,0,professor,0.9974,0.8864,0.111,"teaching, research, focus, labor, affiliated",5
52407,attorney,M,2,attorney,0.9995,0.9994,0.0001,"litigation, transactions,, Court, handled, fiduciary",5
42222,physician,F,1,physician,0.5442,0.0165,0.5276,"Medical, trains, trainees,, PhD, clinical",5
34155,architect,M,10,architect,0.3378,0.1058,0.232,"office, soundtracks!)., CA., When, tastes",5
21167,professor,F,0,professor,0.8738,0.0442,0.8295,"research, sociocultural, activism., DePaul, PhD",5
43208,architect,M,10,architect,0.8072,0.1338,0.6735,"architecture, Architecture, (Construction, firms, Civil",5
54699,architect,F,10,architect,0.9967,0.996,0.0007,"architecture, Architect, cmDesign, design, DesignâĢĻ",5
38674,professor,F,0,professor,0.9884,0.9871,0.0013,"Theology, Section, Bonhoeffer:, Social, International",5
48772,professor,F,0,professor,0.9984,0.3632,0.6352,"PhD, Biostatistics, outbreaks., obtained, at",5
68259,attorney,M,2,attorney,0.7567,0.8672,-0.1105,"Law., J.D., Law, Financial, Georgetown",5
86480,physician,M,1,physician,0.9931,0.9274,0.0656,"medical, training,, healthcare., associate., Prior",5
90130,poet,F,13,poet,0.9854,0.9706,0.0148,"Poetry, writing, Journal., Tinderbox, MFA",5
74765,architect,M,10,architect,0.9857,0.9913,-0.0056,"Architectural, architects., computer-using, contributor, ""Cheap",5
93978,composer,F,17,composer,0.997,0.9969,0.0001,"music, electronic, music,, sonic, composition",5
87867,professor,M,0,professor,0.9976,0.8532,0.1444,"areas, expert, consulted, number, leading",5
48180,attorney,M,2,attorney,0.9995,0.9995,-0.0,"litigation, practice, transactions,, law, law",5
32972,photographer,F,3,photographer,0.3789,0.3724,0.0066,"@thenationalparksgirl,, activities., IG:, skiing,, passion",5
32711,nurse,F,5,nurse,0.9772,0.9881,-0.0109,"interview., those, she, That's, officers",5
6673,accountant,M,16,accountant,0.9973,0.0941,0.9032,"accounting., Accounting, experience, governmental, Business",5
80434,attorney,F,2,attorney,0.9993,0.1261,0.8732,"law, practices, exclusively, She, labor",5
38333,professor,M,0,professor,0.9994,0.999,0.0004,"teaching, PhD, research, Research, development.",5
25059,professor,F,0,professor,0.9991,0.9988,0.0003,"PhD, bio-transport, post-doctoral, bio-electrostatics,, biomechanics,",5
5645,professor,M,0,professor,0.9971,0.0005,0.9966,"david.randolph@notes.udayton.edu, PricewaterhouseCoopers, suggestions., e-mail, address",5
92516,journalist,F,4,journalist,0.9952,0.0349,0.9603,"reported, Pulitzer, Iraq,, Afghanistan,, Somalia,",5
27554,psychologist,F,6,psychologist,0.9972,0.9949,0.0022,"counselling,, psychotherapy, counselling., clients, difficulties,",5
36109,photographer,M,3,photographer,0.9882,0.0593,0.9289,"photography, lives, Up., award-winning, previous",5
64205,model,F,12,model,0.9896,0.6162,0.3734,"debut, She, roles, DhoopâĢĿ., her",5
53421,architect,F,10,architect,0.9976,0.9966,0.001,"building, practices,, agencies., Building, projects.",5
26682,physician,F,1,physician,0.999,0.9583,0.0407,"clinical, residency, Medical, medical, thyroid",5
26737,attorney,M,2,attorney,0.953,0.0411,0.9119,"law, legal, matters., legal, law",5
7858,professor,F,0,professor,0.9566,0.0044,0.9522,"doctorate, Dr, capacities., master's, field",5
61696,professor,F,0,professor,0.9989,0.9988,0.0001,"EugeniaâĢĻs, examines, research, coauthors, how",5
20441,filmmaker,M,14,filmmaker,0.9931,0.9126,0.0805,"direct, directing, Cannes, feature, short",5
42200,professor,M,0,professor,0.999,0.9987,0.0003,"Engineering., visiting, scholar, computational, 2005,",5
18732,nurse,F,5,nurse,0.997,0.9983,-0.0013,"Nursing, nurse,, medic, Nursing., medical",5
78654,psychologist,F,6,psychologist,0.9988,0.9988,0.0,"PSYCHOLOGIST,, appointment., experiences,, diverse, years",5
11156,physician,F,1,physician,0.9783,0.9726,0.0057,"medical, Dr., After, Medicine,, completing",5
77846,attorney,F,2,attorney,0.9874,0.618,0.3694,"litigation., handles, clients, actions, law,",5
48658,professor,M,0,professor,0.999,0.9986,0.0004,"published, journals, research, Journal, Studies,",5
30942,psychologist,M,6,psychologist,0.7619,0.0092,0.7526,"Ph.D...., paper, effectiveness, Psychology, psychology",5
43983,attorney,M,2,attorney,0.9158,0.1011,0.8146,"clients, plenty, suites., second, wreckage,",5
44544,attorney,M,2,attorney,0.9995,0.9995,0.0,"litigation., practice, crisis., firm,, cases",5
85952,professor,M,0,professor,0.9971,0.9346,0.0626,"Professor., School, Prior, faculty, Economics,",5
62170,journalist,M,4,journalist,0.4139,0.0918,0.3221,"e-work, sport, marginalised, England., focused",5
89370,filmmaker,F,14,filmmaker,0.9868,0.9919,-0.0052,"feature, film, She, producing, first",5
18158,attorney,M,2,attorney,0.9991,0.999,0.0001,"represents, litigation., courts, disputes,, disputes",5
77201,professor,M,0,professor,0.9995,0.9995,0.0,"PhD, University, PhD, Dr., holds",5
52820,psychologist,M,6,psychologist,0.9978,0.9973,0.0005,"clients, psychology;, assessment/interventions, psychological, psychological",5
45176,professor,M,0,professor,0.9992,0.9992,0.0,"Dr., Ph.D.,, respectively., University,, University,",5
58044,physician,M,1,physician,0.9995,0.8673,0.1321,"practices, Practice., medicine, affiliated, specializes",5
56744,professor,M,0,professor,0.9994,0.9972,0.0021,"Ph.D., joined, 2008,, Postdoctoral, 2002,",5
28898,composer,M,17,composer,0.9652,0.9749,-0.0098,"classical, musicians, timeless., singers., His",5
16998,professor,M,0,professor,0.9985,0.9939,0.0047,"Pharm.D., program., residency,, (EIRMC)., ISU",5
3594,dentist,M,8,dentist,0.9701,0.9744,-0.0042,"Dental, Dental, Surgery, Dr., practices",5
13086,professor,F,0,professor,0.9988,0.9964,0.0023,"publications,, peer, co-authored, biomechanical, reviewed",5
53396,physician,F,1,physician,0.9994,0.9734,0.026,"Ms., practices, Methodist., Salley, medicine",5
77747,professor,F,0,professor,0.9883,0.7716,0.2167,"hematology-oncology., hematology-oncology, Dr., specializing, pediatric",5
33641,journalist,F,4,journalist,0.2332,0.0954,0.1379,"dating., snailâĢĻs, pace?, is, online",5
85216,nurse,F,5,nurse,0.9994,0.9902,0.0092,"NURSE, graduated, She, Urgent, PRACTITIONER,",5
75410,professor,F,0,professor,0.9991,0.9863,0.0128,"Ph.D, research, Economics., teaching, Regional",5
40115,professor,F,0,professor,0.9994,0.996,0.0034,"research, Professor, frameworks, economics, behavior",5
7580,professor,M,0,professor,0.9995,0.999,0.0004,"PhD, University, research, respectively., Kaltenbrunner's",5
93321,professor,M,0,professor,0.9246,0.0565,0.8681,"research, victimization, projects, variables,, investigating",5
63339,physician,F,1,physician,0.9994,0.5898,0.4096,"practices, medicine, affiliated, Neurology., Medical",5
63073,nurse,M,5,nurse,0.9994,0.9918,0.0076,"NURSE, PRACTITIONER,, Medical, Hospital, 362-7970",5
34254,dietitian,F,18,dietitian,0.998,0.4434,0.5546,"clients., nutrition, excited, nutrition., sessions",5
7648,teacher,F,7,teacher,0.9972,0.9631,0.034,"teacher, teacher, School, School's, ratings",5
55753,professor,F,0,professor,0.9989,0.84,0.1589,"teaches, courses, contemporary, expertise, sculpture",5
28785,physician,M,1,physician,0.973,0.9698,0.0031,"Dr., takes., Healthcare, Medicine., Healthcare",5
79050,accountant,M,16,accountant,0.9971,0.78,0.217,"accountant, receivable, company, earnings, associates",5
11919,physician,F,1,physician,0.9989,0.9988,0.0001,"medical, Dr., Dr., Wilbur's, professionally",5
45556,professor,F,0,professor,0.9995,0.9995,0.0,"Ph.D., research, sociotechnical, adoption, interests",5
8066,dentist,M,8,dentist,0.9568,0.0806,0.8762,"Dr., Dental, Dental, Clinic, practices",5
76638,attorney,F,2,attorney,0.441,0.0065,0.4345,"workforce,, helped, smooth, transition, stay-at-home",5
65408,professor,F,0,professor,0.9899,0.636,0.3539,"research, Pakistani-Americans., perceptions,, focus, in",5
6324,psychologist,F,6,psychologist,0.9983,0.9983,-0.0,"Dr., clinical, Self-Pay/Uninsured, depression,, interests:",5
31209,professor,M,0,professor,0.8799,0.6478,0.232,"research, interested, member, focused, Moreover,",5
80536,software engineer,F,15,software engineer,0.92,0.8609,0.0591,"contributor, pipelines, Hadoop., developer,, building",5
35655,accountant,F,16,accountant,0.9986,0.9983,0.0003,"Accounting, Accounting, customer, Management., Accountant",5
38095,dentist,M,8,dentist,0.9981,0.9976,0.0006,"Dentist., Dr., online, Dental, appointment",5
59230,software engineer,M,15,software engineer,0.9645,0.9396,0.0249,"application, developer, developer, Archive., recently",5
382,physician,F,1,physician,0.9987,0.0085,0.9903,"PA,, PA, clinical, Health, patient",5
56052,photographer,F,3,photographer,0.9981,0.9981,0.0001,"Photography, Photographic, Documentary, Photos, Award.",5
29029,physician,F,1,physician,0.9994,0.7861,0.2133,"practices, affiliated, medicine, Gettman, specializes",5
64880,poet,F,13,poet,0.6866,0.5169,0.1697,"Review,, work, Adirondack, A-Minor,, issues",5
29684,attorney,M,2,attorney,0.9993,0.9991,0.0003,"litigation., litigation, represents, businesï»¿ï»¿ses, non-disclosure",5
28007,professor,M,0,professor,0.9992,0.999,0.0002,"Ph.D., postdoctoral, Faculty, University, research",5
7715,professor,M,0,professor,0.9963,0.384,0.6122,"on, pueblos,, archaeological, society,, Pueblo",5
83057,surgeon,M,9,surgeon,0.6534,0.2755,0.3779,"He, lecturer, physician, spine, chief",5
31656,nurse,F,5,nurse,0.998,0.8871,0.1109,"Nurse, Emory, Registered, Follow, nurses",5
24198,journalist,M,4,journalist,0.9973,0.9972,0.0001,"newspapers;, daughters., articles, years,, Kenyan",5
75006,nurse,F,5,nurse,0.9993,0.993,0.0063,"Nurse, Practitioner., She, Mrs., physicians",5
85460,surgeon,M,9,surgeon,0.9983,0.9983,0.0001,"Dr., Surgery., Medical, Dr., practice",5
85436,photographer,F,3,photographer,0.9934,0.9966,-0.0031,"photograph., photograph, photography, models, photography",5
46201,photographer,M,3,photographer,0.2959,0.0948,0.2011,"kids, Elmhurst., SandburgâĢĻs, much, of",5
16118,physician,M,1,physician,0.583,0.0602,0.5228,"instructor, patients., Hospital, Medicine, clinical",5
78796,professor,M,0,professor,0.9864,0.8873,0.099,"teaching, Professor, Fulbright, American, theory",5
8643,journalist,M,4,journalist,0.9969,0.9976,-0.0008,"Journalism., School, of, Graduate, Toulouse,",5
22362,architect,M,10,architect,0.6173,0.7968,-0.1795,"projects, Workshop, Israeli, Improving, consulted",5
69278,psychologist,M,6,psychologist,0.711,0.0005,0.7105,"Professor, Behavioral, Assistant, maintains, post-doctoral",5
9803,professor,M,0,professor,0.9995,0.9993,0.0002,"examines, research, incentives., structure,, studies",5
63303,psychologist,F,6,psychologist,0.9955,0.9964,-0.0009,"psychotherapy, psychoanalytic, psychotherapist, psychiatrist, in",5
69772,software engineer,M,15,software engineer,0.2953,0.3558,-0.0605,"deck, collapse,, alerted, party, to",5
80465,journalist,M,4,journalist,0.9854,0.9344,0.051,"Bellingcat,, âĢĺpost-truth, civil, of, timesâĢĻ?",5
32928,physician,F,1,physician,0.7669,0.1817,0.5853,"Medical, Dr., joined, Dr., She",5
38052,professor,M,0,professor,0.999,0.9986,0.0005,"Masculinities, co-author, Inequality, Field:, Man:",5
56174,nurse,F,5,nurse,0.9994,0.9953,0.0041,"NURSE, She, graduated, PRACTITIONER,, medical",5
7564,attorney,M,2,attorney,0.9994,0.9994,-0.0,"firmâĢĻs, clients, represents, advises, 2010.",5
45840,physician,M,1,physician,0.9757,0.1035,0.8722,"Medicine, Division, Family, benefits, extensively",5
41134,professor,M,0,professor,0.9992,0.999,0.0002,"Ph.D., research, general, interests, Lecturer.",5
56216,physician,M,1,physician,0.5378,0.5265,0.0113,"Dr., Dr., Medicine, training,, Clinical",5
63796,psychologist,F,6,psychologist,0.5536,0.0529,0.5007,"Licensed, of, Therapy, busy, Therapist",5
59833,attorney,M,2,attorney,0.9992,0.9771,0.0221,"practice., clients, cases, water-related, member.",5
24281,professor,F,0,professor,0.993,0.9847,0.0083,"research, http://www.cs.auckland.ac.nz/research/hci/, research, focus, her",5
84369,professor,M,0,professor,0.9994,0.9993,0.0001,"research, Dr., Greensboro., taught, University",5
65064,professor,F,0,professor,0.9988,0.9977,0.0011,"Studies:, co-author, co-editor, Linguistic, (Routledge,",5
61172,teacher,F,7,teacher,0.7278,0.0239,0.7038,"teaching,, teaching, working, English, Currently",5
9792,photographer,F,3,photographer,0.9422,0.7543,0.1879,"Nats!),, transplanted, Raised, Florida, Portland,",5
80335,teacher,F,7,teacher,0.9947,0.1735,0.8212,"teacher, class, school, textbook, districts,",5
26220,professor,F,0,professor,0.9992,0.9988,0.0004,"Ph.D., University, Researcher, Philology, Reconfigurations",5
21266,professor,M,0,professor,0.999,0.9986,0.0003,"American, Bioethics., interested, particularly, interests",5
11550,professor,M,0,professor,0.9534,0.2592,0.6943,"associate, Islamic, Studies., fellow, Medieval",5
49347,professor,F,0,professor,0.9983,0.998,0.0003,"Professor, She, Currently,, Center, presented",5
5419,journalist,M,4,journalist,0.5488,0.0063,0.5425,"covered, Journalism, Times, Times, editor",5
63833,attorney,F,2,attorney,0.992,0.9835,0.0084,"Law., legal, writing., moved, She",5
87350,attorney,M,2,attorney,0.5162,0.332,0.1841,"whistleblower, whistleblower, week,, says., from",5
15937,photographer,M,3,photographer,0.9953,0.9804,0.0149,"series, portraits, stunning., working, each",5
7490,teacher,F,7,teacher,0.3838,0.2985,0.0854,"grandchildren., years., choices, has, choice-less",5
70964,nurse,F,5,nurse,0.9983,0.9962,0.0021,"Nursing, Nurse, Nursing, Nurse, Registered",5
8246,dentist,M,8,dentist,0.9981,0.9687,0.0295,"Dental, Dentist, Dr., practicing, Lybrate.com.",5
349,professor,M,0,professor,0.9992,0.9987,0.0005,"research, intersection, Literature., pre-modern, published",5
30395,physician,M,1,physician,0.7517,0.752,-0.0004,"Medical, Dr., medical, Medical, clinical",5
32124,attorney,F,2,attorney,0.9994,0.9993,0.0002,"attorney, 2007., associate, joined, LLP",5
4087,attorney,M,2,attorney,0.9995,0.999,0.0005,"legal, attorney, practice, bankruptcy, bankruptcy",5
87967,dentist,F,8,dentist,0.9945,0.0348,0.9597,"Dental, Dental, oral, Dr., Association.",5
8815,nurse,F,5,nurse,0.9994,0.9449,0.0545,"NURSE, She, graduated, PRACTITIONER,, Christine",5
56005,photographer,M,3,photographer,0.9977,0.9936,0.0041,"shot., captures, portraits, shot., each",5
64139,professor,M,0,professor,0.9987,0.9985,0.0003,"(University, Heresiology,, 2016)., Classifying, Ethnography,",5
7668,professor,M,0,professor,0.9991,0.999,0.0002,"Ph.D., Prior, MIT, consultant, firms.",5
23866,professor,M,0,professor,0.9991,0.9986,0.0005,"PhD, postdoctoral, Theory, computational, Computation",5
12173,architect,F,10,architect,0.9743,0.6724,0.3018,"architect,, owners., architect, design, as",5
84415,photographer,M,3,photographer,0.9964,0.9952,0.0012,"result, self-referential,, photographyâĢĻ., images, creates",5
15028,physician,F,1,physician,0.9994,0.8336,0.1658,"Negnew, affiliated, medicine, practices, specializes",5
56990,professor,M,0,professor,0.9995,0.9976,0.0018,"research, economics, economist, entrepreneurship, interests",5
6244,teacher,F,7,teacher,0.9956,0.9963,-0.0007,"teaching, tutor, schools., spelling,, College.",5
28254,surgeon,M,9,surgeon,0.9841,0.9794,0.0047,"Surgery., medical, Medicine., Dr., Board",5
9193,attorney,F,2,attorney,0.9975,0.9979,-0.0004,"law, Prior, Legal, LLP., Court.",5
56651,psychologist,F,6,psychologist,0.5017,0.4595,0.0423,"interplay, symptom, processes,, depressive, anxious",5
50008,teacher,F,7,teacher,0.8585,0.4283,0.4302,"teaches, classes, classes., Practitioner,, variety",5
83557,physician,F,1,physician,0.5916,0.6646,-0.073,"practice, #1174822993, NPI, NPI, Neurosurgery",5
21282,surgeon,M,9,surgeon,0.9983,0.9982,0.0001,"Neurosurgery, Dr., practices, Neurosurgery), Medicine",5
42003,physician,M,1,physician,0.9994,0.9838,0.0156,"practices, Pediatrics, medicine, Mr., Spanish.",5
49062,accountant,F,16,accountant,0.8542,0.0001,0.8541,"Treasurer, as, serves, AIA, sustainable",5
64719,journalist,F,4,journalist,0.9981,0.9974,0.0007,"chief, outlets., Italian, editor, agency",5
67616,attorney,F,2,attorney,0.9994,0.9994,-0.0,"She, law, legal, litigation, firms",5
69080,nurse,F,5,nurse,0.9994,0.9967,0.0026,"graduated, NURSE, She, PRACTITIONER,, Medical",5
91850,professor,F,0,professor,0.9101,0.0689,0.8412,"fellowship, Rhinology, University, international, OHNS",5
41795,accountant,M,16,accountant,0.4615,0.4619,-0.0005,"Before, senior, debt, Practice., spent",5
75906,professor,F,0,professor,0.9966,0.9965,0.0001,"experiential, California., science., specialist, development,",5
94457,professor,F,0,professor,0.9977,0.9953,0.0025,"scientist,, she, evaluate, statistical, research",5
57688,physician,M,1,physician,0.9505,0.9163,0.0342,"Medical, Medicine,, physician, Medical, Journal.",5
11490,photographer,M,3,photographer,0.9936,0.1085,0.8851,"picture, took, LABOUMâĢĺs, recently., happened",5
95328,attorney,M,2,attorney,0.9994,0.956,0.0434,"litigation, clients., practice, complex, involving",5
73785,attorney,M,2,attorney,0.9851,0.9991,-0.0141,"appellate, litigator, courts., practice, as",5
94573,composer,M,17,composer,0.9974,0.9279,0.0694,"composition, michaelandersonmusic@comcast.net, music, music, styles",5
62660,model,F,12,model,0.9989,0.9961,0.0029,"model, guru., born, Australian, fitness",5
86393,psychologist,M,6,psychologist,0.9977,0.9977,-0.0,"mindfulness, approaches,, Australian, psychologist., meditation",5
43557,psychologist,F,6,psychologist,0.9982,0.9846,0.0136,"clinical, Psychopathology, (BA-Psych)., Psychology, (MA-Psych).",5
75997,attorney,M,2,attorney,0.9993,0.9994,-0.0002,"hearings., pre-lawsuit, jury, counsel, represented",5
20208,professor,F,0,professor,0.9913,0.5098,0.4815,"gerontology, research, Dr., researcher, how",5
24872,psychologist,M,6,psychologist,0.978,0.8963,0.0817,"coaching)., effectiveness, assessments, people,, evaluate",5
71137,physician,F,1,physician,0.987,0.9823,0.0047,"residency, patients., medical, Health, accepting",5
45700,physician,M,1,physician,0.8588,0.8279,0.0309,"patient, Medicine, Dr., Medical, problems,",5
57717,professor,F,0,professor,0.9571,0.9629,-0.0057,"Dr., course., -Dr., PMBA, learning",5
62117,architect,F,10,architect,0.9739,0.0427,0.9312,"architectural, Design,, construction, Professor, degree",5
6330,professor,F,0,professor,0.9953,0.9703,0.025,"University, Dr., researched, Sc.D., 2008,",5
91861,professor,M,0,professor,0.9082,0.3828,0.5255,"Engineers,, students, actively, Society, table",5
87153,dietitian,F,18,dietitian,0.9972,0.4698,0.5274,"nutritional, childrenâĢĻs, food, bodyâĢĻs, body.",5
20681,professor,M,0,professor,0.9995,0.9994,0.0001,"teaches, sociology,, Dr., sociology, sociology",5
40725,professor,M,0,professor,0.9947,0.8309,0.1638,"PhD, research, University., Audiologists, his",5
4070,professor,F,0,professor,0.9517,0.6102,0.3415,"students., maintains, France., pre-college, Banff",5
46750,professor,F,0,professor,0.9977,0.9929,0.0049,"Postdoctoral, Before, Researcher, computer, sequence.",5
51309,dentist,M,8,dentist,0.9867,0.9805,0.0062,"dental, dental, degree, Dr., Dr.",5
13748,professor,M,0,professor,0.9944,0.9827,0.0117,"Dr., Latina/o, practice,, ways, African",5
46471,nurse,F,5,nurse,0.9956,0.9971,-0.0015,"nurse,, clinical, she, as, dietary",5
45131,journalist,M,4,journalist,0.9944,0.027,0.9674,"Journalism, degree, School, lives, City.",5
10612,journalist,M,4,journalist,0.9927,0.9844,0.0083,"He, has, Choice"",, for:, Magazine"",",5
69809,physician,F,1,physician,0.9908,0.9904,0.0004,"Dr., Dr., Medicine., Anthem,, insurance",5
80915,journalist,F,4,journalist,0.8261,0.1543,0.6718,"features, masterâĢĻs, social, social, dealing",5
38659,surgeon,M,9,surgeon,0.9935,0.9721,0.0214,"practice, practice,, Hospital,, surgeon, associated",5
11242,professor,M,0,professor,0.883,0.6928,0.1901,"Physical, Stanford, Medicine, Missouri., menâĢĻs",5
18948,dentist,M,8,dentist,0.9558,0.0119,0.9439,"Dental, Dental, Orthodontic, Dr., practices",5
57573,teacher,M,7,teacher,0.9919,0.9671,0.0248,"learners., teachers., Learning, education, Teaching.",5
47849,dentist,M,8,dentist,0.9982,0.9977,0.0006,"dental, clinic, Dentist., Salisbury, currently",5
31195,attorney,M,2,attorney,0.7313,0.8776,-0.1463,"successful, man,, honorable, corruption, corrupt,",5
55492,surgeon,M,9,surgeon,0.9981,0.9979,0.0003,"Dr., practice, Dr., Dr., Dr.",5
74262,architect,M,10,architect,0.9981,0.0709,0.9271,"architectural, building, design, practice, design",5
67093,attorney,M,2,attorney,0.971,0.0314,0.9396,"legal, law, Law, deal, judge",5
86895,psychologist,M,6,psychologist,0.9646,0.7795,0.1851,"specialties, Mind-Body, mood, self-awareness., couples,",5
69250,teacher,F,7,teacher,0.9948,0.3416,0.6532,"Schools, legislature., worked, Columbus, City",5
3094,psychologist,M,6,psychologist,0.6826,0.8267,-0.1441,"research, factors, men, likely, identified",5
86240,photographer,M,3,photographer,0.9893,0.0014,0.9879,"photography, professional, world., magazines,, conventions",5
64821,attorney,M,2,attorney,0.9925,0.7703,0.2221,"Massachusetts, Federal, Bar, Association, Bar",5
81106,professor,M,0,professor,0.9991,0.999,0.0,"recent, book,, (1760sâĢĵ1820s), (2008),, debates",5
61438,psychologist,F,6,psychologist,0.8242,0.0022,0.822,"Cologne., meditative, seminars, psychology, meditation",5
94318,professor,F,0,professor,0.6302,0.0017,0.6285,"research, BUSM, cross-cultural, Her, main",5
9403,psychologist,F,6,psychologist,0.9986,0.9983,0.0002,"behavioral, therapy,, Dr., (ADD/ADHD)., depression,",5
4979,dentist,M,8,dentist,0.9902,0.9227,0.0675,"dentists, dental, refrains, trained, mercury,",5
30426,architect,M,10,architect,0.9146,0.8117,0.103,"architects, AJAX-enabled, JSF-based,, framework, component",5
6454,dentist,M,8,dentist,0.9948,0.045,0.9498,"dentistry, patients., up-to-date, procedures., treatments",5
65450,psychologist,M,6,psychologist,0.9928,0.0048,0.988,"2005., PTSD, clinical, advocate, EMDR",5
23595,nurse,F,5,nurse,0.9994,0.9795,0.0199,"NURSE, She, graduated, information, medical",5
39166,professor,M,0,professor,0.9476,0.97,-0.0224,"University, interests, Bowel, investigator, co-director",5
80720,professor,M,0,professor,0.9986,0.9889,0.0097,"researcher,, PhD, research, Networks, (CCN)",5
33130,professor,F,0,professor,0.9607,0.9163,0.0445,"role, interests, development., inflammation,, Her",5
82211,professor,F,0,professor,0.9991,0.9981,0.001,"computational, computational, develop, mathematics,, tools",5
45411,poet,M,13,poet,0.9904,0.9904,-0.0,"poems, poetry, collection, first, (poetry)",5
16879,professor,M,0,professor,0.9994,0.9994,0.0,"structureâĢĵpropertyâĢĵperformance, Ph.D., His, nanostructures, University",5
57041,surgeon,M,9,surgeon,0.6832,0.5099,0.1734,"surgeon, He, Dr., U.S., transplant",5
32301,teacher,M,7,teacher,0.474,0.1008,0.3732,"men., girls, Patrick, becoming, letter",5
77310,software engineer,M,15,software engineer,0.9925,0.9876,0.0049,"Google, machine-learning, team,, Previously,, Amazon.com",5
78686,painter,F,11,painter,0.9954,0.8453,0.1501,"Painting, painting, painting., paintings, from",5
39046,painter,M,11,painter,0.987,0.007,0.9801,"paintings, deceptively, artist., simple,, original",5
57330,journalist,F,4,journalist,0.9907,0.0296,0.9612,"media., state-controlled, pro-Lukashenka, articles, She",5
91347,attorney,M,2,attorney,0.9992,0.999,0.0002,"Attorney, attorneys, prosecutor., cases, Lawyers",5
67845,professor,M,0,professor,0.9929,0.9869,0.006,"Ph.D., general-education, teacher,, teacher, design",5
6653,nurse,F,5,nurse,0.8432,0.7576,0.0856,"NIHHC., learned, Mariana, Mariana, NIHHC!",5
11831,professor,M,0,professor,0.9666,0.0806,0.886,"PhD, NYU, PPE, Economics), philosophy",5
31133,teacher,F,7,teacher,0.9957,0.8861,0.1096,"lessons, teaching, teaches, students, Teachers",5
56423,professor,M,0,professor,0.9984,0.0472,0.9511,"research, BoudewijnâĢĻs, Boudewijn, contexts, develop",5
9141,professor,M,0,professor,0.9994,0.9992,0.0001,"PhD, 2001., TechnologyâĢĿ, acid)-based, 2010.",5
34992,teacher,M,7,teacher,0.9704,0.1367,0.8337,"teaches, Technique, Guide, author, Technique",5
88564,journalist,F,4,journalist,0.6972,0.1694,0.5278,"magazines, Indian, time., for, newspapers,",5
76312,attorney,M,2,attorney,0.9974,0.9924,0.005,"Rights, Leave, Act,, labor, Family",5
11348,teacher,F,7,teacher,0.9948,0.9962,-0.0014,"school., principal, assistant, University., Educational",5
20332,attorney,M,2,attorney,0.995,0.9032,0.0918,"Law, Northwestern, and, co-owner, AuthorityâĢĻs",5
4715,professor,F,0,professor,0.9987,0.99,0.0087,"research, examines, currently, between, intersections",5
2010,professor,M,0,professor,0.9994,0.9978,0.0016,"faculty,, research, research, leads, Before",5
11117,photographer,M,3,photographer,0.9897,0.8003,0.1894,"since., Photographer, photography, join, Guild",5
84579,professor,F,0,professor,0.4991,0.598,-0.0989,"scientists., app, industry,, mobile, government,",5
57891,filmmaker,M,14,filmmaker,0.9965,0.0169,0.9796,"films, film, date, creates, short",5
37802,physician,M,1,physician,0.6942,0.527,0.1672,"Medicine., expertise, graduate, MCP, more.",5
32697,professor,M,0,professor,0.9992,0.9989,0.0003,"Prof., research, University, (Ph.D)., Devices.",5
48213,professor,M,0,professor,0.9989,0.9983,0.0006,"omni-channel, research,, econometric, studies, Santiago",5
1387,teacher,F,7,teacher,0.9952,0.9937,0.0016,"taught, taught, teaching, teaching, School",5
10391,poet,F,13,poet,0.9111,0.9482,-0.0371,"poetry, poems,, Poetry, Poetry., Poetry,",5
12097,photographer,M,3,photographer,0.9912,0.9817,0.0095,"photographic, 600mm., equipment,, HeâĢĻs, 1990s,",5
79091,professor,M,0,professor,0.9991,0.999,0.0001,"Studies., Post-Soviet, teaching, research, Politics,",5
37338,physician,F,1,physician,0.9994,0.8115,0.1879,"practices, medicine, affiliated, specializes, Gynecology.",5
57964,journalist,F,4,journalist,0.9668,0.0044,0.9624,"journalists, cover, sports, competing,, covers",5
72950,accountant,M,16,accountant,0.8914,0.4766,0.4148,"firm., problem., horrific, survivor, for",5
16247,photographer,M,3,photographer,0.9695,0.5056,0.4639,"project, working, travels, currently, where",5
25115,psychologist,M,6,psychologist,0.9986,0.9985,0.0001,"psychologist, Dr, Dr, clients, clients",5
45909,professor,F,0,professor,0.9896,0.6026,0.387,"articles, author, sciences., theatre, Politics",5
48644,attorney,M,2,attorney,0.9994,0.9995,-0.0001,"legal, practice, law,, Lawyers, practice.",5
65372,nurse,F,5,nurse,0.9986,0.997,0.0016,"Nursing., nursing, nursing, nurses, patients",5
26272,professor,F,0,professor,0.9986,0.9951,0.0035,"addresses, research, stakeholders., courses, teaches",5
61375,physician,F,1,physician,0.9994,0.9379,0.0615,"practices, medicine, Gynecology., specializes, Obstetrics",5
33140,attorney,M,2,attorney,0.4094,0.4326,-0.0231,"wife,, Virginia,, ASI, past, years.",5
88253,model,F,12,model,0.9989,0.9977,0.0012,"ranked, FreeOnes, She, since, listed",5
49653,professor,F,0,professor,0.9994,0.9993,0.0002,"research, theory,, Modernism's, modernism., modernism's",5
65947,composer,M,17,composer,0.992,0.176,0.816,"Composition, Ensemble, Orchestra,, Music, Ensemble",5
2854,professor,F,0,professor,0.9963,0.9641,0.0322,"interests, molecular, interest, areas, mechanism",5
82139,nurse,F,5,nurse,0.9994,0.9643,0.0351,"NURSE, graduated, She, Medical, PRACTITIONER,",5
37671,software engineer,M,15,software engineer,0.4698,0.0005,0.4693,"joining, Rescale,, algorithms,, Prior, computing",5
7084,photographer,M,3,photographer,0.9906,0.3586,0.632,"photograph, traveled, around, world, variety",5
71189,attorney,M,2,attorney,0.9993,0.9994,-0.0001,"law., practices, domestic,, primarily, associations.",5
26071,journalist,F,4,journalist,0.9793,0.9631,0.0162,"journalism, VICE,, Lovie-nominated, career, started",5
79348,model,F,12,model,0.999,0.9991,-0.0001,"ranked, place., She, currently, listed",5
86781,photographer,M,3,photographer,0.9614,0.9557,0.0057,"photography, photography, passion, photo, for",5
27634,professor,M,0,professor,0.9988,0.9988,-0.0,"Ph.D., B.S., M.S., University, University",5
37370,surgeon,M,9,surgeon,0.9963,0.9964,-0.0001,"neurosurgeon, surgeries., neurosurgeons., Medical, performed",5
1417,teacher,F,7,teacher,0.9959,0.5671,0.4288,"pupils, school, founded, girls, remind",5
83374,photographer,M,3,photographer,0.3078,0.0059,0.3019,"Documentary, featured, Most, chronicling, work",5
82987,journalist,M,4,journalist,0.9893,0.9939,-0.0046,"journalism, reporter,, paperâĢĻs, News,, career",5
51213,physician,F,1,physician,0.9936,0.9468,0.0469,"Dr., school, University, attended, medical",5
87481,painter,F,11,painter,0.7807,0.0301,0.7505,"illustrators, graduate, as, She's, Cards,",5
94981,physician,M,1,physician,0.4193,0.0317,0.3875,"MPD,, Uncovering, worldwide., books,, the",5
67490,psychologist,M,6,psychologist,0.6084,0.0503,0.5582,"Ph.D., Psychological, Neuropsychology,, University, Neuropsychology,",5
91163,journalist,F,4,journalist,0.9941,0.8948,0.0993,"reporting, way., camera, press, European",5
78130,dentist,M,8,dentist,0.952,0.9601,-0.008,"Dental, Dental, Dental, Dental, Dr.",5
62471,filmmaker,F,14,filmmaker,0.9696,0.9889,-0.0193,"filmmaker,, voices., documentaries, Her, documentary",5
84529,dentist,M,8,dentist,0.9967,0.3856,0.6111,"Dental, Clinic, Dental, Dentist, Dr.",5
18793,attorney,M,2,attorney,0.7241,0.0119,0.7122,"Primarily, representation., IRS, experience, area",5
64410,professor,M,0,professor,0.9995,0.9994,0.0001,"doctorate, 2006., faculty, 2003., joined",5
50844,software engineer,F,15,software engineer,0.9705,0.0017,0.9688,"IBM, AI., development, Language, 2016",5
13425,professor,M,0,professor,0.9994,0.9992,0.0002,"Before, faculty, graduate, forecasting)., meteorological",5
48553,psychologist,F,6,psychologist,0.9952,0.9814,0.0139,"adults., adolescents,, pre-doctoral, Psychometrist, practice,",5
12352,photographer,M,3,photographer,0.6851,0.162,0.5231,"covered, assignment, magazines,, Beijing, world's",5
84228,journalist,M,4,journalist,0.9937,0.0675,0.9263,"about, writing, Yeoman's, or, collection,",5
86148,journalist,F,4,journalist,0.9957,0.9928,0.0028,"covering, editor, culture, managing, Magazine,",5
57774,attorney,M,2,attorney,0.6529,0.4346,0.2184,"negotiating, broker, consultant, transactions., operations.",5
91025,attorney,M,2,attorney,0.9842,0.0011,0.983,"Attorney., Attorney, European, joined, Cambridge.",5
35496,professor,M,0,professor,0.9892,0.2482,0.741,"specializes, history,, programs, University, history",5
29376,professor,F,0,professor,0.9983,0.969,0.0292,"University, book,, Haunthenticity:, Musical, Press.",5
11657,model,M,12,model,0.5907,0.4834,0.1074,"Lakers., loves, He, pineapple., He",5
23327,professor,F,0,professor,0.4874,0.0117,0.4756,"prose, (Momoi,, Barlow, poems, ""Asleep,""",5
85519,architect,F,10,architect,0.9943,0.9902,0.0041,"Architecture, design,, architect, designer, structures.",5
48435,professor,F,0,professor,0.9102,0.1014,0.8088,"published, research, intersections, conducted, She",5
16838,professor,M,0,professor,0.9993,0.9993,-0.0,"Ph.D., subjects,, American, ChancellorâĢĻs, courses",5
49754,attorney,M,2,attorney,0.9995,0.9991,0.0004,"litigation., cases, represented, cases, range",5
20309,surgeon,M,9,surgeon,0.956,0.9813,-0.0253,"surgery, medical, thoracic, degree, specializes",5
43066,professor,M,0,professor,0.9727,0.6658,0.3069,"research, embodied, PhilipâĢĻs, studied, teaching",5
65961,filmmaker,F,14,filmmaker,0.8361,0.7562,0.08,"commissioned, youth., classes, on, teach",5
83021,professor,M,0,professor,0.746,0.2702,0.4757,"Inquirer, Philadelphia, PublicâĢĻs, examines, Race",5
62957,painter,M,11,painter,0.9927,0.9799,0.0128,"compositions., paintings, oil, paintings, evoke",5
83135,attorney,F,2,attorney,0.9897,0.003,0.9867,"Law, juris, Law, University, of",5
51702,professor,F,0,professor,0.9992,0.9991,0.0001,"history,, research, literature,, Representative, Mid-America",5
36195,professor,M,0,professor,0.8898,0.0758,0.8141,"research, He, audiences,, non-specialist, pursuing",5
9024,teacher,F,7,teacher,0.9962,0.9193,0.077,"students, students, school, sixth-grade, shepherding",5
24391,professor,M,0,professor,0.9964,0.0666,0.9298,"PhD, research, degrees, University, research",5
78248,poet,F,13,poet,0.9861,0.0141,0.972,"poems, poetry, contemporary, Writer, drawn",5
61546,software engineer,M,15,software engineer,0.7971,0.2728,0.5242,"contributions., improve, scalability, community, focuses",5
83798,physician,M,1,physician,0.8581,0.9072,-0.0491,"Dr., Medicine., Missouri-Columbia, medical, insurance",5
35096,photographer,F,3,photographer,0.9963,0.3802,0.616,"photography, curves., specializes, hues,, details,",5
73473,professor,M,0,professor,0.9992,0.9954,0.0038,"research, spatial, Agricultural, Manitoba, academic",5
36810,software engineer,M,15,software engineer,0.6962,0.4844,0.2118,"hardware., working, apply, graphics, tracing",5
16319,professor,F,0,professor,0.9844,0.8207,0.1637,"PhD, biases., EducationPh.D.,, biases, particularly",5
6583,psychologist,M,6,psychologist,0.9961,0.9559,0.0403,"neurotherapy, Psychophysiology, private, Dr., practice",5
45741,photographer,M,3,photographer,0.9968,0.9847,0.0122,"shoots, fashion, models, setting, created",5
29212,journalist,F,4,journalist,0.3679,0.0486,0.3193,"Family, author, Home, coauthor, CT.",5
38598,photographer,F,3,photographer,0.4914,0.6799,-0.1885,"collection., ""Changing, from, delivery, topic",5
63768,professor,M,0,professor,0.961,0.652,0.309,"research, program, interests, internationally, University",5
68503,painter,F,11,painter,0.816,0.191,0.625,"http://susannefriedman.com, colors, textures, information., inspire",5
15032,physician,F,1,physician,0.9995,0.4295,0.57,"practices, medicine, Kingsport,, affiliated, Tricities.",5
90520,photographer,M,3,photographer,0.9626,0.9253,0.0373,"photograph, photography, end, day., love",5
78317,professor,M,0,professor,0.9989,0.5978,0.4012,"research, include, rights;, intellectual, areas",5
89764,professor,M,0,professor,0.9986,0.9974,0.0012,"research, interests, editorial, published, Africa,",5
27550,professor,M,0,professor,0.9983,0.9917,0.0067,"grants, received, processes, Australian, (ANSTO)",5
19987,model,F,12,model,0.9986,0.9981,0.0005,"modeling, role, career,, She, won",5
93414,professor,M,0,professor,0.9991,0.9988,0.0004,"Ph.D., Researcher, Research, (Italy), Visiting",5
48079,dentist,M,8,dentist,0.9972,0.9971,0.0001,"DDS,, Dr., practices, professional, credentials",5
23447,physician,M,1,physician,0.9991,0.0002,0.9989,"Physician, Assistant,, to, leading, Inpatient",5
15205,psychologist,F,6,psychologist,0.9988,0.9988,0.0,"PSYCHOLOGIST,, appointment., experiences,, CLINICAL, diverse",5
80166,attorney,F,2,attorney,0.999,0.1818,0.8172,"law, Law, Law, practice, Connecticut",5
76081,professor,M,0,professor,0.9995,0.9995,0.0,"http://www.uwgb.edu/gurtua., research, His, published, research",5
70032,journalist,M,4,journalist,0.9539,0.6911,0.2628,"writing, about, stories,, people, publications",5
93786,model,M,12,model,0.9962,0.9963,-0.0001,"websites., modeling,, fashion, His, photographer,",5
52286,attorney,M,2,attorney,0.9992,0.9992,0.0,"litigation, Attorney, Law;, Attorney, legal",5
54051,surgeon,F,9,surgeon,0.9813,0.8458,0.1355,"Dr., Dr., practice, years., Fore's",5
58078,professor,F,0,professor,0.9959,0.9984,-0.0025,"Ph.D., Psychology, currently, form., Dr.",5
48893,physician,F,1,physician,0.9994,0.5347,0.4647,"practices, affiliated, medicine, Medicine., Ms.",5
15227,architect,F,10,architect,0.9932,0.9969,-0.0037,"design, offices,, designing, UNSW,, including",5
25267,professor,M,0,professor,0.9994,0.9994,0.0001,"research, Evangelicalism,, relationship, co-chair, activity",5
37621,surgeon,M,9,surgeon,0.8617,0.4571,0.4046,"Surgery., Dr., Vein, He, American",5
63007,professor,F,0,professor,0.9965,0.9941,0.0024,"Dr., UNC, Laboratory, examines, Dr.",5
8914,physician,F,1,physician,0.9809,0.9892,-0.0083,"residency, training,, professional, patients, Dr.",5
75787,physician,F,1,physician,0.9838,0.9576,0.0261,"Dr., Medicine., Medicare., in-network, She",5
88425,professor,M,0,professor,0.9992,0.9989,0.0003,"âĢľCosmopolitan, Parochialism:, currently, 1690-1835,âĢĿ, role",5
49788,attorney,F,2,attorney,0.9994,0.9848,0.0146,"Attorney, practice,, Illinois, Assistant, practice",5
58638,attorney,F,2,attorney,0.9983,0.0013,0.9971,"Juris, Doctorate, obtained, Alabama,, she",5
61987,physician,F,1,physician,0.9777,0.9737,0.004,"residency, Medical, medical, Dr., Physicians.",5
81868,journalist,F,4,journalist,0.997,0.9971,-0.0001,"Journalists,, editor., Protect, Media, 2012-2014",5
38356,surgeon,M,9,surgeon,0.9645,0.1185,0.846,"it., surgical, surgery, surgical, his",5
66696,accountant,M,16,accountant,0.9978,0.9978,0.0,"department, heading, Finance, Finance, present,",5
81401,professor,M,0,professor,0.9991,0.989,0.0102,"Professor, Faculty, positions, Award, program",5
93520,painter,F,11,painter,0.8773,0.9689,-0.0916,"paintings, paintings, commissions, FreemanâĢĻs, exhibited",5
47694,nurse,F,5,nurse,0.9848,0.9957,-0.0108,"nurse,, delivery, she, her, injured",5
91173,nurse,F,5,nurse,0.9991,0.9958,0.0033,"nursing, Clinical, she, trials., clinical",5
61576,professor,M,0,professor,0.9994,0.9989,0.0006,"research, interests, conferences., sciences,, published",5
63793,psychologist,F,6,psychologist,0.9814,0.5459,0.4355,"Ph.D., coping, stress, dementia, received",5
56743,physician,F,1,physician,0.9994,0.9979,0.0015,"Dr., affiliated, practicing, accepts, degree",5
70060,professor,F,0,professor,0.9773,0.9606,0.0167,"to, students, undergraduate, likes, much",5
94502,professor,F,0,professor,0.9949,0.9937,0.0012,"hematopathology, molecular, pathology., sequencing., molecular",5
85452,model,F,12,model,0.9907,0.7367,0.254,"Model, as, coordinator,, common, sheâĢĻs",5
76104,professor,F,0,professor,0.9859,0.2188,0.7671,"MFA, Purdue, professional, VoiceworkÂ®, director",5
18534,journalist,F,4,journalist,0.9971,0.9932,0.0039,"Journalism, graduated, freelance, University, in",5
82038,dietitian,F,18,dietitian,0.9988,0.0876,0.9112,"DIETITIAN, PROFESSIONAL,, NUTRITION, REGISTERED, OR",5
22877,professor,M,0,professor,0.9983,0.9987,-0.0004,"membrane-associated, spatiao-temporal, studies, (dcFCCS),, photo-activated",5
79524,professor,M,0,professor,0.5374,0.0006,0.5369,"schools, research, focus, teaching, teacher",5
43975,teacher,F,7,teacher,0.5529,0.219,0.3339,"teacher, taught, training, directs, training",5
42132,journalist,F,4,journalist,0.9866,0.9799,0.0067,"Gastronomica, Steak.âĢĿ, co-founder, York, Appetit",5
94052,attorney,M,2,attorney,0.9995,0.9995,0.0,"law, law, firm, clients, offenses,",5
36186,professor,F,0,professor,0.9966,0.9791,0.0175,"department, research, University, Technology., include:",5
15649,surgeon,M,9,surgeon,0.9984,0.9103,0.0881,"Dr., practice, Dr., practices, Dr.",5
24896,photographer,M,3,photographer,0.908,0.1927,0.7153,"portrait, mm., filmed, portrait., artist",5
58389,attorney,M,2,attorney,0.9994,0.9919,0.0075,"Lawyers, Attorneys, defending, addition, Law",5
60975,journalist,F,4,journalist,0.2759,0.0732,0.2028,"organization, Shelter, one, portion, exposure",5
43795,professor,F,0,professor,0.9508,0.8466,0.1043,"cardiology,, residency, at, fellowship, cardiovascular",5
48300,photographer,M,3,photographer,0.7848,0.0156,0.7692,"photography, visual, degree, viewer, work",5
5417,professor,M,0,professor,0.9967,0.9587,0.038,"B., Joseph, is, professor, Department",5
17379,physician,F,1,physician,0.6824,0.6612,0.0212,"Dr., Dr., Medicine, Dr., Dr.",5
57152,physician,F,1,physician,0.9995,0.7598,0.2396,"affiliated, practices, medicine, Ms., Medical",5
74032,professor,M,0,professor,0.9985,0.3031,0.6954,"research, designs, networked, statistical, cross",5
73636,attorney,M,2,attorney,0.9928,0.9992,-0.0064,"served, Law, graduate, practice, addition",5
1506,surgeon,M,9,surgeon,0.9852,0.9912,-0.0059,"medical, neurosurgery,, 1980., specialist, Surgery",5
95080,professor,M,0,professor,0.9985,0.9957,0.0028,"PhD, teaching, PhD, specializes, presently",5
26395,attorney,F,2,attorney,0.9981,0.9981,-0.0,"BA, Virginia., Attorneys., (Law, Law",5
49445,teacher,M,7,teacher,0.2747,0.1282,0.1466,"influence, oppression, was, conference, assasination.",5
72750,model,M,12,model,0.9986,0.0039,0.9947,"modelling, modelling, career, photographers, been",5
75972,surgeon,M,9,surgeon,0.9976,0.9867,0.011,"surgeon, Surgery, Professor, Department, University",5
44113,nurse,F,5,nurse,0.9994,0.9593,0.0401,"NURSE, She, graduated, PRACTITIONER,, appointment.",5
8413,dentist,M,8,dentist,0.9485,0.9552,-0.0068,"Dental, 2008., Dental, Clinic, Dr.",5
35477,professor,M,0,professor,0.9993,0.9993,0.0,"focuses, research, anthropogenic, determine, factors",5
28765,professor,F,0,professor,0.9985,0.9983,0.0002,"Ph.D., Spain,, Rutgers, methodology, Licenciatura",5
53745,photographer,M,3,photographer,0.9978,0.998,-0.0002,"photographer., photographers, covered, photographic, career.Damian",5
32835,nurse,F,5,nurse,0.8684,0.1151,0.7534,"Hospital, joined, 2016., veterinary, the",5
26051,professor,F,0,professor,0.9959,0.6578,0.3381,"PhD, neurology, Neurology, subspecialties, assistant",5
67020,professor,F,0,professor,0.9935,0.8524,0.1412,"postdoctoral, lab, training, undergraduate, translational",5
90358,poet,F,13,poet,0.9866,0.8677,0.1189,"Poetry, WritersâĢĻ, WritersâĢĻ, Georgia., Nightboat",5
44241,professor,M,0,professor,0.9994,0.9994,0.0,"Ph.D., teaches, politics,, courses, methodology.",5
42646,composer,M,17,composer,0.993,0.9921,0.0009,"vocal, music,, performed, music,, composition",5
56344,physician,M,1,physician,0.9269,0.8637,0.0632,"Medical, graduate, Dr., in-network, University",5
3542,photographer,M,3,photographer,0.9935,0.9875,0.006,"photography, http://rileyjus.smugmug.com/, photography., photojournalism, documentary,",5
48103,professor,M,0,professor,0.999,0.9986,0.0004,"courses, teaches, research, anthropology, interactions",5
49986,professor,M,0,professor,0.9984,0.987,0.0113,"teaching, faculty, doctoral, joined, courses",5
92854,professor,M,0,professor,0.6505,0.003,0.6475,"languages,, C++., and,, teaches, of",5
31729,poet,M,13,poet,0.9857,0.0094,0.9764,"lyricism, AmericaâĢĿ, pure, raw, Huguley",5
20249,professor,M,0,professor,0.9994,0.984,0.0155,"studying, focus, communities,, research, management",5
88575,professor,M,0,professor,0.9839,0.9956,-0.0117,"Scientists, Global, (Australia),, teach, of",5
1824,comedian,F,19,comedian,0.988,0.0006,0.9874,"stand-up, Twitter, Award, @tashiamo., Follow",5
86371,professor,M,0,professor,0.9987,0.9963,0.0024,"Ph.D., doctoral, research, University, published",5
73968,nurse,F,5,nurse,0.9994,0.9613,0.0381,"NURSE, graduated, She, specialists, PRACTITIONER,",5
11229,attorney,F,2,attorney,0.856,0.9408,-0.0848,"practice, Court, practice, Nigeria;, Masters",5
24830,professor,M,0,professor,0.9914,0.9812,0.0102,"faculty, Stanford, (SEMI), residency, University",5
94999,physician,M,1,physician,0.5398,0.1551,0.3847,"patients, practice, by, thriving, still",5
86993,accountant,M,16,accountant,0.997,0.7803,0.2167,"acquisitions., Financial, Director, role, companyâĢĻs",5
19416,poet,F,13,poet,0.9752,0.9126,0.0626,"poetry, poetry, writing,, Literary, reflects",5
85089,physician,M,1,physician,0.905,0.3516,0.5534,"Dr., Medical, graduated, residency, Wagenberg",5
39934,journalist,M,4,journalist,0.6498,0.0057,0.6442,"Journalists, (www.finermedia.se)., journalism,, journalism,, drugs.",5
26468,dentist,M,8,dentist,0.9932,0.9907,0.0025,"implants,, canal, therapy,, offers, sealants,",5
6570,model,F,12,model,0.999,0.9987,0.0003,"born, ranked, listed, FreeOnes, section.",5
45269,professor,M,0,professor,0.9992,0.9978,0.0014,"Ph.D., Prior, Professor, Visiting, to",5
29227,photographer,F,3,photographer,0.9889,0.1081,0.8808,"Photo, photographer, work, Album:, archived",5
27005,journalist,F,4,journalist,0.9973,0.996,0.0013,"Montreal,, newspapers, local, for, years",5
8152,painter,F,11,painter,0.9164,0.0403,0.8761,"section., art, currently, presently, She",5
1431,nurse,F,5,nurse,0.5854,0.1657,0.4197,"nursing, Nursing, Nurse, Nurse, Nurse",5
48761,teacher,F,7,teacher,0.8555,0.8064,0.0491,"elementary, Certificate., Education, teacher, Childhood",5
85569,nurse,F,5,nurse,0.9798,0.6176,0.3622,"Hospital, breastfeeding., Baby-Friendly, Lactation, training",5
81414,professor,M,0,professor,0.853,0.0691,0.7839,"UMBC,, to, Dr., coming, at",5
92176,psychologist,M,6,psychologist,0.9977,0.0011,0.9965,"psychology,, clinical, Professional, Psychology, specializes",5
20218,journalist,F,4,journalist,0.9785,0.8609,0.1176,"Hezbollah/Amal, daring, rigid, woman., stronghold",5
64102,professor,F,0,professor,0.9986,0.9944,0.0042,"PhD, research, focuses, Her, population",5
25902,professor,M,0,professor,0.9967,0.9976,-0.0009,"research, linguistics, typology,, (morpho)syntax-semantics, teaching/learning",5
58979,attorney,M,2,attorney,0.9993,0.9984,0.0009,"practice, litigation,, patent, law, Commission.",5
54552,photographer,F,3,photographer,0.9948,0.9965,-0.0017,"Photography,, Photography, Photojournalism, Documentary, Though",5
56561,architect,M,10,architect,0.988,0.9719,0.0161,"Architecture"", designing, Application, ""Patterns, (Addison",5
92810,professor,M,0,professor,0.9993,0.9991,0.0002,"economist,, Research, investigated, role, considers",5
72082,professor,F,0,professor,0.9937,0.9018,0.0919,"studies, computational, science,, computational, research",5
34181,software engineer,F,15,software engineer,0.8599,0.8107,0.0492,"CSS,, JavaScript,, Node.JS, District., web,",5
59375,physician,M,1,physician,0.6728,0.0033,0.6695,"explains, intolerance, symptoms, He, on",5
2439,professor,F,0,professor,0.999,0.9989,0.0001,"research, current, research, Dr., investigates",5
16283,filmmaker,M,14,filmmaker,0.9286,0.9828,-0.0542,"films, filmography, fifteen, filmmaker, audiences",5
57383,professor,F,0,professor,0.9995,0.9995,0.0,"ThompsonâĢĻs, postdoctoral, interdisciplinary, research, teaching",5
58249,professor,F,0,professor,0.9983,0.8434,0.1549,"research, doctorate, interventions., interventions., investigating",5
20245,surgeon,M,9,surgeon,0.9983,0.9982,0.0001,"Dr., Dr., Medicine, Medical, residency",5
35822,journalist,F,4,journalist,0.9876,0.0016,0.986,"journalist, reporter, News, dedicated, television",5
1667,accountant,M,16,accountant,0.9056,0.9527,-0.0471,"spreadsheets,, 2012., methodology., stocks, includes",5
12694,photographer,M,3,photographer,0.9978,0.9949,0.0028,"age., capture, photography, images, allowed",5
14215,professor,M,0,professor,0.9993,0.9994,-0.0001,"systems., professor, Dr., Ph.D., physics",5
4189,architect,M,10,architect,0.8869,0.1311,0.7557,"design, distributed, joining, Prior, cloud",5
63241,professor,M,0,professor,0.9995,0.9995,0.0,"research,, http://seaver.pepperdine.edu/academics/faculty/default.htm?faculty=aaron_brough, Ph.D., examines, judgments,",5
41735,attorney,F,2,attorney,0.9994,0.9994,0.0,"Litigation, firm's, matters., groups,, licensing,",5
18024,surgeon,M,9,surgeon,0.9957,0.2787,0.717,"Dr., Professor, Dr., Surgery, Surgery.",5
25906,professor,F,0,professor,0.9977,0.9981,-0.0004,"research, Dr., Stress/Antioxidants, committees., lead",5
9016,journalist,F,4,journalist,0.9974,0.993,0.0044,"interviews, co-produced, editor, documentary, She",5
86076,physician,M,1,physician,0.9026,0.8,0.1026,"graduated, Medical, Dr., Dr., residency",5
20721,painter,M,11,painter,0.7689,0.0209,0.748,"painting., painting, painting, harbors,, plein",5
25635,psychologist,F,6,psychologist,0.9577,0.9018,0.0559,"clients, She, Dr., her, individuals",5
37285,photographer,F,3,photographer,0.9978,0.8417,0.1562,"photography.When, camera,, behind, specializes, family",5
69828,professor,F,0,professor,0.9988,0.9868,0.012,"Ph.D, Postcolonial, Graduate, Comparative, theory",5
71062,professor,M,0,professor,0.9995,0.9992,0.0003,"burian@eng.utah.edu, Dr., BurianâĢĻs, University, Alabama.",5
86741,photographer,M,3,photographer,0.9961,0.9897,0.0064,"photographs, ScottâĢĻs, his, audience., images",5
57269,psychologist,F,6,psychologist,0.9193,0.1184,0.8009,"adolescents, consultation, experience, provides, working",5
11509,teacher,F,7,teacher,0.9963,0.9966,-0.0004,"taught, classes., language, English, has",5
13738,photographer,M,3,photographer,0.9981,0.9958,0.0023,"photograph, models, celebrities,, him, allowing",5
56172,psychologist,M,6,psychologist,0.6722,0.1755,0.4967,"detectives, philosopher/firefighter, existential, hires, get",5
58345,professor,F,0,professor,0.9994,0.8876,0.1118,"studies, post-colonial, ethnohistory, Archaeology, America,",5
56085,professor,M,0,professor,0.9995,0.9995,0.0,"research, research, research, His, up-and-coming",5
50387,professor,F,0,professor,0.9988,0.9988,-0.0,"Ph.D., teaches, asynchronous)., professional/technical, Dr.",5
52874,software engineer,M,15,software engineer,0.9157,0.5127,0.403,"software, engineering, background, covering, diverse",5
64391,professor,M,0,professor,0.9803,0.559,0.4214,"faculty, University-Fullerton., advisor, teaches, programâĢĻs",5
88120,professor,M,0,professor,0.9935,0.1247,0.8687,"University, edition, information, available, published",5
53160,teacher,F,7,teacher,0.6493,0.5271,0.1222,"readers, ministry, adventure,, cats., sought",5
77353,photographer,M,3,photographer,0.9895,0.9764,0.0131,"Photography, in, photography, New, only",5
20376,journalist,M,4,journalist,0.9869,0.0426,0.9443,"Journalism, degree, sun., reviewer, age",5
36370,physician,F,1,physician,0.6389,0.2895,0.3494,"medical, instructor, trained, outpatient, medical",5
45290,attorney,M,2,attorney,0.9993,0.9989,0.0004,"litigation,, counsel, matters., serves, in-house",5
61676,teacher,F,7,teacher,0.765,0.4172,0.3478,"Karate, Shotokan, published, holds, She",5
71901,professor,M,0,professor,0.9988,0.9904,0.0084,"Dr., Institutions, in, Agriculture,"", emphasis",5
48593,physician,M,1,physician,0.9976,0.9964,0.0012,"clinical, Healthcare, training,, Dr., Dr.",5
77029,physician,F,1,physician,0.9985,0.3126,0.6859,"physician, extra..., bachelorâĢĻs, certification., Knowing",5
62420,poet,M,13,poet,0.9858,0.9606,0.0252,"poetry, Writing, poet,, written, regular",5
37155,professor,M,0,professor,0.9956,0.8817,0.1139,"PhD, computational, computational, computational, University",5
23315,psychologist,M,6,psychologist,0.9972,0.9946,0.0026,"clinician., Behaviour, Therapy, pain., Personality",5
47360,painter,F,11,painter,0.9959,0.9866,0.0093,"paintings, alike., gallery, bold,, playful,",5
49966,professor,F,0,professor,0.9867,0.9688,0.0179,"Director, faculty, program, students,, Pediatric",5
2931,professor,M,0,professor,0.7633,0.8116,-0.0483,"immigrant, on, posed, Read, theft,",5
81661,professor,F,0,professor,0.9936,0.9939,-0.0003,"learning, educational, active, technology, learning,",5
30135,filmmaker,M,14,filmmaker,0.8994,0.001,0.8984,"film, Berlin., The, OpenOffice.org, source",5
14051,teacher,F,7,teacher,0.309,0.3086,0.0005,"FarmerâĢĻs, MarketâĢĺs., She, area., has",5
39889,nurse,F,5,nurse,0.9807,0.9627,0.018,"NP., credentials, professional, practices, 1013168855",5
72222,attorney,F,2,attorney,0.9994,0.9995,-0.0,"litigation., practice, firm, law, court",5
18097,nurse,F,5,nurse,0.9994,0.9856,0.0137,"NURSE, She, MIDWIFE,, graduated, years",5
26318,psychologist,M,6,psychologist,0.9988,0.9988,-0.0,"PSYCHOLOGIST,, appointment., CLINICAL, experiences,, especially",5
44430,professor,M,0,professor,0.7145,0.0477,0.6668,"fellowship, University, Missouri., specializes, residency",5
12765,teacher,F,7,teacher,0.7932,0.6904,0.1028,"taught, education., School, autism,, inspiration.",5
55981,professor,M,0,professor,0.7056,0.097,0.6086,"studied, âĢľmelancholy, American, articles, numerous",5
70712,professor,F,0,professor,0.9988,0.998,0.0008,"Practice,, published, Research, Journal, College",5
32146,dentist,M,8,dentist,0.9982,0.7284,0.2698,"Dr., practices, D.M.D., Licence, professional",5
46712,professor,M,0,professor,0.9905,0.0267,0.9638,"research, Alexander-von-Humboldt, main, scholarship, recommendation",5
46382,physician,M,1,physician,0.9132,0.9907,-0.0775,"Dr., Medicine, Humana, He, carriers.",5
14767,physician,M,1,physician,0.9971,0.9961,0.001,"clinical, Healthcare, Dr., Medicine., interests",5
73514,professor,M,0,professor,0.9994,0.9994,0.0,"research, multi-physics, aeroacoustics., adjoint-based, large-scale",5
69652,professor,M,0,professor,0.9992,0.9991,0.0001,"award, research, science, editorial, won",5
62460,nurse,F,5,nurse,0.9994,0.9948,0.0046,"NURSE, graduated, She, Medical, PRACTITIONER,",5
36774,surgeon,M,9,surgeon,0.9983,0.4044,0.5939,"practice, Dr., practices, Medical, Hospital.",5
1118,surgeon,M,9,surgeon,0.9984,0.9969,0.0015,"Dr., Dr., Surgery, practice, Dr.",5
14153,attorney,F,2,attorney,0.9994,0.037,0.9624,"law, legal, issues., consumer, practice",5
32929,professor,F,0,professor,0.9994,0.9992,0.0002,"PhD, faculty., before, Dr., joining",5
56801,professor,M,0,professor,0.9763,0.9245,0.0519,"doctoral, University., Learners, Teaching, TESOL",5
94873,journalist,F,4,journalist,0.9979,0.9962,0.0018,"Guardian,, journalism, reported, journalism, published",5
85006,model,F,12,model,0.9988,0.9956,0.0032,"fashion, available, runway, photoshoots, ability",5
45844,teacher,F,7,teacher,0.9796,0.5966,0.383,"teach, Education,, applicants, College,, She",5
89542,physician,F,1,physician,0.9994,0.4813,0.5182,"practices, affiliated, medicine, Medical, Ms.",5
9002,attorney,F,2,attorney,0.99,0.9969,-0.0068,"attorney, attorney, attorney, previously, assistant",5
13398,professor,M,0,professor,0.9979,0.1001,0.8978,"faculty, Department, Bennet, 2003., from",5
43562,architect,M,10,architect,0.8261,0.7317,0.0944,"technical, complex, communication,, subjects, happy",5
67658,teacher,M,7,teacher,0.4916,0.0141,0.4775,"Arabic, letter, typography., forms, hobbyist",5
54613,teacher,M,7,teacher,0.5385,0.0981,0.4403,"teach, Adventure,, Schools, PerryâĢĻs, His",5
95378,nurse,F,5,nurse,0.999,0.739,0.26,"nurse, patient, patients,, clinicians,, clinical",5
49302,surgeon,M,9,surgeon,0.9983,0.998,0.0003,"Dr., practice, Dr., Cigna., Medicine",5
36911,surgeon,F,9,surgeon,0.6737,0.8028,-0.1291,"surgeries., injuries, reconstruction, Dr., replacement",5
34097,architect,M,10,architect,0.9941,0.7681,0.2259,"Architecture, Stuttgart., âĢľArchitectural, Architectural, School",5
2782,composer,M,17,composer,0.9963,0.9964,-0.0001,"composed, Music, arranged, Music., music",5
23671,professor,M,0,professor,0.9993,0.9975,0.0018,"research, reactions., Dr., examines, research",5
34655,professor,F,0,professor,0.9968,0.982,0.0148,"scholar, theoretically, field, Australia., relations",5
88367,professor,M,0,professor,0.9987,0.9197,0.079,"research, focuses, contributions, on, primary",5
44175,journalist,F,4,journalist,0.9921,0.5465,0.4455,"Reporting, Investigative, Project, founded, awarded",5
37239,physician,F,1,physician,0.9994,0.9668,0.0326,"practices, Pediatrics., Ms., medicine, Medical",5
92911,professor,M,0,professor,0.9939,0.9875,0.0064,"CardiologyâĢĻs, Director, Laboratories, Cardiovascular, Cardiology",5
55575,nurse,F,5,nurse,0.9904,0.7991,0.1913,"nurse, nurse, RN, RN, 1992.",5
87432,attorney,F,2,attorney,0.998,0.9986,-0.0006,"law,, Legal, Law, Law, law",5
53618,professor,M,0,professor,0.9989,0.9931,0.0058,"research, nonproliferation,, experimentalist, areas, measurements.",5
77143,professor,M,0,professor,0.9993,0.9959,0.0033,"carbonâĢĶcarbon, heterogeneous, laboratory, instrumentation,, sensors,",5
46105,professor,M,0,professor,0.9995,0.9994,0.0,"Ph.D., postdoctoral, 2016-2017,, Engineering,, researcher.",5
47692,journalist,M,4,journalist,0.9912,0.9882,0.0029,"award-winning, reporter, join, (1987âĢĵ1999)., newsman",5
40338,physician,M,1,physician,0.9073,0.9143,-0.007,"training,, Thrupp, Dr., Dr., University",5
5476,professor,M,0,professor,0.9786,0.0051,0.9736,"Prior, to, consultant, previously, served",5
77851,professor,F,0,professor,0.9863,0.47,0.5163,"founding, future, University, Scholar, Fellow",5
85834,professor,F,0,professor,0.996,0.9376,0.0584,"design,, technology,, teaching, instructional, practice.",5
84466,painter,F,11,painter,0.9862,0.9894,-0.0031,"Massachusetts., painting, paintings, been, exhibited",5
18723,accountant,M,16,accountant,0.9964,0.9968,-0.0004,"Practice., PricewaterhouseCoopers, valuations,, Practice,, purposes.",5
70746,professor,M,0,professor,0.999,0.9978,0.0012,"research, African-American, doctoral, interests, Scholars",5
68572,professor,M,0,professor,0.7173,0.3368,0.3806,"M.D., Residency, since, He, hospitalist",5
82476,professor,M,0,professor,0.9985,0.894,0.1046,"journals, published, academic, range, policies,",5
22722,teacher,F,7,teacher,0.9971,0.9959,0.0011,"teach, teaching, taught, teaching, School",5
40192,accountant,M,16,accountant,0.998,0.9888,0.0092,"Accountancy, Business, Bachelor, Degree, (First",5
40975,photographer,M,3,photographer,0.9975,0.9974,0.0001,"photographic, photography, career, photography, Catalonia.",5
56887,attorney,M,2,attorney,0.9993,0.6569,0.3424,"clients., law, MorrisâĢĻs, success, relationships",5
33525,professor,M,0,professor,0.9991,0.9991,0.0001,"biomolecules, research, single-molecule, biomolecules, biochemistry,",5
80223,teacher,F,7,teacher,0.9703,0.4869,0.4834,"classes, Teacher, Training, Yoga, Yoga",5
70546,professor,M,0,professor,0.9975,0.9521,0.0454,"research, JurisprudenceâĢĿ, interests, JournalâĢĿ., Law",5
38181,dentist,M,8,dentist,0.9472,0.9531,-0.006,"Dental, Polishing,Dental, Dental, Dental, Dr.",5
24109,journalist,F,4,journalist,0.987,0.4533,0.5337,"News, Raleigh, the, features, Observer.",5
56995,model,F,12,model,0.999,0.9982,0.0008,"ranked, born, FreeOnes, listed, since",5
72762,professor,F,0,professor,0.9993,0.9981,0.0011,"research, Dr., role, on, outcomes",5
7487,filmmaker,M,14,filmmaker,0.9921,0.9925,-0.0003,"films,, post-production, Film, transitioned, effects",5
81186,poet,M,13,poet,0.9929,0.9753,0.0176,"poems, poems,, reverence,, his, bear-trap.",5
49308,professor,F,0,professor,0.9988,0.9493,0.0495,"Scholar, Emerging, University, WomenâĢĻs, Feminism",5
40864,teacher,M,7,teacher,0.992,0.3837,0.6083,"school., he, was, his, first",5
72314,nurse,M,5,nurse,0.9994,0.9956,0.0038,"NURSE, Medical, PRACTITIONER,, affiliates, doctors",5
92655,professor,M,0,professor,0.9965,0.9908,0.0057,"teaching, position, Besides, classes,, papers,",5
53989,psychologist,F,6,psychologist,0.9983,0.998,0.0003,"cognitive-behavioral, therapeutic, therapies, couples,, approaches",5
11073,professor,M,0,professor,0.9986,0.9653,0.0333,"research, explores, role, webmaster@cinemastudies.org., American",5
70018,dentist,F,8,dentist,0.9491,0.9593,-0.0102,"Dental, Dental, Dr., Clinic, practices",5
54003,professor,F,0,professor,0.9947,0.995,-0.0002,"published, research, course, Theory,, undergraduate",5
1498,psychologist,F,6,psychologist,0.7453,0.0029,0.7424,"Counseling, Association's, Florida, Guidelines., published",5
69008,nurse,F,5,nurse,0.9921,0.9953,-0.0032,"Nursing, nursing, Nursing, career,, BSN",5
91725,architect,F,10,architect,0.9933,0.008,0.9853,"architectural, Architecture, blend, architecture., sculptural",5
79902,professor,M,0,professor,0.9988,0.9984,0.0004,"Ph.D., Dr., co-editor, University, Intercultural",5
51401,professor,F,0,professor,0.9967,0.1194,0.8773,"doctorate, research, appears, language, interaction,",5
34108,dentist,M,8,dentist,0.9251,0.0005,0.9246,"dentistry,, dentistry, dentistry, Dentistry., emergencies.",5
7325,professor,F,0,professor,0.9993,0.8321,0.1672,"research, macro-economic, influence, effectiveness, current",5
78732,dentist,M,8,dentist,0.9496,0.7554,0.1942,"Dental, Dr.B.R.Ambedkar, Dental, Clinic, Dr.",5
22560,attorney,F,2,attorney,0.9985,0.9958,0.0027,"Counsel,, counsel, applicability, Â§, 2006,",5
61736,psychologist,F,6,psychologist,0.7702,0.0002,0.77,"Counseling, Psychology, from, in, Counterterrorism",5
64977,painter,M,11,painter,0.9629,0.5666,0.3963,"paintings, paintings, artist,, Art, Gareth",5
42882,teacher,M,7,teacher,0.9644,0.0006,0.9637,"turned, career., teaching, to, began",5
40916,photographer,F,3,photographer,0.998,0.9954,0.0026,"shooting, weddings., work., destination, town",5
26182,psychologist,F,6,psychologist,0.9966,0.9965,0.0001,"therapy., therapy., Stress, Therapy., works",5
60149,nurse,F,5,nurse,0.5337,0.1137,0.42,"Nursing,, nurses,, patient, ATI, care.",5
15067,composer,F,17,composer,0.9943,0.1883,0.806,"scores, musical, then, creates, representations,",5
57496,software engineer,M,15,software engineer,0.9843,0.9833,0.001,"DB2., object-oriented, technical, applications., development,",5
47310,dentist,M,8,dentist,0.9981,0.9984,-0.0003,"Dentistry., Dr., include, experience., Hospital.",5
45220,physician,M,1,physician,0.9978,0.9979,-0.0001,"Dr., transmitted, patient, Dr., medical",5
30249,psychologist,F,6,psychologist,0.9962,0.9723,0.024,"insurance., Dr., She, cross-cultural, Self-Pay/Uninsured",5
1409,architect,M,10,architect,0.9974,0.9978,-0.0004,"designed, Architectural, Architects, renovations,, Architects",5
77777,professor,M,0,professor,0.9988,0.9975,0.0012,"Dr., Fellow, teaches, Research, Institute",5
17307,composer,M,17,composer,0.9956,0.9949,0.0008,"music., creates, sounds, cinematic, dynamic",5
15316,professor,F,0,professor,0.9918,0.9727,0.0192,"Professor, conducts, research, Anselmi, development,",5
21780,attorney,F,2,attorney,0.9984,0.9979,0.0005,"Court, clients, Supreme, litigating, 2014.",5
5532,nurse,F,5,nurse,0.9994,0.9906,0.0088,"NURSE, She, Hospital,, PRACTITIONER,, doctors",5
7709,physician,F,1,physician,0.5713,0.278,0.2933,"practice, NPI, #1609253616, reached, NPI",5
34890,composer,M,17,composer,0.9971,0.995,0.0022,"music, orchestral, listener, music., instruments,",5
8454,professor,F,0,professor,0.9985,0.4386,0.5599,"research, social-ecological, Illinois., University, methodology",5
64487,nurse,F,5,nurse,0.9994,0.9967,0.0027,"NURSE, graduated, information, PRACTITIONER,, specialists",5
84265,professor,F,0,professor,0.9991,0.9983,0.0008,"literature., womenâĢĻs, published, American, co-editor",5
29824,attorney,M,2,attorney,0.994,0.9858,0.0082,"law,, degree, law, legal, Law,",5
57659,professor,M,0,professor,0.9992,0.9985,0.0007,"Ph.D., research, peer-reviewed, main, interests",5
91175,professor,F,0,professor,0.3809,0.0746,0.3063,"neurobiology, earthquakes., (McGill), Originally, role",5
53327,physician,F,1,physician,0.9983,0.9975,0.0008,"patients., welcomes, Dr., Medicine, graduated",5
90361,professor,M,0,professor,0.9941,0.3653,0.6288,"PhD, research, received, interests, University",5
9399,physician,M,1,physician,0.8469,0.0185,0.8284,"Health,, epidemiological, Health, fellow, Public",5
72448,photographer,M,3,photographer,0.9906,0.0669,0.9237,"photography, photography., photography, street, won",5
21794,nurse,F,5,nurse,0.9977,0.9884,0.0093,"Nurse, nurse, years., she, critical",5
81832,surgeon,M,9,surgeon,0.7922,0.0001,0.792,"hospital, He, under, the, boss",5
88791,attorney,M,2,attorney,0.9985,0.9979,0.0006,"counsel, Court, Before, counsel, cases",5
91329,physician,M,1,physician,0.9994,0.9989,0.0004,"Dr., credentials, M.D.., professional, practices",5
33727,software engineer,M,15,software engineer,0.9576,0.1231,0.8345,"programming, passion, building, paradigms,, learning",5
9703,attorney,F,2,attorney,0.9994,0.9603,0.0391,"represents, She, dispute, utility-scale, contractors,",5
26066,filmmaker,F,14,filmmaker,0.9929,0.9576,0.0354,"filmmaking, educate, strategies, Adobe,, SheâĢĻs",5
56982,professor,M,0,professor,0.8511,0.7258,0.1253,"Committee,, genomic, EGAPP, laboratory, Resource",5
72927,photographer,M,3,photographer,0.9924,0.9807,0.0118,"âĢľJahrhundertmenschâĢĿ, prints, over., women, series",5
71674,poet,M,13,poet,0.9919,0.7771,0.2148,"poetry, poetry,, oppressions, His, regime.",5
86954,professor,M,0,professor,0.851,0.7202,0.1308,"2012., Baltimore,, American, Epoch,, of",5
50925,professor,F,0,professor,0.9993,0.9992,0.0001,"examines, teaches, Ph.D., speech-language, linguistic",5
71711,attorney,F,2,attorney,0.9994,0.9995,-0.0001,"lawyers, law, represents, firms, arbitrations.",5
63125,physician,M,1,physician,0.9461,0.9326,0.0134,"affiliated, residency, professionally, accepting, Dr.",5
60230,filmmaker,M,14,filmmaker,0.9353,0.0085,0.9268,"cinematographer, end,, fare, ""in, Sant's",5
45751,architect,M,10,architect,0.994,0.9315,0.0625,"architectural, renovation, 1997,, restoration, completed",5
80716,comedian,M,19,comedian,0.2958,0.0877,0.208,"Wrestling, Tri-State, mid-2000s,, ago., wrestling",5
51423,comedian,F,19,comedian,0.997,0.9882,0.0087,"show,, laughter, enticed, thereâĢĻs, comedy",5
86382,surgeon,M,9,surgeon,0.9948,0.9246,0.0702,"Glasgow, neurosurgery, international, surgery, research",5
19101,journalist,M,4,journalist,0.8974,0.3914,0.5061,"diligence,, editorial,, include, property, content",5
61275,professor,M,0,professor,0.9992,0.9984,0.0008,"studies, political, U.S., 2004-2005,, behavior",5
58728,professor,F,0,professor,0.9994,0.9991,0.0003,"co-editor, research, Stanford, University, Politics",5
78975,physician,M,1,physician,0.9555,0.4753,0.4802,"Physicians, Dr., Medicine., graduated, patient",5
13943,attorney,F,2,attorney,0.9995,0.9992,0.0003,"practice, practice, law, disputes,, representation",5
93798,professor,F,0,professor,0.9994,0.9994,0.0,"outcomes., Organizational, Ph.D., University, perspectives",5
47841,journalist,M,4,journalist,0.9978,0.9974,0.0004,"marketing., news, organisations, India, media",5
18289,professor,M,0,professor,0.736,0.2923,0.4436,"Dr., field, 2007, EEG, NeuroField,",5
35401,surgeon,M,9,surgeon,0.9537,0.947,0.0067,"reconstruction,, surgery, knee, patellofemoral, surgery,",5
72876,professor,M,0,professor,0.9995,0.9994,0.0001,"mechanisms, University, research, Ph.D., (2014).",5
23724,professor,M,0,professor,0.9823,0.9816,0.0007,"Ph.D., research, systems., theory,, Computer",5
40048,accountant,F,16,accountant,0.2152,0.0578,0.1574,"high-powered, to, past., Underhill., secrets",5
47520,physician,F,1,physician,0.9994,0.7618,0.2376,"practices, affiliated, medicine, Ms., specializes",5
91375,photographer,F,3,photographer,0.9977,0.9981,-0.0004,"Germany., photography., photography, visual, focuses",5
20563,teacher,F,7,teacher,0.9947,0.9882,0.0065,"teacher, student, rules, class,, student",5
16121,professor,M,0,professor,0.9976,0.9666,0.031,"Postdoctoral, Doctor, Hopkins, Johns, area",5
41721,painter,F,11,painter,0.9515,0.0024,0.9491,"artistic, Born, art, classes, was",5
72599,professor,M,0,professor,0.9984,0.9973,0.0011,"research,, literature,, studies, studies:, contemporary",5
78503,professor,M,0,professor,0.9965,0.4683,0.5282,"research, focuses, media, digital, principles",5
76583,nurse,F,5,nurse,0.9994,0.994,0.0054,"NURSE, She, graduated, Hospital, PRACTITIONER,",5
93485,professor,M,0,professor,0.7352,0.0036,0.7315,"university's, part, training, Citation, Brownsville,",5
92804,nurse,F,5,nurse,0.9938,0.995,-0.0012,"Nurse, Nursing, outpatient, nurse,, Doctor",5
31756,attorney,M,2,attorney,0.9993,0.2467,0.7526,"Law, of, J.D, Bar, Orleans",5
5339,physician,F,1,physician,0.6786,0.4466,0.232,"practice, #1740594928, 698-9254., NPI, Mrs.",5
17369,professor,F,0,professor,0.999,0.9987,0.0003,"research, rhetorical, discourses., agency, Critical/Cultural",5
29215,painter,M,11,painter,0.9373,0.1266,0.8107,"Gallery, grant., Arts, NYC, Pollock-Krasner",5
91621,professor,M,0,professor,0.9971,0.7578,0.2393,"scholarship, advising,, development,, mentoring, include",5
21564,journalist,F,4,journalist,0.767,0.4718,0.2952,"Russian-language, devoted, to, holds, cannabis.",5
42365,professor,M,0,professor,0.9953,0.9849,0.0105,"research, evolutionary, interests, TurnerâĢĻs, biology,",5
65751,comedian,M,19,comedian,0.9969,0.9968,0.0,"Comic, Comedians, Comedy, NBCâĢĻs, Last",5
45725,dentist,F,8,dentist,0.9567,0.9601,-0.0035,"Dental, Clinic, practices, Dr., doctor",5
64298,poet,M,13,poet,0.6138,0.9027,-0.2889,"work, can, sprinkled, regards, and",5
43483,professor,F,0,professor,0.9993,0.9989,0.0004,"research, conducts, research, contexts, shaping",5
63424,physician,F,1,physician,0.9994,0.085,0.9144,"practices, Medicine., medicine, Medical, Ms.",5
58878,attorney,F,2,attorney,0.9959,0.999,-0.0031,"Legal, Litigation, practice, served, as",5
20692,attorney,F,2,attorney,0.9995,0.9994,0.0001,"represents, clients, disputes,, experience,, cases,",5
4196,nurse,F,5,nurse,0.9993,0.9966,0.0027,"Nurse, Practitioner., She, physicians, Ms.",5
81725,architect,M,10,architect,0.9644,0.8341,0.1303,"architect,, architecting, California., customers, solutions",5
62396,poet,F,13,poet,0.4929,0.9324,-0.4395,"poetry,, volumes, poems, (Penguin,, Poetry",5
19034,professor,F,0,professor,0.9978,0.5807,0.4172,"research, development., governance,, include, areas",5
47719,poet,F,13,poet,0.976,0.9729,0.0031,"poets, poetry, Creative, Writing, Poetry",5
58574,physician,F,1,physician,0.9994,0.8186,0.1808,"practices, medicine, affiliated, Medical, specializes",5
90188,architect,M,10,architect,0.6163,0.0701,0.5462,"solutions, software, code, C++,, revolve",5
74328,composer,M,17,composer,0.5854,0.8706,-0.2852,"everyday, recording, recorded, muse,, soundwalks",5
10987,physician,F,1,physician,0.9994,0.9749,0.0245,"affiliated, practices, medicine, Pediatrics., Hospital.",5
80873,composer,F,17,composer,0.9956,0.9936,0.002,"(Plunderphonics)., string, electronic, works, choir,",5
14097,professor,M,0,professor,0.9994,0.9959,0.0035,"PhD, Dr., earned, Genetics, University",5
94832,attorney,M,2,attorney,0.9956,0.9917,0.0039,"litigation,, law., practice, concentrates, Law",5
37993,dietitian,F,18,dietitian,0.9988,0.0037,0.9951,"DIETITIAN, PROFESSIONAL,, NUTRITION, REGISTERED, OR",5
93135,journalist,F,4,journalist,0.9933,0.8036,0.1896,"journalist,, career, famous, questions, Her",5
49083,professor,M,0,professor,0.9994,0.9994,0.0,"research, faculty, Postdoctoral, UniversityâĢĻs, joining",5
68179,physician,M,1,physician,0.9991,0.9982,0.0009,"Dr., D.O.., for, credentials, practices",5
28123,photographer,M,3,photographer,0.9791,0.0045,0.9746,"photographs, exhibited, locations, photographic, France.",5
1733,teacher,F,7,teacher,0.9844,0.062,0.9225,"teaching, Native, BachelorâĢĻs, traveling, attended",5
73699,attorney,M,2,attorney,0.9992,0.9994,-0.0002,"law, Courts, Court, appellate, Appeals",5
35213,professor,M,0,professor,0.9973,0.9963,0.001,"Ph.D., probability, research, model, University",5
7907,psychologist,M,6,psychologist,0.9812,0.9688,0.0123,"treatment, children, hyperactivity, disorders., ChildâĢĶfrom",5
3350,professor,F,0,professor,0.9991,0.9974,0.0017,"research, Dr., politics, community-based, importance",5
32931,journalist,F,4,journalist,0.5335,0.5061,0.0274,"plays, Stoke., relationship., footballer, She",5
8265,physician,M,1,physician,0.9422,0.9089,0.0333,"Dr., residency, Medicine., Dr., performing",5
80341,teacher,F,7,teacher,0.6879,0.1462,0.5417,"SheâĢĻs, music., recorder, groups, in",5
43631,journalist,F,4,journalist,0.8646,0.0032,0.8615,"E-News,, article, interns, current, University's",5
48054,journalist,M,4,journalist,0.4288,0.0238,0.405,"disturbed., Overwatch, dale@MammothGamers.com, gaming, game",5
20787,dentist,M,8,dentist,0.9942,0.994,0.0002,"dental, dental, Dr., dental, care",5
57761,psychologist,F,6,psychologist,0.9981,0.9983,-0.0003,"approach., clinical, trauma., disorders,, emotional",5
13539,physician,M,1,physician,0.9012,0.8863,0.0149,"Dr., Medical, residency., Medicine., Shield",5
66096,nurse,F,5,nurse,0.4827,0.901,-0.4183,"patients., job,, lived, her, small",5
5722,physician,F,1,physician,0.9991,0.9991,0.0,"Dr., PA,, clinical, dermatology., clinical",5
69531,physician,M,1,physician,0.9994,0.9437,0.0557,"practices, Spanish., medicine, Mr., Mr.",5
927,professor,M,0,professor,0.9897,0.0368,0.9529,"Prior, award-winning, to, practice, Yale,",5
25023,nurse,F,5,nurse,0.9994,0.9926,0.0068,"NURSE, She, appointment., Medical, graduated",5
6341,physician,M,1,physician,0.9272,0.6874,0.2399,"Dr., provider, Medicine., in-network, medicine",5
59804,professor,F,0,professor,0.8756,0.0114,0.8642,"prenatal, clinical, fetal, focus, diagnosis",5
25092,physician,F,1,physician,0.9977,0.2538,0.7439,"physician, Before, class, inaugural, guest",5
94484,professor,F,0,professor,0.9993,0.9985,0.0008,"research, University, PhD, interests, models",5
28177,teacher,F,7,teacher,0.9715,0.9076,0.064,"(CDA), graduated, Certificate, Development, with",5
85950,professor,F,0,professor,0.9985,0.9983,0.0002,"Nation-Building,, essay, Modernization,, 1968-1973âĢĻ,, Origins",5
12597,psychologist,M,6,psychologist,0.9947,0.1607,0.834,"Psychology, Psychology., therapist, Professional, forty-eight",5
8126,composer,F,17,composer,0.8947,0.0197,0.8751,"scores, musical, created, films, University",5
76993,professor,F,0,professor,0.9992,0.9981,0.0011,"research, 'Fashioning, published, seminar., explores",5
34022,professor,F,0,professor,0.9987,0.9894,0.0093,"research, conducted, Department, past, Department",5
18155,professor,F,0,professor,0.9969,0.993,0.0039,"Histories:, curator, Spaces, exhibits, History",5
85547,dietitian,F,18,dietitian,0.9988,0.074,0.9248,"DIETITIAN, PROFESSIONAL,, NUTRITION, REGISTERED, OR",5
27946,poet,M,13,poet,0.779,0.5811,0.1979,"melodic, dreamlike,, masterstroke,, mind,, Tacoma,",5
74006,composer,M,17,composer,0.9969,0.9924,0.0045,"scored, ambient, compilations., music, sounds",5
73994,dentist,F,8,dentist,0.9977,0.4209,0.5769,"Dental, Clinic, Dr., appointment, online",5
53811,photographer,M,3,photographer,0.9963,0.9565,0.0398,"photographer, photographer, year, possible., landscape",5
36142,teacher,M,7,teacher,0.9916,0.9869,0.0047,"teaches, students,, currently, teachings, he",5
43655,physician,M,1,physician,0.7332,0.5279,0.2052,"appointment., Medical, Dr., Dr., residency",5
75082,physician,M,1,physician,0.9602,0.9764,-0.0162,"Dr., Dr., Medicine, Phillips's, accepts",5
29736,professor,M,0,professor,0.9994,0.985,0.0145,"Ph.D., professor, of, Assistant, Management",5
78512,software engineer,M,15,software engineer,0.5924,0.4734,0.1191,"technology, CEO, sheer, Microsoft, Microsoft",5
50243,psychologist,F,6,psychologist,0.8312,0.0823,0.7489,"Psychology, Clinical, Neuropsychology, neuropsychology, Behavior",5
39940,attorney,F,2,attorney,0.9995,0.9995,-0.0,"attorneys, law,, practice, guardianship, probate,",5
66166,professor,F,0,professor,0.9987,0.998,0.0007,"PhD, Dr., undergraduate, teaches, her",5
8363,nurse,F,5,nurse,0.9982,0.6979,0.3004,"Nursing, degree, in, Nurse, Georgetown",5
84273,filmmaker,M,14,filmmaker,0.9934,0.9925,0.0009,"filmmaking, uses, explore, screen., Iranian-Japanese-American,",5
29595,filmmaker,F,14,filmmaker,0.9934,0.5556,0.4379,"directorial, Aside, year,, Video, focused",5
24552,teacher,F,7,teacher,0.991,0.949,0.0419,"place., studentsâĢĻ, studentsâĢĻ, students, learning",5
26685,journalist,M,4,journalist,0.9932,0.0713,0.9219,"stories, unjustly, he, covered, and",5
19334,surgeon,F,9,surgeon,0.9962,0.0615,0.9348,"Dr., Professor, orthopedic, surgery, Orthopaedics",5
10387,surgeon,F,9,surgeon,0.9984,0.9984,0.0,"Dr., Surgical, Dr., Medicine, Dr.",5
32201,software engineer,M,15,software engineer,0.8059,0.8925,-0.0866,"data., state-of-the-art, designing, building, rapidly-changing",5
58282,professor,M,0,professor,0.999,0.9992,-0.0002,"Ph.D., sociology, teaches, students., sociology",5
49035,photographer,F,3,photographer,0.9924,0.9817,0.0107,"photographer, landscapeâĢĿ, yearâĢĿ, BjÃ¶rn, âĢĿPicture",5
23352,professor,F,0,professor,0.9772,0.9668,0.0104,"Director, Organogenesis, Center, NIH, Director",5
90291,model,M,12,model,0.8417,0.0041,0.8376,"model, model, true-to-life, forms, scales,",5
25358,physician,F,1,physician,0.5186,0.2092,0.3094,"health., early-childhood, overall, feels, spread",5
76803,psychologist,M,6,psychologist,0.9927,0.997,-0.0043,"cope, helping, parents, practice, children",5
85590,professor,F,0,professor,0.9976,0.9916,0.006,"2006-2009, professor,, 19th, undergraduates, department",5
28576,attorney,M,2,attorney,0.9995,0.9995,-0.0,"Appeals,, courts,, courts,, Court., appellate",5
74893,teacher,M,7,teacher,0.9935,0.9889,0.0046,"students., teach, teaching, suit, to",5
26200,professor,M,0,professor,0.9994,0.9992,0.0003,"research, PhD, focuses, University, 2009).",5
14885,professor,M,0,professor,0.9987,0.9978,0.0008,"research, philosophy., history, areas:, current",5
14442,architect,M,10,architect,0.7187,0.4936,0.2251,"life., SQL, SQLXML,, SQL, SQL",5
83310,professor,F,0,professor,0.9978,0.9964,0.0014,"PhD, Professor, Economic, Policy, Assistant",5
21822,painter,M,11,painter,0.9595,0.3539,0.6056,"drawn, art, draw, colors, early",5
91539,professor,F,0,professor,0.9936,0.8486,0.145,"phonology, linguistics,, language, Clontz, comparative",5
47824,architect,M,10,architect,0.54,0.503,0.037,"Technical, Interface,, PCI-SIG,, factors., area,",5
94091,photographer,F,3,photographer,0.9967,0.6332,0.3635,"photography, photographic, approach, Her, chose",5
8694,nurse,F,5,nurse,0.9994,0.0002,0.9991,"NURSE, graduated, She, Medical, years",5
35999,attorney,M,2,attorney,0.9902,0.0013,0.9889,"Legal, create, deck, and, talked",5
786,journalist,M,4,journalist,0.6142,0.8891,-0.2749,"BBC's, photographs, and, magazines., Myths",5
22750,professor,F,0,professor,0.9991,0.9989,0.0002,"published, Postcolonialism/Postcommunism:, journals, University, co-edited;",5
44270,professor,F,0,professor,0.9702,0.5162,0.454,"co-directs, Spirituality, Religion, She, Longwood",5
34573,professor,M,0,professor,0.9989,0.9964,0.0025,"jbruce@olemiss.edu., electoral, discuss, intersection, public",5
44670,professor,M,0,professor,0.9843,0.724,0.2603,"team, operates, urologic, Cooperberg, the",5
26558,professor,F,0,professor,0.9984,0.9958,0.0026,"doctoral, Fieldwork, Dr., Grant, Migration:",5
987,photographer,F,3,photographer,0.9926,0.986,0.0067,"subjects., workplace, favorite, life,, finds",5
2171,attorney,F,2,attorney,0.9994,0.9981,0.0014,"Lawyers, Law, law, cases,, Legal",5
60868,professor,M,0,professor,0.9984,0.8284,0.17,"Counselor, specialization, Dr., Clinical, to",5
22353,professor,F,0,professor,0.9985,0.9503,0.0481,"research, Dr., Dr., PhD, interests",5
78455,professor,M,0,professor,0.9993,0.5285,0.4708,"engineering., University, teaches, resilience,, Doctorate",5
34535,professor,M,0,professor,0.9988,0.9891,0.0096,"PhD, academia., prior, faculty, entering",5
29494,professor,M,0,professor,0.9992,0.967,0.0322,"research, management., management,as, interests, economies,",5
6970,journalist,F,4,journalist,0.9928,0.9901,0.0027,"journalist., freelance, writer, After, as",5
81777,journalist,F,4,journalist,0.9982,0.9979,0.0003,"reporting,, news, site,, journalism, editor",5
47944,professor,F,0,professor,0.9154,0.9234,-0.008,"neuro-oncology,, interests, research, gliomas,, lymphoma,",5
76092,surgeon,M,9,surgeon,0.9982,0.9981,0.0001,"Surgery., Dr., Dr., Dr., Medicine",5
54765,professor,M,0,professor,0.9126,0.6348,0.2778,"MartinâĢĻs, illustrations, Document, Kids)., childrenâĢĻs",5
67872,teacher,F,7,teacher,0.9962,0.9963,-0.0001,"educator, teaches, homeschooled, SheâĢĻs, classes",5
49259,teacher,F,7,teacher,0.9889,0.984,0.0049,"learning."", kids, circulates, themselves., gives",5
60181,professor,M,0,professor,0.9135,0.7377,0.1758,"research, clinical, high-performance, surgery,, laparoscopic",5
75421,physician,M,1,physician,0.917,0.6036,0.3134,"practices, Dr., Clinic, Medicine, Ludhiana.",5
51571,photographer,M,3,photographer,0.9974,0.9775,0.0199,"photography,, dynamic,, process, corporate, specializing",5
46365,physician,M,1,physician,0.9995,0.9871,0.0124,"practices, Spanish., medicine, Mr., Mr.",5
92126,comedian,M,19,comedian,0.9966,0.9915,0.0051,"comedic, performances, Comedy, His, on",5
52908,psychologist,M,6,psychologist,0.9378,0.9306,0.0072,"psychology, counseling, counseling, practice, services",5
22107,poet,F,13,poet,0.9827,0.952,0.0307,"poems, here., poetry,, poems,, poetry",5
58186,psychologist,F,6,psychologist,0.9936,0.8759,0.1177,"therapy, therapy,, program, Dr., therapists",5
14286,poet,M,13,poet,0.9866,0.7241,0.2625,"poem, layered, reads, engaging, long",5
4910,professor,F,0,professor,0.9991,0.9991,0.0,"proteomics, studying, research, proteins, Biology.",5
61132,nurse,M,5,nurse,0.9994,0.9937,0.0057,"NURSE, appointment., PRACTITIONER,, specialists, affiliates",5
73112,attorney,M,2,attorney,0.9933,0.9927,0.0006,"lawyer, attorney,, unethical., being, practicing",5
62780,teacher,F,7,teacher,0.9894,0.9449,0.0445,"students,, workshops, teachers,, subjects, trains",5
3296,professor,F,0,professor,0.9992,0.9963,0.003,"GeorgiaâĢĻs, research, from, anthropological, KhalvashiâĢĻs",5
8700,professor,M,0,professor,0.9994,0.9993,0.0001,"Ph.D., (2006-2007), B.A., Prof., University",5
31704,journalist,F,4,journalist,0.998,0.9982,-0.0002,"reporting, University., team, journalism, leads",5
46846,professor,F,0,professor,0.9989,0.9985,0.0004,"teaches, students., University, (Fluid, Analysis)",5
20452,professor,F,0,professor,0.9991,0.9984,0.0008,"anthropologist,, research, examines, how, recent",5
79309,composer,M,17,composer,0.9974,0.9972,0.0001,"composing,, themes, Orchestral, writes, masterful",5
93036,surgeon,M,9,surgeon,0.9983,0.9984,-0.0,"Dr., Dr., Medicine, Medicine, practice",5
82716,attorney,M,2,attorney,0.9995,0.9995,0.0,"represents, matters., agreements,, Court, settlement",5
28452,nurse,F,5,nurse,0.9993,0.9967,0.0026,"Nurse, Practitioner., medical, physicians, appointment.",5
87947,professor,M,0,professor,0.9183,0.0015,0.9169,"teaching, Director, Center., Law, as",5
93024,photographer,M,3,photographer,0.9969,0.9966,0.0004,"shoots., shoot, every, fashion, visual",5
60324,teacher,M,7,teacher,0.9939,0.7689,0.225,"students, students, activities., brings, music,",5
13325,dietitian,M,18,dietitian,0.9662,0.8626,0.1036,"nutrition,, weight, holistic, loss,, knowledge",5
23984,physician,F,1,physician,0.9994,0.9825,0.0169,"practices, Ms., medicine, Boston,, Medicine.",5
26531,nurse,F,5,nurse,0.9994,0.9688,0.0306,"NURSE, She, Jennifer, PRACTITIONER,, Jennifer",5
67454,dietitian,F,18,dietitian,0.9982,0.9987,-0.0005,"patients, nutritional, Nutrition, needs, their",5
49420,physician,M,1,physician,0.8829,0.8626,0.0202,"in-network, Cross/Blue, Shield,, Shield, Shield",5
8062,attorney,M,2,attorney,0.9982,0.9982,-0.0,"Immigration, Lawyers, co-chair, American, Association,",5
12469,psychologist,F,6,psychologist,0.9671,0.0158,0.9514,"behavioral, providers, anxiety,, team, stress,",5
72346,photographer,M,3,photographer,0.995,0.1105,0.8845,"things, photographs,, he, including, Swift",5
18331,nurse,F,5,nurse,0.9994,0.9941,0.0053,"NURSE, She, PRACTITIONER,, appointment., hospital,",5
88767,attorney,M,2,attorney,0.9988,0.999,-0.0003,"Attorney, Attorney, serves, experience, Association.",5
39400,attorney,M,2,attorney,0.9994,0.9994,0.0,"laws., clients, practice, Tennessee, Association,",5
48409,filmmaker,M,14,filmmaker,0.7824,0.4733,0.3091,"Festival., Co-Director, Homotopia, LiverpoolâĢĻs, collective",5
76478,professor,F,0,professor,0.9974,0.9583,0.0391,"oncologist, clinical, Gastrointestinal, undergraduate, chair",5
67165,painter,F,11,painter,0.9909,0.9888,0.0021,"paint, acrylic, to, studio., learned",5
12136,professor,F,0,professor,0.9961,0.1827,0.8134,"research, methodology, focus, disabilities, disability",5
9522,photographer,M,3,photographer,0.998,0.9936,0.0044,"shoots, clients, images, captures, portraits,",5
73719,software engineer,M,15,software engineer,0.965,0.9599,0.0051,"jQuery,, AngularJS, AngularJS, AngularJS,, Node.js,",5
54836,attorney,M,2,attorney,0.9995,0.9993,0.0002,"representing, law, law, firm,, practice",5
63994,attorney,M,2,attorney,0.9993,0.999,0.0004,"attorney., estate, licensed, Mr., experience",5
59317,professor,F,0,professor,0.9981,0.9974,0.0007,"Ph.D., behavior., postdoctoral, neuron, lab",5
78957,journalist,F,4,journalist,0.9032,0.3031,0.6001,"scandals, bestseller, industry., author, consumerism,",5
37861,software engineer,M,15,software engineer,0.8307,0.6384,0.1923,"development., development, community., passion, software",5
25082,professor,M,0,professor,0.9977,0.6989,0.2988,"Previously,, Tools:, coauthor, research, Virginia",5
33162,professor,M,0,professor,0.993,0.9518,0.0412,"Epistemology, College., 2011)., On, Inquiring",5
49786,nurse,F,5,nurse,0.766,0.2057,0.5603,"Nurse-Midwifery, providers.She, Nurse-Midwives, Nurse-Midwives., Clinic.",5
25316,professor,M,0,professor,0.9985,0.9689,0.0295,"research, human-computer, published, IEEE, ACM.",5
20348,dentist,M,8,dentist,0.9862,0.0002,0.986,"provides, dentistry,, dentistry,, dental, dentistry",5
87988,professor,M,0,professor,0.9935,0.668,0.3255,"marketing, PhD, design., taught, methodology",5
40392,psychologist,M,6,psychologist,0.7769,0.5394,0.2375,"research, intervention, reactions, parental, experiences",5
43962,dietitian,F,18,dietitian,0.9988,0.0096,0.9893,"DIETITIAN, Nutrition, PROFESSIONAL,, REGISTERED, NUTRITION",5
10189,physician,F,1,physician,0.9994,0.3396,0.6598,"practices, medicine, specializes, affiliated, Medicine.",5
976,professor,M,0,professor,0.999,0.998,0.001,"examines, Origins,, books, area, jointly",5
48882,journalist,F,4,journalist,0.9979,0.7685,0.2293,"Journalist, book,, Best, of, Twitter",5
39983,nurse,F,5,nurse,0.9994,0.9898,0.0096,"NURSE, She, graduated, PRACTITIONER,, specialists",5
8780,attorney,F,2,attorney,0.9978,0.9974,0.0004,"www.blackprosecutors.org., @ResLegalDiva., Prosecutors, NBPA, Association.",5
90459,dietitian,F,18,dietitian,0.6573,0.0008,0.6565,"Nutrition, Health, Specialist, and, Education",5
59603,professor,F,0,professor,0.9986,0.9593,0.0393,"PhD, focuses, mathematics, University, mathematics",5
36635,photographer,F,3,photographer,0.7567,0.026,0.7307,"series, recent, lives,, titled, multi-cultural,",5
23311,professor,F,0,professor,0.9995,0.9991,0.0004,"PhD, teaches, Geospatial, Concepts;, Michigan",5
45869,journalist,F,4,journalist,0.6826,0.6761,0.0065,"Osborn., Reading, Hove,, lives, Croatia,",5
7300,psychologist,F,6,psychologist,0.9982,0.9976,0.0006,"therapy., clients, helping, behavioral, individuals",5
92406,professor,M,0,professor,0.9995,0.9995,-0.0001,"management., teaches, primary, courses, interests",5
82327,surgeon,F,9,surgeon,0.6658,0.4217,0.2441,"Dr., patientsâĢĻ, vascular, Dr., patients",5
73807,nurse,F,5,nurse,0.9958,0.994,0.0019,"Nursing, Nursing, course,, Gastroenterological, Gastroenterology",5
87485,teacher,M,7,teacher,0.9852,0.667,0.3182,"School, Coach, life., performance., football",5
91256,professor,M,0,professor,0.9994,0.9994,0.0,"Ph.D., Professor, research, theory., mathematics",5
34057,journalist,F,4,journalist,0.9891,0.9765,0.0127,"Times., reporter, investigative, Fusion,, she",5
7523,professor,F,0,professor,0.9955,0.9312,0.0643,"Professor, Co-Principal, Pizarro, She, published",5
92758,model,F,12,model,0.9988,0.9878,0.011,"modeling, Instagram, brands, followers, followers",5
4538,dentist,M,8,dentist,0.9252,0.0829,0.8424,"Dental, Dental, Dr., practices, Sandeep",5
82363,physician,M,1,physician,0.994,0.9944,-0.0004,"clinical, migraine., Medicine, residency., interests",5
60958,software engineer,M,15,software engineer,0.8891,0.6893,0.1998,"Platform., development, project., involved, responsible",5
18222,photographer,M,3,photographer,0.9396,0.0009,0.9387,"Houzz, budget-appropriate, clients, work, confidence",5
27732,journalist,M,4,journalist,0.9706,0.167,0.8036,"Journalism, stories., anglen@hotmail.com, news, School",5
40468,photographer,M,3,photographer,0.9961,0.3477,0.6485,"photographing, artistic, NCAA., self-exploration, exhibited",5
65339,professor,F,0,professor,0.9929,0.9674,0.0254,"research, conducts, research, Professor, area",5
27545,physician,M,1,physician,0.9994,0.9992,0.0002,"practices, professional, M.D.., credentials, Anchorage,",5
63096,photographer,M,3,photographer,0.9825,0.9915,-0.0089,"photography., photography., capture, love, UniversityâĢĻs",5
69990,model,F,12,model,0.999,0.9991,-0.0,"ranked, listed, born, currently, currently",5
67260,surgeon,M,9,surgeon,0.9886,0.012,0.9766,"surgeons, Dr., Surgery., Surgeons, surgeons",5
7782,comedian,M,19,comedian,0.997,0.9945,0.0025,"comedians, amazing, Comedy, several, funny",5
87017,journalist,F,4,journalist,0.9971,0.9975,-0.0004,"journalist,, career, freelance, writer,, as",5
43715,attorney,F,2,attorney,0.9987,0.111,0.8877,"Bar, Bar, California, Association,, Association",5
58782,comedian,M,19,comedian,0.9963,0.9928,0.0035,"scene., satire,, humor, comedy, His",5
24866,nurse,F,5,nurse,0.9991,0.7628,0.2363,"nurse, staff, hospital, healed, job.",5
59109,accountant,M,16,accountant,0.997,0.4025,0.5945,"Accountants, Accountants, Accountants., graduate, Chartered",5
37253,professor,F,0,professor,0.9993,0.9992,0.0001,"Faculty, theory, Comparative, Ph.D., Champaign-Urbana",5
92515,architect,M,10,architect,0.997,0.8741,0.1229,"designed, Architectural, design, architectural, design""",5
53310,professor,M,0,professor,0.7871,0.1489,0.6382,"heads, workbook., simulation,, Science., Center",5
57561,photographer,M,3,photographer,0.9816,0.9642,0.0174,"portrays, commissioned, exhibition, portraits,, work,",5
82790,attorney,F,2,attorney,0.9993,0.9994,-0.0,"litigation., legal, prosecution,, litigation, patents,",5
7482,professor,F,0,professor,0.9991,0.7808,0.2183,"MIT, curator, African-American, forthcoming, credit.",5
12281,attorney,F,2,attorney,0.9994,0.9994,-0.0,"practice, represents, litigation, disputes., matters",5
51055,journalist,F,4,journalist,0.9976,0.9976,-0.0,"reporting., UberâĢĻs, ChinaâĢĻs, merger, media",5
86059,attorney,M,2,attorney,0.9994,0.9993,0.0001,"litigation, investigations., clients, anti-fraud, regularly",5
45785,photographer,M,3,photographer,0.8344,0.8194,0.0149,"Communities, project, focuses, Surrounded, landscapes,",5
57924,attorney,M,2,attorney,0.9992,0.998,0.0012,"practice, clients, disputes, representing, clients",5
62994,professor,M,0,professor,0.9948,0.9943,0.0005,"lab, fellowship, Sinai, (LRF's), lymphomas,",5
67749,physician,M,1,physician,0.9975,0.9977,-0.0002,"patients., clinical, Dr., Pennsylvania., Medical",5
18422,attorney,F,2,attorney,0.9993,0.7482,0.2511,"legal, firms., law, law, Law",5
4673,journalist,M,4,journalist,0.9979,0.998,-0.0001,"Belgian, politics, political, parties, affairs",5
39686,dentist,M,8,dentist,0.9885,0.9844,0.0041,"Dr., patients, more., Cross/Blue, average,",5
55857,photographer,M,3,photographer,0.3809,0.0536,0.3273,"Matt, suffering, sets., its, ocean",5
17084,attorney,M,2,attorney,0.9993,0.9987,0.0006,"litigation,, litigation., law, practice, family",5
37889,professor,F,0,professor,0.9969,0.9933,0.0037,"researchers, research, Dr., Dr., Paper",5
71400,journalist,F,4,journalist,0.9969,0.9925,0.0044,"weekly, London., based, jihadist, previously",5
41070,teacher,M,7,teacher,0.4409,0.9774,-0.5365,"teachers, teachers, reporting, state, GAFE.",5
81236,composer,M,17,composer,0.9951,0.9928,0.0023,"narrative., compositions, improvisation,, bands,, melodies,",5
19356,teacher,F,7,teacher,0.8005,0.9088,-0.1084,"teaching., classrooms, students, service-learning, principles",5
15812,journalist,M,4,journalist,0.7634,0.0171,0.7462,"News, story, chronicles, book, ambitious",5
47910,professor,F,0,professor,0.9964,0.9852,0.0112,"Lecturer, Fellow, Law, Oxford, Law.",5
79540,professor,M,0,professor,0.9981,0.9931,0.005,"lab, focuses, CRISPR/Cas, published, bacteria.",5
83317,dentist,M,8,dentist,0.9982,0.9976,0.0006,"Dental, Dentist., patients, Lybrate.com., currently",5
69265,professor,F,0,professor,0.9987,0.9987,0.0,"faculty, program., African/African-American, teaches, program,",5
70434,professor,M,0,professor,0.999,0.9988,0.0001,"faculty, joined, teaches, University, Reporting,",5
94550,professor,F,0,professor,0.9922,0.4984,0.4938,"and, author, Right, How, of,",5
82129,model,F,12,model,0.9987,0.9969,0.0018,"modeling, shoots., Model, she, Year",5
45088,professor,F,0,professor,0.9985,0.9977,0.0009,"UNC-Chapel, research, development.In, State,, face-to-face",5
89508,teacher,F,7,teacher,0.9761,0.9889,-0.0128,"classroom,, students., six-year-old, the, enjoys",5
26093,attorney,M,2,attorney,0.9813,0.9928,-0.0115,"counsel, LLP, Commission, served, Election",5
86974,teacher,M,7,teacher,0.5855,0.2848,0.3007,"Practitioner, Therapist,, highly, Practitioner, experience",5
78801,psychologist,F,6,psychologist,0.9961,0.9397,0.0564,"psychotherapy, treating, approach, clients, acceptance,",5
48721,attorney,F,2,attorney,0.9994,0.975,0.0244,"attorney, as, clients, represents, clients",5
95337,professor,M,0,professor,0.9871,0.9734,0.0138,"Fairfield., âĢľMERU,âĢĿ, Northwestern, UCLAâĢĻs, taught",5
14426,composer,M,17,composer,0.9965,0.9966,-0.0001,"composition, nominated, best, Grammy, commissioned",5
29014,poet,M,13,poet,0.9788,0.9793,-0.0005,"poetry., Sydney., writer,, published, and",5
54899,psychologist,M,6,psychologist,0.9962,0.9971,-0.0009,"psychological, clinical, disorders., PhD, specialises",5
59387,model,F,12,model,0.999,0.9987,0.0003,"ranked, born, section., FreeOnes, FreeOnes",5
5205,composer,F,17,composer,0.9909,0.2273,0.7636,"compositions, Compositions, Composer's, concerts;, performed",5
91238,professor,F,0,professor,0.9993,0.9992,0.0001,"peer-reviewed, Politics, book, 2014., published",5
58540,psychologist,M,6,psychologist,0.9988,0.9988,-0.0,"PSYCHOLOGIST,, experiences,, appointment., diverse, CLINICAL",5
46231,nurse,M,5,nurse,0.9983,0.177,0.8213,"Nursing, 1985., nurse, Degree, 2012.",5
26404,professor,F,0,professor,0.7882,0.6227,0.1656,"doctoral, candidate, Law, taught, lawyer",5
67573,nurse,F,5,nurse,0.9994,0.9884,0.011,"NURSE, She, Hospital,, 762-7232, PRACTITIONER,",5
40201,professor,M,0,professor,0.9822,0.9632,0.019,"Dr., University, currently, L.L.D., Dr.",5
50966,dentist,M,8,dentist,0.998,0.9975,0.0005,"Dentistry., Maxillofacial, Dr., include, English.",5
82737,nurse,F,5,nurse,0.9969,0.008,0.9889,"Nursing, received, Bachelor, in, Master",5
59702,comedian,F,19,comedian,0.7783,0.5624,0.2159,"resume, voicing, Frozen., became, BuellerâĢĻs",5
12758,journalist,M,4,journalist,0.9977,0.9979,-0.0001,"Guardian,, news, Guardian,, news, editor",5
73412,attorney,M,2,attorney,0.9986,0.9989,-0.0003,"law, attorneys., firmâĢĻs, direction, associate",5
14734,professor,M,0,professor,0.4976,0.2856,0.212,"college, Texas., newspapers., Horowitz, ""Ten",5
21593,teacher,F,7,teacher,0.9961,0.9909,0.0052,"teachers, school., education, children,, importance",5
73654,photographer,M,3,photographer,0.9972,0.9973,-0.0001,"photographs, photography., shoots, AttendantsâĢĻ, commercial",5
3040,professor,M,0,professor,0.9984,0.9933,0.0052,"research, focuses, Russian, published, Barnes",5
14990,professor,M,0,professor,0.9994,0.9992,0.0002,"(University, Nebraska, Encyclopedia, America., histories",5
50231,professor,M,0,professor,0.9991,0.9935,0.0056,"Dr., teaching, Organizational, undergraduate, graduate",5
17483,professor,M,0,professor,0.9529,0.6019,0.351,"Dr., members, FDA, USC, training",5
85630,professor,F,0,professor,0.9992,0.9989,0.0003,"research, Ph.D., University, include, 2007",5
37689,architect,M,10,architect,0.7114,0.9469,-0.2355,"customers., midst, operational, implementation, Operations",5
60107,poet,M,13,poet,0.9681,0.9812,-0.0131,"poetry,, When, writing, issue, upcoming",5
68047,attorney,M,2,attorney,0.9946,0.9143,0.0804,"sheriff., practice, appointed, interview,, up",5
81110,psychologist,M,6,psychologist,0.9988,0.9988,-0.0,"PSYCHOLOGIST,, experiences,, appointment., diverse, especially",5
74091,professor,M,0,professor,0.9954,0.9959,-0.0005,"joining, Internal, After, clinical, degree",5
35918,professor,M,0,professor,0.9992,0.9989,0.0003,"PhD, Wisconsin-Madison,, 2007-2009, Postdoctoral, 2008.",5
93030,professor,M,0,professor,0.9994,0.9993,0.0,"(University, (University, Economic, published, 2005)",5
864,professor,F,0,professor,0.9909,0.835,0.1559,"PhD, interests, University., research, Dietetics",5
35077,professor,M,0,professor,0.999,0.528,0.4711,"research, Distinguished, interests, Prize., include",5
74373,model,F,12,model,0.999,0.999,0.0,"born, listed, ranked, She, She",5
69715,professor,M,0,professor,0.582,0.3559,0.2261,"grants, directed, his, years,, research",5
10642,accountant,M,16,accountant,0.9984,0.996,0.0024,"practices., finance, finance, corporate, corporate",5
74063,physician,F,1,physician,0.9994,0.9671,0.0323,"practices, medicine, affiliated, Pinnaclehealth, Ms.",5
1459,physician,M,1,physician,0.9994,0.9949,0.0045,"practices, affiliated, medicine, Medicine., Mr.",5
17811,teacher,F,7,teacher,0.9718,0.1577,0.8142,"students, educations., childrenâĢĻs, teachers, school",5
40242,psychologist,M,6,psychologist,0.9942,0.9932,0.0011,"approach, child., dynamics, account, traumatize",5
57302,professor,F,0,professor,0.9928,0.9842,0.0086,"psychiatry., Dr., teaches, adolescent, she",5
7707,nurse,F,5,nurse,0.9994,0.9833,0.0161,"NURSE, Aging-geriatric, She, 566-6843, Patricia",5
90933,surgeon,M,9,surgeon,0.9965,0.9956,0.0009,"Surgery,, Surgery., Medical, Surgery, completed",5
50361,model,M,12,model,0.8196,0.1743,0.6454,"performed, diligently, results."", ever-enlarging, âĢĶ",5
81786,professor,F,0,professor,0.5098,0.2339,0.2759,"University., Mokwon, MFA, Pusan,, Seoul,",5
24370,painter,M,11,painter,0.9946,0.9941,0.0005,"paintings, ""Surrealistic"", canvas,, style, panel.",5
90408,painter,M,11,painter,0.9901,0.9734,0.0168,"Painting, Art, Drawing, Design,, Gallery.",5
49212,teacher,F,7,teacher,0.7785,0.4757,0.3028,"Master's, reads, completed, Kirsten, is",5
55566,attorney,F,2,attorney,0.997,0.3383,0.6587,"firm's, clients, epigenetic, attoreny,, Prior",5
24744,teacher,M,7,teacher,0.9659,0.9458,0.0201,"Previously,, coached, B.A., varsity, Mr.",5
73269,teacher,M,7,teacher,0.9971,0.9965,0.0006,"classroom., teachers, Teachers, Teacher, Education",5
10380,teacher,F,7,teacher,0.996,0.9955,0.0006,"taught, Teaching., schooling., school, Principal",5
19688,journalist,M,4,journalist,0.9961,0.9966,-0.0006,"CNN.com,, newspapers,, work, national,, dogs.",5
20392,surgeon,M,9,surgeon,0.9101,0.0025,0.9076,"hospital, Silicon, But,, Valley, clashes!",5
59969,comedian,M,19,comedian,0.8197,0.3733,0.4464,"drivers, at, LA, swearing, thing.",5
47561,painter,F,11,painter,0.9473,0.9277,0.0196,"Art, artistic, figurative,, mostly, subjects",5
52066,attorney,M,2,attorney,0.9995,0.0209,0.9786,"litigation, litigation, firm, law, courtroom",5
31828,professor,F,0,professor,0.9992,0.9992,0.0,"PhD., field, University., research, teaching",5
24002,psychologist,M,6,psychologist,0.9988,0.9988,0.0,"PSYCHOLOGIST,, appointment., experiences,, CLINICAL, Having",5
40216,attorney,M,2,attorney,0.9991,0.9955,0.0036,"courtroom, clients, clientsâĢĻ, complex, disputes",5
49616,photographer,F,3,photographer,0.9974,0.9973,0.0001,"samanthafortenberryphotography.com., work, work, SamanthaâĢĻs, latest",5
65820,physician,M,1,physician,0.9994,0.9987,0.0007,"MD., credentials, professional, practices, License",5
68988,professor,F,0,professor,0.9994,0.9992,0.0002,"Ph.D., teaches, courses,, Decision, University",5
82424,photographer,F,3,photographer,0.9857,0.1614,0.8243,"photography., photography, inspiration, {cupcakes, share",5
95395,nurse,F,5,nurse,0.376,0.0204,0.3556,"She, husband,, Troy, May., biomedical",5
45431,professor,M,0,professor,0.999,0.999,-0.0,"graduate, PhD, current, interests, research",5
56953,professor,F,0,professor,0.9315,0.0644,0.867,"intersections, investigates, technology,, within, programming",5
31513,professor,F,0,professor,0.9985,0.9975,0.001,"forthcoming, Univerity, Cambridge, lead, book,",5
17901,psychologist,F,6,psychologist,0.8532,0.93,-0.0768,"Psychology., adolescents,, behavior, children,, parents,",5
54890,professor,F,0,professor,0.9976,0.9947,0.0029,"research,, research, teaching,, effects, focuses",5
17066,professor,F,0,professor,0.9988,0.9979,0.001,"research,, teaching,, teach,, thread, lab/discussion",5
65009,physician,F,1,physician,0.9993,0.0875,0.9118,"physician, licensed, assistant, as, Physician",5
29506,teacher,F,7,teacher,0.9952,0.9874,0.0078,"lesson,, teach, teaching, understanding., education",5
82437,nurse,F,5,nurse,0.9989,0.9428,0.0561,"nursing, patients, patients, patients, LisaâĢĻs",5
23830,professor,M,0,professor,0.998,0.9905,0.0076,"faculty, 2016., Department, semester., Therapy",5
42543,professor,M,0,professor,0.9585,0.6603,0.2981,"materials/chemistry-related, expertise, (e.g.,, Read, at",5
46013,dentist,F,8,dentist,0.9892,0.9921,-0.0029,"Dental, dental, Dental, range, treatments",5
78915,dentist,M,8,dentist,0.9984,0.9982,0.0002,"Dental, Dentist., Dr., Implant, appointment",5
60842,physician,M,1,physician,0.9286,0.0276,0.901,"affiliated, WellStar, Hospital, Hospital,, Northside",5
53065,attorney,M,2,attorney,0.9995,0.9995,-0.0,"investigations., court, federal, regulatory, and",5
10290,painter,F,11,painter,0.8433,0.0014,0.8419,"symbolism, nostalgia, MambÃŃ/, work, produce",5
11528,photographer,F,3,photographer,0.9922,0.997,-0.0048,"photography., photography, followed., starting, shots",5
52893,professor,F,0,professor,0.9995,0.9994,0.0,"Ph.D., scholar, interdisciplinary, Hip-Hop.âĢĿ, co-authored",5
85243,psychologist,F,6,psychologist,0.6551,0.0124,0.6427,"Psychology, disabilities., Dr., services, developmental",5
53654,attorney,M,2,attorney,0.9958,0.9964,-0.0006,"U.S., entitled, ass.âĢĿ, believes, trial,",5
68777,teacher,M,7,teacher,0.9034,0.7499,0.1535,"trained, Education,, teachers,, Mathematics,, lecturer",5
89847,professor,F,0,professor,0.9674,0.6676,0.2998,"research, Neuropsychology., aging,, understanding, focuses",5
91005,software engineer,M,15,software engineer,0.8849,0.7219,0.163,"kernel,, libvirt,, contributing, advocate, Linux",5
48497,dentist,M,8,dentist,0.9444,0.0352,0.9092,"Dental, Clinic, Dr., Dr., practices",5
20401,professor,M,0,professor,0.9995,0.9994,0.0001,"publications, research, University, recent, doctorate",5
55783,attorney,F,2,attorney,0.5513,0.9537,-0.4024,"enforcement, interrogations, testified, of, Additionally,",5
26982,nurse,F,5,nurse,0.9982,0.993,0.0052,"Nursing., Nursing, Nurse, Nursing., nursing",5
14561,professor,M,0,professor,0.8841,0.8972,-0.0131,"ethics., co-author, between, 2001), (with",5
76071,professor,M,0,professor,0.9992,0.9864,0.0128,"research, Specifically,, 2009., focuses, on",5
22292,professor,F,0,professor,0.9948,0.3988,0.596,"research, examines, processes,, self-presentation,, on",5
87534,software engineer,M,15,software engineer,0.9776,0.8786,0.099,"building, Prior, queries, Facebook,, systems",5
87841,professor,M,0,professor,0.9582,0.2211,0.7372,"class., Award, Teaching, MBA, Year",5
17263,professor,F,0,professor,0.9991,0.9971,0.002,"PhD, seismology., innovations, She, methodological",5
74549,professor,M,0,professor,0.9994,0.9973,0.0021,"Ph.D., economics, research, University, research",5
74895,teacher,M,7,teacher,0.757,0.1678,0.5892,"Fei, friend, discovers, eggs., dreams",5
29205,journalist,M,4,journalist,0.3335,0.1335,0.2,"Indian, 18th, Forces., century, Armed",5
2371,physician,F,1,physician,0.9895,0.9893,0.0002,"Medical, Medical, hospital/clinic, residency, Dr.",5
42684,photographer,M,3,photographer,0.9953,0.8953,0.1,"Photographer, work, Photographer, Day, as",5
4212,professor,M,0,professor,0.9994,0.9992,0.0001,"research, published, Ph.D., journals, Studies,",5
58758,dentist,F,8,dentist,0.998,0.9957,0.0023,"DMD., Licence, credentials, professional, practices",5
63624,professor,M,0,professor,0.9977,0.9884,0.0093,"research, academia, stack., includes, His",5
86794,filmmaker,F,14,filmmaker,0.9688,0.9901,-0.0213,"films, awarded, Best, short, Films",5
71446,architect,M,10,architect,0.7977,0.0022,0.7955,"designs, DoseOptics, in, experience, years",5
59152,physician,F,1,physician,0.9994,0.5022,0.4972,"practices, affiliated, Surgery., Medical, medicine",5
47905,attorney,M,2,attorney,0.9985,0.999,-0.0005,"Mr., verdict, plaintiffâĢĻs, v., Jersey",5
40649,teacher,F,7,teacher,0.9689,0.7548,0.2141,"taught, schools, Schools:, Queensland, primary",5
13922,dietitian,F,18,dietitian,0.9988,0.1126,0.8862,"DIETITIAN, PROFESSIONAL,, NUTRITION, REGISTERED, OR",5
48089,nurse,F,5,nurse,0.5153,0.3798,0.1356,"Carolinas,, husband, medical, she, company",5
17491,teacher,F,7,teacher,0.3458,0.5905,-0.2447,"childrenâĢĻs, Programme, she, She, Her",5
47421,professor,F,0,professor,0.9883,0.9874,0.0009,"PhD), Ontario,, teaching, undergraduate, degree",5
56896,professor,F,0,professor,0.798,0.0178,0.7801,"teaches, students., college, also, Technology,",5
22711,surgeon,M,9,surgeon,0.9837,0.4657,0.5179,"Surgery, Orthopaedic, Residency, Chief, graduated",5
34105,dentist,F,8,dentist,0.9316,0.1065,0.8251,"Dental, Dr., Clinic, practices, Dr.",5
38376,professor,M,0,professor,0.9993,0.9992,0.0001,"linguistics,, linguistics,, interests, computational, corpus",5
19826,physician,F,1,physician,0.8012,0.5622,0.239,"pediatric, Chiropractic, specializes, care, care.",5
42516,professor,F,0,professor,0.9984,0.9934,0.005,"doctorate, publish, presented, research, conferences",5
7674,professor,M,0,professor,0.9994,0.9994,0.0001,"BarronâĢĻs, broadly., UF,, research, taught",5
76486,photographer,M,3,photographer,0.9949,0.2072,0.7877,"streets,, work, Greenville., lesser-known, series",5
66021,professor,F,0,professor,0.9973,0.8818,0.1155,"lab,, research, Outside, Her, examines",5
44460,photographer,F,3,photographer,0.9979,0.9974,0.0005,"photography., portrait, portraits, fashion,, specializes",5
20173,photographer,M,3,photographer,0.4299,0.0533,0.3766,"tribe, The, town, Supai,, village",5
7836,professor,F,0,professor,0.9823,0.019,0.9633,"research, inquiry., information,, focuses, teachers",5
88173,attorney,M,2,attorney,0.9995,0.9995,-0.0001,"Attorney., law, practiced, Litigation;, District",5
86739,poet,M,13,poet,0.326,0.7713,-0.4452,"Pakistan., poetry,, published, collections,, home",5
51004,professor,F,0,professor,0.2245,0.2361,-0.0116,"York., husband,, connected, their, Catholic",5
91623,teacher,F,7,teacher,0.8336,0.5058,0.3277,"Academy., Mathematics, graduated, She, from",5
55356,dentist,M,8,dentist,0.9861,0.9904,-0.0043,"Dental, Dental, Dental, Dental, Clinic",5
56236,photographer,M,3,photographer,0.9944,0.9899,0.0044,"Instagram., seriesâĢĻ, PHmuseum,, aesthetic, Follow",5
6581,physician,M,1,physician,0.8934,0.9406,-0.0472,"Medicine, Health., residency, rated, Dr.",5
50156,professor,M,0,professor,0.9988,0.9983,0.0005,"PhD, research, directs, University., Research",5
90445,teacher,F,7,teacher,0.7102,0.8459,-0.1357,"classes., experiences, fun, Coming., to",5
94275,physician,M,1,physician,0.9994,0.9936,0.0058,"practices, affiliated, medicine, Center., Mr.",5
78408,professor,F,0,professor,0.9991,0.9989,0.0002,"Director, Program, Ph.D., Teaching, Fellow",5
30526,surgeon,M,9,surgeon,0.5862,0.6183,-0.0321,"medicine., anatomy., courses, begin, Now!",5
90427,photographer,M,3,photographer,0.9899,0.0033,0.9866,"photography, inspired, images, projectâĢĻs, name.",5
44681,professor,M,0,professor,0.995,0.9882,0.0068,"coeditor, University,, pedagogy, pedagogy, 1999).Wendy",5
92309,professor,M,0,professor,0.9677,0.9714,-0.0037,"instructed, wind, WisconsinâĢĻs, Renewable, YearâĢĿ",5
56324,poet,F,13,poet,0.9675,0.9398,0.0277,"words,, meanings., repeating, works, happened.",5
3301,physician,F,1,physician,0.9994,0.9985,0.001,"practices, affiliated, Medicine., Mcgaha, specializes",5
19025,professor,M,0,professor,0.9983,0.9979,0.0004,"Ph.D., dissertation,, teaches, research, Evidence",5
26346,professor,M,0,professor,0.998,0.9864,0.0116,"Ph.D., research, scientific, interests, role",5
54997,photographer,M,3,photographer,0.9977,0.9976,0.0,"shoots,, pre-wedding,, wedding,, memorable., clients",5
42389,attorney,F,2,attorney,0.9771,0.5582,0.4188,"Lawyers, Association,, Immigration, Center,, American",5
37278,model,F,12,model,0.9989,0.999,-0.0001,"Model, Models.com., born, as, She",5
10792,professor,F,0,professor,0.9995,0.9995,0.0,"http://ine.uaf.edu/werc/people/faculty/nicole-misarti/, ecosystems,, specialist, Research, Post-Doctoral",5
32800,professor,M,0,professor,0.9927,0.0118,0.9809,"scholarship, pedagogy, teachersâĢĻ, curriculum, lead",5
61445,physician,F,1,physician,0.9994,0.578,0.4214,"practices, affiliated, medicine, Medicine., Ms.",5
42048,professor,M,0,professor,0.934,0.0761,0.8579,"degrees, (JD),, Philadelphia, University, Colorado",5
41708,filmmaker,F,14,filmmaker,0.6331,0.0056,0.6276,"film, actors.The, type, mannequins, enliven",5
25913,attorney,M,2,attorney,0.9987,0.0042,0.9945,"legal, balancing, requirements, effectively, well-crafted",5
45873,physician,M,1,physician,0.9993,0.9989,0.0005,"MD/PHD/MPH., credentials, professional, practices, Dr.",5
74281,psychologist,M,6,psychologist,0.9844,0.6593,0.3251,"Psychology, practitioners.âĢ¨In, interviewing, hypnosis, research",5
74877,professor,M,0,professor,0.9203,0.0116,0.9088,"Doctor, candidate, MC, Symphony, 2001.",5
23306,professor,F,0,professor,0.9054,0.2959,0.6095,"director, Center,, research, strategies, biodiversity",5
67021,software engineer,M,15,software engineer,0.8484,0.805,0.0435,"inception., engineering, testing),, improving, processes",5
60464,attorney,M,2,attorney,0.9986,0.9983,0.0003,"Law, Criminal, SMU, Texas, Laude.",5
51426,physician,M,1,physician,0.8795,0.0691,0.8104,"Dr., patient, Medical, College,, Cross/Blue",5
9035,professor,M,0,professor,0.9703,0.0623,0.908,"Ph.D, University, Karlsruhe,, Technical, Darmstadt,",5
55478,physician,M,1,physician,0.9966,0.9752,0.0213,"Medical, Dr., practices, Clinic, Indian",5
25968,psychologist,M,6,psychologist,0.9988,0.9988,0.0,"PSYCHOLOGIST,, appointment., experiences,, diverse, years",5
6932,professor,M,0,professor,0.9995,0.9993,0.0002,"PhD, sociology,, sociology, sociology, research",5
20987,professor,F,0,professor,0.9975,0.9957,0.0018,"published, (Contemporaries),, Theory, n+1,, Quarterly,",5
54390,dentist,M,8,dentist,0.9822,0.9782,0.0041,"Dr., 5.0, patients., rated, Cross/Blue",5
88993,painter,M,11,painter,0.9943,0.9822,0.0121,"paint, studio., sketching, continues, artists",5
27793,professor,F,0,professor,0.9974,0.9927,0.0047,"Professors, professor, associate, steering, Coordinator",5
41574,dentist,F,8,dentist,0.9411,0.9139,0.0271,"Dental, Dental, Dr., practices, Bushra",5
55022,professor,F,0,professor,0.9985,0.9949,0.0036,"Dr., research, research, OttleyâĢĻs, Sciences.",5
74088,model,F,12,model,0.9988,0.5405,0.4582,"modelling, job, tattoos., mainly, body",5
86539,physician,M,1,physician,0.8506,0.8061,0.0445,"Dr., Anthem,, Medical, provider, injury",5
28579,journalist,M,4,journalist,0.9967,0.9932,0.0035,"Broadcasting, radio, Copenhagen., Danish, Radio.",5
26091,professor,M,0,professor,0.999,0.9971,0.0019,"research, research, research, published, current",5
60862,professor,F,0,professor,0.999,0.9867,0.0122,"research, Ph.D., Organizational, University., include",5
85552,teacher,F,7,teacher,0.9971,0.5247,0.4724,"teaches, Alaska., grade, teacher, English",5
53127,nurse,F,5,nurse,0.9962,0.9971,-0.0009,"Nursing,, nursing, Nurse, Nursing, She",5
20493,physician,F,1,physician,0.6705,0.4602,0.2103,"#1912994054, practice, NPI, reached, NPI",5
87474,attorney,F,2,attorney,0.6902,0.176,0.5143,"212-877-2567., Shakespeare., Pronunciation, http://www.shaneannyounts.com, co-author",5
17828,professor,M,0,professor,0.9965,0.85,0.1465,"research, validation., populations., populations, Aboriginal",5
72464,attorney,M,2,attorney,0.9994,0.6667,0.3327,"law., clients', counsel, Robert, law",5
75043,nurse,F,5,nurse,0.9994,0.9947,0.0047,"She, NURSE, graduated, Medical, PRACTITIONER,",5
17005,photographer,F,3,photographer,0.9974,0.9977,-0.0003,"shoots, photography,, photography,, photography, photography.",5
52771,software engineer,F,15,software engineer,0.687,0.1048,0.5822,"Engineering, engineer, ICCCN15,, role, Networks",5
45576,professor,F,0,professor,0.9993,0.9991,0.0002,"work., research, ecosystems., modeling, interactions,",5
55414,physician,M,1,physician,0.9826,0.9842,-0.0017,"Dr., Dr., medicine, studied, Medicine.",5
10077,professor,F,0,professor,0.9966,0.995,0.0016,"doctoral, studies, She, research,, Dr.",5
94683,physician,M,1,physician,0.9799,0.0469,0.933,"Medical, Professor, WV., graduated, Medicine",5
32125,professor,M,0,professor,0.9995,0.9995,0.0,"Investigator, Faculty, publications., Department,, Award,",5
59771,photographer,M,3,photographer,0.9907,0.0761,0.9147,"Magazine,, 2011., He, portraits, Camera",5
71491,dietitian,F,18,dietitian,0.9984,0.9953,0.003,"Nutrition, practices, Nutrition., Diet, Jodhpur",5
53634,professor,M,0,professor,0.9973,0.9975,-0.0002,"Ph.D., Metaphysics,, HarvardâĢĻs, Perspectives, fellowships",5
55169,photographer,F,3,photographer,0.9977,0.9972,0.0005,"photo, shoot, work, portraiture,, featured",5
26560,painter,M,11,painter,0.9912,0.0099,0.9813,"paintings, creative, give, whose, career",5
12059,professor,F,0,professor,0.9651,0.9799,-0.0148,"Dr., University, She, her, Texan",5
46336,comedian,M,19,comedian,0.997,0.997,0.0,"comedic, comedy, Laughs, Comedy, Comedy",5
42650,attorney,M,2,attorney,0.5676,0.0399,0.5277,"whether, examine, financial, had, (CI:",5
85433,professor,F,0,professor,0.9982,0.9979,0.0003,"early-nineteenth-century, Dialogism(2000)., specializing, eighteenth-, She",5
78446,photographer,M,3,photographer,0.9952,0.9969,-0.0017,"photographic, Connecticut., range, photographs, interpretations,",5
65196,attorney,F,2,attorney,0.9994,0.9993,0.0001,"courts., clients,, multimillion-dollar, settlements, verdicts,",5
40720,nurse,F,5,nurse,0.9994,0.9902,0.0092,"NURSE, Health, She, Patricia, PRACTITIONER,",5
67546,professor,F,0,professor,0.9876,0.0929,0.8946,"Elkins, professor, Caroline, assistant, research",5
91210,professor,M,0,professor,0.9908,0.9924,-0.0016,"accreditation., mention, Council., received, accreditation",5
74416,professor,F,0,professor,0.5308,0.0145,0.5163,"teaching, Clinical, Hospital., Neuropsychology., Psychologists.",5
69366,architect,M,10,architect,0.9977,0.9976,0.0001,"Architecture,, architect, School, graduate, drawings.",5
68821,professor,M,0,professor,0.9995,0.9995,0.0,"studies, 2012., NickâĢĻs, Ph.D., His",5
11689,professor,F,0,professor,0.9652,0.6129,0.3523,"conferences, research, ballet, terminology., notation,",5
71219,painter,M,11,painter,0.8599,0.8139,0.046,"paintings, exhibited, painting, Painter, painting",5
94572,architect,M,10,architect,0.821,0.5817,0.2393,"designing, Framework., clients, Java,, 10+",5
88412,dietitian,F,18,dietitian,0.9981,0.0015,0.9966,"nutrition, experience, Tiffany, disease., oncology",5
21711,attorney,M,2,attorney,0.5412,0.0006,0.5407,"legal, issues, online, DC,, spoken",5
73550,professor,F,0,professor,0.9985,0.9983,0.0002,"research, monetary, economy., history,, period,",5
15447,attorney,M,2,attorney,0.9993,0.9524,0.0469,"law, practice,, addition, his, Jeff",5
22029,psychologist,F,6,psychologist,0.9971,0.0722,0.9249,"patients, psychologically, relationship., complex, own",5
25040,journalist,M,4,journalist,0.9676,0.315,0.6526,"Hollywood, Business,, Barry,, Uncensored, book",5
74511,psychologist,M,6,psychologist,0.9213,0.1921,0.7292,"psychology, human, psychology, entrepreneurial, Dr.",5
54393,professor,M,0,professor,0.9991,0.9974,0.0017,"Professor, tenure, Penn, program, doctorate",5
74851,physician,F,1,physician,0.9994,0.7878,0.2117,"practices, Endocrinology,, medicine, affiliated, specializes",5
43933,physician,F,1,physician,0.9732,0.0266,0.9466,"Medical, Medical, practices, Health, Maternity",5
63844,professor,M,0,professor,0.9995,0.9992,0.0002,"economist, research, research, research, Financial",5
20289,model,F,12,model,0.999,0.9255,0.0735,"ranked, 14781th, FreeOnes, born, She",5
40860,filmmaker,F,14,filmmaker,0.9955,0.9957,-0.0002,"filmfestival., Productions,, films,, film, films",5
61380,physician,F,1,physician,0.7382,0.5533,0.1849,"NPI, #1912058017, NPI, practice, reached",5
78146,dentist,M,8,dentist,0.9377,0.9392,-0.0015,"Dental, Clinic, Dental, practices, Dr.",5
19049,physician,M,1,physician,0.9977,0.0005,0.9972,"Physician, Assistant, Medical, Nurse, in",5
42320,painter,F,11,painter,0.9188,0.0112,0.9076,"paints, Wypych, depicted, Wypych, creates",5
90687,attorney,F,2,attorney,0.9992,0.9995,-0.0003,"law, legal, legal, law, degree",5
12462,model,F,12,model,0.999,0.9981,0.0009,"ranked, 604th, listed, FreeOnes, born",5
57103,professor,F,0,professor,0.6298,0.0459,0.5838,"Visiting, philosophy, Canada,, also, philosophy",5
19390,surgeon,F,9,surgeon,0.9983,0.0966,0.9017,"Dr., practice, Medicine, Dr., Clinic.",5
21342,journalist,F,4,journalist,0.974,0.4914,0.4825,"on, hosted, (2011),, (2010),, FIFA",5
85401,photographer,M,3,photographer,0.9958,0.9942,0.0016,"shots,, campaign,, photos., Recently,, photographs",5
86730,professor,M,0,professor,0.9982,0.9979,0.0003,"research, Professor, faculty, economics., affiliate",5
35260,photographer,M,3,photographer,0.9966,0.231,0.7656,"hoangnguyenphoto.com, photographs, website:, his, photography",5
91229,physician,M,1,physician,0.9994,0.999,0.0004,"practices, professional, Dr., credentials, M.D..",5
29007,software engineer,M,15,software engineer,0.9791,0.9164,0.0627,"trends., pipeline, building, working, technological",5
60447,attorney,F,2,attorney,0.9992,0.9993,-0.0001,"Attorneys., practice, law, multi-disciplinary, focuses",5
48315,professor,F,0,professor,0.9986,0.9988,-0.0002,"Specifically,, examines, research, Quarterly,, her",5
35781,professor,M,0,professor,0.8748,0.0063,0.8685,"Haematologist, Investigator, phase, haematological, Chief",5
28492,professor,F,0,professor,0.9643,0.003,0.9613,"research, activities, consultant, et, DÃ©mocratie.",5
76024,physician,M,1,physician,0.9244,0.9288,-0.0044,"Medicine., patients, Dr., affiliated, provider",5
44881,journalist,M,4,journalist,0.9912,0.7841,0.2071,"producer, BBC, programme, Times, Radio",5
82975,nurse,F,5,nurse,0.9994,0.9929,0.0065,"NURSE, She, Hospital, graduated, Laura",5
78727,accountant,F,16,accountant,0.9979,0.8819,0.116,"Accounting, office,, Adjunct, Lott, moved",5
94525,teacher,F,7,teacher,0.7943,0.0002,0.7942,"teacher, young, seduce, relationship, her",5
62663,dentist,M,8,dentist,0.9229,0.0061,0.9169,"Dental, Dental, practices, Clinic, Dr.",5
11646,attorney,F,2,attorney,0.9991,0.9737,0.0253,"law, Law, accounts., degree, corporate",5
26545,professor,F,0,professor,0.7756,0.5084,0.2672,"academia., visiting, Education, how, will",5
76100,professor,M,0,professor,0.9991,0.9986,0.0004,"research,, School., current, forthcoming, intersection",5
77060,professor,M,0,professor,0.9988,0.9973,0.0015,"teaches, management,, Dr., courses, Ed.D.)",5
64659,professor,M,0,professor,0.9898,0.0054,0.9844,"research, servers., computer, Diwakar, in",5
39811,journalist,M,4,journalist,0.996,0.9958,0.0002,"media., advent, issues, basis, truth",5
93129,physician,F,1,physician,0.5708,0.2979,0.2729,"NPI, practice, NPI, #1003879388, reached",5
85523,professor,M,0,professor,0.9993,0.9988,0.0005,"doctorate, University,, teaching,, Dr., University",5
8271,accountant,M,16,accountant,0.9986,0.9945,0.004,"CFO, CFO, Accounting,, ClickandPledge.com,, Controller",5
83871,poet,M,13,poet,0.6102,0.8525,-0.2423,"Stravinsky, seductive., combo.âĢĿ, fresh,, its",5
70609,journalist,M,4,journalist,0.706,0.4935,0.2125,"tortured., passage., father, protests, his",5
82045,journalist,F,4,journalist,0.998,0.9979,0.0001,"journalism., womenâĢĻs, feminism., career, celebrity",5
77864,professor,F,0,professor,0.9916,0.8954,0.0962,"PhD, disorders., In, terms, University,",5
14842,physician,M,1,physician,0.9699,0.9409,0.029,"Dr., medical, Medicine., Medicare, insurance.",5
69703,teacher,F,7,teacher,0.5235,0.6606,-0.1371,"Elementary., students, teaching, Education,, educator",5
55971,psychologist,F,6,psychologist,0.9954,0.9793,0.0161,"clients, satisfaction, clients', growth., collaborates",5
31706,professor,M,0,professor,0.9992,0.9991,0.0001,"Professor, Ph.D., research, interests, Sates.",5
2731,dietitian,F,18,dietitian,0.9665,0.94,0.0265,"digestive, microbiome., expertise, expertise, patients",5
85516,professor,M,0,professor,0.6996,0.011,0.6886,"PhD, history, are:, dedicating, of",5
10447,professor,M,0,professor,0.9981,0.9954,0.0027,"Journal, Studies,, African, African, Studies,",5
42944,psychologist,M,6,psychologist,0.5614,0.1447,0.4167,"""participants, reports, with, iPads,, work",5
26378,professor,F,0,professor,0.9996,0.9996,0.0,"Princeton, University,, professor, www.croccolab.umd.edu., computational",5
57872,professor,F,0,professor,0.9989,0.9985,0.0004,"microbiology,, emphasis, specialty, bioprospecting, projects",5
77931,professor,F,0,professor,0.9963,0.9674,0.0289,"position, University, similar, Fairfield, teaches",5
37397,architect,M,10,architect,0.996,0.993,0.0031,"buildings, architect's, His, concrete, materials",5
15403,attorney,M,2,attorney,0.9781,0.0039,0.9742,"Law, the, Society, of, practise,",5
69114,teacher,F,7,teacher,0.8969,0.0255,0.8714,"classroom, Mathematics, education, she, coordinated",5
63399,nurse,F,5,nurse,0.9924,0.0041,0.9883,"nursing, clinic, health, care, arriving",5
12789,professor,M,0,professor,0.9928,0.9925,0.0004,"OSUâĢĻs, students, teaching, calculus,, âĢľbecome",5
12844,accountant,M,16,accountant,0.6279,0.0074,0.6205,"business, degree,, requirements, included, e.g.",5
13944,comedian,M,19,comedian,0.9969,0.9882,0.0087,"comedy,, stand, Outside, up, Dave",5
2514,professor,F,0,professor,0.8778,0.7791,0.0987,"PhD,, research, yvonner@cogs.susx.ac.uk., year, Apple",5
63619,physician,F,1,physician,0.9989,0.9987,0.0002,"Medicine,, Health, welcomes, Dr., patients.",5
33192,physician,M,1,physician,0.9995,0.6999,0.2995,"practices, medicine, affiliated, Mr., specializes",5
87259,photographer,M,3,photographer,0.9977,0.9978,-0.0001,"photography, 2005., styles., style., HeâĢĻs",5
11641,journalist,M,4,journalist,0.7053,0.0381,0.6672,"Twitter, Instagram, Jeff, Twitter., Zeleny",5
84649,physician,M,1,physician,0.9975,0.997,0.0005,"Dr., Dr., patients., attended, clinical",5
77255,accountant,M,16,accountant,0.9985,0.9986,-0.0,"returns;, accounting, audits, tax, tax",5
57256,journalist,F,4,journalist,0.9744,0.5241,0.4503,"Communication, master's, She's, Chicago,, program",5
38988,attorney,M,2,attorney,0.9992,0.9993,-0.0001,"representing, clients, counsel, Previously,, LLP.",5
9964,professor,F,0,professor,0.9991,0.9991,0.0,"Her, forthcoming, taught, Dr., Dance.",5
81140,journalist,F,4,journalist,0.222,0.0776,0.1444,"boring, Erin, something, rumors, all.",5
22301,physician,F,1,physician,0.9991,0.9978,0.0013,"Physicians', practices, Medicine, She, Chinese",5
12931,professor,F,0,professor,0.5036,0.0015,0.5021,"Association, Resource, Human, Connecticut., Act:",5
90304,professor,M,0,professor,0.9994,0.9994,-0.0001,"peer-reviewed, genomics, co-principal, published, research",5
22732,nurse,F,5,nurse,0.9994,0.9931,0.0063,"NURSE, She, graduated, PRACTITIONER,, doctors",5
2164,professor,M,0,professor,0.9994,0.9987,0.0007,"interests, research, publications,, ecology,, ecology",5
62876,professor,M,0,professor,0.9982,0.9234,0.0748,"Studies, Dickens, published, Dickens, Editor",5
64373,photographer,F,3,photographer,0.9841,0.9947,-0.0106,"photography., Art., born, shares, She",5
62934,professor,F,0,professor,0.9991,0.9981,0.001,"currently, twentieth-century, She, Center,, Stanford",5
6069,professor,F,0,professor,0.9993,0.9943,0.005,"Kant's, 2003-2005,, Philosophy, Fellow, (2006),",5
69674,comedian,M,19,comedian,0.9879,0.9512,0.0367,"stunt, stunt, television, program, aired.",5
2131,poet,F,13,poet,0.9798,0.9788,0.001,"Poetry,, chapbook,, work, Bach, Clockwise",5
9568,surgeon,M,9,surgeon,0.9979,0.9983,-0.0004,"Dr., Surgical, Dr., Surgery., Tagalog.",5
88252,professor,M,0,professor,0.5145,0.0024,0.5122,"PhD, medical, Medical, He, ABC's",5
92420,architect,M,10,architect,0.9924,0.9595,0.0329,"Architectural, Brighton., architecture, postcolonial, thesis,",5
24167,professor,M,0,professor,0.9976,0.9847,0.0129,"Ph.D., Department, UCLA., author, American",5
64550,dentist,M,8,dentist,0.9958,0.3584,0.6374,"Dr., practicing, old, years, He",5
90320,professor,M,0,professor,0.9962,0.9916,0.0046,"research, University, Journal, women),, interests",5
78290,surgeon,M,9,surgeon,0.9982,0.9975,0.0006,"Dr., practices, Hospital., practices, Dr.",5
10249,attorney,F,2,attorney,0.9994,0.9994,0.0001,"disputes,, practice, co-ownership, primary, matters.",5
61381,professor,F,0,professor,0.7053,0.1036,0.6016,"university, university, internally,, told, possible,âĢĿ",5
19307,surgeon,M,9,surgeon,0.9528,0.2816,0.6713,"surgical, premedical, Medical, Medical, surgery",5
94496,painter,M,11,painter,0.9959,0.851,0.145,"paintings., Fine, Master, exhibited, paintings",5
76812,photographer,F,3,photographer,0.998,0.8446,0.1534,"Photography, Photography, photographer, below., moved",5
88145,professor,F,0,professor,0.998,0.9951,0.0029,"Ph.D., research, University, Faculty, research",5
48991,filmmaker,M,14,filmmaker,0.9695,0.9139,0.0555,"film, documentary, short, 2006., His",5
12526,surgeon,M,9,surgeon,0.9279,0.0895,0.8384,"neurosurgery, neurosurgeon, Dr., as, medical",5
30184,professor,M,0,professor,0.9994,0.9993,0.0001,"Ph.D., Geophysics, teaching, mathematics., UW",5
21782,professor,M,0,professor,0.9962,0.9108,0.0854,"contemporary, adaptations, Theatre, currently, researching",5
35400,professor,F,0,professor,0.9991,0.9986,0.0004,"Dr., co-chair, Dr., arrival, initiatives.",5
19671,filmmaker,M,14,filmmaker,0.9917,0.9884,0.0033,"current, 2011., project,, pilots., Handmade",5
28839,professor,F,0,professor,0.9991,0.9373,0.0618,"PhD, teaches, Legal, She, Law",5
58977,nurse,F,5,nurse,0.8297,0.2575,0.5723,"patients, injuries, She, for, suffering",5
59046,professor,M,0,professor,0.9969,0.9827,0.0142,"Ph.D., Massachusetts,, theology, University, College",5
4615,professor,F,0,professor,0.9992,0.9989,0.0003,"teaches, courses, research, Science., Journal",5
13637,filmmaker,F,14,filmmaker,0.9944,0.9956,-0.0012,"filmed, films, Interfilm, dozen, Festival,",5
54584,journalist,M,4,journalist,0.9725,0.9058,0.0667,"Times, Beijing, chief, bureau, 2007.",5
11015,physician,F,1,physician,0.9991,0.0476,0.9515,"Physician, Assistant, Clinical, Health., residency",5
22434,physician,M,1,physician,0.832,0.1903,0.6417,"practices, Dr., Veterinary, Nagpur, Shashank",5
65733,professor,M,0,professor,0.998,0.9408,0.0572,"PhD, University, received, Engineering, and",5
22767,attorney,F,2,attorney,0.9995,0.9995,0.0,"clients., practice,, law, management., clients",5
15059,professor,F,0,professor,0.999,0.9987,0.0002,"Dr., research, co-chair, journals, practice",5
68356,professor,M,0,professor,0.9994,0.9949,0.0045,"research, innovation., convergence, interests, in",5
36540,composer,M,17,composer,0.9968,0.9941,0.0027,"commissions, Philharmonic, Orchestra., projects, works",5
91822,professor,M,0,professor,0.9991,0.9987,0.0004,"PhD, postdoctoral, fellow, Previously,, Pennsylvania.",5
13520,professor,M,0,professor,0.9552,0.1531,0.8021,"evaluation, training, years,, worked, storyteller,",5
93134,dentist,M,8,dentist,0.9982,0.9975,0.0007,"Dentist., patients, Dental, Dr., currently",5
72974,physician,F,1,physician,0.9994,0.0602,0.9392,"practices, affiliated, medicine, Ms., Medical",5
13224,photographer,F,3,photographer,0.9971,0.9969,0.0003,"photography., specializes, Photography, newborn,, professional",5
75838,photographer,M,3,photographer,0.9976,0.9917,0.006,"shot, portraits, collaborating, Vogue,, Paris,",5
3774,surgeon,M,9,surgeon,0.9967,0.9872,0.0096,"practice, specialize, medical, University, Medical",5
79838,professor,M,0,professor,0.9138,0.0117,0.9021,"research, interests, include, change, organisational",5
68822,physician,F,1,physician,0.9948,0.3155,0.6792,"physician, training, Physicians, Medicine, graduated",5
35640,professor,M,0,professor,0.9703,0.3872,0.583,"research, renewables, focuses, design, vehicles,",5
92403,model,M,12,model,0.9964,0.8625,0.1339,"model, used, Rajeev, to, brands",5
27618,photographer,M,3,photographer,0.992,0.9913,0.0007,"photographer, photo, work, contributing, focuses",5
5403,professor,M,0,professor,0.9978,0.995,0.0028,"faculty,, Professor, joining, Before, Professor",5
4860,journalist,M,4,journalist,0.9868,0.0892,0.8976,"freedom, press, fighter., ultimate, Simply",5
35927,professor,M,0,professor,0.9848,0.9315,0.0533,"interventions, conceptually, research, strategies, scholarship",5
95167,psychologist,M,6,psychologist,0.8961,0.9126,-0.0166,"psychopaths, Attachments,, affection., In, psychopathy",5
33833,physician,M,1,physician,0.9765,0.9811,-0.0046,"Dr., Health., Medicine, Anthem,, Cross/Blue",5
93556,professor,M,0,professor,0.999,0.9949,0.0041,"research, current, examines, interplay, Fulbright",5
57404,attorney,F,2,attorney,0.9994,0.9994,-0.0,"legal, Attorney, career, clients,, Nesselbush,",5
25995,attorney,F,2,attorney,0.9988,0.9681,0.0307,"clients, violations., advocacy,, English,, Ms.",5
83943,professor,F,0,professor,0.9869,0.0752,0.9118,"PhD, taught, 2005., bachelorâĢĻs, Michigan",5
84790,attorney,F,2,attorney,0.9995,0.9995,-0.0,"Court, law, practicing, firm, Court",5
74528,attorney,M,2,attorney,0.9992,0.9991,0.0001,"court., Lawyers, Lawyers,, verdict, cases",5
33996,psychologist,F,6,psychologist,0.9916,0.002,0.9896,"Professor, Psychology, Clinical, Dr., Washington.",5
62016,poet,M,13,poet,0.9909,0.9818,0.009,"poem, lyrics, whether, resonate, is",5
28689,professor,F,0,professor,0.9988,0.9975,0.0014,"PhD, research, University, ThompsonâĢĻs, Dr.",5
95374,nurse,F,5,nurse,0.7763,0.2757,0.5006,"miscarriage, joining, assignment, marriage, accept",5
61784,professor,F,0,professor,0.9799,0.5971,0.3828,"teaches, program., courses, teaching, courses,",5
15444,nurse,F,5,nurse,0.9987,0.6705,0.3283,"Nursing, nursing,, Diabetes, from, Certified",5
65633,professor,M,0,professor,0.5711,0.1439,0.4272,"program, visiting, 2007,, critic, the",5
4764,physician,F,1,physician,0.9994,0.9157,0.0837,"practices, medicine, Ms., Medicine., specializes",5
14918,photographer,M,3,photographer,0.7245,0.0065,0.718,"issues,, focuses, work, Sea,, published",5
4172,journalist,F,4,journalist,0.9972,0.7989,0.1984,"reported, Aleppo., covered, Syria., editors.",5
2790,professor,F,0,professor,0.9972,0.6027,0.3944,"research, interests, research, multilevel, governance,",5
56247,professor,M,0,professor,0.9989,0.9872,0.0117,"doctoral, University, degree, study, soil-concrete",5
23413,surgeon,M,9,surgeon,0.7811,0.9913,-0.2102,"cerebrovascular, Neurosurgery,, specializes, SurgeryÃ¢&#x20AC;&#x2122;s, surgery",5
48447,model,F,12,model,0.9988,0.9937,0.0051,"modeling, Models, career., She, her",5
49646,physician,F,1,physician,0.9992,0.9987,0.0005,"MD., credentials, practices, professional, Greenville,",5
80636,professor,F,0,professor,0.9992,0.9955,0.0037,"professor,, academia,, doctoral, becoming, Before",5
24128,composer,M,17,composer,0.9961,0.866,0.1301,"music, scored, His, music, music",5
28171,professor,F,0,professor,0.9964,0.9749,0.0215,"research, published, interests, disabilities., She",5
66933,professor,F,0,professor,0.6414,0.0018,0.6396,"research, work, out, on, of",5
74783,attorney,F,2,attorney,0.9993,0.0615,0.9378,"legal, courts, representation, Providing, Texas.",5
57020,nurse,F,5,nurse,0.9994,0.9943,0.0051,"NURSE, She, Medical, graduated, Beth",5
54800,attorney,M,2,attorney,0.9989,0.9924,0.0066,"Law, Domestic, Law, field, firm",5
38171,dentist,F,8,dentist,0.9968,0.9869,0.0099,"Dr., Clinic, appointment, Dr., online",5
45824,photographer,F,3,photographer,0.9941,0.0385,0.9556,"photography, earned, at, TheDocumentaryProjectFund,, her",5
58662,psychologist,F,6,psychologist,0.6257,0.1575,0.4682,"asylum, working, distress, began, after",5
56683,professor,F,0,professor,0.9994,0.9983,0.0011,"research, ccrago@resecon.umass.edu., interests, publications, renewable",5
64033,journalist,M,4,journalist,0.9973,0.995,0.0023,"editor-in-chief, newsradio, Hungarian, HungaryâĢĻs, Hungarian",5
26994,psychologist,F,6,psychologist,0.9941,0.9787,0.0155,"practice, couples, private, individuals,, coping",5
15915,professor,F,0,professor,0.9738,0.849,0.1248,"pediatrician, craniofacial, conducts, research, outcomes",5
91593,professor,F,0,professor,0.9994,0.9993,0.0,"post-civil, Studies., examines, published, published",5
68571,physician,F,1,physician,0.9213,0.0423,0.879,"solo, practice,, medical, patients, Dr.",5
79788,nurse,F,5,nurse,0.9976,0.9975,0.0,"nurse, practitioner, office., is, Maribeth",5
51415,architect,M,10,architect,0.9974,0.8331,0.1643,"Architectural, building, Boston, construction, design",5
51280,professor,M,0,professor,0.9983,0.9986,-0.0003,"PhD, postdoctoral, researcher, researcher, University",5
24881,professor,F,0,professor,0.9993,0.9991,0.0001,"research, limitations, algorithms, PhD, award.",5
33467,dentist,M,8,dentist,0.9975,0.9978,-0.0003,"dental, Dentist., patients, Dr., online",5
66467,physician,M,1,physician,0.9211,0.3536,0.5675,"medical, Dr., Medicine., attended, University",5
71724,professor,M,0,professor,0.9992,0.992,0.0072,"research, interests, include, faculty, Baylor",5
22782,professor,M,0,professor,0.9994,0.998,0.0013,"theory,, teaches, classes, criminological, research",5
53423,dentist,M,8,dentist,0.9965,0.9857,0.0108,"Dr., years., Medical, practicing, Center.",5
27711,photographer,M,3,photographer,0.9949,0.6759,0.319,"Photography,, photography, Angeles., Photography, Camera",5
59019,filmmaker,M,14,filmmaker,0.3484,0.0622,0.2862,"flat-out, departure,, chip,, explored, Medusa",5
70650,journalist,F,4,journalist,0.8808,0.7602,0.1206,"Justice., European, mainly, question, TurkeyâĢĻs",5
81855,teacher,M,7,teacher,0.9116,0.1868,0.7247,"curriculum, Teachers., curriculum, activities., Physics",5
32976,surgeon,M,9,surgeon,0.988,0.9831,0.005,"osteoarthritis., surgery, treat, spine, spinal",5
57583,journalist,M,4,journalist,0.9909,0.0029,0.988,"Editor-In-Chief/Publisher, newspaper, Ghana., training., is",5
66893,physician,M,1,physician,0.9968,0.9776,0.0192,"Dr., Medicine, Naturopathic, clinical, clinical",5
81089,physician,F,1,physician,0.9994,0.7674,0.2321,"practices, medicine, Medicine., Hillsboro,, specializes",5
34967,professor,F,0,professor,0.9953,0.5216,0.4737,"doctorate, professional, development, her, Education",5
53138,journalist,M,4,journalist,0.3782,0.1906,0.1876,"forty-year-old, diatribe, in, Amazon.com., (""It's",5
80520,physician,F,1,physician,0.9994,0.921,0.0784,"practices, affiliated, medicine, Ms., specializes",5
44725,professor,F,0,professor,0.9027,0.8189,0.0838,"Ph.D., University, research, relationships, addition,",5
1136,professor,M,0,professor,0.998,0.9803,0.0177,"Ph.D., research, focuses, systems,, cyber-physical",5
86471,professor,M,0,professor,0.9993,0.9985,0.0007,"research, NASA's, materials,, 2008, research",5
92918,photographer,F,3,photographer,0.9971,0.0283,0.9688,"photographing, years.She, traveling, project, states.",5
23422,software engineer,M,15,software engineer,0.827,0.7238,0.1032,"WebSphere, Apache, technical, Distributed, Incubator.",5
84801,composer,M,17,composer,0.9963,0.0203,0.976,"music, his, Kandinsky,, Inspired, sonic",5
58105,nurse,M,5,nurse,0.9923,0.016,0.9763,"nurse, Cardiologist, staff., finds, new",5
66721,painter,F,11,painter,0.992,0.9033,0.0887,"painting, from, design, her, in",5
60260,professor,F,0,professor,0.9987,0.9984,0.0003,"teaches, courses, Speech-Language-Hearing, Phonological, graduate",5
6298,psychologist,M,6,psychologist,0.9871,0.9876,-0.0005,"self-diminishment, constructive., attitude, self-depreciating,, writes",5
39899,filmmaker,F,14,filmmaker,0.9925,0.9923,0.0002,"filmmaking, Production,, films, degree, graduate",5
5039,teacher,F,7,teacher,0.2952,0.1972,0.098,"each, other., she, with, family",5
79859,model,F,12,model,0.9574,0.8181,0.1393,"careerâĢĶeven, cruel, photographersâĢĶat, ItâĢĻs, She",5
45488,professor,M,0,professor,0.9226,0.8806,0.0419,"Ph.D., American, University, Delaware., awarded",5
40779,professor,F,0,professor,0.9988,0.999,-0.0002,"Research, post-doctoral, Centres., faculty,, paper",5
43535,composer,M,17,composer,0.9859,0.9859,-0.0,"performances., songs., music., created, albums",5
64464,nurse,F,5,nurse,0.9858,0.986,-0.0003,"Nursing, Nurse, Nursing, HospitalâĢĻs, Nursing",5
76396,software engineer,F,15,software engineer,0.9776,0.8987,0.0788,"systems., engineers, develops, team, facility.",5
67435,professor,M,0,professor,0.999,0.997,0.002,"research, editing, currently, 1815âĢĵ1918, (2003),",5
10467,professor,F,0,professor,0.881,0.14,0.741,"research, patient-reported, clinical, development, epidemiological",5
4239,teacher,M,7,teacher,0.9958,0.9935,0.0023,"taught, grade, taught, Language,, English",5
16304,attorney,F,2,attorney,0.9973,0.9973,0.0,"law,, organizations., representing, liability, business",5
18769,nurse,F,5,nurse,0.9977,0.2277,0.77,"nurse, patients, patient, training, care",5
63117,physician,F,1,physician,0.9984,0.5147,0.4836,"Medicine, patient, Medicine., Osteopathic, treat",5
30885,surgeon,M,9,surgeon,0.8932,0.4114,0.4818,"Surgery, He, Surgery, Vascular, Certified",5
19751,professor,F,0,professor,0.997,0.9284,0.0686,"research, areas, journals., citations, grants",5
94584,filmmaker,M,14,filmmaker,0.9935,0.0773,0.9162,"called, American, ""a, film, year's",5
27721,professor,M,0,professor,0.999,0.9978,0.0011,"research, between, interactions, focuses, media,",5
55862,professor,F,0,professor,0.9894,0.9519,0.0375,"research, Dr., ResistanceâĢĿ, She, Historical",5
37468,professor,M,0,professor,0.9991,0.9978,0.0013,"research, epistemology, modeling,, biologically, University",5
82798,professor,F,0,professor,0.9993,0.9992,0.0002,"Ph.D., Post-doctoral, research, University, Asia-Pacific:",5
3623,attorney,M,2,attorney,0.9987,0.0075,0.9912,"law, Law, obtained, graduated, law",5
89814,professor,F,0,professor,0.9984,0.9608,0.0376,"research, interests, fields, Her, Organization.",5
13824,teacher,F,7,teacher,0.9929,0.6596,0.3333,"students, supports, Homework, has, old.",5
9391,journalist,F,4,journalist,0.9813,0.0047,0.9766,"writes, grew, environment, years, anything",5
16087,professor,M,0,professor,0.9799,0.8084,0.1714,"journals., lab, serves, Augsburg, study",5
79514,professor,F,0,professor,0.9991,0.9978,0.0013,"examines, research, currently, conducting, implications",5
3831,physician,M,1,physician,0.9969,0.9974,-0.0005,"Medicine, medical, clinical, residency, Dr.",5
51714,teacher,F,7,teacher,0.2383,0.0768,0.1616,"dying,, mother, witch,, as, her.",5
60965,professor,M,0,professor,0.9818,0.8992,0.0825,"fellowship, MGP, at, Louis,, residency",5
46029,photographer,F,3,photographer,0.9971,0.361,0.6361,"Photography, through, thesis,, University., recently",5
32338,software engineer,M,15,software engineer,0.8774,0.0018,0.8756,"code, DevOps, instructor., passion, spent",5
47170,nurse,F,5,nurse,0.9994,0.9937,0.0057,"NURSE, She, graduated, PRACTITIONER,, Physicians,",5
70021,professor,M,0,professor,0.9956,0.9835,0.012,"research, (www.ausnc.org.au),, analysis., pragmatics, interests",5
75330,professor,M,0,professor,0.999,0.9981,0.001,"research, current, include, interests, His",5
5581,painter,M,11,painter,0.9885,0.0006,0.9879,"painting, Painting, Photography., work, work",5
62528,professor,F,0,professor,0.9943,0.9951,-0.0007,"students., neurodevelopment, fellowship, outlook, science",5
3380,professor,M,0,professor,0.5501,0.1487,0.4014,"research, interests, include:, examining, human",5
57264,attorney,M,2,attorney,0.9994,0.0083,0.9911,"represented, representing, agencies., EB-5, experience",5
38775,attorney,F,2,attorney,0.9993,0.9993,0.0,"attorney, defense, attorneys, Courts, cases",5
79048,professor,F,0,professor,0.9983,0.9195,0.0788,"research, francophone, post-independence, article,, literature",5
20028,journalist,F,4,journalist,0.8756,0.7476,0.128,"Durban,, Freelancers, of, www.laurenshapiro.co.za., range",5
11985,physician,F,1,physician,0.6229,0.3428,0.28,"practice, #1609152065, NPI, Martinez's, reached",5
48283,poet,F,13,poet,0.9881,0.2795,0.7086,"poetry, poetry, Poetry, Her, scene",5
95315,professor,F,0,professor,0.9994,0.9994,0.0,"PhD, Sciences, plantâĢĲinsect, interactions, research",5
68934,software engineer,M,15,software engineer,0.879,0.8352,0.0439,"Engineering, Software, PhD, development, worked",5
67649,professor,M,0,professor,0.9994,0.9991,0.0003,"PhD, Theory, research, Canadian, journals",5
62575,attorney,M,2,attorney,0.9986,0.9984,0.0002,"Attorney, law, employment, on, Coming",5
71744,professor,F,0,professor,0.9966,0.0163,0.9802,"Anthropologist, linkages, Medical, on, Anthropology,",5
26922,physician,F,1,physician,0.9953,0.997,-0.0017,"academic., Dr., Dr., residency, medical",5
67032,composer,M,17,composer,0.9921,0.0259,0.9663,"music, music, music, BC., original",5
81542,professor,M,0,professor,0.9993,0.9988,0.0006,"MFA, Prior, BFA, Professor, Demaske",5
87321,photographer,F,3,photographer,0.9977,0.9976,0.0,"Photography, Photography, Photography, Professional, imagery",5
82736,physician,M,1,physician,0.9262,0.9289,-0.0028,"#1215902978, practice, NPI, NPI, Buhl's",5
41193,professor,F,0,professor,0.9764,0.0139,0.9626,"teaches, thinking,, articles, Chair, position",5
30361,architect,M,10,architect,0.9973,0.874,0.1233,"architecture, firms,, admired, practice,, UKâĢĻs",5
48659,photographer,M,3,photographer,0.9976,0.9943,0.0033,"capture, goal, shoots, photographer, moments",5
68589,photographer,M,3,photographer,0.9969,0.9968,0.0001,"photographs, photographer,, photography, Photography,, photography",5
74271,professor,M,0,professor,0.9993,0.0979,0.9014,"research, Twitter., interests, design., consumers",5
18241,dietitian,F,18,dietitian,0.995,0.2449,0.7501,"nutritional, goals, nutrition, diets, training",5
40210,professor,F,0,professor,0.9954,0.9949,0.0005,"research, adults., campus-wide, She, practice,",5
57244,photographer,F,3,photographer,0.6211,0.1252,0.4958,"moved, subjects, early-career, humour., to",5
92019,teacher,M,7,teacher,0.6764,0.0009,0.6755,"teaching, coaching, School, Academy, High",5
25340,software engineer,M,15,software engineer,0.9902,0.9869,0.0033,"JavaScript,, PHP,, development,, developing, technologies,",5
6379,photographer,F,3,photographer,0.6053,0.0003,0.605,"Photography, Photography, Photography., Photography., work",5
66181,psychologist,F,6,psychologist,0.9959,0.98,0.0159,"individuals,, couples, intimacy, helped, relationships.",5
81388,professor,M,0,professor,0.5881,0.0526,0.5355,"expert, specializes, health-literate, informed, CDC,",5
89321,psychologist,F,6,psychologist,0.996,0.0704,0.9256,"Psychology, Lecturer, Psychiatry, disabilities, at",5
88197,architect,M,10,architect,0.9947,0.6979,0.2968,"architecture., Architecture, design, urban, development,",5
46791,dentist,M,8,dentist,0.9985,0.9979,0.0006,"Dental, Dentist., Dr., Hospital, currently",5
14423,professor,M,0,professor,0.8809,0.0013,0.8795,"doctoral, his, Swansea, innovation, Innovation",5
75570,accountant,M,16,accountant,0.9061,0.8663,0.0398,"activities., He, key, was, joined",5
91312,professor,F,0,professor,0.9985,0.9983,0.0003,"College,, Dr., addition, capacity,, duties",5
67570,dentist,F,8,dentist,0.9891,0.9905,-0.0014,"Dr., Cross/Blue, Shield,, insurance, reviews",5
61351,professor,F,0,professor,0.585,0.6562,-0.0712,"scientist., development, speaking, encouragement, reading",5
38051,physician,F,1,physician,0.6279,0.5462,0.0817,"NPI, NPI, #1265648372, registry, reached",5
53207,painter,M,11,painter,0.9953,0.0024,0.993,"paintings, 70âĢ²s,, 90âĢ²s., 1960âĢ²s., 1960âĢ²s",5
43190,photographer,M,3,photographer,0.62,0.0458,0.5742,"photography., Photo, expression., Diploma, Paudel",5
55934,model,F,12,model,0.9987,0.9988,-0.0001,"Model"", pose, ""Fashion, she, ""Next",5
62577,attorney,M,2,attorney,0.9371,0.9907,-0.0536,"attorney, lobbyist, arena., Texas, Capitol,",5
40194,physician,F,1,physician,0.6006,0.36,0.2406,"practice, Conyers's, #1407873086, NPI, NPI",5
66406,nurse,F,5,nurse,0.9994,0.9775,0.0218,"NURSE, She, Medical, PRACTITIONER,, Carol",5
40125,professor,F,0,professor,0.999,0.9986,0.0004,"teaches, Actuaries., courses, graduate, undergraduate",5
27486,painter,M,11,painter,0.9948,0.9952,-0.0004,"painting,, acrylic,, acrylic, oil,, oil.",5
10119,professor,M,0,professor,0.9992,0.9989,0.0003,"published, (forthcoming),, Research,, in, Economic",5
12161,photographer,F,3,photographer,0.9972,0.9969,0.0004,"subjects,, portraits, experience., custom, focuses",5
36319,professor,M,0,professor,0.7059,0.0038,0.7021,"scholar-in-residence, in, rabbinic, Yeshivat, as",5
32860,photographer,M,3,photographer,0.9976,0.9959,0.0017,"shoots, weddings, photographey., He, specialty",5
5530,attorney,F,2,attorney,0.9991,0.9991,0.0,"Court, Illinois., Supreme, U.S., law",5
47371,journalist,F,4,journalist,0.9979,0.9973,0.0006,"Journalists', media, Charity., 2014, Director",5
95004,accountant,F,16,accountant,0.9802,0.0057,0.9745,"tax, expertise, consulting,, began, planning",5
69035,attorney,F,2,attorney,0.992,0.9981,-0.0061,"attorney, legal, staff, issues., property",5
57334,surgeon,M,9,surgeon,0.9685,0.2836,0.6849,"Surgery, Dr., about, for, DeFilippi",5
49219,professor,F,0,professor,0.9991,0.9986,0.0005,"undergraduate-level, research, teaches, Her, currently",5
74339,model,F,12,model,0.999,0.999,-0.0,"ranked, listed, She, born, currently",5
57648,professor,M,0,professor,0.6198,0.5047,0.1151,"poems,, journals,, Iowa, also, nominated",5
60417,professor,F,0,professor,0.9981,0.9972,0.0009,"peer-reviewed, journals., research, published, co-authored",5
66922,professor,F,0,professor,0.9985,0.061,0.9376,"PhD, theoretical, education,, bilingual, specializes",5
81825,surgeon,M,9,surgeon,0.9983,0.9982,0.0,"Surgery., Dr., practices, Dr., Medical",5
69717,physician,M,1,physician,0.994,0.9758,0.0182,"Patients., medical, Medicine,, naturopathic, Medicine,",5
78780,software engineer,M,15,software engineer,0.8754,0.8418,0.0335,"web-based, currently, Adobe., personal, previously",5
7542,photographer,M,3,photographer,0.9956,0.9952,0.0004,"photograph, images, first, 1990., Photo",5
87975,physician,M,1,physician,0.9695,0.1182,0.8513,"practices, Dr., Clinic, 2009., B.V.Sc",5
62624,software engineer,M,15,software engineer,0.9702,0.924,0.0462,"developers, working, feature, docker,, allows",5
82597,physician,F,1,physician,0.5961,0.3323,0.2639,"Hospital, #1750319638, practice, Department, NPI",5
17292,physician,F,1,physician,0.6327,0.5892,0.0434,"Medical, Medical, Dr., Dr., interests:",5
49736,nurse,F,5,nurse,0.9994,0.8183,0.1811,"NURSE, She, graduated, PRACTITIONER,, Health",5
59842,psychologist,F,6,psychologist,0.9984,0.9814,0.017,"clinical, EMDR, PhD., therapists, EMDR",5
67818,attorney,M,2,attorney,0.9994,0.9994,-0.0,"experience, litigation, litigation., Property, experience",5
25803,professor,M,0,professor,0.9975,0.9944,0.0031,"Fellow, journals,, policy,, Center, publications",5
31326,architect,M,10,architect,0.8975,0.7654,0.1321,"architecture, service-oriented, deployment, improving, focus",5
63957,professor,M,0,professor,0.9901,0.4531,0.537,"class, publications, smoothing., role, models",5
28185,attorney,F,2,attorney,0.9995,0.9994,0.0,"represents, 2008., individuals,, estate, families,",5
33509,professor,M,0,professor,0.8431,0.3606,0.4825,"interests, include, fellowship, associations,, student",5
56678,professor,M,0,professor,0.9965,0.01,0.9866,"PhD, research, systems., Telecommunication, include",5
14886,physician,M,1,physician,0.7567,0.8936,-0.1368,"doctor, missionary, as, regularly, health",5
23390,attorney,F,2,attorney,0.9993,0.9934,0.0059,"practice, her, focuses, transactions., represents",5
54914,nurse,F,5,nurse,0.9994,0.9275,0.0719,"NURSE, graduated, She, an, PRACTITIONER,",5
16794,professor,M,0,professor,0.999,0.9968,0.0023,"principal, Lab, driving., doctoral, 2008.",5
92564,nurse,M,5,nurse,0.9994,0.9938,0.0056,"NURSE, PRACTITIONER,, affiliates, specialists, Medical",5
23442,filmmaker,M,14,filmmaker,0.8564,0.9111,-0.0546,"media,, cinema,, Segnocinema,, festivals,, Milan",5
56747,photographer,M,3,photographer,0.9978,0.9978,-0.0,"photography,, goal, subject., portrait, frame",5
3813,teacher,M,7,teacher,0.853,0.2099,0.6431,"schools, governor, improving, are, said",5
56920,model,F,12,model,0.9989,0.9982,0.0007,"model, ''Playboy''âĢĻs, cover, appearance, best",5
39768,attorney,M,2,attorney,0.9995,0.9993,0.0002,"attorney,, law, suits., probates,, handles",5
53126,attorney,M,2,attorney,0.9988,0.9994,-0.0006,"law, practiced, practice, Mr., focusing",5
19720,psychologist,F,6,psychologist,0.9926,0.9284,0.0642,"psychologist, psychology, Behavioral, ADHD., behavioral",5
62153,professor,F,0,professor,0.472,0.0959,0.3761,"degrees, Sports, Montgomery,, Fisk, University,",5
2288,physician,M,1,physician,0.9994,0.962,0.0375,"practices, Medicine., medicine, Mr., affiliated",5
55771,filmmaker,M,14,filmmaker,0.9876,0.1431,0.8445,"feature, documentary, His, festivals, film",5
44516,professor,F,0,professor,0.9993,0.9986,0.0007,"PhD, computational, conducts, investigates, methods",5
47786,painter,M,11,painter,0.9947,0.9528,0.0418,"Painting, Sofia., Art, Wimbledon, internationally,",5
89197,professor,F,0,professor,0.999,0.9977,0.0013,"PhD, postdoctoral, co-investigator, Information, School",5
85648,filmmaker,M,14,filmmaker,0.9674,0.9466,0.0208,"production, Films, director, screenwriter., house,",5
81248,attorney,F,2,attorney,0.973,0.226,0.7469,"parents', Parents', nonprofit, Rights, serves",5
13523,physician,F,1,physician,0.9994,0.9993,0.0001,"Dr., M.D.., credentials, for, practices",5
21322,dietitian,F,18,dietitian,0.9979,0.5985,0.3994,"diet, nutrition, Nutrition, risk, helping",5
22834,accountant,F,16,accountant,0.986,0.0527,0.9333,"SIMPLE, CORPORATION, estates., small, years",5
42590,attorney,F,2,attorney,0.9994,0.9505,0.0489,"counsel, Ms., experience, matters,, Trade",5
92863,photographer,M,3,photographer,0.9963,0.9389,0.0575,"photographies, website, aesthetic, HereâĢĻs, Issued",5
54919,teacher,F,7,teacher,0.5406,0.0199,0.5208,"Certifications., manifested, teacher, staying, she",5
28163,attorney,M,2,attorney,0.9985,0.9994,-0.0008,"litigation., law, law, practiced, Putney,",5
1991,professor,F,0,professor,0.6779,0.5103,0.1675,"director, Policy, National, past, chair",5
95384,dietitian,F,18,dietitian,0.9957,0.002,0.9937,"Dietitians, diseases., Metabolic, treatment, specializes",5
48500,professor,F,0,professor,0.9979,0.997,0.0009,"Ph.D., Literacy,, Practice, Rhetoric,, center",5
21188,professor,F,0,professor,0.9992,0.998,0.0012,"nineteenth-century, research, culture., transatlantic, focuses",5
81882,professor,M,0,professor,0.9972,0.7137,0.2835,"PhD, 1977, earned, Chengdu., hometown",5
85609,physician,F,1,physician,0.976,0.668,0.308,"Medical, medical, Dr., Medical, Health",5
70044,physician,M,1,physician,0.9913,0.9918,-0.0005,"interests:, school, patients., residency, clinical",5
47220,psychologist,M,6,psychologist,0.9978,0.9932,0.0046,"Counseling, Carolinas, Group, children., Ph.D.",5
11064,model,F,12,model,0.9987,0.9957,0.003,"modeling, career,, earned, She, former",5
28093,teacher,F,7,teacher,0.9966,0.9813,0.0154,"teach, school, students, students, school",5
94619,physician,M,1,physician,0.5284,0.5239,0.0045,"Medical, joining, Sunway, trauma, unit",5
49414,professor,M,0,professor,0.9863,0.8791,0.1072,"neurology, faculty, Pediatrics., residency, Hopkins.",5
81729,software engineer,M,15,software engineer,0.7936,0.0549,0.7387,"Computer, Engineering, degrees, currently, Engineering",5
22196,composer,F,17,composer,0.9926,0.9564,0.0362,"textures., sounds, vocal, quartets, cello",5
88330,professor,F,0,professor,0.998,0.995,0.003,"teaching, Doctorate, Association, American, technology,",5
24925,nurse,M,5,nurse,0.5414,0.0002,0.5412,"Nursing, Marilyn, Department, Bernardino., the",5
7891,model,F,12,model,0.9938,0.9781,0.0156,"as, dated, born, age, 2007",5
95305,professor,M,0,professor,0.9994,0.9993,0.0001,"ASU,, aims, Dr., research, approach.",5
1259,physician,F,1,physician,0.9994,0.5424,0.457,"practices, affiliated, Medicine., Medicine, specializes",5
94280,nurse,F,5,nurse,0.9989,0.9988,0.0,"nurse., hospital., Maegan, surgery, Maegan",5
48548,teacher,F,7,teacher,0.984,0.9316,0.0525,"taught, teacher, Science., taught, educational",5
34256,professor,M,0,professor,0.8445,0.4608,0.3837,"examines, inequality., behavior, intersections, social",5
38595,physician,M,1,physician,0.9738,0.9764,-0.0027,"departments, Allergy, position, patients, Hospital,",5
58496,journalist,F,4,journalist,0.9467,0.0305,0.9162,"interviewed, FileâĢĻs, writer,, film, feature",5
72718,photographer,F,3,photographer,0.9955,0.7158,0.2796,"photo, absurdity., image, range, styles",5
74832,filmmaker,F,14,filmmaker,0.9938,0.5123,0.4815,"directed, films, experimental, (2015),, including",5
84387,nurse,M,5,nurse,0.9994,0.0313,0.9681,"NURSE, PRACTITIONER,, Medical, especially, years",5
26171,accountant,M,16,accountant,0.9984,0.9974,0.001,"accounting, firms,, international, finance,, acquisitions.",5
22517,professor,M,0,professor,0.999,0.9932,0.0058,"university, colonialism, courses, teaching, teaches",5
42732,accountant,M,16,accountant,0.9985,0.998,0.0004,"Financial, business, financial, function., business",5
54506,nurse,F,5,nurse,0.9949,0.9964,-0.0015,"CRNP., professional, credentials, practices, Huntsville,",5
13402,attorney,M,2,attorney,0.9985,0.9988,-0.0003,"practice, litigation, defense,, His, includes",5
34277,professor,M,0,professor,0.9986,0.4294,0.5692,"doctorate, justice, University, social, University.",5
31629,professor,F,0,professor,0.9985,0.0009,0.9976,"research, teaching, interests, 2003-2010,, and",5
85805,dentist,M,8,dentist,0.9283,0.953,-0.0247,"Dental, Dentistry,Dental, Fillings,Dental, Dental, Dental",5
18759,model,F,12,model,0.9991,0.9989,0.0002,"ranked, place., born, listed, FreeOnes",5
86661,dentist,M,8,dentist,0.92,0.0523,0.8677,"Dr., Dental, Dental, Clinic, practices",5
85575,professor,M,0,professor,0.9973,0.0581,0.9392,"Yale, co-author, Anthropocene, 360,, SchwÃ¤gerl",5
18154,software engineer,M,15,software engineer,0.544,0.0875,0.4564,"solutions., development, software, architecture, development",5
21831,physician,M,1,physician,0.9663,0.8511,0.1152,"Dr., Medicine, Dr., Hospital., Dr.",5
80642,filmmaker,M,14,filmmaker,0.9727,0.9631,0.0096,"filmmaker,, Serial., bang., comedy,, space",5
95364,professor,M,0,professor,0.9423,0.9708,-0.0285,"MD/PhD, Hematology/Oncology, residency, post-doctoral, Pediatric",5
16552,professor,M,0,professor,0.9928,0.952,0.0408,"gene-gene, research, detecting, gene-environment, interests",5
65562,professor,M,0,professor,0.996,0.9951,0.0009,"physiologically, microscopy., isotropic, light-sheet, high-resolution",5
10011,professor,M,0,professor,0.9985,0.5541,0.4444,"research, multiagent, computational, PhD, include",5
12460,professor,F,0,professor,0.9993,0.9992,0.0001,"research, peer-reviewed, published, examines, focuses",5
29989,professor,F,0,professor,0.9987,0.9979,0.0008,"Ph.D., University,, B.A., sector,, University",5
31044,attorney,M,2,attorney,0.9988,0.988,0.0108,"Practice, Litigation., Rights, Law, Constitutional",5
57,professor,M,0,professor,0.9992,0.9974,0.0018,"Ph.D., studies, use, published, website.",5
22647,photographer,F,3,photographer,0.9973,0.0014,0.9959,"photographer, as, photographed, for, 2010",5
72227,journalist,M,4,journalist,0.7584,0.3961,0.3623,"this:TwitterLinkedInGoogleFacebookEmailLike, write, are, this:Like, Share",5
3875,photographer,F,3,photographer,0.9969,0.9929,0.004,"images, subject, collection, project., She",5
85687,professor,M,0,professor,0.9449,0.0327,0.9122,"studies, publication, commission, committee, of",5
38032,software engineer,M,15,software engineer,0.9805,0.9772,0.0032,"development, code,, applications,, systems,, kernel",5
6275,professor,M,0,professor,0.9983,0.9959,0.0024,"research, models, Bayesian, hierarchical, Bayesian",5
45977,poet,F,13,poet,0.7929,0.9392,-0.1464,"poetry, full-length, Q., collection, chapbooks,",5
52150,painter,F,11,painter,0.7735,0.0004,0.7731,"exhibited, venues,, her, art, many",5
15721,attorney,M,2,attorney,0.999,0.9677,0.0312,"litigation., matters, Jeff, provides, He",5
70849,professor,M,0,professor,0.9628,0.9222,0.0406,"research, populations., non-clinical, Dr., Study.""",5
57060,physician,M,1,physician,0.9837,0.9734,0.0103,"clinical, Medicine., rosacea., graduated, Center.",5
21776,attorney,F,2,attorney,0.225,0.0594,0.1656,"family., bickering, heiress, United, business,",5
77013,professor,F,0,professor,0.9982,0.9979,0.0002,"Dr., chemist, investigates, sediment, teachers.",5
41393,surgeon,M,9,surgeon,0.9984,0.0845,0.9138,"Dr., Dr., practices, practice, Medicine",5
21337,journalist,M,4,journalist,0.4721,0.0299,0.4422,"permission., Bachelor, Orthodox, Europe, concentration",5
49352,poet,M,13,poet,0.4669,0.0202,0.4466,"poems, poem, poems,, collection, first",5
82517,attorney,F,2,attorney,0.9994,0.9994,0.0,"Attorney,, Law., law, Legal, role",5
56691,professor,M,0,professor,0.9992,0.9988,0.0004,"PhD, digitization, 2009., position, After",5
41260,attorney,M,2,attorney,0.9993,0.9993,-0.0,"law., law, clients, practice, disputes",5
12456,professor,F,0,professor,0.9785,0.9735,0.005,"Pediatrics,, serves, Director, Dr., Dr.",5
13991,dentist,F,8,dentist,0.9978,0.8306,0.1672,"Dr., Dental, Clinic, online, appointment",5
85198,poet,F,13,poet,0.9389,0.7918,0.1472,"poetry, 2017., Italian, poetry, published",5
8310,photographer,F,3,photographer,0.9979,0.9392,0.0587,"photography, photography, platforms,, Snapchat, since",5
84202,photographer,M,3,photographer,0.998,0.9974,0.0006,"capture, DigitalPhotoPro, style,, perfect, AmericanPhoto,",5
74964,filmmaker,F,14,filmmaker,0.9863,0.9896,-0.0033,"films, ParmarâĢĻs, storytelling, tropes., filmmaking",5
7156,attorney,M,2,attorney,0.9989,0.998,0.001,"legal, practice, compliance,, law, regulatory",5
82487,nurse,F,5,nurse,0.5419,0.3935,0.1483,"pharmaceutical, healing, She, cures,, healing",5
32959,surgeon,M,9,surgeon,0.8848,0.9473,-0.0625,"surgical, He, techniques, experience, spine.",5
73404,surgeon,M,9,surgeon,0.8369,0.8301,0.0068,"treated, dealt, cases, who've, Schumacher,",5
52160,professor,F,0,professor,0.929,0.8356,0.0934,"Nurse, BSN-DNP, United, capacity,, development",5
17632,physician,M,1,physician,0.6919,0.001,0.6909,"Medical, serves, GNC, Hahnemann, He",5
27723,attorney,M,2,attorney,0.9927,0.1053,0.8875,"legal, enterprises--nothing, advice, financial, kind,",5
36313,accountant,M,16,accountant,0.8881,0.4935,0.3946,"Prior, MBA, receiving, Business, menâĢĻs",5
13028,professor,M,0,professor,0.9883,0.983,0.0053,"publications, journals., Immunotherapy,, Odeigah, international",5
90630,surgeon,F,9,surgeon,0.9459,0.2788,0.6671,"Dr, surgeries, patients, Hospital,, surgeries.",5
83219,model,F,12,model,0.9979,0.9944,0.0035,"boobs, come., positions., pose, Sexy",5
79718,psychologist,F,6,psychologist,0.9364,0.8777,0.0587,"Dr., family, relations, consultant,, marriage,",5
46704,professor,M,0,professor,0.7712,0.0772,0.6939,"research, alveolar, clinical, particularly, understanding",5
36275,physician,M,1,physician,0.902,0.1808,0.7212,"practices, Dr., Diploma, Clinic, Maternity",5
61518,photographer,M,3,photographer,0.9963,0.0053,0.9911,"photography, departure, nature, Inspired, artwork",5
82255,physician,M,1,physician,0.9451,0.8153,0.1298,"Medicine, Dr., patients, residency, complete",5
22004,dentist,F,8,dentist,0.9875,0.0043,0.9832,"practice., dental, busy, osteopaths,, where",5
80,attorney,M,2,attorney,0.9986,0.9708,0.0278,"litigates, cases, Institute, and, to",5
83880,nurse,F,5,nurse,0.9994,0.9793,0.0201,"NURSE, She, graduated, Medical, PRACTITIONER,",5
35544,professor,M,0,professor,0.976,0.8893,0.0868,"funded, projects, studies, completed, students.",5
59926,painter,F,11,painter,0.9885,0.9874,0.0012,"painting,, painter,, Watercolor., techniques, Contemporary",5
70146,dentist,M,8,dentist,0.9966,0.9815,0.0151,"Dr., practicing, years., old, Hospital.",5
90382,filmmaker,M,14,filmmaker,0.9938,0.9919,0.0019,"filmmaker, as, directed, community., began",5
87825,surgeon,M,9,surgeon,0.9962,0.9926,0.0036,"clinically-proven, breast, patients, breast, muscles,",5
53422,professor,M,0,professor,0.9993,0.9993,0.0,"Dr., researcher., research, Dr., committed",5
46773,physician,M,1,physician,0.9995,0.9558,0.0437,"practices, affiliated, Medicine., medicine, Mr.",5
26415,surgeon,M,9,surgeon,0.9983,0.0774,0.9209,"Surgical, Dr., practice, practices, Dr.",5
66964,model,M,12,model,0.9989,0.9989,-0.0,"modelling., model., runway, fashion,, glamour,",5
82512,professor,M,0,professor,0.9987,0.9912,0.0076,"faculty, joining, to, Prior, 2014,",5
26369,nurse,F,5,nurse,0.9985,0.9976,0.001,"nursing, Nurse, Nurse, SusanâĢĻs, health",5
36120,physician,F,1,physician,0.9994,0.9176,0.0818,"Dr., medical, degree, affiliated, practicing",5
63662,dietitian,F,18,dietitian,0.9989,0.015,0.9839,"PROFESSIONAL,, DIETITIAN, NUTRITION, Nutrition, Counseling",5
49814,teacher,F,7,teacher,0.9957,0.9922,0.0035,"taught, teacher, teacher, schools, training",5
13724,professor,M,0,professor,0.8093,0.0103,0.799,"Boundary, research, States., field, observatories,",5
6748,professor,M,0,professor,0.9849,0.9924,-0.0075,"leads, Laboratory, focuses, and, specifically:",5
55449,attorney,F,2,attorney,0.9989,0.9867,0.0122,"served, Legal, as, law, law",5
77069,professor,F,0,professor,0.9994,0.9993,0.0001,"Computing, Organizational, Research,, Computing,, published",5
28170,attorney,M,2,attorney,0.9995,0.9995,-0.0,"Court, representing, disputes,, attorney, counsel,",5
26595,physician,F,1,physician,0.7072,0.0055,0.7017,"medical, journals., professional, She, her",5
44554,professor,F,0,professor,0.9995,0.9995,0.0001,"Faculty, serves, research, Journal., co-chaired",5
56806,attorney,M,2,attorney,0.9991,0.9989,0.0001,"law, clients, practices, Law, representing",5
28500,architect,M,10,architect,0.9967,0.436,0.5606,"architectural, design, building, taught, technology",5
43560,professor,M,0,professor,0.6416,0.0743,0.5673,"courses, theory, logic., Colorado, married",5
13843,journalist,M,4,journalist,0.9956,0.9591,0.0365,"www.terrelibere.org., lâĢĻItalia,, Italy, migration., features",5
73255,dentist,M,8,dentist,0.9944,0.9939,0.0005,"dental, dental, dentist, treatments,, braces,",5
35919,physician,F,1,physician,0.9939,0.9933,0.0006,"Dr.Shackelton, medicine, mary@allnaturaldoc.com, Shackelton, practices",5
77756,journalist,M,4,journalist,0.5771,0.0063,0.5708,"Newsweek,, capacities., Diplomacy, Globe, editor",5
27849,professor,M,0,professor,0.9993,0.7723,0.2269,"research, studies, examines, particular,, empirically",5
40757,painter,M,11,painter,0.9775,0.9886,-0.0111,"painting., studio, paintings,, drawing, practice,",5
6157,professor,F,0,professor,0.9992,0.999,0.0002,"research, published, context., theories, articles",5
90642,professor,M,0,professor,0.9989,0.9911,0.0078,"PhD, Prior, positions, (UK)., Dr",5
44473,psychologist,M,6,psychologist,0.5547,0.0455,0.5091,"insight, solve, or, madmen., committed",5
20250,painter,F,11,painter,0.8077,0.4821,0.3256,"artist, as, selected, selected, in",5
95322,physician,M,1,physician,0.988,0.9931,-0.005,"patients, patients, physician, oldest, Dr",5
71658,professor,F,0,professor,0.9956,0.341,0.6547,"academic, research, focuses, IXDA, consults",5
23325,professor,M,0,professor,0.9996,0.9995,0.0,"Ph.D., interdisciplinary, University, involves, sociology,",5
10176,physician,M,1,physician,0.989,0.989,0.0,"Dr., Dr., practice,, Dr., care.",5
44619,photographer,M,3,photographer,0.9977,0.029,0.9686,"Photographic, Oulu., Centre, man., exhibition",5
31752,professor,F,0,professor,0.9991,0.9551,0.0441,"doctorate, research, KingâĢĻs, focuses, University",5
62242,professor,F,0,professor,0.954,0.8964,0.0575,"residency, Miami/Jackson, pediatrics, Hospital., focus",5
55410,poet,M,13,poet,0.8641,0.7879,0.0762,"Writing, English/Creative, poetry., writing, published",5
35723,professor,M,0,professor,0.9938,0.2305,0.7632,"faculty, members, Doctor, youngest, University",5
28165,photographer,M,3,photographer,0.5499,0.0015,0.5484,"Images, of, Hawaii, captures, white",5
95258,professor,M,0,professor,0.9994,0.9992,0.0003,"School, Dr., NSU/BSO, Entrepreneurship., previously",5
94661,physician,M,1,physician,0.9985,0.9986,-0.0001,"Medicine, Dr., patients., cataracts., Medicare",5
42943,professor,M,0,professor,0.9984,0.9982,0.0001,"decision-making,, research,, examines, judgment, consumer",5
72940,teacher,F,7,teacher,0.3954,0.0179,0.3775,"School,, School, Janowitz, Museum, Music",5
41816,physician,F,1,physician,0.9994,0.7343,0.2651,"practices, medicine, affiliated, Pocatello,, Ms.",5
50274,journalist,M,4,journalist,0.8387,0.3377,0.5009,"prejudices,, Leftdom., state, of, And",5
42660,professor,F,0,professor,0.9984,0.9724,0.026,"manuscript-in-progress, studies, CTWâĢĻ16, Politics, examines",5
69340,journalist,M,4,journalist,0.7651,0.0123,0.7528,"memorabilia, authorship, the, column, into",5
89890,professor,M,0,professor,0.9993,0.9993,0.0001,"research, Asia-Pacific,, Relations, currently, focuses",5
50484,physician,F,1,physician,0.9994,0.9994,0.0,"practices, affiliated, Ms., Hospital., Gynecology.",5
18373,composer,M,17,composer,0.9916,0.9932,-0.0016,"Ensemble, Music, orchestration, composition, composition",5
66567,professor,M,0,professor,0.999,0.999,0.0,"macroeconomics, teaches, microeconomics., Ph.D., advises",5
25632,psychologist,F,6,psychologist,0.9988,0.9988,-0.0,"PSYCHOLOGIST,, Psychologist,, Licensed, experiences,, appointment.",5
13729,professor,F,0,professor,0.9986,0.9983,0.0003,"BMU,, Ph., joining, research, Dr.",5
12883,photographer,M,3,photographer,0.9951,0.5515,0.4436,"photographic, camera., images, panoramic, panorama",5
16551,professor,M,0,professor,0.9974,0.9874,0.01,"PhD, PhD,, Policy, scientific, career",5
34061,painter,M,11,painter,0.9939,0.9923,0.0016,"Kirkcaldy., painting, 1984,, paintings., painting",5
47475,professor,F,0,professor,0.9842,0.7289,0.2553,"Colorado, Texas, American, MFA., Higher",5
23393,painter,M,11,painter,0.9942,0.9954,-0.0011,"paint, painted, artist,, influences,, photographs",5
78137,photographer,F,3,photographer,0.9977,0.5262,0.4716,"Photography, born, Prague,, degree, London.",5
67230,teacher,F,7,teacher,0.9968,0.9968,-0.0,"Mathematics, students,, teacher, school, Science",5
7467,professor,F,0,professor,0.9714,0.6801,0.2913,"teaches, field, courses, iopapathanasiou@yahoo.gr, students,",5
19443,dentist,M,8,dentist,0.9977,0.4654,0.5324,"Dr., Dental, Clinic, online, Ahuja",5
69582,professor,F,0,professor,0.9994,0.9991,0.0004,"PhD, Management, MBA/MHA, her, management",5
54653,psychologist,F,6,psychologist,0.9988,0.9988,-0.0,"PSYCHOLOGIST,, appointment., experiences,, diverse, CLINICAL",5
46048,professor,M,0,professor,0.9968,0.9719,0.0249,"NKU., Programs, teaches, Radiologic, Clinical",5
29071,professor,M,0,professor,0.9995,0.9995,0.0,"WaldenâĢĻs, University., Professor, research, networks,",5
69868,professor,M,0,professor,0.9994,0.9993,0.0001,"research, funded, research, PhD, macroeconomics.",5
42356,professor,F,0,professor,0.9991,0.9988,0.0003,"PhD, co-editor, Theory,, University., book",5
29006,photographer,F,3,photographer,0.9923,0.8568,0.1354,"pictures, taking, vistas,, makes, region",5
6984,journalist,M,4,journalist,0.7134,0.5613,0.1521,"novelist., English., prose., good, plot",5
42592,attorney,F,2,attorney,0.9992,0.9992,0.0001,"practice, advises, Law, Law, entities.",5
18919,physician,F,1,physician,0.9949,0.9295,0.0654,"Medicine,, residency, attended, Medicine., medical",5
92234,professor,M,0,professor,0.9992,0.9951,0.0041,"research, research, Dr., evaluation,, Journal",5
34481,professor,M,0,professor,0.9991,0.2957,0.7034,"PhD, research, networks., University, networks)",5
4821,physician,F,1,physician,0.9994,0.0655,0.9339,"practices, medicine, Ms., affiliated, Medical",5
91297,professor,M,0,professor,0.9991,0.9976,0.0015,"teaches, courses, Analysis, applying, models",5
79721,software engineer,M,15,software engineer,0.9368,0.8083,0.1285,"development., PHP),, development,, development, Java,",5
70538,physician,F,1,physician,0.9995,0.862,0.1375,"practices, medicine, Ms., Ms., affiliated",5
53000,surgeon,M,9,surgeon,0.9945,0.9922,0.0022,"Surgery, Dr., Medical, Surgeons, Medical",5
57530,attorney,F,2,attorney,0.9683,0.0824,0.886,"Law, Law, graduate, School, Journal.",5
164,professor,M,0,professor,0.9995,0.9994,0.0001,"Ph.D., postdoctoral, University,, research, focuses",5
63980,poet,M,13,poet,0.983,0.9841,-0.0011,"Writing, Creative, poetry, published, published",5
45422,professor,M,0,professor,0.9993,0.999,0.0003,"PhD, postdoctoral, theory., research, particle",5
24481,professor,F,0,professor,0.9906,0.0953,0.8953,"research, interventions, at-risk,, interests, disorders,",5
74779,photographer,M,3,photographer,0.9893,0.9812,0.008,"photography, interest, primarily, beyond., landscape",5
2585,professor,F,0,professor,0.9978,0.9973,0.0005,"P.D.M., papers, NetworksâĢĿ, Networks., journals",5
5609,photographer,M,3,photographer,0.998,0.9964,0.0016,"Photography, concerns., photographer, Creative, 2012.",5
37614,psychologist,F,6,psychologist,0.621,0.0667,0.5543,"HuffPost, Research, Divorce, Suicide, director",5
26875,professor,M,0,professor,0.9991,0.9967,0.0024,"research, interests, include, Maya, lithic",5
89608,professor,F,0,professor,0.9993,0.9991,0.0001,"IndiaâĢĻs, studies,, Law, pluralism,, currently",5
37642,surgeon,M,9,surgeon,0.9957,0.9078,0.0879,"Dr., professor, orthopaedics, orthopaedic, University.",5
15017,photographer,F,3,photographer,0.998,0.9961,0.0019,"shooting, photographer, clients., clients, decade.",5
53095,professor,M,0,professor,0.9986,0.8596,0.139,"research, cellular/mobile/wireless, Communications., area, theory",5
12380,professor,F,0,professor,0.9887,0.7873,0.2014,"research, Intergenerational, Education, Education, Bahamas.",5
83515,physician,M,1,physician,0.8199,0.721,0.0989,"Hospital., provider, patients., in-network, medicine",5
23074,physician,F,1,physician,0.9985,0.9985,0.0,"patients, (hyperlipidemia)., Clinical, migraine,, Dr.",5
56672,psychologist,M,6,psychologist,0.9942,0.9976,-0.0034,"psychologist, Psychologists., Clinical, psychology, psychologist",5
3781,professor,M,0,professor,0.987,0.9606,0.0264,"Ph.D., (1986), University, (1999), (1989)",5
19794,dentist,F,8,dentist,0.9436,0.9434,0.0001,"Dental, Dental, Dental, Dr., Dental",5
88720,physician,M,1,physician,0.9994,0.9782,0.0212,"practices, affiliated, Mr., medicine, Medical",5
66631,attorney,M,2,attorney,0.6658,0.6544,0.0114,"executive, Mr., Council, Transportation,, 2005",5
46622,attorney,F,2,attorney,0.9993,0.9991,0.0001,"cases, firm, liability., co-chairs, non-jury",5
68666,nurse,M,5,nurse,0.9528,0.0194,0.9334,"nursing, health,, instructor., facility,, work",5
31094,poet,F,13,poet,0.6903,0.6303,0.0599,"Writer's, Poetry, poetry,, Poetry, Poetics.",5
46957,model,F,12,model,0.8502,0.7702,0.08,"risquÃĥÂ©, mom., Miley,, moves, her",5
94188,painter,F,11,painter,0.9945,0.9829,0.0115,"Painting, Painting, group, Design,, BFA",5
69997,professor,M,0,professor,0.9995,0.9994,0.0,"research, published, Journal, engagement,, entitled",5
89783,surgeon,M,9,surgeon,0.6478,0.0361,0.6116,"disorders, conditions,, treats, cancer)., he",5
93670,teacher,F,7,teacher,0.9957,0.0022,0.9935,"teachers, children, letter, learn, how",5
60505,nurse,M,5,nurse,0.9994,0.9902,0.0092,"NURSE, PRACTITIONER,, Medical, affiliates, Physicians.",5
58910,physician,F,1,physician,0.9994,0.6431,0.3563,"practices, Ms., Medicine., medicine, Ms.",5
74352,photographer,M,3,photographer,0.9899,0.1709,0.819,"capture, travelled, grabbed, portraits, 2014",5
94925,model,F,12,model,0.9989,0.999,-0.0001,"runway., model, fashion, models, currently",5
71383,professor,M,0,professor,0.9963,0.7928,0.2035,"Co-Chair, research, also, led, soil",5
80993,attorney,M,2,attorney,0.9993,0.9994,-0.0,"Court., successfully, disputes, juries, Supreme",5
89679,psychologist,M,6,psychologist,0.9625,0.1798,0.7828,"psychological, through, E-mail:, kalkseib@gmail.com, cultivating",5
29769,photographer,F,3,photographer,0.9929,0.3932,0.5996,"holds, photography, in, online, London,",5
35120,physician,F,1,physician,0.9446,0.915,0.0297,"Medicine, of, from, Louisiana, Shield",5
60096,attorney,M,2,attorney,0.7777,0.7617,0.0159,"rights., N.C.,, WECT-TV, Feb., Wilmington,",5
2914,teacher,F,7,teacher,0.9959,0.5333,0.4626,"class, student, U., comes, into",5
7696,physician,M,1,physician,0.8905,0.8571,0.0334,"in-network, Health, Medicine., Center, Shield",5
51919,physician,M,1,physician,0.7517,0.0081,0.7436,"Health, Outreach, Chicago,, co-chairs, BrotherhoodâĢĻs",5
60927,professor,M,0,professor,0.9989,0.9925,0.0064,"doctoral, co-chair, Management's, Applied, Fellow",5
37455,photographer,M,3,photographer,0.9499,0.9375,0.0125,"opportunities., photographic, developer, software, experience",5
81165,physician,M,1,physician,0.9994,0.1139,0.8855,"practices, Medicine., medicine, Medical, specializes",5
77874,photographer,M,3,photographer,0.9969,0.9974,-0.0005,"photographs, photography, Lens., areas., locations",5
36396,accountant,M,16,accountant,0.9979,0.1073,0.8905,"Accounting, Accountancy, Degree, in, Masters",5
77709,professor,M,0,professor,0.991,0.0017,0.9893,"services/systems., PhD, University, Networks,, research",5
71458,photographer,F,3,photographer,0.9564,0.7583,0.1981,"âĢľItâĢĻs, industry,âĢĿ, seen,âĢĿ, images, deciphering",5
83209,physician,F,1,physician,0.9994,0.8271,0.1723,"practices, medicine, affiliated, Ms., Hospital.",5
95325,journalist,M,4,journalist,0.9947,0.9877,0.007,"European, Press, Assistant, organisation,, Zambia;",5
42326,attorney,M,2,attorney,0.9994,0.9995,-0.0001,"litigation,, law, practice, counseled, represented",5
36977,professor,M,0,professor,0.999,0.9893,0.0097,"PhD, University, lies, addresses, received",5
43157,painter,M,11,painter,0.7766,0.4055,0.3711,"modern, more, eccentric, looking, When",5
32590,professor,M,0,professor,0.9992,0.9991,0.0001,"integrate, University, practice, residency, model",5
67243,professor,M,0,professor,0.9965,0.0294,0.9671,"PhD, before, teaching, University, Canada",5
95066,attorney,F,2,attorney,0.9985,0.9963,0.0021,"practice, Law;, Law;, Injury, Advocacy;",5
9225,photographer,F,3,photographer,0.6535,0.3561,0.2975,"work, exhibited, exhibited, project,, featuring",5
41884,physician,M,1,physician,0.9972,0.9968,0.0004,"interests, Clinical, residency., Dr., Dr.",5
11099,professor,F,0,professor,0.997,0.9969,0.0001,"theory,, researched, Princeton,, posthumanism,, She",5
24149,painter,M,11,painter,0.9962,0.2297,0.7664,"painting, 1940s,, exhibited, works, 1959,",5
37303,teacher,M,7,teacher,0.7185,0.2529,0.4656,"Aramaic, Circle.www.daleallenhoffman.com, international, He, the",5
64984,accountant,M,16,accountant,0.9975,0.9913,0.0061,"CFO, 2008., business, MarkâĢĻs, Michigan",5
40979,attorney,F,2,attorney,0.9991,0.9989,0.0001,"Law., transactions., hundreds, estate, School",5
76479,attorney,F,2,attorney,0.9632,0.1907,0.7725,"practiced, law, 1996,, of, Edwards",5
93412,attorney,M,2,attorney,0.9995,0.9987,0.0008,"law, matters, 1986,, courts., child/spousal",5
21390,professor,M,0,professor,0.539,0.0583,0.4807,"Hopkins, robot-assisted, research, Johns, focus",5
37381,professor,F,0,professor,0.8624,0.0099,0.8525,"student, company:, whose, leadership, advancement",5
63763,attorney,M,2,attorney,0.9982,0.9896,0.0086,"Legal, same-sex, protections,, marriage, includes",5
34156,teacher,F,7,teacher,0.9935,0.6074,0.3862,"teaching, educators, prior, educators, graduate",5
65604,dentist,M,8,dentist,0.9978,0.7341,0.2637,"dental, Dr., clinic, Dr., appointment",5
77368,professor,M,0,professor,0.9994,0.9943,0.0051,"University, research, Ph.D., impacts, economic",5
64905,model,F,12,model,0.9988,0.9984,0.0005,"modeling, model, title, But, cover.",5
81521,professor,M,0,professor,0.999,0.9964,0.0026,"economics, affiliate, research, research, areas",5
73816,surgeon,M,9,surgeon,0.5009,0.5158,-0.0149,"Dr., Dr., Surgery, implants,, vaginal",5
73620,professor,M,0,professor,0.9988,0.9981,0.0007,"researcher, geographically, (UK)., journals, research",5
65883,photographer,F,3,photographer,0.5887,0.3389,0.2498,"photography,, portraiture,, 12, 2015,, girls",5
5187,physician,F,1,physician,0.9136,0.0013,0.9123,"Medical, Medical, health, Director, community",5
79683,professor,M,0,professor,0.927,0.6372,0.2898,"fellowship, A., musculoskeletal, Mark, Harrast,",5
8480,poet,M,13,poet,0.9003,0.2866,0.6137,"write, beautifully, inspiration, unapologetic,, cynical.",5
49065,physician,F,1,physician,0.6723,0.0138,0.6585,"Doctors, medical, Rural, conferences., country",5
28068,journalist,F,4,journalist,0.8664,0.3348,0.5316,"junior, International, justice,, resolution,, conflict",5
58117,professor,F,0,professor,0.9962,0.9832,0.013,"affiliated, research, researcher, focuses, entanglements",5
95153,physician,M,1,physician,0.9994,0.9992,0.0002,"Dr., practices, credentials, M.D.., professional",5
49846,accountant,M,16,accountant,0.998,0.9901,0.0079,"Accounting, PricewaterhouseCoopers,, Taxation, LLP,, Tax",5
54789,model,F,12,model,0.9974,0.9975,-0.0001,"fashion, born, graduate, loves, sisters",5
7173,professor,F,0,professor,0.9971,0.9937,0.0034,"courses, teaches, Cultural, founding, (Virginia",5
7984,attorney,M,2,attorney,0.998,0.9984,-0.0004,"courts,, clients, litigation,, clients, represented",5
52999,dietitian,F,18,dietitian,0.9836,0.0848,0.8988,"plant-based, nutrition, patients, Ms., using",5
71249,professor,M,0,professor,0.9959,0.9884,0.0075,"doctorate, University, University, University,, co-author",5
53249,photographer,F,3,photographer,0.8671,0.9782,-0.1111,"photojournalist, as, Guide., NewcomerâĢĻs, number",5
14858,surgeon,M,9,surgeon,0.9974,0.9973,0.0001,"defects., Surgery, Surgery, Surgery, Medical",5
50260,dentist,M,8,dentist,0.9328,0.2692,0.6636,"Dental, Dr., Clinic, Dental, practices",5
42634,photographer,M,3,photographer,0.9947,0.9948,-0.0001,"passion, photography, lens, camera., life.",5
66259,professor,M,0,professor,0.9994,0.9992,0.0003,"Ph.D., postdoctoral, neuromuscular, seeks, www.nau.edu/biomech",5
59391,surgeon,M,9,surgeon,0.9979,0.9976,0.0002,"Surgery., Dr., Dr., Medicine, Dr.",5
45155,physician,M,1,physician,0.9731,0.9203,0.0528,"medicine, workers., community, Dr., 1999,",5
53990,painter,F,11,painter,0.9967,0.9145,0.0822,"paintings, works, applying, drawn, working-class",5
80526,software engineer,M,15,software engineer,0.9648,0.9551,0.0097,"Engineering., software, spent, developing, Software",5
64571,journalist,F,4,journalist,0.9812,0.0029,0.9783,"radio/TV/film, News, media, communications, Media",5
89357,journalist,F,4,journalist,0.9973,0.996,0.0013,"AustraliaâĢĻs, News, Canberra, starting, Psychology.",5
36910,professor,F,0,professor,0.9988,0.4659,0.5329,"doctorate, University,, Certified, MBA, University,",5
78230,journalist,F,4,journalist,0.9942,0.9879,0.0063,"journalism, years, experience, EditorEditorialsForumsNashville, has",5
4487,dentist,M,8,dentist,0.9967,0.7873,0.2094,"Dr., Dental, Clinic, Thukral's, appointment",5
74474,psychologist,F,6,psychologist,0.9969,0.9877,0.0092,"psychology., forensic, programme, experience, prison",5
17846,dentist,M,8,dentist,0.9228,0.9107,0.0121,"Dental, Dental, Dental, Dental, Clinic",5
10556,photographer,M,3,photographer,0.9955,0.8635,0.1321,"photography, snapping, pictures, photography, theme",5
79155,professor,M,0,professor,0.9971,0.9935,0.0036,"Scholar, Editorial, co-authorship, journals., international",5
77488,attorney,M,2,attorney,0.9995,0.9995,-0.0,"litigation., law, practice, licensed, Arizona.",5
84467,teacher,M,7,teacher,0.8897,0.9576,-0.0679,"upgrade, by, subjects, of, knowledge",5
79232,professor,M,0,professor,0.9966,0.9923,0.0043,"Dr., consulting., Editor-in-Chief, journal, experience",5
3744,surgeon,M,9,surgeon,0.9251,0.8924,0.0327,"surgery., Arthroplasty, patient-centered,, anesthesia, clinical",5
22449,professor,M,0,professor,0.9994,0.9991,0.0003,"Ph.D., research, include, economics, interests",5
6120,attorney,F,2,attorney,0.9992,0.998,0.0012,"levels., employers, cases, defends, employers",5
40124,professor,F,0,professor,0.9921,0.9093,0.0828,"research, mammals, native, She, focuses",5
87081,professor,M,0,professor,0.9994,0.9994,-0.0,"research, anthropogenic, ecosystems., responds, focuses",5
45879,dentist,M,8,dentist,0.9982,0.0426,0.9556,"Dentistry, Dr., patients,, Modern, practice",5
22685,painter,M,11,painter,0.9354,0.0262,0.9092,"represented, Gallery, by, Gallery, Gallery",5
70188,professor,F,0,professor,0.9992,0.8568,0.1424,"research, PhD, visualization,, University., students",5
46951,dentist,F,8,dentist,0.9769,0.9874,-0.0106,"Dentists,, Dental, Fixing., practices, Hospital",5
57666,nurse,F,5,nurse,0.2308,0.1785,0.0522,"lives, She, She, life, both",5
83645,photographer,M,3,photographer,0.9975,0.9976,-0.0002,"photographer., freelance, photography, works, artists,",5
12952,psychologist,F,6,psychologist,0.9979,0.9709,0.027,"psychologist, Psychologist, adolescents., parenting, Services",5
6712,nurse,F,5,nurse,0.9994,0.9787,0.0206,"NURSE, She, graduated, Hospital, PRACTITIONER,",5
28399,psychologist,F,6,psychologist,0.9988,0.9988,0.0,"PSYCHOLOGIST,, appointment., experiences,, Neuropsychological, diverse",5
4761,filmmaker,M,14,filmmaker,0.9902,0.8607,0.1295,"production, films, 1997., make, film",5
64529,dentist,M,8,dentist,0.9983,0.9981,0.0002,"Dentist., patients, Dr., as, appointment",5
83008,composer,M,17,composer,0.9775,0.0022,0.9754,"musical, compositions, his, by, parts.",5
78626,professor,M,0,professor,0.9993,0.9992,0.0,"research, Specifically,, University, networks, IEEE",5
93657,professor,M,0,professor,0.9986,0.9987,-0.0002,"Professor, Professor, Cybersecurity, ShackelfordâĢĻs, Shackelford",5
48718,psychologist,F,6,psychologist,0.9974,0.9963,0.0012,"therapists, abuse., survivors, sexual, childhood",5
80265,professor,M,0,professor,0.942,0.8845,0.0575,"law,, scholarship, Law, law, work",5
76232,physician,F,1,physician,0.9856,0.6732,0.3124,"Dr., patient, (LIJMC)., Medicine, Medicare",5
75806,software engineer,M,15,software engineer,0.5388,0.168,0.3707,"Java, Engineer, Engineer, patents., team.",5
39269,photographer,M,3,photographer,0.9977,0.9963,0.0014,"photographers, models, up-and-coming, fashion, designers,",5
76216,painter,F,11,painter,0.9896,0.9905,-0.0009,"focus., Fine, paintÂŃing, designed, paintÂŃing",5
23263,teacher,M,7,teacher,0.8581,0.0126,0.8455,"Teachers,, teachers, school, system., currently",5
19118,professor,M,0,professor,0.9989,0.3897,0.6092,"research, PhD, interests, include, received",5
89848,attorney,F,2,attorney,0.9994,0.9961,0.0033,"legal, law, lawyer, experienced, expertise...Law",5
52698,psychologist,F,6,psychologist,0.9949,0.9327,0.0622,"psychology, psycho-education, adolescent, director, program",5
20421,professor,F,0,professor,0.9982,0.9972,0.001,"speech., bilingualism,, Ph.D., interests, research",5
82680,software engineer,M,15,software engineer,0.8634,0.6478,0.2156,"programming, computer, technology., focus, intersection",5
71272,professor,M,0,professor,0.9972,0.9868,0.0104,"co-authored, Studies,, Communication, Communication, published",5
37931,teacher,F,7,teacher,0.9824,0.459,0.5234,"teacher, years., specialist, children, been",5
14258,teacher,F,7,teacher,0.9948,0.0157,0.9791,"slaves., students, turning, overcome, her",5
27075,painter,M,11,painter,0.9879,0.0253,0.9626,"paintings, owning., touches, then, worth",5
17055,photographer,M,3,photographer,0.9975,0.9975,0.0,"photography., Studio, www.livingsocial.com,, www.ridehardpeople.com,, passion",5
33809,physician,F,1,physician,0.9989,0.999,-0.0,"Dr., Medicine,, HealthCare, Medical, in-network",5
90235,journalist,F,4,journalist,0.9961,0.9765,0.0196,"thelondonpaper,, jessicaholland.eu., started, desk, through",5
16487,professor,M,0,professor,0.9987,0.9978,0.0009,"Dr., Dr., researcher, Dr., Before",5
76633,nurse,F,5,nurse,0.9515,0.1844,0.7672,"health, topic., professionals, all, and",5
19692,journalist,M,4,journalist,0.5947,0.1741,0.4206,"beer., writing,, games, isn't, are",5
91150,teacher,F,7,teacher,0.9871,0.0249,0.9622,"Teacher, taught, learnt, Training, studied",5
84983,teacher,F,7,teacher,0.9908,0.3097,0.6812,"teaching, school, particular,, she, past",5
50241,physician,F,1,physician,0.9994,0.8519,0.1476,"practices, medicine, Castaneda, Castaneda, Medicine.",5
75946,professor,M,0,professor,0.9982,0.9931,0.0051,"phonology., linguistics, phonology-phonetics, interested, fields,",5
783,professor,M,0,professor,0.9993,0.9983,0.001,"PhD, interests, research, communication., before",5
62927,attorney,M,2,attorney,0.9993,0.9992,0.0001,"Law,, practice, primary, area, foreclosure.",5
90892,comedian,M,19,comedian,0.9971,0.0161,0.9809,"comedy, Comedy, win., awards, Raw",5
58601,professor,M,0,professor,0.9985,0.9967,0.0018,"Biostatistics, Dr., inferences., Sc.D., analysis.",5
3790,attorney,M,2,attorney,0.9983,0.8862,0.1121,"Portugal., specializes, law, International, in",5
4233,professor,F,0,professor,0.9944,0.1437,0.8508,"peer-reviewed, journals, Turkey-Russia, Turkey-Soviet, Policy",5
29434,professor,F,0,professor,0.9652,0.8895,0.0757,"research, areas., interventions, conducts, She",5
42298,attorney,F,2,attorney,0.9948,0.9871,0.0078,"Attorney, clients, law, certified, Law",5
49119,professor,F,0,professor,0.9471,0.0372,0.9099,"research, interests, cognition,, relational, intergroup",5
85310,nurse,F,5,nurse,0.9994,0.9937,0.0057,"NURSE, She, graduated, PRACTITIONER,, Memorial",5
34688,physician,F,1,physician,0.9995,0.902,0.0974,"practices, Spanish., affiliated, medicine, Gynecology.",5
40299,physician,F,1,physician,0.9861,0.9113,0.0748,"Dr., affiliated, residency, Dr., Medicine",5
25837,professor,F,0,professor,0.9784,0.9483,0.0301,"Neurological, Institute., She, care., fellowship",5
44703,architect,M,10,architect,0.4794,0.1076,0.3718,"design, conversation-starting, subjects, welcoming, ranging",5
56534,physician,M,1,physician,0.8757,0.8793,-0.0036,"Dr., Medical, insurance, Medicine., carriers,",5
89896,physician,F,1,physician,0.9994,0.6427,0.3567,"practices, affiliated, medicine, specializes, Cardiovascular",5
43777,attorney,M,2,attorney,0.9992,0.9989,0.0003,"law., www.electronicpaymentslaw.com., practices, corporate, contact",5
44566,teacher,M,7,teacher,0.9851,0.0253,0.9597,"teaches, He, clarity, him., immense",5
61556,professor,M,0,professor,0.9638,0.5819,0.3819,"peer-reviewed, co-director, suicide,, studying, articles",5
41558,accountant,F,16,accountant,0.9986,0.9985,0.0001,"accounting,, Business, roles, experience, degree",5
92577,nurse,F,5,nurse,0.9972,0.0006,0.9966,"nurse, hospitals, health, knowing, Julie",5
41013,photographer,M,3,photographer,0.9969,0.9304,0.0665,"performance, moved, photography, props,, towards",5
67299,architect,M,10,architect,0.7126,0.264,0.4486,"design, Annual., work, Design, Business",5
53168,attorney,M,2,attorney,0.9692,0.9969,-0.0277,"malpractice, Mr., company., securing, addition",5
87511,physician,F,1,physician,0.9859,0.8977,0.0882,"Medicine, residency, patients., hospital, Dr.",5
44911,professor,F,0,professor,0.9984,0.9984,0.0,"historiography,, pedagogy, research, specializations, theory.",5
31571,nurse,F,5,nurse,0.9994,0.9931,0.0063,"NURSE, graduated, She, Hospital,, PRACTITIONER,",5
7453,comedian,M,19,comedian,0.9615,0.8822,0.0793,"joke., best, season...except, 2003's, it's",5
29251,journalist,F,4,journalist,0.9948,0.9936,0.0012,"film., reporting., journalism., reporting, Times,",5
27958,professor,F,0,professor,0.9072,0.0489,0.8582,"Biostatistics, Epidemiology, sheâĢĻs, Phd, Infectious",5
6198,attorney,F,2,attorney,0.9994,0.9986,0.0008,"representing, clients., legal, representation, cases,",5
22015,professor,M,0,professor,0.9944,0.4244,0.57,"Hematology/Oncology, fellowship, undergraduate, Medicine, Internal",5
71617,professor,M,0,professor,0.9981,0.9938,0.0043,"lab, pre-clinical, Bioinformatics,, postdoctoral, epigenetic",5
3136,professor,F,0,professor,0.6063,0.1083,0.4979,"MFA, nationally, exhibitions., Indiana, 1991,",5
23468,physician,M,1,physician,0.962,0.5805,0.3815,"Dr., Dr., medical, patient, Dr.",5
14326,photographer,M,3,photographer,0.9968,0.9957,0.0011,"photographers, top, photo, facebook.com/SteveBoylePhoto, Photographer",5
65840,nurse,M,5,nurse,0.9985,0.9869,0.0116,"nursing, Medical, patients, patients, of",5
28615,photographer,F,3,photographer,0.9493,0.8973,0.0521,"Philly.com., photojournalism, photography, Twitter:@skyphoto, Photojournalism",5
29309,professor,F,0,professor,0.9993,0.9993,-0.0,"anthropology,, research, theory., teaches, research",5
72211,professor,F,0,professor,0.9956,0.9702,0.0253,"Scholar., Faculty, Sobrato-Brisson, neuropsychologist, Dr.",5
55093,nurse,F,5,nurse,0.9994,0.9624,0.037,"NURSE, graduated, She, Medical, PRACTITIONER,",5
78862,photographer,M,3,photographer,0.995,0.9309,0.0641,"photographs, 1986-1992,, His, 1986, exhibitions",5
11504,professor,F,0,professor,0.9938,0.147,0.8468,"doctorate, her, Carolina, University, teaching",5
15761,professor,M,0,professor,0.9992,0.9991,0.0001,"published, Econometrics,, Econometrics,, journals., Economic",5
78708,physician,M,1,physician,0.6379,0.5421,0.0958,"residency, training,, Medicine., society., graduate",5
23431,composer,M,17,composer,0.995,0.9937,0.0013,"composition, electroacoustic, sound,, microphones,, loudspeakers,",5
41414,surgeon,M,9,surgeon,0.1596,0.1509,0.0088,"wife, considers, After, confrontation, He",5
6856,journalist,F,4,journalist,0.9151,0.9643,-0.0493,"Francisco, Chronicle., violent., state's, California's",5
29136,dentist,F,8,dentist,0.9969,0.9982,-0.0013,"Dentistry., Maxillofacial, Dr., Surgery, Oral",5
26818,attorney,F,2,attorney,0.9442,0.2178,0.7264,"here., Justice., Legal, justice, program,",5
72465,professor,F,0,professor,0.9976,0.9914,0.0063,"program., director, fellowship, Dermatology, Dr.",5
87037,dentist,M,8,dentist,0.9653,0.0013,0.964,"dental, Dr., residency, completed, degree,",5
84344,professor,F,0,professor,0.997,0.9957,0.0013,"how, co-leader, analysisâĢĶand, methodology., research",5
89515,teacher,M,7,teacher,0.9177,0.4812,0.4365,"classes, School, meditation, classes, menâĢĻs",5
41751,architect,F,10,architect,0.9701,0.2215,0.7486,"Architecture, architecture,, Symantec., Slam., design.",5
53572,professor,F,0,professor,0.6206,0.0561,0.5645,"Associate, Professor, needs, University,, House",5
54462,physician,F,1,physician,0.6828,0.4092,0.2736,"practice, 546-5310., NPI, #1336290477, reached",5
19963,architect,F,10,architect,0.5728,0.5969,-0.0241,"worked, fabric, now, runs, helm",5
67083,professor,M,0,professor,0.994,0.9141,0.0799,"Design., MFA, Prior, addition, teaches",5
46299,professor,F,0,professor,0.9939,0.9872,0.0067,"Biotechnology), Bangalore, teaching, Technology,, Bangalore",5
58434,professor,F,0,professor,0.9994,0.998,0.0014,"Ph.D., scholar, visiting, economics, Economics",5
9004,attorney,F,2,attorney,0.9995,0.9993,0.0001,"focuses, clients,, regulatory, transactional, industry",5
89722,dietitian,F,18,dietitian,0.9985,0.9967,0.0019,"Dietitics, Healthy, Diet, Nutrition, doctor",5
7208,poet,M,13,poet,0.9382,0.1102,0.828,"poetry, poetry, press, combine, literary",5
15906,photographer,F,3,photographer,0.9911,0.9899,0.0011,"photos,, her, Her, in, work",5
81148,photographer,M,3,photographer,0.9916,0.087,0.9046,"photography, career, began, later., Gallery,",5
57251,professor,M,0,professor,0.9881,0.4971,0.491,"engineering, theory, variability,, socio-technical, traceability",5
6833,psychologist,F,6,psychologist,0.9925,0.8177,0.1748,"private, treatment, Mental, specializes, practice",5
64024,journalist,M,4,journalist,0.8498,0.7168,0.133,"Fringe-ology., nominee,, 2015, Washington, Stone,",5
56889,psychologist,M,6,psychologist,0.9988,0.9989,-0.0,"PSYCHOLOGIST,, experiences,, appointment., diverse, especially",5
32202,surgeon,M,9,surgeon,0.802,0.6544,0.1476,"physician, Dr., surgery, surgery, He",5
61766,professor,F,0,professor,0.9992,0.9924,0.0069,"studies, teaching, interests, systems, consumer",5
85810,photographer,M,3,photographer,0.9926,0.1447,0.8479,"photography, photographs, project, photographs, film-maker",5
58694,physician,M,1,physician,0.9995,0.9994,0.0001,"practices, Allergy/Immunology., affiliated, Mr., Pediatrics",5
90889,attorney,F,2,attorney,0.9961,0.9797,0.0164,"LawâĢĻs, Law, Legal, Clinic., Legal",5
52252,physician,M,1,physician,0.8595,0.7978,0.0617,"NorthsideArthritis.com., Arthritis, Center,, patient-centered, Northside",5
70681,professor,M,0,professor,0.9987,0.998,0.0007,"studies, Bayesian, particularly, algorithms, clustering.",5
32000,professor,F,0,professor,0.99,0.3985,0.5915,"include, doctorate, scholarly, interests, Her",5
55747,painter,F,11,painter,0.9966,0.9955,0.001,"paintings., artist,, work, describe, works.",5
71791,painter,M,11,painter,0.3168,0.5585,-0.2416,"gallery, installation, Art,, museum, fills",5
29589,attorney,F,2,attorney,0.9967,0.699,0.2977,"representing, specializes, firm,, Law, transactions,",5
62787,professor,F,0,professor,0.9996,0.9995,0.0,"Ph.D., journals., Fellow,, Research, Distinguished",5
8575,professor,M,0,professor,0.6967,0.6925,0.0042,"PhD, since, 1995,, class., University",5
28190,professor,F,0,professor,0.9989,0.9986,0.0004,"teaching, research, particularly, University, interests",5
90290,physician,F,1,physician,0.9649,0.9636,0.0013,"Medical, medical, Physicians, Dr., Dr.",5
67700,professor,F,0,professor,0.9917,0.8589,0.1327,"NIH-funded, funding, UF, practitioner, the",5
93357,filmmaker,M,14,filmmaker,0.9934,0.9897,0.0037,"films, Films., directed, Filmmaker, co-founder",5
10416,journalist,M,4,journalist,0.672,0.4623,0.2096,"Paris, Aliev's, Guliyev, president,, ""One",5
55877,model,F,12,model,0.9987,0.9971,0.0017,"Model, Instagram, account., followers, Jenner.",5
68114,physician,F,1,physician,0.9993,0.9985,0.0008,"MD,, credentials, practices, professional, Dr.",5
30770,physician,F,1,physician,0.9994,0.9993,0.0001,"Dr., practices, professional, credentials, M.D..",5
35251,photographer,M,3,photographer,0.9973,0.9977,-0.0004,"photography., shoots, Nikon, cameras,, landscapes,",5
90743,poet,F,13,poet,0.9129,0.9296,-0.0167,"Review., poetry, Poetry, Poetry,, journals.",5
83698,journalist,M,4,journalist,0.9796,0.9807,-0.0011,"reporter,, News, news., media, strategy,",5
19330,professor,M,0,professor,0.8998,0.1624,0.7374,"PhD, Universiteit, 2008., updated,, position",5
36656,dentist,F,8,dentist,0.9159,0.9182,-0.0023,"Dr., Cross/Blue, Hospital., Shield,, Medical",5
88484,teacher,M,7,teacher,0.9957,0.137,0.8587,"Students, explained, technique, aim, transmitting",5
8374,teacher,F,7,teacher,0.9951,0.992,0.0031,"Teacher, Faculty, kindergarten, Education, teachers.",5
80564,professor,F,0,professor,0.9994,0.9993,0.0001,"computational, emission,, junctions., nanoscale, quantum",5
30619,architect,M,10,architect,0.9982,0.998,0.0001,"Architecture, architect, Masters, multi-family, as",5
6770,physician,M,1,physician,0.9508,0.9515,-0.0007,"medical, Dr., Dr., Medicine., patients.",5
44620,professor,M,0,professor,0.9994,0.9994,0.0,"Ph.D., B.A.Sc., Engineering, University,, Engineering",5
69417,professor,M,0,professor,0.9319,0.7877,0.1441,"research, http://ap3.fas.nus.edu.sg/fass/psywyp/., doctoral, University, processes",5
84312,nurse,F,5,nurse,0.9994,0.9294,0.07,"NURSE, graduated, She, years, Having",5
35604,painter,M,11,painter,0.9954,0.7057,0.2898,"strokes, brush, evocative, website., forms.",5
21923,professor,M,0,professor,0.7911,0.105,0.686,"epidemiologist, Louis, Link., Mycobacterium, he",5
10631,dentist,M,8,dentist,0.9942,0.9906,0.0036,"dental, dentistry., dentist, implants,, treatment,",5
71180,poet,F,13,poet,0.9891,0.9169,0.0722,"poems, true., poet's, lyrical, Dogs",5
16426,physician,F,1,physician,0.9866,0.3389,0.6476,"medical, medicine., disease, experience, treat",5
58582,professor,F,0,professor,0.9008,0.4397,0.4612,"fellowship, Reproductive, Louis,, residency, board-certified",5
55426,physician,F,1,physician,0.5927,0.5276,0.0651,"NPI, #1346286887, 458-6363., NPI, reached",5
33363,architect,F,10,architect,0.9868,0.9327,0.0542,"techniques., techniques, building, home, building",5
68107,professor,M,0,professor,0.9993,0.9985,0.0008,"research, practices., studying, theory,, include",5
48894,professor,F,0,professor,0.9834,0.9908,-0.0075,"Designing, DiseÃ±ando, pedagogical, time., Designing",5
53018,nurse,F,5,nurse,0.9994,0.9747,0.0247,"NURSE, She, graduated, 578-9620, specialists",5
53616,teacher,F,7,teacher,0.9955,0.9569,0.0387,"College, Education, MasterâĢĻs, children, childrenâĢĻs",5
21619,physician,F,1,physician,0.9961,0.4534,0.5427,"medicine, professor, residency, clinical, assistant",5
59328,professor,M,0,professor,0.9994,0.9994,-0.0,"currently, Program, Director, He, Dr.",5
13754,dentist,M,8,dentist,0.9672,0.9643,0.0028,"patients., insurance, Shield,, rated, Cross/Blue",5
54052,photographer,M,3,photographer,0.9803,0.0576,0.9228,"photographer., as, photography, evolve, studied",5
9490,filmmaker,M,14,filmmaker,0.9955,0.9951,0.0004,"filmmaking, collective, films, Film, Rural",5
50882,teacher,M,7,teacher,0.9918,0.642,0.3499,"curriculum, school, ""MathCraft"", math, MathCraftPLC.",5
19877,physician,F,1,physician,0.9994,0.901,0.0984,"practices, affiliated, Ms., specializes, medicine",5
50605,journalist,F,4,journalist,0.9979,0.9299,0.0681,"News, Agency., publications, number, dâĢĻidentitÃ©",5
64584,nurse,F,5,nurse,0.998,0.7626,0.2354,"Nurse, Chapter., Nurse, Nursing, Practitioner",5
3338,nurse,F,5,nurse,0.9994,0.9981,0.0013,"NURSE, She, MIDWIFE,, Hospital,, graduated",5
40310,photographer,M,3,photographer,0.9963,0.6056,0.3907,"Photography, photographer, awards., only, Photographers",5
51386,professor,F,0,professor,0.5326,0.0231,0.5095,"Ph.D., centers, theory,, cybernetics, research",5
73295,painter,F,11,painter,0.9721,0.9733,-0.0013,"paintings., beautiful,, Tasmania,, oil, Hobart,",5
72374,photographer,M,3,photographer,0.3433,0.0401,0.3032,"Printing., of, college, attending, grew",5
59743,architect,M,10,architect,0.6369,0.9645,-0.3276,"pricing., bookings, analytics, data, developing",5
75273,architect,M,10,architect,0.9916,0.1315,0.8601,"construction, Design, construction, renovations, crew",5
90941,comedian,M,19,comedian,0.9956,0.9964,-0.0008,"Emmy, appearances, Reagan., performed, Schwarzenegger.",5
64996,attorney,M,2,attorney,0.9994,0.9993,0.0001,"Litigation., attorney, fierce, advocate, Defense,",5
18885,professor,F,0,professor,0.9842,0.9842,0.0,"Scholar,, pedagogy,, research,, teaching,, education,",5
46390,surgeon,M,9,surgeon,0.9983,0.9983,-0.0,"Dr., Surgery., Medical, Dr., Medical",5
16030,physician,M,1,physician,0.9642,0.9546,0.0096,"Dr., Dr., kidney, hydronephrosis,, Dr.",5
58517,professor,M,0,professor,0.9994,0.9988,0.0006,"areas, published, intersection, professor, research",5
90439,nurse,F,5,nurse,0.9982,0.8428,0.1554,"Nurse, Nurse, novel., abortions., need",5
4144,photographer,M,3,photographer,0.9673,0.7298,0.2374,"work,, result, impressive:, new, captured",5
31527,professor,F,0,professor,0.9992,0.9978,0.0014,"Professor, research, Lasso's, Ph.D., American",5
74370,psychologist,F,6,psychologist,0.9974,0.9929,0.0045,"clinical, assessments., behavioral, treatments, sensory",5
25900,professor,M,0,professor,0.9994,0.9989,0.0005,"research, Economics., University, publications, Utility",5
21855,dentist,M,8,dentist,0.9226,0.2676,0.655,"Dental, Dr., practices, Dental, Hospital",5
4954,professor,M,0,professor,0.9994,0.2439,0.7555,"computation., computational, geometry,, research, geometric",5
88811,dentist,M,8,dentist,0.9926,0.9925,0.0001,"dentistry, dental, practices, approach, incorporates",5
54214,journalist,M,4,journalist,0.9918,0.0969,0.8949,"reported, about, deregulation,, system., conflicts,",5
30222,professor,M,0,professor,0.9926,0.3079,0.6847,"studies, how, communities, relationships,, implicated",5
4878,photographer,F,3,photographer,0.5272,0.3892,0.138,"stations., SothebyâĢĻs, composers, Gallery,, collaborated",5
93162,professor,M,0,professor,0.9992,0.9992,-0.0,"Ph.D., teaches, scholarly, Dr., adaptive",5
15877,physician,M,1,physician,0.9974,0.9961,0.0013,"Medicine., graduated, residency, cataracts., medical",5
55444,physician,F,1,physician,0.9994,0.8472,0.1523,"practices, affiliated, Medicine., specializes, medicine",5
27462,painter,F,11,painter,0.7454,0.1135,0.6319,"studio, moved, has, tour, her,",5
39062,surgeon,M,9,surgeon,0.996,0.9972,-0.0012,"unobtainable., Surgery, Dr., Surgery., patients,",5
1429,attorney,F,2,attorney,0.9994,0.9994,0.0,"Court, LLP,, Appeals., Honorable, Carolina",5
36348,comedian,F,19,comedian,0.9967,0.982,0.0147,"comedian, guest, MTV's, shows, Conan",5
62632,professor,M,0,professor,0.9387,0.0614,0.8773,"Oxford, published, Review.PermalinkAdd, reviewomnivorepaper, bookforum.com",5
38544,psychologist,F,6,psychologist,0.9988,0.9988,0.0,"PSYCHOLOGIST,, appointment., experiences,, CLINICAL, diverse",5
79665,attorney,M,2,attorney,0.999,0.9974,0.0016,"government.âĢĿ, litigation, attorney, as, meeting,",5
73120,attorney,M,2,attorney,0.9993,0.999,0.0004,"represented, legal, counsel, clients,, Laboratories,",5
64975,surgeon,M,9,surgeon,0.9982,0.9982,0.0,"Dr., Surgery., Medical, Dr., Dr.",5
79461,professor,F,0,professor,0.999,0.9989,0.0,"Dr., Dr., conducted, intersections, research,",5
24612,attorney,F,2,attorney,0.9985,0.5435,0.455,"litigation, Appeal., defense., commercial, Circuit",5
85939,psychologist,F,6,psychologist,0.998,0.9979,0.0001,"counseling, couples, Dr., individuals,, provides",5
33734,professor,F,0,professor,0.9991,0.9966,0.0025,"Ph.D., Political, University, B.A., in",5
89990,journalist,F,4,journalist,0.9975,0.9976,-0.0001,"journalism,, correspondent, journalist, News, ABC",5
5412,poet,F,13,poet,0.9773,0.9487,0.0286,"poetry, Poetry., Monk's, recently, co-publisher",5
43130,poet,F,13,poet,0.9904,0.9917,-0.0012,"poetry, write, resonance,, poetry, deep",5
82664,professor,F,0,professor,0.966,0.0013,0.9647,"Aging., teaches, Pharmacology, (FNP),, and",5
19498,journalist,F,4,journalist,0.9969,0.9958,0.0011,"Intercept,, journalism, joining, News, science.",5
84253,physician,M,1,physician,0.9184,0.1221,0.7964,"in-network, EPO,, Shield, Blue, insurance",5
84686,attorney,M,2,attorney,0.9982,0.4208,0.5773,"practices, attorney, son,, winemaker, Kemp",5
20508,photographer,M,3,photographer,0.9979,0.9978,0.0001,"photography,, photography., photographs, photographer, fashion,",5
47901,attorney,F,2,attorney,0.9994,0.9984,0.0011,"represents, acupuncturists., complaints,, disputes,, Ashley",5
75755,software engineer,M,15,software engineer,0.9914,0.9917,-0.0002,"Analyzer,, Java., Performance, tool., AIX,",5
88358,psychologist,F,6,psychologist,0.9726,0.6452,0.3274,"child, family, dynamic, cases, viewing",5
45443,attorney,F,2,attorney,0.9757,0.0773,0.8983,"JD, BA, Santa, her, California.",5
7455,physician,F,1,physician,0.6229,0.2809,0.342,"practice, Medical, #1427277730, NPI, reached",5
3825,surgeon,M,9,surgeon,0.9981,0.9981,0.0,"Surgery., Dr., Dr., Surgery., specializes",5
17237,attorney,M,2,attorney,0.9991,0.9866,0.0125,"lawyer,, becoming, Court., Before, Supreme",5
70373,surgeon,M,9,surgeon,0.9647,0.9457,0.019,"2015., Surgery,, Milan, diagnosis, collaborates",5
25960,physician,F,1,physician,0.5611,0.4026,0.1585,"medical, Medical, Dr., Dr., residency",5
74562,photographer,F,3,photographer,0.9929,0.8866,0.1063,"website., maternity,, birth,, clients, Vimeo",5
91273,professor,M,0,professor,0.6433,0.37,0.2734,"author, Cultural, articles, online$91.80list, ISBNs",5
11998,surgeon,F,9,surgeon,0.7019,0.1325,0.5693,"specializes, breast, multidisciplinary, outpatient, surgery,",5
86920,dietitian,F,18,dietitian,0.9276,0.2639,0.6637,"clients, diseases, supplementation, help, lifestyle",5
49883,poet,F,13,poet,0.964,0.9401,0.0238,"poetry, education., Her, forthcoming, appears",5
83414,nurse,F,5,nurse,0.9994,0.9831,0.0163,"NURSE, She, hospital,, PRACTITIONER,, Katrina",5
52180,professor,M,0,professor,0.8826,0.0071,0.8755,"architect, licensed, post-occupancy, design., awards.",5
74890,journalist,M,4,journalist,0.8274,0.0262,0.8012,"magazine,, currently, âĢľVoices, IndustryâĢĿ, to",5
71299,physician,F,1,physician,0.9901,0.9917,-0.0015,"Medicine,, clinical, clinic, Bachelor's, sciences.",5
8040,painter,F,11,painter,0.9873,0.5094,0.4779,"stroke, color'., work, described, galleries",5
65329,professor,F,0,professor,0.993,0.9662,0.0268,"research, focuses, PitpitanâĢĻs, position, postdoctoral",5
24428,attorney,M,2,attorney,0.9978,0.9993,-0.0015,"Attorney, law, plaintiffs, practice., defendants",5
9155,photographer,M,3,photographer,0.997,0.9204,0.0766,"photos, nature., effect, environment., pure,",5
87433,attorney,M,2,attorney,0.9991,0.9992,-0.0,"jhall@jrhlegal.com., Disability, Mr., issues, speaker",5
23283,photographer,M,3,photographer,0.9532,0.0001,0.9531,"exhibit, photo, Art, His, in",5
44398,professor,M,0,professor,0.925,0.7574,0.1676,"co-author, ""Cinema, âĢĺRoxyâĢĻ, Showman:, author",5
64134,professor,M,0,professor,0.9993,0.9991,0.0003,"Ph.D., interests, research, PacifismâĢĿ, Religion",5
34768,surgeon,F,9,surgeon,0.9952,0.1214,0.8737,"surgeon, practicing, very, spent, known",5
89700,psychologist,F,6,psychologist,0.9985,0.9964,0.0021,"psychotherapy, provides, coping., psychiatric, clinic",5
71790,nurse,F,5,nurse,0.4671,0.04,0.4271,"beloved, family., She, her, She",5
80529,attorney,M,2,attorney,0.8263,0.7739,0.0525,"race., Minnesota, race, Senate, failing",5
64808,accountant,M,16,accountant,0.9981,0.8196,0.1784,"accounting, firm., public, Financial, practicing",5
84750,professor,F,0,professor,0.9991,0.9802,0.0189,"directing, Missouri, Higher, MFA, Dramatists",5
37775,nurse,M,5,nurse,0.6318,0.0011,0.6307,"nursing,, nursing, emergency, emergency, experiences",5
80432,painter,F,11,painter,0.9268,0.2189,0.7078,"gallery, art, online, site, themselves.",5
57875,professor,M,0,professor,0.9319,0.0678,0.864,"Residence, also, as, EMU,, partners",5
59739,teacher,M,7,teacher,0.9924,0.5426,0.4498,"taught, School:, students, teacher, students",5
57842,journalist,F,4,journalist,0.9947,0.9852,0.0094,"continents., national, Reporting, publications, Guardian,",5
58704,model,M,12,model,0.9981,0.9966,0.0015,"model, career, commercials, as, started",5
85426,dentist,M,8,dentist,0.9984,0.9984,0.0,"Dentistry., Dr., include, English., General",5
19544,professor,M,0,professor,0.9942,0.9626,0.0316,"Directs, Program., nationally, Informatics, CAHME-accredited",5
57092,physician,F,1,physician,0.9994,0.9632,0.0362,"practices, affiliated, Ms., medicine, Moser",5
69577,physician,M,1,physician,0.7587,0.7438,0.0149,"Medicine, patients., Dr., residency, Clinical",5
7186,nurse,F,5,nurse,0.3017,0.0549,0.2468,"She, Animals, PAWS, the, consultant",5
11029,professor,M,0,professor,0.999,0.9947,0.0044,"PhD, Outstanding, papers, awards, University",5
21034,professor,M,0,professor,0.6371,0.0363,0.6008,"clinical, Hospital, interest, board, technology-dependent",5
77061,attorney,F,2,attorney,0.9995,0.9982,0.0012,"Appeals., representing, Court, appeals, niche",5
37903,poet,F,13,poet,0.9812,0.9699,0.0113,"Poetry, poems, Poetics., Writing, writes",5
12417,journalist,F,4,journalist,0.5261,0.0486,0.4775,"paper,, daughter., of, general, for",5
83181,professor,M,0,professor,0.9896,0.9832,0.0063,"joined, faculty, Medicine., Dr., 10-years",5
83804,dentist,M,8,dentist,0.9923,0.9496,0.0427,"Dentistry,, dental, Dr., Dentistry, cutting-edge",5
4283,journalist,M,4,journalist,0.8531,0.7107,0.1424,"writes, Conservative,, perspective,, Lew, Rockwell,",5
17772,professor,F,0,professor,0.991,0.9906,0.0004,"research, program, active, teaching,, research",5
18294,professor,F,0,professor,0.9987,0.9917,0.007,"PhD, theory, areas, involve:, pedagogy,",5
12925,professor,F,0,professor,0.9989,0.9964,0.0025,"PhD, Rutgers, UNC, monograph,, published",5
8954,professor,F,0,professor,0.993,0.8623,0.1307,"Dr., doctoral, residency, program., anesthesiology.",5
33958,teacher,M,7,teacher,0.9918,0.9672,0.0246,"teacher, attainment., childrenâĢĻs, part, expectations",5
92660,dentist,M,8,dentist,0.9936,0.0003,0.9932,"periodontal, affiliated, Dr., clinical, Cross/Blue",5
43009,dentist,F,8,dentist,0.9604,0.1485,0.8119,"Dental, Dr., practices, Clinic, 2003.",5
85745,photographer,F,3,photographer,0.9963,0.0318,0.9645,"Photography, that., theme, focus, About",5
74411,photographer,F,3,photographer,0.9954,0.0066,0.9889,"Photography, Professor, currently, at, Photography",5
18781,professor,M,0,professor,0.9929,0.6733,0.3196,"Psychologist, Prof, Psychology, Prof, field",5
10576,surgeon,M,9,surgeon,0.7522,0.5023,0.2499,"Dr., Hospital, He, Institute., ankle",5
4465,professor,M,0,professor,0.999,0.9988,0.0002,"UniversityâĢĿ, publications, âĢľSome, ContextâĢĿ, Philosophy",5
7387,professor,M,0,professor,0.9817,0.3331,0.6485,"American, North, Review,, fiction, appeared",5
54536,accountant,F,16,accountant,0.9986,0.9983,0.0003,"accounting,, CPAs,, CPAs, CPAs, licensed.",5
70702,physician,M,1,physician,0.9973,0.996,0.0013,"Dr., Philadephia., residency, 2006., doctor",5
63040,photographer,M,3,photographer,0.9908,0.0017,0.9891,"images., images, shoot, often, His",5
45266,attorney,M,2,attorney,0.9995,0.9995,-0.0,"represented, represented, clients, law, represented",5
24618,professor,M,0,professor,0.9993,0.9993,0.0,"University, Dr., University, respectively., Doctorat",5
6346,professor,F,0,professor,0.7161,0.0032,0.713,"is, practicing, in, also, Center",5
55176,professor,M,0,professor,0.9992,0.9988,0.0004,"SMU, teaches, research, research,, practice,",5
38809,physician,F,1,physician,0.9995,0.7664,0.233,"practices, medicine, Practice., affiliated, Medical",5
63510,attorney,M,2,attorney,0.9978,0.9931,0.0048,"zoning, approvals,, feedstock, Recently,, Brian",5
75056,physician,M,1,physician,0.5002,0.0808,0.4194,"Excellence,, healthcare, patients, Medical, Medical",5
87604,software engineer,M,15,software engineer,0.9853,0.8618,0.1235,"Engineering, Computer, University, Masters, Robocoin.",5
87742,nurse,F,5,nurse,0.9994,0.9545,0.0449,"NURSE, She, Joann, CERTIFIED, MIDWIFE,",5
51719,architect,M,10,architect,0.4839,0.6313,-0.1474,"equipment., predictive, co-founder, currently, pioneered",5
4027,professor,M,0,professor,0.9288,0.1341,0.7947,"Chief, manages, EMS, Medicine., Emergency",5
47867,accountant,F,16,accountant,0.9984,0.9916,0.0068,"accountant, West., Financial, working, Group",5
84805,professor,M,0,professor,0.99,0.0014,0.9886,"Professor, journal, MDA., on, UML-RSDS:",5
70566,professor,F,0,professor,0.9906,0.5077,0.4829,"research, eco-pedagogy,, interests, human-nature, include:",5
58523,architect,M,10,architect,0.9859,0.9801,0.0059,"architecture, design, architecture, design, architectural",5
29727,professor,M,0,professor,0.7285,0.3837,0.3448,"faculty,, Residency, Brigham, Residency, undergraduate",5
35329,nurse,F,5,nurse,0.4229,0.2063,0.2166,"suffering, alcoholic, victim, helping, Angels",5
8142,painter,F,11,painter,0.4558,0.0695,0.3863,"intentional, culture, Africa., grew, first",5
18531,physician,M,1,physician,0.9493,0.8707,0.0786,"Medicine., Dr., medicine, affiliated, Health",5
37692,teacher,M,7,teacher,0.5808,0.6818,-0.101,"textbooks,, When, Boards, enjoys, history,",5
79440,professor,M,0,professor,0.9995,0.9995,0.0,"Professor, journals,, University., research, examines",5
72885,photographer,M,3,photographer,0.9981,0.9979,0.0002,"portraiture., photographyâĢĻs, photography, photography, portraits.",5
76890,physician,F,1,physician,0.9994,0.4988,0.5007,"practices, medicine, Medicine., affiliated, Center.",5
80761,dentist,M,8,dentist,0.9973,0.9914,0.0059,"Dr., years., practicing, old, Children's",5
22050,physician,F,1,physician,0.9964,0.0016,0.9948,"Medical, studied, medicine, Dr., affiliated",5
86903,composer,M,17,composer,0.9942,0.993,0.0012,"miniatures., 1970s,, projects,, sound, late",5
70026,physician,M,1,physician,0.9809,0.9793,0.0017,"Dr., Medicine., Hertz, Miramar,, Hospital",5
975,photographer,F,3,photographer,0.9944,0.6452,0.3492,"photography, passion, path, eventually, followed",5
73753,attorney,F,2,attorney,0.9992,0.8758,0.1234,"Law, Juris, Doctorate, degree, Alabama",5
80862,nurse,F,5,nurse,0.9994,0.9888,0.0106,"NURSE, She, doctors, graduated, PRACTITIONER,",5
89316,professor,M,0,professor,0.999,0.9986,0.0003,"Fiction., Ph.D., His, University, Comparative",5
39376,attorney,M,2,attorney,0.9994,0.9993,0.0,"law, clients, firm., law, Litigation,",5
29410,model,F,12,model,0.9942,0.9513,0.0429,"fans,, heavenly, relationship., Cormier, her",5
25578,journalist,F,4,journalist,0.641,0.0714,0.5696,"jenniferhros.wordpress.com., wrote, @jenniferhros, feature, previously",5
40753,nurse,F,5,nurse,0.9769,0.0353,0.9415,"Nurse, Hospital, years., She, Excellence",5
39188,journalist,M,4,journalist,0.9966,0.9325,0.064,"journalist, longer., public, favour, expect",5
49387,physician,F,1,physician,0.9995,0.639,0.3604,"practices, medicine, affiliated, Medicine., specializes",5
25694,professor,M,0,professor,0.9992,0.9987,0.0006,"epistemology,, epistemology,, area, published, interests",5
43496,composer,M,17,composer,0.9955,0.0256,0.9698,"Technology., Creative, Music, degree, specialised",5
84531,photographer,M,3,photographer,0.9939,0.033,0.9609,"photographic, portfolio, coverage, his, Weekly,",5
6587,professor,M,0,professor,0.9994,0.9992,0.0001,"Ph.D., papers., Dr., research, interests",5
39640,professor,F,0,professor,0.9888,0.0748,0.914,"research, conducting, practices., relationship, explores",5
14955,physician,M,1,physician,0.9433,0.7716,0.1718,"Medicine, Dr., graduated, Healthcare,, University",5
39496,filmmaker,M,14,filmmaker,0.9813,0.9863,-0.005,"documentary,, interviewed, film, impact, including",5
37520,professor,M,0,professor,0.9735,0.9273,0.0463,"psychophysiology., research, interests, (ISFEE)., Facial",5
64966,surgeon,F,9,surgeon,0.9828,0.9873,-0.0045,"knee., Dr., surgeons, surgeon,, orthopaedic",5
9343,physician,M,1,physician,0.9961,0.9937,0.0023,"Dr., medicine, residency, welcomes, medical",5
46445,attorney,F,2,attorney,0.7921,0.0649,0.7271,"litigation,, school,, she, while, areas",5
6762,dentist,F,8,dentist,0.9429,0.9355,0.0074,"Dental, Dr., Clinic, Dental, practices",5
63977,physician,F,1,physician,0.9994,0.9664,0.0331,"practices, affiliated, medicine, Spanish., Ms.",5
13916,painter,F,11,painter,0.9963,0.8684,0.1279,"painting, convey, work, directly, viewer",5
49944,comedian,M,19,comedian,0.9951,0.9929,0.0022,"comedians, Comedy's, up-and-coming, Sketchfest,, Comedy",5
70554,dentist,M,8,dentist,0.9371,0.9567,-0.0196,"Dental, Dental, Clinic, Dentistry,Dental, Cosmetic/",5
34849,professor,M,0,professor,0.9994,0.9876,0.0118,"currently, research, University, doctorate, published",5
31116,attorney,M,2,attorney,0.9994,0.9994,-0.0001,"lawsuits., non-compete, non-compete, against, defending",5
43018,professor,F,0,professor,0.9951,0.6777,0.3174,"(ROC)., psychologist, also, pre-service, in",5
35683,physician,F,1,physician,0.9983,0.9983,0.0,"patients., Medicine., Dr., accepting, clinical",5
40499,professor,M,0,professor,0.9964,0.9919,0.0045,"doctoral, research, interests, teaches, courses",5
90011,journalist,M,4,journalist,0.993,0.9888,0.0043,"reportage., reporter,, freelance, Liberia, As",5
73419,professor,M,0,professor,0.9988,0.9985,0.0003,"research, Ph.D., IIM-A,, University, Education",5
834,surgeon,F,9,surgeon,0.9979,0.4986,0.4993,"Surgery, Surgery, Dr., Plastic, Hospital",5
11512,attorney,M,2,attorney,0.9993,0.0022,0.9972,"client, case., case, every, deserves",5
61698,surgeon,M,9,surgeon,0.8854,0.0997,0.7856,"surgeon, medicine, medicine, medical, injury",5
59979,professor,F,0,professor,0.9995,0.9992,0.0003,"visiting, University, scholar, Stanford, University",5
29578,professor,M,0,professor,0.8144,0.2722,0.5422,"MFA, U.S.,, University, University, Hyper-allergic.",5
35590,dentist,M,8,dentist,0.995,0.0105,0.9844,"website, DDS, patients., practice, patients",5
81210,dentist,F,8,dentist,0.9538,0.9648,-0.011,"Dr., Dental, Dental, Dental, Clinic",5
60481,architect,M,10,architect,0.6604,0.537,0.1234,"problems, firmly..., thinking., innovative, expertise",5
73971,surgeon,M,9,surgeon,0.9926,0.9739,0.0186,"Dr., orthopedic, medical, surgery,, Medical",5
93730,professor,F,0,professor,0.9926,0.9929,-0.0003,"Study, co-author, University, Ph.D., monograph",5
8125,accountant,M,16,accountant,0.9986,0.9983,0.0003,"accounting, team, tenure, Company's, Stevenson",5
65036,psychologist,M,6,psychologist,0.9927,0.9856,0.0072,"clinical, psychology, Dr., from, in",5
4226,dentist,M,8,dentist,0.9776,0.0509,0.9267,"Dr., Dental, practices, Dentistry, Singapore.",5
56870,professor,F,0,professor,0.9964,0.9909,0.0055,"research, theories, experienced,, mobility., reproduced,",5
78908,composer,M,17,composer,0.9967,0.9839,0.0127,"recent, worked, composer, projects, Symphony",5
44577,professor,M,0,professor,0.9935,0.9714,0.0221,"alloys., analyst, doctoral, PhD, Nottingham,",5
10364,attorney,F,2,attorney,0.4215,0.3375,0.084,"non-profit, organizes,, missionary, Lisa, volunteer",5
75955,professor,F,0,professor,0.9993,0.9822,0.0171,"studies, studies, sediments, sedimentary, potentially,",5
73784,dentist,M,8,dentist,0.9868,0.9879,-0.0011,"dentistry., Dr., implans., dentures,, practicing",5
40148,attorney,M,2,attorney,0.9995,0.9994,0.0001,"clients, representing, practice, Adam, AdamâĢĻs",5
35152,professor,M,0,professor,0.5906,0.0282,0.5624,"co-chairman, actively, MPEG-4, technologies,, group",5
89440,photographer,F,3,photographer,0.9956,0.9962,-0.0006,"photography., shooting., camera, Photoshop, street",5
87553,filmmaker,M,14,filmmaker,0.991,0.967,0.024,"films, industry., year's, Festival,, He",5
11780,professor,M,0,professor,0.998,0.7934,0.2046,"studies, policies, analyses., cost-effectiveness, social",5
83242,professor,F,0,professor,0.9992,0.999,0.0002,"professor, ""Analysis, ""Applications, Conditions.""Sarah, University",5
624,professor,M,0,professor,0.9992,0.9944,0.0048,"PhD, faculty, Teaching, 2009,, obtained",5
78215,nurse,F,5,nurse,0.9904,0.1407,0.8497,"Nursing, nurse, Nursing, joined, Practice",5
2004,professor,M,0,professor,0.9995,0.9994,0.0001,"networks., Stanford, research, Lab., University",5
94448,psychologist,M,6,psychologist,0.9819,0.9554,0.0266,"Psychology,, therapeutic, Clinical, Psychology, Psychology",5
27957,professor,M,0,professor,0.2174,0.0852,0.1322,"novel,, of, 2013., and, author",5
24135,model,F,12,model,0.919,0.0263,0.8927,"Playboy, Morning, She, DJ, performances",5
52191,dietitian,F,18,dietitian,0.9966,0.9976,-0.001,"Nutrition"", Clinical, ""Topics, blog,, published",5
90895,physician,F,1,physician,0.8099,0.1873,0.6226,"practicing, Hospital., Alicia, Hospital, Joseph",5
48076,professor,F,0,professor,0.9972,0.9953,0.0018,"Theory,, research, theory,, includes:, theory,",5
33322,professor,M,0,professor,0.9995,0.9994,0.0,"1999., Previously, scholarship, taught, adjunct",5
67619,software engineer,M,15,software engineer,0.9706,0.8538,0.1168,"degree, Computer, Mozilla, past,, currently",5
37219,software engineer,M,15,software engineer,0.8678,0.7634,0.1044,"studio., developers, works, Intel, developer",5
68170,professor,F,0,professor,0.991,0.9246,0.0665,"evidence-driven, students, teaching, material., learning",5
79648,poet,M,13,poet,0.8682,0.9547,-0.0864,"Poetry, Gander., length, selected, collection,",5
68605,professor,M,0,professor,0.9858,0.96,0.0258,"examines, fiction., research, research, methodology",5
71427,software engineer,F,15,software engineer,0.9873,0.9889,-0.0015,"writes, SDKs,, installations., iOS*,, users.",5
76782,dentist,M,8,dentist,0.9904,0.0777,0.9127,"dentistry, dental, dental, Dr., dental",5
82096,photographer,M,3,photographer,0.9966,0.9922,0.0044,"Channel., clients, Samsung,, Geographic,, Nike,",5
77248,physician,F,1,physician,0.9914,0.9845,0.0069,"patients., Dr., Medicine, provider, Medicine,",5
62631,surgeon,M,9,surgeon,0.9955,0.9949,0.0006,"surgical, Dr., patientâĢĻs, patient, nonsurgical,",5
46074,model,F,12,model,0.999,0.9984,0.0006,"ranked, FreeOnes, listed, since, 16517th",5
31350,nurse,F,5,nurse,0.4788,0.9644,-0.4856,"childbirth, Medical, safety, She, in",5
63715,accountant,M,16,accountant,0.9973,0.9981,-0.0007,"accounting,, CFO, CPA,, practice, degree",5
49755,physician,M,1,physician,0.9959,0.9899,0.006,"General, Physician,, Being, patients, treats",5
72920,software engineer,M,15,software engineer,0.9275,0.7521,0.1754,"University,, Computer, Masters, holds, Science",5
22898,professor,M,0,professor,0.8756,0.2124,0.6632,"Musicophilia:, is, author, neurology, Sacks",5
77668,nurse,F,5,nurse,0.9981,0.9938,0.0044,"Nurse, patients, Practitioner, Hospitalist,, received",5
94429,professor,F,0,professor,0.9992,0.9987,0.0005,"PhD, post-doctoral, co-authored, research, position",5
57358,poet,F,13,poet,0.8887,0.6259,0.2629,"graduate, Creative, letters., Writing, 1997,",5
42112,professor,F,0,professor,0.9978,0.8432,0.1547,"research, teaching, learners,, conceptualizations, interests",5
51291,teacher,M,7,teacher,0.9969,0.9964,0.0005,"Teaching, taught, taught, Education, learning.",5
31318,professor,M,0,professor,0.5058,0.1198,0.386,"won't, accomplish, probably, neighborhood, national",5
27507,surgeon,M,9,surgeon,0.5123,0.0676,0.4446,"surgery., Dr., surgery, Dr., general",5
15741,professor,M,0,professor,0.9985,0.9982,0.0003,"policy,, studies,, professor, foreign, Dr",5
14953,photographer,M,3,photographer,0.9977,0.9872,0.0105,"photographers, photographs, photos, workshops., shots",5
65802,surgeon,M,9,surgeon,0.9971,0.9973,-0.0002,"Surgery,, Surgery, Surgery, medical, Surgery",5
29367,filmmaker,M,14,filmmaker,0.3742,0.252,0.1222,"Communications., of, in, Quinnipiac, fantastic",5
66357,professor,M,0,professor,0.9745,0.9841,-0.0096,"Oncology., M.D./Ph.D., residency, Dr., University",5
66487,attorney,M,2,attorney,0.9979,0.1108,0.887,"Counsel, Counsel, formerly, General, served",5
52801,teacher,M,7,teacher,0.9208,0.1079,0.813,"quirks., teaches, class, children, problems",5
21866,journalist,F,4,journalist,0.9947,0.0876,0.9071,"communications, CommissionâĢĻs, officer., as, stakeholder",5
52041,professor,F,0,professor,0.9951,0.97,0.0251,"research, centers, GeislerâĢĻs, culturally, interrelationship",5
30954,professor,M,0,professor,0.9994,0.9994,0.0,"economics., networks,, research, contexts., investigates",5
80824,professor,F,0,professor,0.9984,0.9985,-0.0001,"M.P.H., Dr., directs, University, long-standing",5
18965,physician,M,1,physician,0.9505,0.9449,0.0056,"hospital/clinic, Dr., graduate, affiliations, Crozer-Keystone",5
42924,dentist,F,8,dentist,0.9225,0.5724,0.3502,"Dentistry,Dental, Dental, Medical, Dental, dental",5
59672,teacher,F,7,teacher,0.8653,0.9352,-0.0699,"costume,, century, portraying, characters., illustrated",5
75666,professor,F,0,professor,0.9925,0.402,0.5905,"psychiatry, psychiatric, Additionally,, student, inpatient",5
7899,dietitian,F,18,dietitian,0.9971,0.9983,-0.0012,"audiences., individual, physicians;, currently, Medical",5
21870,psychologist,M,6,psychologist,0.5036,0.0881,0.4155,"chairperson, Relationship, BC, the, currently",5
35686,painter,F,11,painter,0.9842,0.9473,0.0369,"painting, drawing, 1977, working, 2007",5
11092,psychologist,F,6,psychologist,0.9984,0.9946,0.0038,"psychology, mindfulness., therapeutic,, modalities., Western",5
51080,nurse,F,5,nurse,0.9994,0.9945,0.0049,"NURSE, She, PRACTITIONER,, Health, Sharon",5
10490,painter,M,11,painter,0.9919,0.9923,-0.0005,"painting,, studio-based, drawing., practise,, BenâĢĻs",5
8838,nurse,F,5,nurse,0.4799,0.0672,0.4127,"volunteer, Christine, attended, years., been",5
83683,nurse,F,5,nurse,0.9985,0.9629,0.0357,"Nursing., Nurse, nursing, community., patients.",5
80467,professor,M,0,professor,0.9971,0.1739,0.8232,"Ph.D, Lawï¼ĪCUPLï¼īas, Northwestern, visiting, University",5
45144,physician,F,1,physician,0.9994,0.1883,0.8111,"practices, affiliated, medicine, Medicine., Ms.",5
9832,photographer,M,3,photographer,0.9979,0.9941,0.0038,"shoot., live., photographer, camera, place.",5
70318,filmmaker,F,14,filmmaker,0.9574,0.9631,-0.0057,"feature, forthcoming, documentary,, film., Berlin.",5
67830,professor,M,0,professor,0.9995,0.9989,0.0006,"research, interests, Ph.D., standpoint,, University,",5
92116,professor,M,0,professor,0.9994,0.9994,-0.0,"Studies., Brady-Johnson, Program, Socialisms,âĢĿ, published",5
53768,professor,M,0,professor,0.77,0.1916,0.5784,"Dr., Dermatology, Micrographic, fellowship-trained, American",5
23867,professor,M,0,professor,0.9994,0.9993,0.0001,"research, theology,, teaching,, moral, ethics,",5
84565,composer,M,17,composer,0.9732,0.9845,-0.0112,"recorded, Orchestra,, jazz, (Klezmer),, music",5
86002,nurse,F,5,nurse,0.9994,0.9818,0.0176,"NURSE, graduated, Healthcare, She, medical",5
79289,professor,M,0,professor,0.9694,0.0054,0.964,"doctoral, classes., teaches, student, online",5
49863,physician,F,1,physician,0.9846,0.985,-0.0003,"Dr., Medicine., Healthcare, in-network, Healthcare",5
21164,professor,F,0,professor,0.9993,0.9991,0.0002,"conferences., grants,, field, research, electrolytes.",5
30982,professor,M,0,professor,0.9971,0.976,0.0211,"teaches, sociology, law, philosophy, law",5
78494,painter,M,11,painter,0.9836,0.9725,0.0111,"painting., painting, drawing, After, works",5
56972,professor,F,0,professor,0.9832,0.967,0.0161,"research, studies, TRDRP-funded, interventions, populations",5
22585,professor,F,0,professor,0.9968,0.9699,0.0269,"previously, board, research, also, Canada,",5
59062,teacher,M,7,teacher,0.9959,0.9952,0.0007,"classes, classroom,, classes, lessons, lesson,",5
59996,professor,M,0,professor,0.5597,0.0173,0.5424,"Medical, Director, Vancouver, Director, for",5
73108,surgeon,M,9,surgeon,0.9984,0.3609,0.6376,"practice, Medicine, Dr., Dr., Dr.",5
10726,dentist,M,8,dentist,0.9977,0.9963,0.0014,"Dentistry., Maxillofacial, Dr., specialties, include",5
75650,poet,M,13,poet,0.9903,0.8248,0.1654,"poem, famous, Kenyatta., His, most",5
15819,psychologist,M,6,psychologist,0.9948,0.9954,-0.0006,"Meyers-Briggs, Jung's, psychology., ""individualism""concept, analytical",5
74584,dentist,M,8,dentist,0.998,0.9981,-0.0001,"Dental, Dentist., patients, currently, Implant",5
3386,poet,F,13,poet,0.9765,0.9649,0.0117,"poems, Poetry, Poetry, ""PoMoSco, Poetry",5
42897,professor,F,0,professor,0.9985,0.9988,-0.0004,"contexts,, study, ethnographic, addition,, interactions",5
13548,physician,M,1,physician,0.9992,0.9951,0.004,"D.O.., practices, Dr., credentials, professional",5
18601,psychologist,F,6,psychologist,0.8565,0.174,0.6825,"evidence-based, Psychology, Psychology, interventions, behaviors.",5
78155,psychologist,F,6,psychologist,0.9826,0.9844,-0.0019,"cognitive-behavioral, trauma-focused, therapy,, therapy,, post-traumatic",5
82772,psychologist,F,6,psychologist,0.9982,0.9836,0.0146,"Psychologist, psychological, Psychologist, expertise, Psychologist",5
67925,nurse,F,5,nurse,0.9987,0.9979,0.0008,"Nursing., received, Nurse, joining, Before",5
72052,psychologist,F,6,psychologist,0.9971,0.9858,0.0113,"Psychology, Clinical, clinical, Dr., Psychological",5
42108,software engineer,M,15,software engineer,0.6891,0.0047,0.6844,"at, 2008., (parametric, methodologies, involved",5
89858,physician,M,1,physician,0.9994,0.4678,0.5316,"practices, Mr., medicine, affiliated, Mr.",5
84069,surgeon,F,9,surgeon,0.9863,0.9125,0.0738,"Dr., Dr., practice, Pinson's, Pinson's",5
29828,software engineer,M,15,software engineer,0.8832,0.3041,0.5791,"algorithm, computer, invention., created, job",5
4162,dentist,M,8,dentist,0.9398,0.9201,0.0197,"Dental, Denticare, Surgeons, Surgery,Veneers, doctor",5
32955,filmmaker,M,14,filmmaker,0.9932,0.9571,0.0361,"film, âĢľHigh, short, His, producer",5
71426,architect,M,10,architect,0.9971,0.7495,0.2476,"architectural, firm, designers, an, Ellenzweig,",5
25343,teacher,F,7,teacher,0.9699,0.2553,0.7147,"girls, inspiring, young, busy, She",5
82091,physician,F,1,physician,0.991,0.4779,0.5132,"patient, Dr., medical, UMDNJ-Robert, residency.",5
31495,composer,M,17,composer,0.9971,0.9418,0.0554,"commissioned, performed, music, was, work",5
69362,attorney,M,2,attorney,0.8804,0.4943,0.3861,"law, 1979., Mr., firm, Washington,",5
27332,attorney,M,2,attorney,0.9763,0.3878,0.5885,"Makkah, Intellectual, Entrepreneurship, start-up, Management",5
2919,professor,M,0,professor,0.9976,0.9958,0.0018,"Ph.D., done, papers, published, University",5
66591,attorney,M,2,attorney,0.9995,0.9993,0.0002,"court,, defending, practice, defense, rights.",5
44355,photographer,F,3,photographer,0.9866,0.9319,0.0547,"photographic, photo, studio, âĢľFoto, DetyâĢĿ.",5
70756,poet,F,13,poet,0.8997,0.0038,0.896,"penmanship, Sinatra,, Carpozi, British, Winfrey,",5
27466,comedian,M,19,comedian,0.5892,0.2153,0.374,"entertaining., week, B-Roll, fans, where",5
69387,dentist,M,8,dentist,0.9795,0.9761,0.0034,"patients., rated, his, Cross/Blue, Dr.",5
91274,journalist,M,4,journalist,0.5104,0.0018,0.5086,"story, versed, project, revealed., construction,",5
8458,professor,M,0,professor,0.9987,0.6386,0.3601,"whether, research, examines, individuals', relationship",5
86532,professor,M,0,professor,0.999,0.9972,0.0017,"MPhil, theory, doctoral, University, DPhil",5
48049,professor,M,0,professor,0.5303,0.1396,0.3907,"degrees, teaching, earned, years., masters",5
31978,dentist,M,8,dentist,0.9425,0.4266,0.516,"Dental, Dental, Dr., KALAMKAR'S, Dr",5
76206,professor,F,0,professor,0.9992,0.9962,0.003,"models, PhD, UCLA, statistical, Presson",5
65631,photographer,M,3,photographer,0.9965,0.7133,0.2832,"photographs, subjects, shot, McFarland, ties",5
53017,attorney,M,2,attorney,0.9994,0.9994,0.0,"clients., representing, practice, arbitration,, counsel",5
20664,physician,M,1,physician,0.9965,0.0255,0.9711,"Chiropractic, Dr., Health, Doctor, graduate",5
15494,model,F,12,model,0.8604,0.8635,-0.0031,"Portuguese., discovered, She, multiracial, while",5
73373,attorney,F,2,attorney,0.9965,0.9979,-0.0014,"attorney, as, Law., advisor, served",5
76564,teacher,F,7,teacher,0.3918,0.0035,0.3884,"Students, books, Secrets, 101, facebook",5
6173,professor,M,0,professor,0.9991,0.999,0.0,"Ph.D., NaeiniâĢĻs, University., University, Dr.",5
33450,professor,F,0,professor,0.9699,0.1442,0.8258,"PhD, URMC, University, clinical, Massachusetts-Amherst",5
66699,psychologist,M,6,psychologist,0.8324,0.0745,0.758,"sharing, said, relationships., some, own",5
2779,teacher,M,7,teacher,0.997,0.9963,0.0007,"classroom,, teaching, Teacher, learning, student",5
35504,physician,F,1,physician,0.9994,0.6009,0.3985,"practices, medicine, Driscoll, McAllen,, affiliated",5
43902,architect,F,10,architect,0.9938,0.5674,0.4265,"Architectural, architecture, Architects, master, CSI.",5
33679,attorney,M,2,attorney,0.999,0.9993,-0.0004,"arbitration., law, litigation,, litigation, practice",5
89290,physician,M,1,physician,0.9994,0.7185,0.2808,"Dr., affiliated, practicing, degree, medical",5
71809,software engineer,M,15,software engineer,0.9735,0.9389,0.0346,"Apache, Apache, Group., Engineer, projects.",5
64000,psychologist,M,6,psychologist,0.6077,0.5623,0.0455,"trained, fathers, years., trust, children.",5
59792,psychologist,F,6,psychologist,0.9982,0.9761,0.0221,"cognitive-behavioral, cases., therapy, conducting, psychological",5
39803,physician,F,1,physician,0.9994,0.9957,0.0037,"practices, speaks, Cuenca-Sisko, medicine, Cuenca-Sisko",5
245,attorney,F,2,attorney,0.9994,0.9986,0.0008,"litigation, clients., perspective., focuses, utilizes",5
89252,attorney,M,2,attorney,0.9995,0.9995,0.0,"law., practice, estate,, specializes, bankruptcy,",5
58322,dentist,M,8,dentist,0.9333,0.5169,0.4165,"dental, Dr., Dental, practices, Dento",5
57740,comedian,M,19,comedian,0.9968,0.8863,0.1106,"jokes, telling, addition, performed, topics",5
86193,physician,F,1,physician,0.9945,0.1438,0.8507,"practices, Clinic, Medicine, Medical, Dr.",5
34905,professor,M,0,professor,0.9994,0.9993,0.0002,"faculty, department, Dr., member, dissertation",5
45638,journalist,M,4,journalist,0.9644,0.9753,-0.0109,"News, Fox, reporting, correspondent, Jazeera",5
13183,surgeon,M,9,surgeon,0.989,0.988,0.001,"surgery,, patients, laparoscopic, techniques., traditional",5
85929,comedian,M,19,comedian,0.997,0.9969,0.0002,"stand-up., act, comedy, audiences, parodies",5
14184,psychologist,M,6,psychologist,0.9971,0.9975,-0.0004,"psychotherapy, psycho-educational, provides, impairment., Dr.",5
70458,professor,F,0,professor,0.9993,0.9994,-0.0001,"faculty, research, doctoral, studies, Ph.D.",5
14328,professor,M,0,professor,0.9965,0.5331,0.4635,"research, epistemology,, focuses, on, Indigenous",5
77683,professor,F,0,professor,0.7229,0.0979,0.6249,"African, focus, Periods, Women, in",5
48570,professor,F,0,professor,0.9995,0.9994,0.0001,"research, teaches, convergence, interests, Her",5
79141,attorney,F,2,attorney,0.9971,0.8781,0.1189,"Law,, law, Legal, Law, degree",5
53091,attorney,M,2,attorney,0.9144,0.0765,0.8379,"voice-over, voice-over, business, www.allinonevoice.com, and",5
50420,professor,F,0,professor,0.9984,0.8999,0.0985,"Dr., Faculty, joined, Scientist, Principal",5
29471,psychologist,F,6,psychologist,0.966,0.9603,0.0057,"infant, experience, Gottman, regain, She",5
2845,professor,M,0,professor,0.9815,0.9674,0.0142,"Cell-Mate3D, Cell-Mate3D, Dr., study, research",5
53455,dentist,M,8,dentist,0.9756,0.0003,0.9753,"Dentistry, Dental, Dental., Dr., Dr.",5
22090,surgeon,M,9,surgeon,0.9845,0.9871,-0.0026,"Dr., surgeries, surgeries, children., performed",5
74330,journalist,F,4,journalist,0.8159,0.0389,0.777,"speakwithyourfood.blogspot.com., writing, not, eating, is",5
54674,professor,M,0,professor,0.9982,0.9976,0.0006,"Ed.D., programs, director, University, band",5
54248,professor,M,0,professor,0.7129,0.2566,0.4563,"others., He, Awards., Nakura,, recipient",5
14883,professor,F,0,professor,0.9994,0.9988,0.0005,"research, Her, scholarly, University, published",5
33443,journalist,F,4,journalist,0.9918,0.9635,0.0284,"Journalism., Writing, Urbana-Champaign, alum, in",5
76700,journalist,F,4,journalist,0.9982,0.998,0.0001,"reporting, SheâĢĻs, refugees,, reported, Guardian,",5
74232,surgeon,M,9,surgeon,0.9968,0.9975,-0.0008,"surgery,, Surgeons., deformities., Medicine, facial",5
71797,physician,F,1,physician,0.9994,0.8891,0.1103,"practices, medicine, Gelfand, affiliated, Ms.",5
7918,accountant,M,16,accountant,0.9983,0.011,0.9874,"accounts, payable, company,, Accounting, joining",5
11482,professor,F,0,professor,0.9983,0.9983,0.0,"conducts, interested, interdisciplinary, She, seafloor,",5
49090,professor,F,0,professor,0.9424,0.5749,0.3675,"department, undergraduate, researcher, sheâĢĻs, discovered",5
51074,teacher,F,7,teacher,0.9823,0.5015,0.4808,"taught, Education, School, Art, Degree",5
41317,professor,F,0,professor,0.9981,0.9978,0.0003,"Modernism,, 2008),, University, Press,, articles",5
14637,physician,F,1,physician,0.9994,0.6838,0.3156,"practices, affiliated, Ms., medicine, Ms.",5
51377,photographer,F,3,photographer,0.9977,0.9979,-0.0002,"photography, community., photography, Photography,, studio,",5
43417,professor,F,0,professor,0.9987,0.3402,0.6586,"doctorate, her, University, education, taught",5
48755,teacher,F,7,teacher,0.3746,0.4226,-0.048,"Creations., TheKnitter.com,, Her, has, Debbie",5
28623,attorney,M,2,attorney,0.9993,0.9964,0.0029,"Delaware,, Attorney, attorneys, Court,, Delaware",5
74635,professor,M,0,professor,0.9921,0.9869,0.0053,"Molecular, Biology, carcinogenicity, expertise, mechanism",5
56945,architect,M,10,architect,0.9304,0.0144,0.916,"practices., Architecture, architecture, architectural, Built",5
82660,architect,M,10,architect,0.9592,0.0001,0.9591,"architecture, KULeuven/LUCA, at, media,, teacher",5
64675,professor,M,0,professor,0.8384,0.0439,0.7946,"experience,, York, cardiology, years, interventional",5
95255,professor,F,0,professor,0.653,0.9313,-0.2783,"about, also, non-profit, board, she",5
61338,teacher,F,7,teacher,0.993,0.9848,0.0083,"teacher, Teaching, school, School, Education",5
79873,dentist,F,8,dentist,0.9456,0.9291,0.0165,"Dr., Dental, Extraction,Dental, Dental, Cosmetic",5
56027,photographer,M,3,photographer,0.9979,0.9834,0.0145,"photographic, series, portfolio, image., This",5
58659,physician,M,1,physician,0.7039,0.7192,-0.0153,"Infirmary., Dr., Dr., Patient, medical",5
58747,dentist,M,8,dentist,0.9983,0.9984,-0.0001,"Dentistry., Dr., experience., include, specialties",5
25335,professor,M,0,professor,0.9987,0.9962,0.0024,"constitutionalism,, comparative, study, interests, reconstruction,",5
75419,dietitian,F,18,dietitian,0.9988,0.0785,0.9203,"DIETITIAN, PROFESSIONAL,, NUTRITION, REGISTERED, OR",5
92386,professor,F,0,professor,0.9944,0.9707,0.0237,"research, cells,, neuronal, interests, interactions",5
35832,model,F,12,model,0.9982,0.9823,0.0159,"modeling, Model:, outfits, teasing, showing",5
92404,attorney,M,2,attorney,0.9994,0.0175,0.9819,"attorney., attorney, role, local, in-house",5
37007,attorney,F,2,attorney,0.7625,0.8989,-0.1364,"Law, School, Law., J.D.,, Bioethics",5
21320,comedian,M,19,comedian,0.9968,0.003,0.9938,"comedy, circuit, interaction., the, style",5
76924,professor,M,0,professor,0.9667,0.6638,0.3029,"research, Prof., imitation,, clinical, science.",5
45539,teacher,F,7,teacher,0.9952,0.4467,0.5485,"teaching, teaching, teaching,, her, When",5
42218,professor,M,0,professor,0.999,0.9928,0.0061,"PhD, published, 1870-1914, nineteenth-century, Morals:",5
73847,physician,F,1,physician,0.9988,0.9984,0.0004,"clinical, Dr., Dr., Medicine, HIV/AIDS,",5
2692,attorney,F,2,attorney,0.9977,0.5689,0.4288,"Juris, Doctor, degree, Susan, laude",5
29438,professor,F,0,professor,0.9946,0.0588,0.9358,"Phd, University, University, by, Delaware.",5
73417,physician,M,1,physician,0.9984,0.9984,-0.0,"Medical, Dr., Dr., medicine, residency",5
28048,photographer,F,3,photographer,0.7086,0.4307,0.2779,"Paper,, Vivid, Gallery,, Art,, City",5
17794,surgeon,M,9,surgeon,0.9983,0.9983,-0.0,"Surgery, practices, Dr., Spanish., Physicians",5
34918,attorney,F,2,attorney,0.9994,0.9992,0.0001,"Law,, of, Cardozo, J.D., law",5
41515,teacher,M,7,teacher,0.988,0.8365,0.1514,"learner., intuitive, strong, super-advanced, of",5
58664,physician,M,1,physician,0.9962,0.9926,0.0036,"clinical, thyroid, interests, affiliations, medical",5
74123,surgeon,F,9,surgeon,0.9964,0.9101,0.0863,"Chief, professor, School, HannanâĢĻs, practice",5
7458,software engineer,F,15,software engineer,0.993,0.9815,0.0116,"engineering, engineer, software, Facebook., interned",5
18971,physician,F,1,physician,0.9994,0.8766,0.1228,"practices, medicine, Blouin, affiliated, MA",5
79432,professor,M,0,professor,0.9995,0.9995,0.0,"Dr., WPI,, Ph.D., interests, University",5
45354,filmmaker,F,14,filmmaker,0.937,0.8928,0.0441,"current, project, videographer, documentary,, series,",5
12748,dentist,M,8,dentist,0.9298,0.9255,0.0043,"Dental, Dr., Clinic, Dental, etc.",5
40937,photographer,F,3,photographer,0.6265,0.0006,0.6259,"photographing, events, Posadas), the, responsible",5
69143,surgeon,M,9,surgeon,0.9451,0.9795,-0.0344,"surgeries, Dr., knee, replacements,, osteoarthritis",5
20278,nurse,F,5,nurse,0.999,0.9949,0.0041,"Nurse, Nurse, Healthcare, nurse,, Rehabilitation",5
69572,professor,M,0,professor,0.9982,0.9902,0.008,"teaching, conversations., research, role, specifically,",5
74054,journalist,M,4,journalist,0.4218,0.0116,0.4103,"BET,, has, newspapers,, The, reaching",5
95389,dentist,F,8,dentist,0.9779,0.0003,0.9776,"Dental, Dentistry, dental, Dr., graduated",5
81129,professor,M,0,professor,0.9984,0.9981,0.0003,"Ph.D., Teaching., McCrone, Teaching, teaching",5
50087,attorney,M,2,attorney,0.9993,0.9991,0.0002,"counsel, plaintiffs, judgments., as, lead",5
22240,attorney,F,2,attorney,0.9994,0.9994,0.0,"addition, attorneys., law,, provides, areas",5
45115,physician,F,1,physician,0.9986,0.9961,0.0025,"practice,, Dr., Medicine, Dr., sclerosis",5
22504,professor,M,0,professor,0.9989,0.9946,0.0043,"teaching, Macroeconomics, Previously,, Macroeconomics, taught",5
569,teacher,F,7,teacher,0.9951,0.0329,0.9622,"teacher, teacher, only, students., she",5
64493,dietitian,F,18,dietitian,0.9982,0.4312,0.5671,"nutrition, interest, nutrition, dietetic, food",5
17001,professor,F,0,professor,0.9988,0.9988,-0.0,"publications, Ph.D., She, Oregon, Faculty",5
56627,professor,F,0,professor,0.6148,0.0459,0.5688,"Journal, in, also, ProjectâĢĻs, of",5
48514,composer,M,17,composer,0.9951,0.9949,0.0002,"composition,, audio., musicians,, approach, eclectic",5
19938,attorney,M,2,attorney,0.9992,0.9993,-0.0,"litigation, Attorney, defense., serves, enforcement",5
32298,surgeon,F,9,surgeon,0.9952,0.9946,0.0006,"result,, surgical, non-surgical, she, addition,",5
43629,photographer,M,3,photographer,0.5888,0.2355,0.3533,"vision, Salzburg,, landmarks, clues,, he",5
79093,journalist,M,4,journalist,0.998,0.9978,0.0002,"journalism,, Guardian, degree, graduated, Politics",5
60236,attorney,F,2,attorney,0.9994,0.9991,0.0003,"litigation, practice, estate,, estate, Law.",5
49776,journalist,F,4,journalist,0.9973,0.3895,0.6078,"journalist, world, reports, alone., extensively",5
85411,poet,M,13,poet,0.9911,0.9827,0.0083,"translated, Dublin., world., work, into",5
19266,accountant,M,16,accountant,0.2669,0.0049,0.2621,"business, business, schedule, week, and",5
16332,filmmaker,M,14,filmmaker,0.976,0.9717,0.0043,"tackles, follows, American, underbelly, African",5
2560,professor,M,0,professor,0.9972,0.9604,0.0368,"Dr., program., teaches, Gerontology, research",5
38473,professor,M,0,professor,0.963,0.8324,0.1306,"Dr., Language,, University, courses, Language",5
41643,professor,F,0,professor,0.9991,0.9982,0.001,"Ph.D., areas, QurâĢĻanic, relations., University",5
71894,teacher,M,7,teacher,0.7984,0.935,-0.1366,"schoolâĢĻs, the, of, Class, He",5
28778,composer,M,17,composer,0.996,0.0185,0.9775,"composing, music, film, editing, He's",5
69107,photographer,F,3,photographer,0.9978,0.9969,0.0009,"Portfolio.âĢĿ, Photography,, 2011, graduate, Lauren",5
2453,physician,F,1,physician,0.9994,0.3631,0.6363,"practices, medicine, Medicine., affiliated, Ms.",5
55875,professor,M,0,professor,0.9994,0.9993,0.0001,"Ph.D.,, Ph.D.,, currently, examines, research",5
13468,architect,F,10,architect,0.9981,0.9183,0.0799,"Architecture, Architecture., techniques., in, Business",5
45926,professor,F,0,professor,0.9991,0.9993,-0.0002,"Professor, teaches, courses, journals, University.",5
79496,attorney,F,2,attorney,0.9906,0.0939,0.8968,"Farm, fight, co-founded, justice, Farm",5
32638,surgeon,M,9,surgeon,0.9968,0.7887,0.2081,"patientâĢĻs, Dr., Orthopedic, quality, ChildrenâĢĻs",5
86922,journalist,F,4,journalist,0.9926,0.9855,0.0071,"Times,, countryâĢĻs, work, has, among",5
14825,photographer,M,3,photographer,0.9907,0.0766,0.9141,"exhibition., photography, camera, cinematographer, but",5
33261,professor,M,0,professor,0.9966,0.9922,0.0044,"cheng@pcc.usp.br,, research, Engineering, Methodology., Theory",5
79679,journalist,M,4,journalist,0.9957,0.9938,0.0019,"journalist, current, Herald,, newspaper, Mumbai,",5
8650,professor,F,0,professor,0.9835,0.9719,0.0117,"residency, fellowship, University, Massachusetts., research",5
47709,professor,M,0,professor,0.9987,0.9961,0.0026,"Faculty, Department, Science,, 2008,, College",5
44371,professor,M,0,professor,0.9991,0.999,0.0001,"Dr., taught, research, Dr., prior",5
88810,journalist,F,4,journalist,0.4132,0.873,-0.4598,"<em>The, YorkerâĢĻs</em>, music, comedy, violence,",5
13438,professor,M,0,professor,0.9982,0.9882,0.01,"M.F.A., B.F.A., received, University, Raised",5
51724,nurse,F,5,nurse,0.9994,0.9744,0.025,"NURSE, She, Medical, PRACTITIONER,, Linda",5
55538,photographer,M,3,photographer,0.9774,0.9247,0.0527,"long-term, photographic, from, essays, received",5
26115,teacher,F,7,teacher,0.4015,0.0039,0.3976,"quilting,, her, house., she, in",5
28272,teacher,M,7,teacher,0.581,0.1034,0.4776,"students, classes., challenges, classes, his",5
14232,professor,M,0,professor,0.9968,0.054,0.9428,"Professor, theory., Professor, expert, Rub",5
36486,dietitian,M,18,dietitian,0.9985,0.036,0.9625,"nutrition, Nutritional, fibromyalgia,, diabetes,, addressing",5
5411,attorney,M,2,attorney,0.9861,0.6654,0.3207,"career, bass., bonefish,, and, recreational",5
43440,attorney,F,2,attorney,0.9995,0.9995,0.0,"attorney., law., legal, legal, Law.",5
36515,professor,F,0,professor,0.9984,0.9983,0.0002,"faculty, Sociological, director, interviewer-administered, Research,",5
80502,physician,F,1,physician,0.9995,0.6074,0.392,"practices, medicine, affiliated, Medicine., Spanish.",5
29319,psychologist,F,6,psychologist,0.9988,0.9988,0.0,"PSYCHOLOGIST,, appointment., Psychological, experiences,, diverse",5
50590,architect,M,10,architect,0.9981,0.9974,0.0006,"designed, design, architectural, architectural, designs",5
16645,composer,M,17,composer,0.9973,0.9967,0.0006,"Short, Tuscany., Valentine, score, Soundtrack",5
2123,physician,F,1,physician,0.9994,0.7806,0.2188,"practices, Ms., medicine, affiliated, Ms.",5
171,teacher,M,7,teacher,0.789,0.1152,0.6738,"teaches, school, grades, lessons, Mr.",5
72933,photographer,F,3,photographer,0.9968,0.9362,0.0606,"Photography, feminism., each, self,, photo",5
36627,dentist,F,8,dentist,0.9155,0.8218,0.0937,"Dental, doctor, Dr., Dental, services",5
83093,poet,M,13,poet,0.9928,0.9933,-0.0005,"Writing, Creative, Somewhere, collection, Bluffton",5
9833,surgeon,M,9,surgeon,0.7215,0.8828,-0.1612,"hospital,, patients, another, relocate, âĢľwhisper",5
13202,psychologist,F,6,psychologist,0.9793,0.9534,0.0259,"Counseling/Clinical, Psychology, Psychologist., Licensed, methodology",5
85643,attorney,M,2,attorney,0.9958,0.0341,0.9617,"law, school, Before, peacetime., spent",5
