id,profession,profession_stored,gender,swap_direction,n_tokens_swapped,pred_label_stored,pred_label_original_fresh,stored_fresh_agree,pred_label_swapped,pred_flipped,pred_prob_original_class_original,pred_prob_original_class_after_swap,pred_prob_swapped_top,prob_drop
12781,nurse,nurse,F,F→M,9,nurse,nurse,True,nurse,False,0.9995,0.9994,0.9994,0.00010000000000010001
34470,photographer,photographer,M,M→F,4,photographer,photographer,True,photographer,False,0.9979,0.9978,0.9978,9.999999999998899e-05
9342,professor,professor,M,M→F,7,professor,professor,True,professor,False,0.9981,0.9982,0.9982,-9.999999999998899e-05
30362,professor,professor,M,M→F,3,professor,professor,True,professor,False,0.9675,0.9822,0.9822,-0.014699999999999935
90967,professor,professor,M,M→F,5,professor,professor,True,professor,False,0.9998,0.9998,0.9998,0.0
13344,software engineer,software engineer,M,M→F,2,software engineer,software engineer,True,teacher,True,0.2537,0.1092,0.1305,0.14449999999999996
6239,journalist,journalist,M,M→F,2,journalist,journalist,True,journalist,False,0.9991,0.9991,0.9991,0.0
42028,attorney,attorney,F,F→M,2,attorney,attorney,True,attorney,False,0.3579,0.6059,0.6059,-0.248
90212,architect,architect,F,F→M,1,architect,architect,True,architect,False,0.995,0.9967,0.9967,-0.0017000000000000348
43953,teacher,teacher,F,F→M,4,teacher,teacher,True,teacher,False,0.9953,0.9961,0.9961,-0.0008000000000000229
27966,professor,professor,F,F→M,4,professor,professor,True,professor,False,0.9992,0.999,0.999,0.00019999999999997797
41556,teacher,teacher,M,M→F,2,teacher,teacher,True,teacher,False,0.8154,0.9226,0.9226,-0.10719999999999996
43148,professor,professor,M,M→F,7,professor,professor,True,professor,False,0.9993,0.9994,0.9994,-9.999999999998899e-05
93200,professor,professor,F,F→M,3,professor,professor,True,professor,False,0.9989,0.9989,0.9989,0.0
46307,physician,physician,F,F→M,9,physician,physician,True,physician,False,0.9991,0.9992,0.9992,-9.999999999998899e-05
61841,teacher,teacher,F,F→M,2,teacher,teacher,True,teacher,False,0.9921,0.9782,0.9782,0.013900000000000023
23333,teacher,teacher,F,F→M,4,teacher,teacher,True,teacher,False,0.9987,0.9987,0.9987,0.0
15551,attorney,attorney,F,F→M,6,attorney,attorney,True,attorney,False,0.9997,0.9997,0.9997,0.0
90631,journalist,journalist,F,F→M,1,journalist,journalist,True,journalist,False,0.9985,0.9986,0.9986,-9.999999999998899e-05
54445,professor,professor,F,F→M,3,professor,professor,True,professor,False,0.9952,0.9939,0.9939,0.0012999999999999678
93903,professor,professor,M,M→F,3,professor,professor,True,professor,False,0.6041,0.6685,0.6685,-0.06440000000000001
16348,physician,physician,F,F→M,2,physician,physician,True,physician,False,0.9998,0.9998,0.9998,0.0
46287,professor,professor,F,F→M,4,professor,professor,True,professor,False,0.9348,0.9546,0.9546,-0.01980000000000004
72503,physician,physician,M,M→F,5,physician,physician,True,physician,False,0.9784,0.9869,0.9869,-0.008499999999999952
4602,physician,physician,F,F→M,3,physician,physician,True,physician,False,0.9998,0.9998,0.9998,0.0
49360,psychologist,psychologist,M,M→F,2,psychologist,psychologist,True,psychologist,False,0.6437,0.6812,0.6812,-0.03749999999999998
42951,professor,professor,M,M→F,2,professor,professor,True,professor,False,0.6381,0.7679,0.7679,-0.12980000000000003
77124,professor,professor,M,M→F,3,professor,professor,True,professor,False,0.9998,0.9998,0.9998,0.0
39711,dentist,dentist,M,M→F,3,dentist,dentist,True,dentist,False,0.9954,0.996,0.996,-0.0006000000000000449
30282,teacher,teacher,M,M→F,2,teacher,teacher,True,teacher,False,0.6806,0.7554,0.7554,-0.07479999999999998
33409,professor,professor,M,M→F,1,professor,professor,True,professor,False,0.9328,0.9447,0.9447,-0.011900000000000022
36561,model,model,M,M→F,3,model,model,True,model,False,0.9989,0.9992,0.9992,-0.00029999999999996696
10637,professor,professor,M,M→F,2,professor,professor,True,professor,False,0.9277,0.9503,0.9503,-0.022600000000000064
24817,journalist,journalist,F,F→M,5,journalist,journalist,True,attorney,True,0.4682,0.3233,0.5147,0.14490000000000003
31505,software engineer,software engineer,M,M→F,2,software engineer,software engineer,True,software engineer,False,0.9736,0.9791,0.9791,-0.005499999999999949
58312,journalist,journalist,F,F→M,9,journalist,journalist,True,journalist,False,0.999,0.9989,0.9989,9.999999999998899e-05
42143,psychologist,psychologist,M,M→F,1,psychologist,psychologist,True,psychologist,False,0.9991,0.9991,0.9991,0.0
4145,attorney,attorney,F,F→M,2,attorney,attorney,True,attorney,False,0.9975,0.9976,0.9976,-9.999999999998899e-05
64458,filmmaker,filmmaker,M,M→F,3,filmmaker,filmmaker,True,filmmaker,False,0.7374,0.7283,0.7283,0.009100000000000108
74377,psychologist,psychologist,M,M→F,4,psychologist,psychologist,True,psychologist,False,0.5701,0.7424,0.7424,-0.1722999999999999
20281,professor,professor,M,M→F,7,professor,professor,True,professor,False,0.9952,0.9921,0.9921,0.0030999999999999917
55020,photographer,photographer,M,M→F,4,photographer,photographer,True,photographer,False,0.9821,0.9164,0.9164,0.06569999999999998
74809,psychologist,psychologist,F,F→M,1,psychologist,psychologist,True,psychologist,False,0.9448,0.9242,0.9242,0.02059999999999995
27933,professor,professor,M,M→F,4,professor,professor,True,professor,False,0.9994,0.9993,0.9993,9.999999999998899e-05
11662,professor,professor,F,F→M,2,professor,professor,True,professor,False,0.9998,0.9998,0.9998,0.0
83094,professor,professor,M,M→F,2,professor,professor,True,professor,False,0.9963,0.9955,0.9955,0.0007999999999999119
42156,physician,physician,M,M→F,4,physician,physician,True,physician,False,0.9605,0.9817,0.9817,-0.021199999999999997
79286,nurse,nurse,F,F→M,5,nurse,nurse,True,nurse,False,0.9862,0.9695,0.9695,0.016699999999999937
43044,photographer,photographer,F,F→M,7,photographer,photographer,True,photographer,False,0.9954,0.9967,0.9967,-0.0013000000000000789
79135,professor,professor,F,F→M,3,professor,professor,True,professor,False,0.9992,0.9991,0.9991,9.999999999998899e-05
17636,professor,professor,M,M→F,4,professor,professor,True,professor,False,0.9992,0.9994,0.9994,-0.00019999999999997797
54221,poet,poet,M,M→F,3,poet,poet,True,poet,False,0.9858,0.9815,0.9815,0.0042999999999999705
73575,photographer,photographer,M,M→F,3,photographer,photographer,True,photographer,False,0.9903,0.9901,0.9901,0.00019999999999997797
13578,journalist,journalist,M,M→F,1,journalist,journalist,True,journalist,False,0.9814,0.986,0.986,-0.0045999999999999375
5448,professor,professor,F,F→M,1,professor,professor,True,professor,False,0.9982,0.9986,0.9986,-0.00040000000000006697
80601,architect,architect,M,M→F,3,architect,architect,True,architect,False,0.993,0.99,0.99,0.0030000000000000027
43877,nurse,nurse,F,F→M,1,nurse,nurse,True,nurse,False,0.9952,0.9879,0.9879,0.007299999999999973
44557,professor,professor,M,M→F,5,professor,professor,True,professor,False,0.9998,0.9998,0.9998,0.0
61558,software engineer,software engineer,M,M→F,2,software engineer,software engineer,True,software engineer,False,0.5362,0.5493,0.5493,-0.0131
12480,professor,professor,M,M→F,3,professor,professor,True,professor,False,0.9887,0.9937,0.9937,-0.0050000000000000044
37372,dentist,dentist,F,F→M,2,dentist,dentist,True,dentist,False,0.9948,0.9938,0.9938,0.0010000000000000009
48225,professor,professor,F,F→M,4,professor,professor,True,professor,False,0.7596,0.4832,0.4832,0.27640000000000003
35423,composer,composer,F,F→M,1,composer,composer,True,composer,False,0.9807,0.9815,0.9815,-0.0008000000000000229
4598,teacher,teacher,M,M→F,1,teacher,teacher,True,teacher,False,0.999,0.9989,0.9989,9.999999999998899e-05
76006,journalist,journalist,F,F→M,3,journalist,journalist,True,journalist,False,0.9913,0.9854,0.9854,0.005899999999999905
52486,physician,physician,F,F→M,2,physician,physician,True,physician,False,0.9996,0.9996,0.9996,0.0
702,professor,professor,M,M→F,4,professor,professor,True,professor,False,0.988,0.9955,0.9955,-0.007500000000000062
71994,journalist,journalist,F,F→M,1,journalist,journalist,True,journalist,False,0.9986,0.9984,0.9984,0.000200000000000089
29015,attorney,attorney,F,F→M,1,attorney,attorney,True,attorney,False,0.9996,0.9995,0.9995,9.999999999998899e-05
93020,professor,professor,M,M→F,5,professor,professor,True,professor,False,0.9998,0.9998,0.9998,0.0
24289,professor,professor,F,F→M,6,professor,professor,True,professor,False,0.9995,0.9995,0.9995,0.0
85541,professor,professor,F,F→M,2,professor,professor,True,professor,False,0.9991,0.9991,0.9991,0.0
42719,professor,professor,M,M→F,3,professor,professor,True,professor,False,0.999,0.9989,0.9989,9.999999999998899e-05
50174,architect,architect,F,F→M,4,architect,architect,True,architect,False,0.9984,0.9983,0.9983,9.999999999998899e-05
14729,psychologist,psychologist,M,M→F,2,psychologist,psychologist,True,psychologist,False,0.9942,0.9934,0.9934,0.0008000000000000229
84291,physician,physician,M,M→F,2,physician,physician,True,physician,False,0.9682,0.9607,0.9607,0.007499999999999951
11815,journalist,journalist,F,F→M,2,journalist,journalist,True,journalist,False,0.9941,0.9828,0.9828,0.011299999999999977
65795,professor,professor,F,F→M,5,professor,professor,True,professor,False,0.9996,0.9996,0.9996,0.0
70364,professor,professor,F,F→M,3,professor,professor,True,professor,False,0.9938,0.9907,0.9907,0.0030999999999999917
22347,journalist,journalist,F,F→M,1,journalist,journalist,True,journalist,False,0.9985,0.9976,0.9976,0.0009000000000000119
39122,professor,professor,F,F→M,1,professor,professor,True,professor,False,0.994,0.9864,0.9864,0.00759999999999994
31046,model,model,F,F→M,4,model,model,True,model,False,0.9994,0.9993,0.9993,9.999999999998899e-05
33201,professor,professor,F,F→M,4,professor,professor,True,professor,False,0.9995,0.9995,0.9995,0.0
34406,physician,physician,M,M→F,4,physician,physician,True,physician,False,0.8986,0.9446,0.9446,-0.04600000000000004
74946,professor,professor,M,M→F,1,professor,professor,True,professor,False,0.806,0.8354,0.8354,-0.02939999999999998
84715,architect,architect,F,F→M,6,architect,architect,True,architect,False,0.9958,0.9953,0.9953,0.000500000000000056
11351,painter,painter,M,M→F,3,painter,painter,True,painter,False,0.7605,0.8458,0.8458,-0.08530000000000004
436,physician,physician,M,M→F,4,physician,physician,True,physician,False,0.9944,0.998,0.998,-0.0036000000000000476
6302,physician,physician,M,M→F,1,physician,physician,True,nurse,True,0.5809,0.1286,0.8472,0.4523
72269,physician,physician,M,M→F,6,physician,physician,True,physician,False,0.877,0.676,0.676,0.20099999999999996
24338,journalist,journalist,F,F→M,1,journalist,journalist,True,journalist,False,0.9978,0.9965,0.9965,0.0012999999999999678
55848,dentist,dentist,M,M→F,1,dentist,dentist,True,dentist,False,0.9888,0.992,0.992,-0.0031999999999999806
79663,journalist,journalist,F,F→M,2,journalist,journalist,True,journalist,False,0.9318,0.6255,0.6255,0.3063
50546,nurse,nurse,F,F→M,5,nurse,nurse,True,nurse,False,0.9993,0.9889,0.9889,0.010399999999999965
19540,physician,physician,M,M→F,3,physician,physician,True,physician,False,0.8914,0.9473,0.9473,-0.05590000000000006
30143,professor,professor,M,M→F,4,professor,professor,True,professor,False,0.9983,0.9983,0.9983,0.0
88326,professor,professor,F,F→M,2,professor,professor,True,professor,False,0.9621,0.9536,0.9536,0.008499999999999952
42175,professor,professor,F,F→M,3,professor,professor,True,professor,False,0.9995,0.9996,0.9996,-9.999999999998899e-05
16410,nurse,nurse,F,F→M,1,nurse,nurse,True,nurse,False,0.9997,0.9997,0.9997,0.0
16813,accountant,accountant,F,F→M,1,accountant,accountant,True,accountant,False,0.9972,0.9974,0.9974,-0.00019999999999997797
2321,architect,architect,F,F→M,1,architect,architect,True,architect,False,0.9805,0.9854,0.9854,-0.0049000000000000155
61142,physician,physician,F,F→M,3,physician,physician,True,physician,False,0.9814,0.9577,0.9577,0.023700000000000054
52916,attorney,attorney,M,M→F,5,attorney,attorney,True,attorney,False,0.9988,0.9988,0.9988,0.0
53976,professor,professor,M,M→F,1,professor,professor,True,professor,False,0.999,0.9988,0.9988,0.00019999999999997797
51899,photographer,photographer,F,F→M,6,photographer,photographer,True,photographer,False,0.9976,0.9981,0.9981,-0.0004999999999999449
47145,surgeon,surgeon,M,M→F,1,surgeon,surgeon,True,professor,True,0.6649,0.4784,0.5049,0.18650000000000005
94259,professor,professor,M,M→F,5,professor,professor,True,professor,False,0.9997,0.9996,0.9996,9.999999999998899e-05
46960,journalist,journalist,M,M→F,3,journalist,journalist,True,journalist,False,0.9991,0.9992,0.9992,-9.999999999998899e-05
93000,attorney,attorney,M,M→F,1,attorney,attorney,True,attorney,False,0.9986,0.9987,0.9987,-9.999999999998899e-05
46505,professor,professor,M,M→F,4,professor,professor,True,professor,False,0.9989,0.9992,0.9992,-0.00029999999999996696
68349,physician,physician,F,F→M,4,physician,physician,True,physician,False,0.9641,0.9431,0.9431,0.020999999999999908
42600,physician,physician,F,F→M,2,physician,physician,True,physician,False,0.9998,0.9998,0.9998,0.0
30588,professor,professor,F,F→M,5,professor,professor,True,professor,False,0.9973,0.9978,0.9978,-0.000500000000000056
40257,professor,professor,F,F→M,4,professor,professor,True,professor,False,0.9993,0.9993,0.9993,0.0
66822,accountant,accountant,M,M→F,2,accountant,accountant,True,accountant,False,0.9984,0.9983,0.9983,9.999999999998899e-05
41479,physician,physician,M,M→F,2,physician,physician,True,physician,False,0.9996,0.9995,0.9995,9.999999999998899e-05
22425,accountant,accountant,M,M→F,1,accountant,accountant,True,accountant,False,0.9982,0.9982,0.9982,0.0
11945,attorney,attorney,M,M→F,2,attorney,attorney,True,attorney,False,0.6699,0.5443,0.5443,0.12560000000000004
89703,attorney,attorney,F,F→M,4,attorney,attorney,True,attorney,False,0.9996,0.9996,0.9996,0.0
85218,filmmaker,filmmaker,M,M→F,2,filmmaker,filmmaker,True,filmmaker,False,0.9926,0.9931,0.9931,-0.0004999999999999449
51511,composer,composer,M,M→F,2,composer,composer,True,composer,False,0.9969,0.9968,0.9968,9.999999999998899e-05
47791,software engineer,software engineer,M,M→F,1,software engineer,software engineer,True,software engineer,False,0.8907,0.9096,0.9096,-0.018899999999999917
45238,attorney,attorney,M,M→F,1,attorney,attorney,True,attorney,False,0.9997,0.9997,0.9997,0.0
79600,filmmaker,filmmaker,M,M→F,5,filmmaker,filmmaker,True,filmmaker,False,0.9856,0.9841,0.9841,0.0015000000000000568
66457,professor,professor,M,M→F,4,professor,professor,True,professor,False,0.9761,0.9872,0.9872,-0.011099999999999999
19907,physician,physician,F,F→M,2,physician,physician,True,physician,False,0.9996,0.9997,0.9997,-9.999999999998899e-05
25606,journalist,journalist,F,F→M,3,journalist,journalist,True,journalist,False,0.7325,0.678,0.678,0.05449999999999999
46063,filmmaker,filmmaker,F,F→M,4,filmmaker,filmmaker,True,filmmaker,False,0.9939,0.9946,0.9946,-0.0007000000000000339
82848,attorney,attorney,M,M→F,3,attorney,attorney,True,attorney,False,0.9996,0.9996,0.9996,0.0
57242,journalist,journalist,M,M→F,4,journalist,journalist,True,journalist,False,0.9983,0.9988,0.9988,-0.000500000000000056
29759,surgeon,surgeon,M,M→F,5,surgeon,surgeon,True,surgeon,False,0.9918,0.9872,0.9872,0.0046000000000000485
28025,professor,professor,F,F→M,3,professor,professor,True,professor,False,0.9997,0.9998,0.9998,-9.999999999998899e-05
2878,nurse,nurse,F,F→M,1,nurse,nurse,True,nurse,False,0.9997,0.9997,0.9997,0.0
36532,dietitian,dietitian,F,F→M,1,dietitian,dietitian,True,dietitian,False,0.9985,0.9985,0.9985,0.0
94939,surgeon,surgeon,M,M→F,2,surgeon,surgeon,True,surgeon,False,0.999,0.999,0.999,0.0
85031,photographer,photographer,F,F→M,2,photographer,photographer,True,photographer,False,0.9981,0.9973,0.9973,0.0008000000000000229
29515,photographer,photographer,M,M→F,3,photographer,photographer,True,photographer,False,0.9977,0.9976,0.9976,9.999999999998899e-05
60123,nurse,nurse,M,M→F,2,nurse,nurse,True,nurse,False,0.9903,0.9877,0.9877,0.0025999999999999357
87861,physician,physician,M,M→F,4,physician,physician,True,physician,False,0.8821,0.9675,0.9675,-0.08540000000000003
7856,poet,poet,M,M→F,9,poet,poet,True,poet,False,0.9947,0.9946,0.9946,9.999999999998899e-05
6655,surgeon,surgeon,M,M→F,4,surgeon,surgeon,True,physician,True,0.5131,0.457,0.5404,0.05609999999999998
85177,nurse,nurse,F,F→M,1,nurse,nurse,True,physician,True,0.4834,0.011,0.5987,0.4724
43831,professor,professor,M,M→F,4,professor,professor,True,professor,False,0.9993,0.9993,0.9993,0.0
30012,dentist,dentist,M,M→F,4,dentist,dentist,True,dentist,False,0.9981,0.9979,0.9979,0.00019999999999997797
56328,physician,physician,M,M→F,2,physician,physician,True,nurse,True,0.8931,0.3688,0.621,0.5243
29403,professor,professor,F,F→M,6,professor,professor,True,professor,False,0.9924,0.9889,0.9889,0.0034999999999999476
95197,photographer,photographer,M,M→F,6,photographer,photographer,True,photographer,False,0.9928,0.9889,0.9889,0.0039000000000000146
89401,professor,professor,M,M→F,1,professor,professor,True,professor,False,0.9994,0.9994,0.9994,0.0
51435,professor,professor,M,M→F,3,professor,professor,True,professor,False,0.9994,0.9994,0.9994,0.0
52937,psychologist,psychologist,M,M→F,2,psychologist,psychologist,True,psychologist,False,0.9988,0.9987,0.9987,9.999999999998899e-05
29236,professor,professor,M,M→F,4,professor,professor,True,professor,False,0.9997,0.9997,0.9997,0.0
34825,dentist,dentist,M,M→F,1,dentist,dentist,True,dentist,False,0.9886,0.9844,0.9844,0.0041999999999999815
78327,attorney,attorney,M,M→F,2,attorney,attorney,True,attorney,False,0.9903,0.9894,0.9894,0.0009000000000000119
93723,professor,professor,M,M→F,3,professor,professor,True,professor,False,0.996,0.9958,0.9958,0.00019999999999997797
75691,professor,professor,M,M→F,5,professor,professor,True,professor,False,0.9568,0.9755,0.9755,-0.01870000000000005
92636,physician,physician,F,F→M,2,physician,physician,True,physician,False,0.999,0.9989,0.9989,9.999999999998899e-05
31199,dentist,dentist,F,F→M,3,dentist,dentist,True,dentist,False,0.9987,0.9988,0.9988,-9.999999999998899e-05
38464,teacher,teacher,F,F→M,4,teacher,teacher,True,teacher,False,0.8727,0.8378,0.8378,0.03490000000000004
50763,software engineer,software engineer,M,M→F,3,software engineer,software engineer,True,software engineer,False,0.9725,0.9785,0.9785,-0.006000000000000005
18312,physician,physician,F,F→M,2,physician,physician,True,physician,False,0.5299,0.8767,0.8767,-0.3468
71970,professor,professor,M,M→F,4,professor,professor,True,professor,False,0.9876,0.9877,0.9877,-9.999999999998899e-05
78380,professor,professor,M,M→F,1,professor,professor,True,professor,False,0.5614,0.3595,0.3595,0.20190000000000002
60161,journalist,journalist,F,F→M,3,journalist,journalist,True,journalist,False,0.999,0.9989,0.9989,9.999999999998899e-05
82402,professor,professor,M,M→F,5,professor,professor,True,professor,False,0.9979,0.9983,0.9983,-0.00039999999999995595
14691,poet,poet,M,M→F,2,poet,poet,True,poet,False,0.9535,0.9461,0.9461,0.007399999999999962
91561,professor,professor,F,F→M,7,professor,professor,True,professor,False,0.7308,0.7961,0.7961,-0.06530000000000002
6664,photographer,photographer,M,M→F,1,photographer,photographer,True,photographer,False,0.9959,0.9967,0.9967,-0.0008000000000000229
13852,professor,professor,F,F→M,4,professor,professor,True,professor,False,0.9996,0.9996,0.9996,0.0
84153,psychologist,psychologist,F,F→M,2,psychologist,psychologist,True,psychologist,False,0.9984,0.9987,0.9987,-0.000300000000000078
52651,journalist,journalist,M,M→F,2,journalist,journalist,True,journalist,False,0.9893,0.9928,0.9928,-0.0035000000000000586
22417,professor,professor,M,M→F,2,professor,professor,True,professor,False,0.9997,0.9997,0.9997,0.0
84895,professor,professor,F,F→M,4,professor,professor,True,professor,False,0.9867,0.9874,0.9874,-0.0007000000000000339
11717,attorney,attorney,M,M→F,2,attorney,attorney,True,attorney,False,0.9994,0.999,0.999,0.00039999999999995595
59641,nurse,nurse,F,F→M,2,nurse,nurse,True,nurse,False,0.9923,0.9881,0.9881,0.0041999999999999815
52246,professor,professor,M,M→F,2,professor,professor,True,professor,False,0.9939,0.9888,0.9888,0.005099999999999993
94896,surgeon,surgeon,M,M→F,1,surgeon,surgeon,True,professor,True,0.5185,0.429,0.5195,0.08949999999999997
39234,professor,professor,F,F→M,1,professor,professor,True,professor,False,0.994,0.9923,0.9923,0.0017000000000000348
78969,teacher,teacher,F,F→M,6,teacher,teacher,True,teacher,False,0.7882,0.8456,0.8456,-0.05740000000000001
86259,teacher,teacher,F,F→M,3,teacher,teacher,True,teacher,False,0.7994,0.6338,0.6338,0.16559999999999997
85634,architect,architect,M,M→F,2,architect,architect,True,architect,False,0.9977,0.9974,0.9974,0.000300000000000078
82926,professor,professor,F,F→M,4,professor,professor,True,professor,False,0.9948,0.99,0.99,0.0048000000000000265
32501,professor,professor,F,F→M,2,professor,professor,True,professor,False,0.9997,0.9997,0.9997,0.0
34205,poet,poet,F,F→M,5,poet,poet,True,poet,False,0.9882,0.9888,0.9888,-0.0006000000000000449
65797,journalist,journalist,M,M→F,3,journalist,journalist,True,journalist,False,0.9771,0.9864,0.9864,-0.009300000000000086
58689,photographer,photographer,M,M→F,10,photographer,photographer,True,photographer,False,0.996,0.9968,0.9968,-0.0008000000000000229
86967,journalist,journalist,M,M→F,2,journalist,journalist,True,journalist,False,0.9956,0.9976,0.9976,-0.0020000000000000018
86329,physician,physician,F,F→M,2,physician,physician,True,physician,False,0.725,0.8998,0.8998,-0.17480000000000007
26151,professor,professor,F,F→M,2,professor,professor,True,professor,False,0.9977,0.9981,0.9981,-0.00039999999999995595
60167,nurse,nurse,F,F→M,1,nurse,nurse,True,nurse,False,0.9997,0.9997,0.9997,0.0
25483,teacher,teacher,M,M→F,2,teacher,teacher,True,teacher,False,0.8296,0.9144,0.9144,-0.08479999999999999
23270,nurse,nurse,F,F→M,2,nurse,nurse,True,nurse,False,0.9792,0.9547,0.9547,0.024499999999999966
52297,physician,physician,M,M→F,3,physician,physician,True,physician,False,0.9998,0.9998,0.9998,0.0
6860,nurse,nurse,F,F→M,1,nurse,nurse,True,nurse,False,0.9997,0.9997,0.9997,0.0
199,professor,professor,F,F→M,5,professor,professor,True,professor,False,0.9983,0.9985,0.9985,-0.000200000000000089
76157,photographer,photographer,F,F→M,3,photographer,photographer,True,photographer,False,0.9767,0.9948,0.9948,-0.018100000000000005
7540,professor,professor,F,F→M,4,professor,professor,True,professor,False,0.9987,0.9989,0.9989,-0.00019999999999997797
3207,physician,physician,M,M→F,4,physician,physician,True,physician,False,0.9937,0.9976,0.9976,-0.0039000000000000146
38122,physician,physician,M,M→F,3,physician,physician,True,physician,False,0.9998,0.9998,0.9998,0.0
53129,nurse,nurse,M,M→F,3,nurse,nurse,True,nurse,False,0.9886,0.9943,0.9943,-0.005699999999999927
72555,professor,professor,M,M→F,2,professor,professor,True,professor,False,0.9998,0.9998,0.9998,0.0
72583,architect,architect,M,M→F,3,architect,architect,True,architect,False,0.9369,0.9243,0.9243,0.012599999999999945
79884,physician,physician,F,F→M,3,physician,physician,True,physician,False,0.9998,0.9998,0.9998,0.0
76575,teacher,teacher,M,M→F,1,teacher,teacher,True,teacher,False,0.9097,0.9536,0.9536,-0.04390000000000005
83665,attorney,attorney,F,F→M,1,attorney,attorney,True,attorney,False,0.9996,0.9997,0.9997,-9.999999999998899e-05
10587,composer,composer,F,F→M,3,composer,composer,True,composer,False,0.9947,0.9946,0.9946,9.999999999998899e-05
47866,nurse,nurse,F,F→M,1,nurse,nurse,True,nurse,False,0.9997,0.9997,0.9997,0.0
313,professor,professor,M,M→F,1,professor,professor,True,professor,False,0.9998,0.9998,0.9998,0.0
87658,model,model,F,F→M,3,model,model,True,software engineer,True,0.3683,0.0642,0.5923,0.30410000000000004
527,professor,professor,F,F→M,5,professor,professor,True,professor,False,0.9995,0.9995,0.9995,0.0
27434,professor,professor,F,F→M,3,professor,professor,True,professor,False,0.9997,0.9997,0.9997,0.0
10082,professor,professor,F,F→M,4,professor,professor,True,professor,False,0.9774,0.9711,0.9711,0.006300000000000083
75175,physician,physician,M,M→F,2,physician,physician,True,physician,False,0.9996,0.9995,0.9995,9.999999999998899e-05
86883,dentist,dentist,M,M→F,4,dentist,dentist,True,dentist,False,0.6401,0.8485,0.8485,-0.20840000000000003
70995,professor,professor,F,F→M,2,professor,professor,True,professor,False,0.9724,0.9897,0.9897,-0.017299999999999982
37066,attorney,attorney,M,M→F,3,attorney,attorney,True,attorney,False,0.9994,0.9995,0.9995,-0.00010000000000010001
75949,teacher,teacher,M,M→F,3,teacher,teacher,True,teacher,False,0.999,0.9989,0.9989,9.999999999998899e-05
78990,architect,architect,M,M→F,2,architect,architect,True,software engineer,True,0.6056,0.4734,0.5217,0.13220000000000004
82304,dentist,dentist,M,M→F,1,dentist,dentist,True,dentist,False,0.9224,0.9496,0.9496,-0.027200000000000002
5058,professor,professor,M,M→F,2,professor,professor,True,professor,False,0.9998,0.9998,0.9998,0.0
57502,psychologist,psychologist,F,F→M,2,psychologist,psychologist,True,journalist,True,0.3764,0.2481,0.5605,0.12830000000000003
41823,model,model,F,F→M,3,model,model,True,model,False,0.9958,0.9855,0.9855,0.010299999999999976
28206,attorney,attorney,F,F→M,3,attorney,attorney,True,attorney,False,0.998,0.998,0.998,0.0
39579,professor,professor,F,F→M,2,professor,professor,True,professor,False,0.9995,0.9995,0.9995,0.0
69270,physician,physician,M,M→F,2,physician,physician,True,physician,False,0.9835,0.9949,0.9949,-0.011399999999999966
61835,professor,professor,F,F→M,4,professor,professor,True,professor,False,0.9998,0.9998,0.9998,0.0
62639,journalist,journalist,M,M→F,2,journalist,journalist,True,journalist,False,0.996,0.9966,0.9966,-0.0006000000000000449
93365,professor,professor,M,M→F,2,professor,professor,True,professor,False,0.9993,0.9994,0.9994,-9.999999999998899e-05
16315,professor,professor,F,F→M,2,professor,professor,True,professor,False,0.9951,0.995,0.995,9.999999999998899e-05
57070,professor,professor,F,F→M,1,professor,professor,True,professor,False,0.9994,0.9994,0.9994,0.0
57612,professor,professor,F,F→M,3,professor,professor,True,professor,False,0.9994,0.9995,0.9995,-0.00010000000000010001
47862,photographer,photographer,F,F→M,4,photographer,photographer,True,photographer,False,0.9946,0.9943,0.9943,0.000300000000000078
5869,professor,professor,M,M→F,4,professor,professor,True,professor,False,0.9995,0.9996,0.9996,-9.999999999998899e-05
79826,photographer,photographer,M,M→F,8,photographer,photographer,True,photographer,False,0.9969,0.9968,0.9968,9.999999999998899e-05
16505,professor,professor,F,F→M,1,professor,professor,True,professor,False,0.9995,0.9995,0.9995,0.0
55992,professor,professor,M,M→F,1,professor,professor,True,professor,False,0.9566,0.9723,0.9723,-0.015700000000000047
39707,nurse,nurse,F,F→M,3,nurse,nurse,True,nurse,False,0.8228,0.5427,0.5427,0.2801
82386,architect,architect,F,F→M,1,architect,architect,True,architect,False,0.9938,0.9959,0.9959,-0.0020999999999999908
31942,dentist,dentist,F,F→M,1,dentist,dentist,True,dentist,False,0.9285,0.9211,0.9211,0.007399999999999962
14518,photographer,photographer,F,F→M,5,photographer,photographer,True,photographer,False,0.9987,0.9986,0.9986,9.999999999998899e-05
6952,professor,professor,M,M→F,6,professor,professor,True,professor,False,0.9957,0.9963,0.9963,-0.0005999999999999339
29369,professor,professor,F,F→M,6,professor,professor,True,professor,False,0.9986,0.998,0.998,0.0006000000000000449
56991,professor,professor,F,F→M,1,professor,professor,True,professor,False,0.9993,0.9995,0.9995,-0.000200000000000089
45248,psychologist,psychologist,M,M→F,3,psychologist,psychologist,True,psychologist,False,0.9376,0.9353,0.9353,0.0022999999999999687
44868,physician,physician,M,M→F,2,physician,physician,True,physician,False,0.9914,0.9934,0.9934,-0.0020000000000000018
89093,professor,professor,M,M→F,2,professor,professor,True,professor,False,0.802,0.8517,0.8517,-0.049699999999999966
91091,professor,professor,M,M→F,5,professor,professor,True,professor,False,0.9944,0.9953,0.9953,-0.0009000000000000119
27303,attorney,attorney,F,F→M,3,attorney,attorney,True,attorney,False,0.9994,0.9996,0.9996,-0.000200000000000089
53371,professor,professor,M,M→F,4,professor,professor,True,professor,False,0.9991,0.9991,0.9991,0.0
26474,surgeon,surgeon,M,M→F,1,surgeon,surgeon,True,surgeon,False,0.9968,0.9966,0.9966,0.00019999999999997797
40556,professor,professor,M,M→F,3,professor,professor,True,professor,False,0.9979,0.9979,0.9979,0.0
56089,nurse,nurse,F,F→M,4,nurse,nurse,True,nurse,False,0.991,0.9876,0.9876,0.0033999999999999586
47268,attorney,attorney,F,F→M,1,attorney,attorney,True,attorney,False,0.995,0.9989,0.9989,-0.0039000000000000146
89046,psychologist,psychologist,F,F→M,1,psychologist,psychologist,True,psychologist,False,0.9994,0.9994,0.9994,0.0
40636,professor,professor,F,F→M,3,professor,professor,True,professor,False,0.9985,0.9985,0.9985,0.0
4183,journalist,journalist,F,F→M,4,journalist,journalist,True,journalist,False,0.9817,0.9635,0.9635,0.018199999999999994
74029,professor,professor,M,M→F,3,professor,professor,True,professor,False,0.9984,0.999,0.999,-0.0006000000000000449
36066,journalist,journalist,M,M→F,3,journalist,journalist,True,journalist,False,0.9969,0.9981,0.9981,-0.0011999999999999789
14092,professor,professor,M,M→F,3,professor,professor,True,professor,False,0.9898,0.9868,0.9868,0.0030000000000000027
5715,painter,painter,M,M→F,4,painter,painter,True,painter,False,0.9947,0.9946,0.9946,9.999999999998899e-05
33429,professor,professor,M,M→F,3,professor,professor,True,professor,False,0.9924,0.9917,0.9917,0.0006999999999999229
67912,physician,physician,M,M→F,4,physician,physician,True,physician,False,0.9887,0.9957,0.9957,-0.007000000000000006
2076,professor,professor,F,F→M,4,professor,professor,True,professor,False,0.8565,0.8251,0.8251,0.031400000000000095
24607,filmmaker,filmmaker,M,M→F,3,filmmaker,filmmaker,True,filmmaker,False,0.9961,0.996,0.996,9.999999999998899e-05
68747,attorney,attorney,M,M→F,5,attorney,attorney,True,attorney,False,0.9997,0.9996,0.9996,9.999999999998899e-05
35881,dentist,dentist,F,F→M,1,dentist,dentist,True,dentist,False,0.9875,0.9903,0.9903,-0.0027999999999999137
52567,photographer,photographer,F,F→M,8,photographer,photographer,True,photographer,False,0.996,0.9964,0.9964,-0.00039999999999995595
77797,professor,professor,F,F→M,2,professor,professor,True,professor,False,0.9305,0.8647,0.8647,0.06579999999999997
88595,professor,professor,F,F→M,6,professor,professor,True,professor,False,0.9886,0.9818,0.9818,0.006800000000000028
86494,psychologist,psychologist,F,F→M,1,psychologist,psychologist,True,psychologist,False,0.9994,0.9994,0.9994,0.0
90729,professor,professor,M,M→F,4,professor,professor,True,professor,False,0.9996,0.9996,0.9996,0.0
22308,journalist,journalist,F,F→M,2,journalist,journalist,True,journalist,False,0.9834,0.979,0.979,0.0044000000000000705
93139,attorney,attorney,F,F→M,4,attorney,attorney,True,attorney,False,0.9998,0.9998,0.9998,0.0
94587,professor,professor,M,M→F,1,professor,professor,True,professor,False,0.9909,0.9928,0.9928,-0.0019000000000000128
44329,nurse,nurse,F,F→M,1,nurse,nurse,True,nurse,False,0.9997,0.9997,0.9997,0.0
28268,filmmaker,filmmaker,M,M→F,4,filmmaker,filmmaker,True,filmmaker,False,0.9865,0.9607,0.9607,0.025800000000000045
36863,psychologist,psychologist,F,F→M,2,psychologist,psychologist,True,psychologist,False,0.9923,0.9913,0.9913,0.0010000000000000009
21705,professor,professor,F,F→M,1,professor,professor,True,professor,False,0.6553,0.6637,0.6637,-0.008399999999999963
23419,photographer,photographer,M,M→F,7,photographer,photographer,True,photographer,False,0.995,0.9945,0.9945,0.0004999999999999449
12822,professor,professor,F,F→M,3,professor,professor,True,professor,False,0.8178,0.8044,0.8044,0.013399999999999967
76369,professor,professor,M,M→F,2,professor,professor,True,professor,False,0.7874,0.8691,0.8691,-0.0817
90580,professor,professor,F,F→M,1,professor,professor,True,professor,False,0.9953,0.9915,0.9915,0.0037999999999999146
12023,dietitian,dietitian,F,F→M,2,dietitian,dietitian,True,dietitian,False,0.9984,0.9984,0.9984,0.0
36518,physician,physician,M,M→F,2,physician,physician,True,physician,False,0.9997,0.9996,0.9996,9.999999999998899e-05
88947,attorney,attorney,F,F→M,3,attorney,attorney,True,attorney,False,0.9927,0.9943,0.9943,-0.0015999999999999348
32260,professor,professor,M,M→F,2,professor,professor,True,professor,False,0.9998,0.9997,0.9997,9.999999999998899e-05
60193,journalist,journalist,F,F→M,1,journalist,journalist,True,journalist,False,0.4515,0.4463,0.4463,0.005200000000000038
76809,professor,professor,M,M→F,2,professor,professor,True,professor,False,0.8954,0.9441,0.9441,-0.04870000000000008
56521,attorney,attorney,F,F→M,3,attorney,attorney,True,attorney,False,0.9984,0.9987,0.9987,-0.000300000000000078
53363,professor,professor,M,M→F,6,professor,professor,True,professor,False,0.9994,0.9994,0.9994,0.0
76667,dentist,dentist,M,M→F,3,dentist,dentist,True,dentist,False,0.9846,0.9902,0.9902,-0.005599999999999938
71468,comedian,comedian,M,M→F,9,comedian,comedian,True,comedian,False,0.9968,0.9961,0.9961,0.0007000000000000339
93003,physician,physician,F,F→M,2,physician,physician,True,physician,False,0.9682,0.9745,0.9745,-0.006300000000000083
26758,psychologist,psychologist,M,M→F,2,psychologist,psychologist,True,psychologist,False,0.6288,0.7056,0.7056,-0.07679999999999998
33632,nurse,nurse,F,F→M,1,nurse,nurse,True,nurse,False,0.9997,0.9997,0.9997,0.0
21267,physician,physician,F,F→M,3,physician,physician,True,physician,False,0.9999,0.9998,0.9998,9.999999999998899e-05
17139,physician,physician,F,F→M,3,physician,physician,True,physician,False,0.9998,0.9998,0.9998,0.0
91255,filmmaker,filmmaker,M,M→F,6,filmmaker,filmmaker,True,filmmaker,False,0.9951,0.9945,0.9945,0.0005999999999999339
4016,comedian,comedian,M,M→F,1,comedian,comedian,True,model,True,0.4885,0.0136,0.9676,0.4749
83781,filmmaker,filmmaker,M,M→F,2,filmmaker,filmmaker,True,filmmaker,False,0.9977,0.9973,0.9973,0.00040000000000006697
60744,journalist,journalist,M,M→F,6,journalist,journalist,True,journalist,False,0.9987,0.9988,0.9988,-9.999999999998899e-05
6281,surgeon,surgeon,M,M→F,2,surgeon,surgeon,True,surgeon,False,0.999,0.999,0.999,0.0
41214,professor,professor,F,F→M,1,professor,professor,True,attorney,True,0.8336,0.4523,0.5108,0.38130000000000003
33498,surgeon,surgeon,M,M→F,1,surgeon,surgeon,True,surgeon,False,0.999,0.999,0.999,0.0
88467,professor,professor,F,F→M,5,professor,professor,True,professor,False,0.9994,0.9995,0.9995,-0.00010000000000010001
17392,professor,professor,F,F→M,2,professor,professor,True,professor,False,0.9991,0.9989,0.9989,0.00019999999999997797
23666,nurse,nurse,F,F→M,4,nurse,nurse,True,nurse,False,0.9989,0.999,0.999,-9.999999999998899e-05
94907,filmmaker,filmmaker,M,M→F,1,filmmaker,filmmaker,True,filmmaker,False,0.9166,0.7874,0.7874,0.12919999999999998
365,teacher,teacher,M,M→F,1,teacher,teacher,True,teacher,False,0.4189,0.4658,0.4658,-0.0469
83624,dentist,dentist,M,M→F,3,dentist,dentist,True,dentist,False,0.9982,0.998,0.998,0.00019999999999997797
46796,professor,professor,M,M→F,3,professor,professor,True,professor,False,0.9968,0.9963,0.9963,0.000500000000000056
92257,attorney,attorney,M,M→F,8,attorney,attorney,True,attorney,False,0.9955,0.9942,0.9942,0.0013000000000000789
49539,dentist,dentist,M,M→F,3,dentist,dentist,True,dentist,False,0.9987,0.9986,0.9986,9.999999999998899e-05
90617,photographer,photographer,M,M→F,6,photographer,photographer,True,photographer,False,0.9947,0.9939,0.9939,0.0008000000000000229
32341,physician,physician,F,F→M,2,physician,physician,True,physician,False,0.9998,0.9998,0.9998,0.0
42652,attorney,attorney,M,M→F,4,attorney,attorney,True,attorney,False,0.9997,0.9997,0.9997,0.0
26638,physician,physician,M,M→F,4,physician,physician,True,physician,False,0.997,0.9978,0.9978,-0.0008000000000000229
65490,physician,physician,M,M→F,5,physician,physician,True,physician,False,0.9974,0.9969,0.9969,0.0004999999999999449
69683,professor,professor,M,M→F,2,professor,professor,True,professor,False,0.9991,0.999,0.999,9.999999999998899e-05
64609,professor,professor,M,M→F,1,professor,professor,True,professor,False,0.9981,0.998,0.998,9.999999999998899e-05
6886,professor,professor,F,F→M,1,professor,professor,True,professor,False,0.9506,0.9429,0.9429,0.00770000000000004
54290,photographer,photographer,F,F→M,3,photographer,photographer,True,photographer,False,0.9863,0.9829,0.9829,0.0033999999999999586
2509,photographer,photographer,M,M→F,6,photographer,photographer,True,photographer,False,0.9986,0.9986,0.9986,0.0
90074,physician,physician,M,M→F,5,physician,physician,True,physician,False,0.9157,0.9465,0.9465,-0.03080000000000005
51522,professor,professor,M,M→F,5,professor,professor,True,professor,False,0.9978,0.9979,0.9979,-9.999999999998899e-05
5242,attorney,attorney,M,M→F,8,attorney,attorney,True,attorney,False,0.9995,0.9995,0.9995,0.0
89223,professor,professor,M,M→F,1,professor,professor,True,professor,False,0.95,0.9591,0.9591,-0.009099999999999997
59158,professor,professor,M,M→F,3,professor,professor,True,professor,False,0.9997,0.9997,0.9997,0.0
52230,composer,composer,M,M→F,1,composer,composer,True,composer,False,0.9982,0.9982,0.9982,0.0
46126,photographer,photographer,F,F→M,3,photographer,photographer,True,photographer,False,0.998,0.998,0.998,0.0
69355,photographer,photographer,M,M→F,7,photographer,photographer,True,photographer,False,0.9985,0.9984,0.9984,0.00010000000000010001
2788,photographer,photographer,F,F→M,15,photographer,photographer,True,photographer,False,0.9492,0.9877,0.9877,-0.03849999999999998
51786,psychologist,psychologist,F,F→M,1,psychologist,psychologist,True,psychologist,False,0.9994,0.9994,0.9994,0.0
77215,photographer,photographer,F,F→M,7,photographer,photographer,True,photographer,False,0.9973,0.9971,0.9971,0.00019999999999997797
11549,photographer,photographer,F,F→M,10,photographer,photographer,True,photographer,False,0.9972,0.9969,0.9969,0.00029999999999996696
51662,professor,professor,M,M→F,3,professor,professor,True,professor,False,0.9998,0.9997,0.9997,9.999999999998899e-05
92899,physician,physician,M,M→F,1,physician,physician,True,physician,False,0.9577,0.9729,0.9729,-0.015199999999999991
24261,nurse,nurse,M,M→F,1,nurse,nurse,True,nurse,False,0.9997,0.9997,0.9997,0.0
52753,professor,professor,F,F→M,1,professor,professor,True,professor,False,0.9994,0.9994,0.9994,0.0
6013,photographer,photographer,M,M→F,2,photographer,photographer,True,photographer,False,0.9932,0.9936,0.9936,-0.00040000000000006697
21442,professor,professor,M,M→F,4,professor,professor,True,professor,False,0.9997,0.9998,0.9998,-9.999999999998899e-05
28480,teacher,teacher,M,M→F,1,teacher,teacher,True,teacher,False,0.9764,0.9804,0.9804,-0.0040000000000000036
11359,attorney,attorney,F,F→M,4,attorney,attorney,True,attorney,False,0.9998,0.9998,0.9998,0.0
6551,professor,professor,M,M→F,3,professor,professor,True,professor,False,0.9993,0.9994,0.9994,-9.999999999998899e-05
21851,architect,architect,M,M→F,2,architect,architect,True,architect,False,0.855,0.8011,0.8011,0.05389999999999995
13697,professor,professor,F,F→M,3,professor,professor,True,professor,False,0.9349,0.8215,0.8215,0.11339999999999995
93111,professor,professor,F,F→M,3,professor,professor,True,professor,False,0.998,0.9982,0.9982,-0.00019999999999997797
8842,professor,professor,M,M→F,4,professor,professor,True,professor,False,0.9983,0.9985,0.9985,-0.000200000000000089
90522,psychologist,psychologist,M,M→F,1,psychologist,psychologist,True,psychologist,False,0.9993,0.9993,0.9993,0.0
36900,dietitian,dietitian,F,F→M,1,dietitian,dietitian,True,dietitian,False,0.9986,0.9986,0.9986,0.0
36808,physician,physician,F,F→M,2,physician,physician,True,physician,False,0.9996,0.9996,0.9996,0.0
32143,nurse,nurse,F,F→M,1,nurse,nurse,True,nurse,False,0.9997,0.9997,0.9997,0.0
91070,attorney,attorney,M,M→F,5,attorney,attorney,True,attorney,False,0.9996,0.9997,0.9997,-9.999999999998899e-05
40409,professor,professor,M,M→F,1,professor,professor,True,professor,False,0.531,0.7262,0.7262,-0.19519999999999993
72554,nurse,nurse,F,F→M,2,nurse,nurse,True,nurse,False,0.996,0.9952,0.9952,0.0008000000000000229
71862,professor,professor,M,M→F,3,professor,professor,True,professor,False,0.9999,0.9999,0.9999,0.0
70410,journalist,journalist,F,F→M,1,journalist,journalist,True,journalist,False,0.984,0.9532,0.9532,0.03079999999999994
51306,photographer,photographer,F,F→M,2,photographer,photographer,True,photographer,False,0.5163,0.6124,0.6124,-0.09610000000000007
89998,professor,professor,M,M→F,3,professor,professor,True,professor,False,0.9999,0.9999,0.9999,0.0
60351,surgeon,surgeon,M,M→F,1,surgeon,surgeon,True,surgeon,False,0.9988,0.9987,0.9987,9.999999999998899e-05
48840,professor,professor,F,F→M,2,professor,professor,True,professor,False,0.9996,0.9996,0.9996,0.0
23239,psychologist,psychologist,M,M→F,5,psychologist,psychologist,True,psychologist,False,0.9781,0.975,0.975,0.0030999999999999917
8846,professor,professor,F,F→M,5,professor,professor,True,professor,False,0.9891,0.9893,0.9893,-0.00019999999999997797
75434,teacher,teacher,F,F→M,2,teacher,teacher,True,teacher,False,0.7782,0.7334,0.7334,0.04479999999999995
38657,professor,professor,M,M→F,1,professor,professor,True,professor,False,0.9996,0.9996,0.9996,0.0
53116,dietitian,dietitian,F,F→M,3,dietitian,dietitian,True,dietitian,False,0.9969,0.9957,0.9957,0.0011999999999999789
12684,teacher,teacher,F,F→M,3,teacher,teacher,True,teacher,False,0.8045,0.858,0.858,-0.05349999999999999
10473,physician,physician,F,F→M,2,physician,physician,True,physician,False,0.9998,0.9998,0.9998,0.0
58717,physician,physician,M,M→F,6,physician,physician,True,physician,False,0.9239,0.9621,0.9621,-0.0381999999999999
24191,professor,professor,F,F→M,8,professor,professor,True,professor,False,0.9477,0.8972,0.8972,0.05049999999999999
17997,journalist,journalist,F,F→M,3,journalist,journalist,True,journalist,False,0.9978,0.9972,0.9972,0.0006000000000000449
4740,nurse,nurse,M,M→F,2,nurse,nurse,True,nurse,False,0.9494,0.9424,0.9424,0.007000000000000006
86810,nurse,nurse,F,F→M,2,nurse,nurse,True,nurse,False,0.8359,0.8402,0.8402,-0.0042999999999999705
29741,professor,professor,F,F→M,3,professor,professor,True,professor,False,0.9934,0.9923,0.9923,0.0010999999999999899
92639,professor,professor,F,F→M,4,professor,professor,True,professor,False,0.9991,0.9992,0.9992,-9.999999999998899e-05
82485,surgeon,surgeon,M,M→F,1,surgeon,surgeon,True,surgeon,False,0.867,0.7921,0.7921,0.07489999999999997
55751,composer,composer,M,M→F,3,composer,composer,True,composer,False,0.9945,0.995,0.995,-0.0004999999999999449
39398,attorney,attorney,M,M→F,5,attorney,attorney,True,attorney,False,0.9997,0.9998,0.9998,-9.999999999998899e-05
52336,nurse,nurse,F,F→M,2,nurse,nurse,True,attorney,True,0.5385,0.0476,0.3461,0.4909
6314,psychologist,psychologist,F,F→M,1,psychologist,psychologist,True,psychologist,False,0.7442,0.6937,0.6937,0.05049999999999999
84578,photographer,photographer,F,F→M,1,photographer,photographer,True,photographer,False,0.6726,0.8105,0.8105,-0.13790000000000002
76345,professor,professor,M,M→F,2,professor,professor,True,professor,False,0.9968,0.9942,0.9942,0.0026000000000000467
62658,photographer,photographer,M,M→F,3,photographer,photographer,True,photographer,False,0.8001,0.7457,0.7457,0.054400000000000004
91491,photographer,photographer,F,F→M,1,photographer,photographer,True,photographer,False,0.7865,0.9057,0.9057,-0.11919999999999997
84097,professor,professor,M,M→F,1,professor,professor,True,professor,False,0.9974,0.9973,0.9973,9.999999999998899e-05
85047,architect,architect,M,M→F,2,architect,architect,True,architect,False,0.9966,0.9967,0.9967,-9.999999999998899e-05
68131,physician,physician,F,F→M,3,physician,physician,True,physician,False,0.9998,0.9998,0.9998,0.0
27881,professor,professor,M,M→F,1,professor,professor,True,professor,False,0.9976,0.9978,0.9978,-0.00019999999999997797
68489,journalist,journalist,F,F→M,3,journalist,journalist,True,journalist,False,0.996,0.995,0.995,0.0010000000000000009
33093,teacher,teacher,M,M→F,3,teacher,teacher,True,teacher,False,0.257,0.2266,0.2266,0.03040000000000001
84896,dentist,dentist,M,M→F,2,dentist,dentist,True,dentist,False,0.9548,0.9585,0.9585,-0.0037000000000000366
88437,photographer,photographer,M,M→F,2,photographer,photographer,True,photographer,False,0.9451,0.9632,0.9632,-0.018099999999999894
65579,surgeon,surgeon,M,M→F,2,surgeon,surgeon,True,surgeon,False,0.7612,0.6434,0.6434,0.11780000000000002
50563,physician,physician,F,F→M,1,physician,physician,True,physician,False,0.9994,0.9994,0.9994,0.0
46302,dentist,dentist,F,F→M,2,dentist,dentist,True,dentist,False,0.975,0.9871,0.9871,-0.0121
15309,attorney,attorney,M,M→F,2,attorney,attorney,True,attorney,False,0.9513,0.9454,0.9454,0.005900000000000016
22867,professor,professor,F,F→M,6,professor,professor,True,professor,False,0.9986,0.9987,0.9987,-9.999999999998899e-05
62621,psychologist,psychologist,F,F→M,4,psychologist,psychologist,True,psychologist,False,0.9987,0.9988,0.9988,-9.999999999998899e-05
15452,composer,composer,M,M→F,2,composer,composer,True,composer,False,0.9965,0.9962,0.9962,0.000300000000000078
51695,professor,professor,F,F→M,3,professor,professor,True,professor,False,0.999,0.9987,0.9987,0.00029999999999996696
94756,photographer,photographer,M,M→F,2,photographer,photographer,True,photographer,False,0.9131,0.9267,0.9267,-0.013599999999999945
57456,photographer,photographer,M,M→F,3,photographer,photographer,True,photographer,False,0.988,0.9821,0.9821,0.005900000000000016
59259,professor,professor,M,M→F,2,professor,professor,True,professor,False,0.9972,0.9979,0.9979,-0.0007000000000000339
23455,professor,professor,F,F→M,2,professor,professor,True,professor,False,0.9995,0.9996,0.9996,-9.999999999998899e-05
13699,professor,professor,M,M→F,3,professor,professor,True,professor,False,0.9996,0.9995,0.9995,9.999999999998899e-05
38984,architect,architect,M,M→F,2,architect,architect,True,attorney,True,0.3645,0.08,0.3246,0.2845
86605,professor,professor,M,M→F,8,professor,professor,True,professor,False,0.9997,0.9997,0.9997,0.0
38637,attorney,attorney,F,F→M,5,attorney,attorney,True,attorney,False,0.9998,0.9998,0.9998,0.0
18779,photographer,photographer,M,M→F,2,photographer,photographer,True,photographer,False,0.9643,0.9429,0.9429,0.021400000000000086
85658,dentist,dentist,M,M→F,2,dentist,dentist,True,dentist,False,0.9978,0.9978,0.9978,0.0
10208,psychologist,psychologist,F,F→M,5,psychologist,psychologist,True,psychologist,False,0.9988,0.999,0.999,-0.00019999999999997797
66909,accountant,accountant,F,F→M,1,accountant,accountant,True,accountant,False,0.9496,0.9743,0.9743,-0.024700000000000055
68771,dentist,dentist,F,F→M,1,dentist,dentist,True,dentist,False,0.962,0.9598,0.9598,0.0021999999999999797
36766,attorney,attorney,F,F→M,1,attorney,attorney,True,attorney,False,0.9882,0.9978,0.9978,-0.009600000000000053
76580,professor,professor,M,M→F,5,professor,professor,True,professor,False,0.9995,0.9995,0.9995,0.0
13838,model,model,F,F→M,4,model,model,True,model,False,0.9995,0.999,0.999,0.000500000000000056
9735,physician,physician,M,M→F,2,physician,physician,True,physician,False,0.9997,0.9997,0.9997,0.0
51513,professor,professor,M,M→F,3,professor,professor,True,professor,False,0.6048,0.7742,0.7742,-0.1694
63979,physician,physician,M,M→F,4,physician,physician,True,physician,False,0.9586,0.9878,0.9878,-0.029200000000000004
25862,physician,physician,F,F→M,3,physician,physician,True,physician,False,0.9998,0.9998,0.9998,0.0
57974,surgeon,surgeon,M,M→F,1,surgeon,surgeon,True,surgeon,False,0.9438,0.878,0.878,0.06579999999999997
38603,professor,professor,F,F→M,2,professor,professor,True,professor,False,0.9915,0.9935,0.9935,-0.0020000000000000018
49942,professor,professor,M,M→F,5,professor,professor,True,professor,False,0.9998,0.9998,0.9998,0.0
65346,software engineer,software engineer,M,M→F,4,software engineer,software engineer,True,software engineer,False,0.9831,0.9776,0.9776,0.005499999999999949
82854,dentist,dentist,M,M→F,1,dentist,dentist,True,dentist,False,0.9974,0.9974,0.9974,0.0
33142,professor,professor,M,M→F,2,professor,professor,True,professor,False,0.9986,0.9987,0.9987,-9.999999999998899e-05
50356,filmmaker,filmmaker,F,F→M,3,filmmaker,filmmaker,True,filmmaker,False,0.9951,0.9951,0.9951,0.0
14592,attorney,attorney,F,F→M,2,attorney,attorney,True,attorney,False,0.9967,0.9971,0.9971,-0.00039999999999995595
93860,professor,professor,F,F→M,2,professor,professor,True,professor,False,0.9996,0.9997,0.9997,-9.999999999998899e-05
67756,psychologist,psychologist,M,M→F,2,psychologist,psychologist,True,psychologist,False,0.9989,0.9989,0.9989,0.0
4394,journalist,journalist,M,M→F,2,journalist,journalist,True,journalist,False,0.9879,0.9947,0.9947,-0.006800000000000028
64038,physician,physician,F,F→M,2,physician,physician,True,physician,False,0.9965,0.9935,0.9935,0.0030000000000000027
78385,attorney,attorney,M,M→F,6,attorney,attorney,True,attorney,False,0.9995,0.9996,0.9996,-9.999999999998899e-05
79403,attorney,attorney,M,M→F,6,attorney,attorney,True,attorney,False,0.9998,0.9997,0.9997,9.999999999998899e-05
90392,journalist,journalist,F,F→M,1,journalist,journalist,True,journalist,False,0.3608,0.3279,0.3279,0.032899999999999985
17588,professor,professor,F,F→M,4,professor,professor,True,professor,False,0.9997,0.9998,0.9998,-9.999999999998899e-05
24140,nurse,nurse,F,F→M,5,nurse,nurse,True,nurse,False,0.9995,0.9994,0.9994,0.00010000000000010001
14646,physician,physician,M,M→F,2,physician,physician,True,physician,False,0.9998,0.9998,0.9998,0.0
17841,photographer,photographer,F,F→M,1,photographer,photographer,True,photographer,False,0.9987,0.9987,0.9987,0.0
65415,professor,professor,M,M→F,2,professor,professor,True,professor,False,0.9998,0.9998,0.9998,0.0
58919,professor,professor,F,F→M,3,professor,professor,True,professor,False,0.9996,0.9996,0.9996,0.0
42060,physician,physician,F,F→M,3,physician,physician,True,physician,False,0.9998,0.9998,0.9998,0.0
83381,professor,professor,M,M→F,1,professor,professor,True,professor,False,0.9993,0.9991,0.9991,0.00019999999999997797
16917,physician,physician,F,F→M,4,physician,physician,True,physician,False,0.9838,0.98,0.98,0.0038000000000000256
79689,professor,professor,M,M→F,3,professor,professor,True,professor,False,0.9997,0.9997,0.9997,0.0
28718,psychologist,psychologist,M,M→F,1,psychologist,psychologist,True,psychologist,False,0.9299,0.9143,0.9143,0.015599999999999947
73209,professor,professor,F,F→M,1,professor,professor,True,professor,False,0.9995,0.9995,0.9995,0.0
17265,physician,physician,M,M→F,1,physician,physician,True,physician,False,0.9823,0.9383,0.9383,0.04399999999999993
55102,architect,architect,M,M→F,4,architect,architect,True,architect,False,0.9957,0.9959,0.9959,-0.00019999999999997797
556,professor,professor,M,M→F,6,professor,professor,True,professor,False,0.9998,0.9998,0.9998,0.0
24634,professor,professor,F,F→M,10,professor,professor,True,professor,False,0.9996,0.9996,0.9996,0.0
27305,journalist,journalist,M,M→F,4,journalist,journalist,True,journalist,False,0.8873,0.9563,0.9563,-0.06900000000000006
11784,physician,physician,M,M→F,4,physician,physician,True,physician,False,0.9961,0.9972,0.9972,-0.0010999999999999899
659,physician,physician,M,M→F,2,physician,physician,True,physician,False,0.5209,0.6183,0.6183,-0.09739999999999993
7190,physician,physician,M,M→F,2,physician,physician,True,physician,False,0.9869,0.9947,0.9947,-0.007800000000000029
24430,journalist,journalist,M,M→F,6,journalist,journalist,True,journalist,False,0.9428,0.9777,0.9777,-0.03490000000000004
17726,attorney,attorney,M,M→F,1,attorney,attorney,True,attorney,False,0.9996,0.9996,0.9996,0.0
7550,professor,professor,M,M→F,3,professor,professor,True,professor,False,0.9998,0.9998,0.9998,0.0
25200,attorney,attorney,M,M→F,1,attorney,attorney,True,attorney,False,0.9324,0.8495,0.8495,0.08289999999999997
15166,attorney,attorney,M,M→F,1,attorney,attorney,True,attorney,False,0.9984,0.9957,0.9957,0.0026999999999999247
95147,professor,professor,F,F→M,2,professor,professor,True,professor,False,0.9998,0.9998,0.9998,0.0
81678,surgeon,surgeon,F,F→M,1,surgeon,surgeon,True,surgeon,False,0.6564,0.7394,0.7394,-0.08299999999999996
81212,physician,physician,F,F→M,2,physician,physician,True,physician,False,0.997,0.9956,0.9956,0.0013999999999999568
79306,photographer,photographer,M,M→F,2,photographer,photographer,True,photographer,False,0.9983,0.9983,0.9983,0.0
3546,composer,composer,F,F→M,4,composer,composer,True,composer,False,0.9972,0.9977,0.9977,-0.000500000000000056
52495,photographer,photographer,M,M→F,4,photographer,photographer,True,photographer,False,0.9761,0.9838,0.9838,-0.00770000000000004
53791,professor,professor,F,F→M,1,professor,professor,True,professor,False,0.9996,0.9996,0.9996,0.0
81987,professor,professor,F,F→M,1,professor,professor,True,professor,False,0.4161,0.4055,0.4055,0.010599999999999998
22627,professor,professor,M,M→F,2,professor,professor,True,professor,False,0.9995,0.9995,0.9995,0.0
29398,professor,professor,M,M→F,6,professor,professor,True,professor,False,0.9998,0.9998,0.9998,0.0
10165,professor,professor,M,M→F,4,professor,professor,True,professor,False,0.996,0.9963,0.9963,-0.00029999999999996696
28947,physician,physician,F,F→M,3,physician,physician,True,physician,False,0.9998,0.9998,0.9998,0.0
6696,poet,poet,M,M→F,1,poet,poet,True,poet,False,0.6831,0.4968,0.4968,0.18630000000000002
5053,architect,architect,M,M→F,2,architect,architect,True,architect,False,0.9887,0.9845,0.9845,0.0041999999999999815
35842,professor,professor,F,F→M,3,professor,professor,True,professor,False,0.9992,0.9993,0.9993,-9.999999999998899e-05
31623,physician,physician,M,M→F,2,physician,physician,True,physician,False,0.9997,0.9997,0.9997,0.0
40083,professor,professor,M,M→F,5,professor,professor,True,professor,False,0.9997,0.9997,0.9997,0.0
19737,journalist,journalist,F,F→M,3,journalist,journalist,True,journalist,False,0.9983,0.9979,0.9979,0.00039999999999995595
75878,architect,architect,M,M→F,4,architect,architect,True,architect,False,0.9881,0.9836,0.9836,0.0044999999999999485
23744,professor,professor,F,F→M,3,professor,professor,True,attorney,True,0.4378,0.1125,0.2069,0.32530000000000003
70198,physician,physician,F,F→M,4,physician,physician,True,physician,False,0.9979,0.9965,0.9965,0.0013999999999999568
22714,professor,professor,F,F→M,1,professor,professor,True,professor,False,0.9954,0.9945,0.9945,0.0008999999999999009
91970,physician,physician,F,F→M,2,physician,physician,True,physician,False,0.8333,0.9352,0.9352,-0.10189999999999999
11852,filmmaker,filmmaker,M,M→F,1,filmmaker,filmmaker,True,filmmaker,False,0.9938,0.994,0.994,-0.00019999999999997797
85341,professor,professor,M,M→F,1,professor,professor,True,professor,False,0.9774,0.9604,0.9604,0.017000000000000015
12989,poet,poet,M,M→F,6,poet,poet,True,poet,False,0.9917,0.9913,0.9913,0.00040000000000006697
72533,professor,professor,M,M→F,1,professor,professor,True,professor,False,0.9994,0.9992,0.9992,0.00019999999999997797
66765,professor,professor,M,M→F,3,professor,professor,True,professor,False,0.9977,0.9979,0.9979,-0.00019999999999997797
58171,dentist,dentist,F,F→M,3,dentist,dentist,True,dentist,False,0.9614,0.9588,0.9588,0.0026000000000000467
30463,attorney,attorney,M,M→F,5,attorney,attorney,True,attorney,False,0.986,0.9677,0.9677,0.018299999999999983
20226,professor,professor,F,F→M,3,professor,professor,True,professor,False,0.9667,0.9323,0.9323,0.034399999999999986
49323,filmmaker,filmmaker,M,M→F,2,filmmaker,filmmaker,True,filmmaker,False,0.997,0.9968,0.9968,0.00019999999999997797
45080,attorney,attorney,M,M→F,2,attorney,attorney,True,attorney,False,0.9997,0.9997,0.9997,0.0
46062,professor,professor,M,M→F,3,professor,professor,True,professor,False,0.9987,0.9988,0.9988,-9.999999999998899e-05
89904,physician,physician,F,F→M,3,physician,physician,True,physician,False,0.9998,0.9998,0.9998,0.0
59741,professor,professor,F,F→M,3,professor,professor,True,professor,False,0.9966,0.9967,0.9967,-9.999999999998899e-05
78122,nurse,nurse,F,F→M,3,nurse,nurse,True,nurse,False,0.9969,0.9976,0.9976,-0.0007000000000000339
19856,software engineer,software engineer,M,M→F,2,software engineer,software engineer,True,software engineer,False,0.9605,0.9668,0.9668,-0.006299999999999972
91371,physician,physician,M,M→F,3,physician,physician,True,physician,False,0.9998,0.9998,0.9998,0.0
55854,photographer,photographer,M,M→F,4,photographer,photographer,True,photographer,False,0.9757,0.985,0.985,-0.009299999999999975
88894,comedian,comedian,M,M→F,3,comedian,comedian,True,comedian,False,0.7415,0.6608,0.6608,0.0807
88794,attorney,attorney,F,F→M,3,attorney,attorney,True,attorney,False,0.8923,0.932,0.932,-0.03970000000000007
27882,professor,professor,M,M→F,1,professor,professor,True,professor,False,0.9892,0.9898,0.9898,-0.0006000000000000449
41261,professor,professor,F,F→M,3,professor,professor,True,professor,False,0.9984,0.9988,0.9988,-0.00040000000000006697
804,painter,painter,F,F→M,2,painter,painter,True,painter,False,0.8719,0.9462,0.9462,-0.07430000000000003
34895,software engineer,software engineer,M,M→F,2,software engineer,software engineer,True,software engineer,False,0.843,0.8714,0.8714,-0.02839999999999998
44078,photographer,photographer,M,M→F,2,photographer,photographer,True,photographer,False,0.4692,0.4406,0.4406,0.028600000000000014
40146,professor,professor,M,M→F,2,professor,professor,True,professor,False,0.9476,0.9238,0.9238,0.023800000000000043
18559,photographer,photographer,F,F→M,4,photographer,photographer,True,photographer,False,0.9937,0.9944,0.9944,-0.0006999999999999229
60063,psychologist,psychologist,F,F→M,5,psychologist,psychologist,True,psychologist,False,0.9828,0.9884,0.9884,-0.005599999999999938
55905,physician,physician,M,M→F,2,physician,physician,True,physician,False,0.9824,0.9922,0.9922,-0.00979999999999992
13482,teacher,teacher,F,F→M,1,teacher,teacher,True,teacher,False,0.9645,0.9681,0.9681,-0.0035999999999999366
51135,surgeon,surgeon,M,M→F,6,surgeon,surgeon,True,surgeon,False,0.6919,0.5734,0.5734,0.11849999999999994
87508,physician,physician,M,M→F,1,physician,physician,True,physician,False,0.9768,0.9502,0.9502,0.026599999999999957
10650,model,model,F,F→M,1,model,model,True,model,False,0.9991,0.9987,0.9987,0.00039999999999995595
83149,professor,professor,F,F→M,4,professor,professor,True,professor,False,0.7318,0.7749,0.7749,-0.04310000000000003
25348,physician,physician,F,F→M,3,physician,physician,True,physician,False,0.9998,0.9998,0.9998,0.0
20822,physician,physician,F,F→M,2,physician,physician,True,physician,False,0.6387,0.9228,0.9228,-0.2840999999999999
43622,journalist,journalist,M,M→F,3,journalist,journalist,True,journalist,False,0.9825,0.9918,0.9918,-0.009299999999999975
73713,professor,professor,M,M→F,1,professor,professor,True,professor,False,0.9863,0.9915,0.9915,-0.0052000000000000934
8349,professor,professor,M,M→F,3,professor,professor,True,professor,False,0.9995,0.9995,0.9995,0.0
52335,filmmaker,filmmaker,F,F→M,2,filmmaker,filmmaker,True,filmmaker,False,0.9973,0.9975,0.9975,-0.000200000000000089
74945,comedian,comedian,M,M→F,1,comedian,comedian,True,comedian,False,0.4964,0.4886,0.4886,0.007800000000000029
43961,physician,physician,F,F→M,3,physician,physician,True,physician,False,0.9998,0.9998,0.9998,0.0
5299,physician,physician,F,F→M,2,physician,physician,True,physician,False,0.9998,0.9998,0.9998,0.0
14999,professor,professor,M,M→F,3,professor,professor,True,professor,False,0.9966,0.9963,0.9963,0.000300000000000078
56088,professor,professor,M,M→F,3,professor,professor,True,professor,False,0.5214,0.8148,0.8148,-0.2934
39268,filmmaker,filmmaker,F,F→M,4,filmmaker,filmmaker,True,filmmaker,False,0.997,0.9973,0.9973,-0.00029999999999996696
69189,professor,professor,M,M→F,2,professor,professor,True,professor,False,0.9988,0.9987,0.9987,9.999999999998899e-05
23039,teacher,teacher,F,F→M,6,teacher,teacher,True,teacher,False,0.9985,0.9982,0.9982,0.000300000000000078
7990,professor,professor,M,M→F,3,professor,professor,True,professor,False,0.922,0.9335,0.9335,-0.011499999999999955
11187,professor,professor,M,M→F,4,professor,professor,True,professor,False,0.9996,0.9996,0.9996,0.0
44299,professor,professor,M,M→F,4,professor,professor,True,professor,False,0.9998,0.9998,0.9998,0.0
37888,psychologist,psychologist,F,F→M,2,psychologist,psychologist,True,psychologist,False,0.9987,0.9988,0.9988,-9.999999999998899e-05
40533,physician,physician,F,F→M,9,physician,physician,True,physician,False,0.9877,0.9946,0.9946,-0.006900000000000017
10913,professor,professor,M,M→F,2,professor,professor,True,professor,False,0.9952,0.9951,0.9951,9.999999999998899e-05
60691,nurse,nurse,F,F→M,6,nurse,nurse,True,nurse,False,0.9994,0.9995,0.9995,-0.00010000000000010001
34862,professor,professor,F,F→M,8,professor,professor,True,professor,False,0.9998,0.9998,0.9998,0.0
68434,attorney,attorney,M,M→F,1,attorney,attorney,True,attorney,False,0.9998,0.9998,0.9998,0.0
4680,professor,professor,M,M→F,2,professor,professor,True,professor,False,0.9889,0.9887,0.9887,0.00019999999999997797
51896,photographer,photographer,F,F→M,2,photographer,photographer,True,photographer,False,0.8043,0.9421,0.9421,-0.13780000000000003
43110,physician,physician,F,F→M,3,physician,physician,True,physician,False,0.9998,0.9998,0.9998,0.0
36580,dietitian,dietitian,F,F→M,2,dietitian,dietitian,True,dietitian,False,0.7997,0.4315,0.4315,0.36819999999999997
88684,physician,physician,F,F→M,5,physician,physician,True,physician,False,0.9891,0.9731,0.9731,0.016000000000000014
23742,professor,professor,F,F→M,2,professor,professor,True,professor,False,0.9996,0.9996,0.9996,0.0
91201,professor,professor,F,F→M,3,professor,professor,True,professor,False,0.9996,0.9996,0.9996,0.0
22214,nurse,nurse,F,F→M,6,nurse,nurse,True,physician,True,0.5499,0.0479,0.8864,0.502
44,professor,professor,F,F→M,6,professor,professor,True,professor,False,0.9986,0.998,0.998,0.0006000000000000449
58334,software engineer,software engineer,M,M→F,4,software engineer,software engineer,True,software engineer,False,0.9917,0.9922,0.9922,-0.0004999999999999449
66927,physician,physician,M,M→F,1,physician,physician,True,physician,False,0.5765,0.589,0.589,-0.012499999999999956
47567,professor,professor,F,F→M,4,professor,professor,True,professor,False,0.9998,0.9998,0.9998,0.0
90150,professor,professor,F,F→M,2,professor,professor,True,professor,False,0.9994,0.9995,0.9995,-0.00010000000000010001
92726,physician,physician,F,F→M,3,physician,physician,True,physician,False,0.9998,0.9998,0.9998,0.0
61193,professor,professor,M,M→F,2,professor,professor,True,professor,False,0.9997,0.9998,0.9998,-9.999999999998899e-05
62831,poet,poet,F,F→M,3,poet,poet,True,poet,False,0.9695,0.9644,0.9644,0.005099999999999993
93775,physician,physician,M,M→F,1,physician,physician,True,physician,False,0.9358,0.9546,0.9546,-0.01880000000000004
37255,software engineer,software engineer,M,M→F,1,software engineer,software engineer,True,software engineer,False,0.8808,0.9199,0.9199,-0.039100000000000024
79446,attorney,attorney,M,M→F,1,attorney,attorney,True,attorney,False,0.9994,0.9994,0.9994,0.0
43925,professor,professor,F,F→M,3,professor,professor,True,professor,False,0.9822,0.9811,0.9811,0.0010999999999999899
89663,physician,physician,F,F→M,3,physician,physician,True,physician,False,0.9998,0.9998,0.9998,0.0
35758,physician,physician,F,F→M,2,physician,physician,True,physician,False,0.9998,0.9998,0.9998,0.0
61034,professor,professor,M,M→F,1,professor,professor,True,professor,False,0.9996,0.9996,0.9996,0.0
13527,psychologist,psychologist,F,F→M,1,psychologist,psychologist,True,psychologist,False,0.9973,0.9973,0.9973,0.0
35951,dentist,dentist,F,F→M,1,dentist,dentist,True,dentist,False,0.9982,0.9982,0.9982,0.0
62296,architect,architect,M,M→F,2,architect,architect,True,architect,False,0.9323,0.8957,0.8957,0.036599999999999966
26643,professor,professor,M,M→F,3,professor,professor,True,professor,False,0.9987,0.9986,0.9986,9.999999999998899e-05
47029,dentist,dentist,M,M→F,3,dentist,dentist,True,dentist,False,0.9979,0.998,0.998,-9.999999999998899e-05
1941,accountant,accountant,M,M→F,1,accountant,accountant,True,accountant,False,0.9991,0.999,0.999,9.999999999998899e-05
91298,teacher,teacher,F,F→M,3,teacher,teacher,True,teacher,False,0.527,0.7212,0.7212,-0.19419999999999993
41803,professor,professor,M,M→F,1,professor,professor,True,professor,False,0.9483,0.9729,0.9729,-0.024599999999999955
19971,photographer,photographer,M,M→F,2,photographer,photographer,True,photographer,False,0.999,0.9989,0.9989,9.999999999998899e-05
11600,journalist,journalist,M,M→F,1,journalist,journalist,True,journalist,False,0.997,0.9979,0.9979,-0.0009000000000000119
61710,professor,professor,F,F→M,2,professor,professor,True,professor,False,0.9979,0.9976,0.9976,0.00029999999999996696
64760,professor,professor,F,F→M,1,professor,professor,True,professor,False,0.9997,0.9997,0.9997,0.0
54748,filmmaker,filmmaker,F,F→M,3,filmmaker,filmmaker,True,filmmaker,False,0.9977,0.9978,0.9978,-9.999999999998899e-05
44498,attorney,attorney,M,M→F,4,attorney,attorney,True,attorney,False,0.9997,0.9996,0.9996,9.999999999998899e-05
68474,nurse,nurse,F,F→M,5,nurse,nurse,True,physician,True,0.8956,0.1359,0.5089,0.7596999999999999
16218,physician,physician,M,M→F,4,physician,physician,True,physician,False,0.8634,0.9315,0.9315,-0.06810000000000005
22467,physician,physician,F,F→M,2,physician,physician,True,physician,False,0.9998,0.9998,0.9998,0.0
17099,professor,professor,F,F→M,3,professor,professor,True,professor,False,0.9997,0.9998,0.9998,-9.999999999998899e-05
48852,photographer,photographer,M,M→F,7,photographer,photographer,True,photographer,False,0.9976,0.9979,0.9979,-0.00029999999999996696
8607,professor,professor,F,F→M,1,professor,professor,True,professor,False,0.9996,0.9996,0.9996,0.0
49710,professor,professor,F,F→M,2,professor,professor,True,professor,False,0.9994,0.9993,0.9993,9.999999999998899e-05
38611,dentist,dentist,M,M→F,2,dentist,dentist,True,dentist,False,0.8327,0.9262,0.9262,-0.09350000000000003
12083,professor,professor,F,F→M,3,professor,professor,True,professor,False,0.9996,0.9997,0.9997,-9.999999999998899e-05
70054,physician,physician,F,F→M,2,physician,physician,True,physician,False,0.8986,0.9537,0.9537,-0.05510000000000004
76239,attorney,attorney,M,M→F,1,attorney,attorney,True,attorney,False,0.9696,0.9333,0.9333,0.0363
75866,professor,professor,F,F→M,4,professor,professor,True,professor,False,0.9991,0.9991,0.9991,0.0
20541,attorney,attorney,F,F→M,2,attorney,attorney,True,attorney,False,0.9895,0.9867,0.9867,0.0028000000000000247
31598,journalist,journalist,F,F→M,1,journalist,journalist,True,journalist,False,0.9987,0.9982,0.9982,0.000500000000000056
70094,professor,professor,F,F→M,4,professor,professor,True,professor,False,0.9998,0.9998,0.9998,0.0
66486,photographer,photographer,M,M→F,1,photographer,photographer,True,photographer,False,0.9826,0.9725,0.9725,0.010099999999999998
77151,software engineer,software engineer,M,M→F,3,software engineer,software engineer,True,software engineer,False,0.9492,0.9506,0.9506,-0.0013999999999999568
45097,photographer,photographer,M,M→F,4,photographer,photographer,True,photographer,False,0.9947,0.9872,0.9872,0.007500000000000062
74778,professor,professor,F,F→M,4,professor,professor,True,professor,False,0.9993,0.9993,0.9993,0.0
78276,nurse,nurse,F,F→M,1,nurse,nurse,True,nurse,False,0.9991,0.9991,0.9991,0.0
3712,physician,physician,F,F→M,2,physician,physician,True,physician,False,0.9997,0.9998,0.9998,-9.999999999998899e-05
23116,professor,professor,M,M→F,5,professor,professor,True,professor,False,0.9996,0.9996,0.9996,0.0
26726,accountant,accountant,F,F→M,5,accountant,accountant,True,accountant,False,0.999,0.999,0.999,0.0
31052,model,model,M,M→F,1,model,model,True,model,False,0.7938,0.8774,0.8774,-0.08360000000000001
5094,composer,composer,F,F→M,1,composer,composer,True,composer,False,0.8419,0.9702,0.9702,-0.12829999999999997
47502,attorney,attorney,M,M→F,2,attorney,attorney,True,attorney,False,0.5706,0.5114,0.5114,0.05920000000000003
80560,poet,poet,F,F→M,2,poet,poet,True,poet,False,0.6438,0.7686,0.7686,-0.12479999999999991
90982,composer,composer,M,M→F,1,composer,composer,True,composer,False,0.9941,0.9923,0.9923,0.0018000000000000238
59486,professor,professor,M,M→F,3,professor,professor,True,professor,False,0.9997,0.9996,0.9996,9.999999999998899e-05
9307,professor,professor,M,M→F,1,professor,professor,True,professor,False,0.9016,0.7953,0.7953,0.10629999999999995
58861,professor,professor,F,F→M,1,professor,professor,True,professor,False,0.9955,0.9966,0.9966,-0.0010999999999999899
3342,teacher,teacher,M,M→F,1,teacher,teacher,True,journalist,True,0.5325,0.4666,0.4854,0.06589999999999996
14098,psychologist,psychologist,F,F→M,3,psychologist,psychologist,True,psychologist,False,0.864,0.9216,0.9216,-0.057599999999999985
74224,physician,physician,F,F→M,2,physician,physician,True,physician,False,0.9915,0.9843,0.9843,0.007200000000000095
89030,professor,professor,F,F→M,6,professor,professor,True,professor,False,0.9994,0.9992,0.9992,0.00019999999999997797
78493,psychologist,psychologist,F,F→M,5,psychologist,psychologist,True,psychologist,False,0.9937,0.9917,0.9917,0.0020000000000000018
29428,professor,professor,F,F→M,3,professor,professor,True,professor,False,0.9985,0.9987,0.9987,-0.00019999999999997797
52407,attorney,attorney,M,M→F,2,attorney,attorney,True,attorney,False,0.9996,0.9995,0.9995,9.999999999998899e-05
42222,physician,physician,F,F→M,3,physician,physician,True,physician,False,0.5314,0.7367,0.7367,-0.20530000000000004
34155,architect,architect,M,M→F,6,architect,architect,True,architect,False,0.7661,0.655,0.655,0.11109999999999998
21167,professor,professor,F,F→M,3,professor,professor,True,professor,False,0.993,0.9955,0.9955,-0.0025000000000000577
43208,architect,architect,M,M→F,1,architect,architect,True,architect,False,0.8493,0.8438,0.8438,0.00550000000000006
54699,architect,architect,F,F→M,6,architect,architect,True,architect,False,0.9987,0.9987,0.9987,0.0
38674,professor,professor,F,F→M,1,professor,professor,True,professor,False,0.9952,0.9942,0.9942,0.0010000000000000009
48772,professor,professor,F,F→M,14,professor,professor,True,professor,False,0.9991,0.9992,0.9992,-9.999999999998899e-05
68259,attorney,attorney,M,M→F,3,attorney,attorney,True,attorney,False,0.9603,0.9441,0.9441,0.016199999999999992
86480,physician,physician,M,M→F,3,physician,physician,True,physician,False,0.9925,0.9891,0.9891,0.0034000000000000696
90130,poet,poet,F,F→M,3,poet,poet,True,poet,False,0.9868,0.9876,0.9876,-0.0008000000000000229
74765,architect,architect,M,M→F,1,architect,architect,True,architect,False,0.998,0.9976,0.9976,0.00039999999999995595
93978,composer,composer,F,F→M,5,composer,composer,True,composer,False,0.9976,0.9976,0.9976,0.0
87867,professor,professor,M,M→F,2,professor,professor,True,professor,False,0.9986,0.9986,0.9986,0.0
48180,attorney,attorney,M,M→F,4,attorney,attorney,True,attorney,False,0.9998,0.9998,0.9998,0.0
32972,teacher,teacher,F,F→M,3,teacher,teacher,True,photographer,True,0.359,0.0824,0.6683,0.27659999999999996
32711,nurse,nurse,F,F→M,3,nurse,nurse,True,surgeon,True,0.9237,0.0404,0.4567,0.8833
6673,accountant,accountant,M,M→F,2,accountant,accountant,True,accountant,False,0.9961,0.9964,0.9964,-0.00029999999999996696
80434,attorney,attorney,F,F→M,3,attorney,attorney,True,attorney,False,0.9997,0.9997,0.9997,0.0
38333,professor,professor,M,M→F,2,professor,professor,True,professor,False,0.9996,0.9996,0.9996,0.0
25059,professor,professor,F,F→M,6,professor,professor,True,professor,False,0.9996,0.9997,0.9997,-9.999999999998899e-05
5645,professor,professor,M,M→F,1,professor,professor,True,professor,False,0.9305,0.9171,0.9171,0.013399999999999967
92516,journalist,journalist,F,F→M,3,journalist,journalist,True,journalist,False,0.998,0.9975,0.9975,0.0004999999999999449
27554,psychologist,psychologist,F,F→M,4,psychologist,psychologist,True,psychologist,False,0.9988,0.999,0.999,-0.00019999999999997797
36109,photographer,photographer,M,M→F,3,photographer,photographer,True,photographer,False,0.9946,0.9915,0.9915,0.0030999999999999917
64205,model,model,F,F→M,6,model,model,True,model,False,0.9948,0.8147,0.8147,0.18010000000000004
53421,architect,architect,F,F→M,3,architect,architect,True,architect,False,0.9968,0.9973,0.9973,-0.0004999999999999449
26682,physician,physician,F,F→M,5,physician,physician,True,physician,False,0.9987,0.996,0.996,0.0027000000000000357
26737,attorney,attorney,M,M→F,2,attorney,attorney,True,attorney,False,0.9987,0.9988,0.9988,-9.999999999998899e-05
7858,professor,professor,F,F→M,2,professor,professor,True,professor,False,0.984,0.9798,0.9798,0.0041999999999999815
61696,professor,professor,F,F→M,2,professor,professor,True,professor,False,0.9997,0.9997,0.9997,0.0
20441,filmmaker,filmmaker,M,M→F,3,filmmaker,filmmaker,True,filmmaker,False,0.9173,0.9195,0.9195,-0.0021999999999999797
42200,professor,professor,M,M→F,5,professor,professor,True,professor,False,0.9989,0.9991,0.9991,-0.00019999999999997797
18732,nurse,nurse,F,F→M,9,nurse,nurse,True,nurse,False,0.9996,0.9995,0.9995,9.999999999998899e-05
78654,psychologist,psychologist,F,F→M,1,psychologist,psychologist,True,psychologist,False,0.9994,0.9994,0.9994,0.0
11156,physician,physician,F,F→M,4,physician,physician,True,physician,False,0.9794,0.9602,0.9602,0.019199999999999995
77846,attorney,attorney,F,F→M,4,attorney,attorney,True,attorney,False,0.7749,0.8873,0.8873,-0.11239999999999994
48658,professor,professor,M,M→F,3,professor,professor,True,professor,False,0.9996,0.9996,0.9996,0.0
30942,psychologist,psychologist,M,M→F,1,psychologist,psychologist,True,psychologist,False,0.8509,0.8371,0.8371,0.013800000000000034
43983,attorney,attorney,M,M→F,5,attorney,attorney,True,attorney,False,0.7258,0.7572,0.7572,-0.031399999999999983
44544,attorney,attorney,M,M→F,1,attorney,attorney,True,attorney,False,0.9997,0.9997,0.9997,0.0
85952,professor,professor,M,M→F,2,professor,professor,True,professor,False,0.9992,0.9992,0.9992,0.0
62170,teacher,teacher,M,M→F,5,teacher,teacher,True,journalist,True,0.4067,0.3637,0.3713,0.04299999999999998
89370,filmmaker,filmmaker,F,F→M,3,filmmaker,filmmaker,True,filmmaker,False,0.9681,0.9687,0.9687,-0.0006000000000000449
18158,attorney,attorney,M,M→F,2,attorney,attorney,True,attorney,False,0.9987,0.9984,0.9984,0.000300000000000078
77201,professor,professor,M,M→F,5,professor,professor,True,professor,False,0.9997,0.9998,0.9998,-9.999999999998899e-05
52820,psychologist,psychologist,M,M→F,7,psychologist,psychologist,True,psychologist,False,0.9987,0.9985,0.9985,0.00019999999999997797
45176,professor,professor,M,M→F,2,professor,professor,True,professor,False,0.9979,0.998,0.998,-9.999999999998899e-05
58044,physician,physician,M,M→F,3,physician,physician,True,physician,False,0.9998,0.9998,0.9998,0.0
56744,professor,professor,M,M→F,4,professor,professor,True,professor,False,0.9997,0.9998,0.9998,-9.999999999998899e-05
28898,composer,composer,M,M→F,5,composer,composer,True,composer,False,0.9905,0.9892,0.9892,0.0013000000000000789
16998,professor,professor,M,M→F,4,professor,professor,True,professor,False,0.999,0.9988,0.9988,0.00019999999999997797
3594,dentist,dentist,M,M→F,1,dentist,dentist,True,dentist,False,0.9852,0.9855,0.9855,-0.000300000000000078
13086,professor,professor,F,F→M,2,professor,professor,True,professor,False,0.9853,0.9839,0.9839,0.0013999999999999568
53396,physician,physician,F,F→M,2,physician,physician,True,physician,False,0.9997,0.9997,0.9997,0.0
77747,professor,professor,F,F→M,2,professor,professor,True,professor,False,0.9827,0.9774,0.9774,0.005299999999999971
33641,attorney,attorney,F,F→M,3,attorney,attorney,True,accountant,True,0.2648,0.2043,0.2055,0.06049999999999997
85216,nurse,nurse,F,F→M,1,nurse,nurse,True,nurse,False,0.9997,0.9997,0.9997,0.0
75410,professor,professor,F,F→M,2,professor,professor,True,professor,False,0.9991,0.9991,0.9991,0.0
40115,professor,professor,F,F→M,6,professor,professor,True,professor,False,0.9996,0.9997,0.9997,-9.999999999998899e-05
7580,professor,professor,M,M→F,3,professor,professor,True,professor,False,0.9997,0.9997,0.9997,0.0
93321,professor,professor,M,M→F,2,professor,professor,True,professor,False,0.9883,0.9862,0.9862,0.0020999999999999908
63339,physician,physician,F,F→M,2,physician,physician,True,physician,False,0.9998,0.9998,0.9998,0.0
63073,nurse,nurse,M,M→F,1,nurse,nurse,True,nurse,False,0.9997,0.9997,0.9997,0.0
34254,dietitian,dietitian,F,F→M,3,dietitian,dietitian,True,dietitian,False,0.9797,0.8832,0.8832,0.09650000000000003
7648,teacher,teacher,F,F→M,1,teacher,teacher,True,teacher,False,0.9981,0.9983,0.9983,-0.00019999999999997797
55753,professor,professor,F,F→M,2,professor,professor,True,professor,False,0.9993,0.9991,0.9991,0.00019999999999997797
28785,physician,physician,M,M→F,1,physician,physician,True,physician,False,0.9883,0.9929,0.9929,-0.0046000000000000485
79050,accountant,accountant,M,M→F,4,accountant,accountant,True,accountant,False,0.9983,0.9979,0.9979,0.00039999999999995595
11919,physician,physician,F,F→M,4,physician,physician,True,physician,False,0.9922,0.9767,0.9767,0.015499999999999958
45556,professor,professor,F,F→M,2,professor,professor,True,professor,False,0.9998,0.9998,0.9998,0.0
8066,dentist,dentist,M,M→F,1,dentist,dentist,True,dentist,False,0.9798,0.9803,0.9803,-0.0004999999999999449
76638,psychologist,psychologist,F,F→M,1,psychologist,psychologist,True,psychologist,False,0.4529,0.5252,0.5252,-0.07229999999999998
65408,professor,professor,F,F→M,2,professor,professor,True,professor,False,0.9869,0.9885,0.9885,-0.0016000000000000458
6324,psychologist,psychologist,F,F→M,2,psychologist,psychologist,True,psychologist,False,0.9973,0.9978,0.9978,-0.000500000000000056
31209,professor,professor,M,M→F,5,professor,professor,True,professor,False,0.811,0.9243,0.9243,-0.11329999999999996
80536,software engineer,software engineer,F,F→M,1,software engineer,software engineer,True,software engineer,False,0.9044,0.8812,0.8812,0.0232
35655,accountant,accountant,F,F→M,4,accountant,accountant,True,accountant,False,0.9989,0.9989,0.9989,0.0
38095,dentist,dentist,M,M→F,3,dentist,dentist,True,dentist,False,0.9977,0.9978,0.9978,-9.999999999998899e-05
59230,software engineer,software engineer,M,M→F,2,software engineer,software engineer,True,software engineer,False,0.9857,0.9872,0.9872,-0.0014999999999999458
382,physician,physician,F,F→M,2,physician,physician,True,physician,False,0.9978,0.998,0.998,-0.00019999999999997797
56052,photographer,photographer,F,F→M,4,photographer,photographer,True,photographer,False,0.9986,0.9985,0.9985,9.999999999998899e-05
29029,physician,physician,F,F→M,2,physician,physician,True,physician,False,0.9998,0.9998,0.9998,0.0
64880,poet,poet,F,F→M,1,poet,poet,True,poet,False,0.9234,0.9278,0.9278,-0.0043999999999999595
28007,professor,professor,M,M→F,9,professor,professor,True,professor,False,0.9995,0.9996,0.9996,-9.999999999998899e-05
7715,professor,professor,M,M→F,1,professor,professor,True,professor,False,0.987,0.9907,0.9907,-0.0037000000000000366
83057,physician,physician,M,M→F,1,physician,physician,True,physician,False,0.84,0.8604,0.8604,-0.020400000000000085
31656,nurse,nurse,F,F→M,2,nurse,nurse,True,nurse,False,0.9951,0.9962,0.9962,-0.0010999999999999899
24198,journalist,journalist,M,M→F,4,journalist,journalist,True,journalist,False,0.9988,0.9989,0.9989,-9.999999999998899e-05
75006,nurse,nurse,F,F→M,5,nurse,nurse,True,nurse,False,0.9997,0.9997,0.9997,0.0
85460,surgeon,surgeon,M,M→F,2,surgeon,surgeon,True,surgeon,False,0.9989,0.9989,0.9989,0.0
85436,photographer,photographer,F,F→M,9,photographer,photographer,True,photographer,False,0.9962,0.9942,0.9942,0.0020000000000000018
46201,attorney,attorney,M,M→F,5,attorney,attorney,True,attorney,False,0.3897,0.2732,0.2732,0.11649999999999999
16118,physician,physician,M,M→F,4,physician,physician,True,physician,False,0.9036,0.9365,0.9365,-0.03290000000000004
78796,professor,professor,M,M→F,5,professor,professor,True,professor,False,0.8593,0.9053,0.9053,-0.04600000000000004
8643,journalist,journalist,M,M→F,3,journalist,journalist,True,journalist,False,0.999,0.9991,0.9991,-9.999999999998899e-05
22362,professor,professor,M,M→F,2,professor,professor,True,professor,False,0.974,0.9722,0.9722,0.0018000000000000238
69278,professor,professor,M,M→F,3,professor,professor,True,professor,False,0.9162,0.947,0.947,-0.03079999999999994
9803,professor,professor,M,M→F,3,professor,professor,True,professor,False,0.9997,0.9997,0.9997,0.0
63303,psychologist,psychologist,F,F→M,2,psychologist,psychologist,True,psychologist,False,0.9959,0.9963,0.9963,-0.00039999999999995595
69772,architect,architect,M,M→F,4,architect,architect,True,nurse,True,0.2547,0.0075,0.4181,0.24719999999999998
80465,journalist,journalist,M,M→F,4,journalist,journalist,True,journalist,False,0.9964,0.9971,0.9971,-0.0007000000000000339
32928,physician,physician,F,F→M,3,physician,physician,True,physician,False,0.9039,0.8611,0.8611,0.04280000000000006
38052,professor,professor,M,M→F,1,professor,professor,True,professor,False,0.9986,0.9985,0.9985,9.999999999998899e-05
56174,nurse,nurse,F,F→M,1,nurse,nurse,True,nurse,False,0.9997,0.9997,0.9997,0.0
7564,attorney,attorney,M,M→F,3,attorney,attorney,True,attorney,False,0.9997,0.9997,0.9997,0.0
45840,physician,physician,M,M→F,2,physician,physician,True,professor,True,0.7028,0.3199,0.5573,0.38289999999999996
41134,professor,professor,M,M→F,5,professor,professor,True,professor,False,0.9993,0.9994,0.9994,-9.999999999998899e-05
56216,physician,physician,M,M→F,4,physician,physician,True,physician,False,0.5336,0.6287,0.6287,-0.09510000000000007
63796,professor,professor,F,F→M,3,professor,professor,True,professor,False,0.7344,0.7931,0.7931,-0.058699999999999974
59833,attorney,attorney,M,M→F,2,attorney,attorney,True,attorney,False,0.9994,0.9994,0.9994,0.0
24281,professor,professor,F,F→M,3,professor,professor,True,professor,False,0.9982,0.9983,0.9983,-9.999999999998899e-05
84369,professor,professor,M,M→F,2,professor,professor,True,professor,False,0.9997,0.9997,0.9997,0.0
65064,professor,professor,F,F→M,1,professor,professor,True,professor,False,0.9992,0.9992,0.9992,0.0
61172,teacher,teacher,F,F→M,7,teacher,teacher,True,teacher,False,0.9499,0.9571,0.9571,-0.007199999999999984
9792,photographer,photographer,F,F→M,1,photographer,photographer,True,photographer,False,0.3579,0.3568,0.3568,0.0010999999999999899
26220,professor,professor,F,F→M,3,professor,professor,True,professor,False,0.9984,0.9984,0.9984,0.0
21266,professor,professor,M,M→F,3,professor,professor,True,professor,False,0.999,0.9992,0.9992,-0.00019999999999997797
11550,professor,professor,M,M→F,1,professor,professor,True,professor,False,0.9962,0.9964,0.9964,-0.00019999999999997797
49347,professor,professor,F,F→M,6,professor,professor,True,professor,False,0.9985,0.9987,0.9987,-0.00019999999999997797
5419,journalist,journalist,M,M→F,3,journalist,journalist,True,journalist,False,0.9644,0.969,0.969,-0.0045999999999999375
63833,attorney,attorney,F,F→M,7,attorney,attorney,True,attorney,False,0.9984,0.9983,0.9983,9.999999999998899e-05
87350,attorney,attorney,M,M→F,3,attorney,attorney,True,attorney,False,0.9478,0.9412,0.9412,0.006599999999999939
15937,photographer,photographer,M,M→F,2,photographer,photographer,True,photographer,False,0.9982,0.9983,0.9983,-9.999999999998899e-05
7490,psychologist,psychologist,F,F→M,6,psychologist,psychologist,True,attorney,True,0.5982,0.1917,0.4311,0.4065
70964,nurse,nurse,F,F→M,4,nurse,nurse,True,nurse,False,0.9994,0.9995,0.9995,-0.00010000000000010001
8246,dentist,dentist,M,M→F,3,dentist,dentist,True,dentist,False,0.998,0.9981,0.9981,-9.999999999998899e-05
349,professor,professor,M,M→F,4,professor,professor,True,professor,False,0.9993,0.9994,0.9994,-9.999999999998899e-05
30395,physician,physician,M,M→F,5,physician,physician,True,physician,False,0.8654,0.9255,0.9255,-0.06010000000000004
32124,attorney,attorney,F,F→M,7,attorney,attorney,True,attorney,False,0.9998,0.9998,0.9998,0.0
4087,attorney,attorney,M,M→F,2,attorney,attorney,True,attorney,False,0.9997,0.9997,0.9997,0.0
87967,dentist,dentist,F,F→M,2,dentist,dentist,True,dentist,False,0.9906,0.9882,0.9882,0.0024000000000000687
8815,nurse,nurse,F,F→M,1,nurse,nurse,True,nurse,False,0.9997,0.9997,0.9997,0.0
56005,photographer,photographer,M,M→F,1,photographer,photographer,True,photographer,False,0.9983,0.9983,0.9983,0.0
64139,professor,professor,M,M→F,3,professor,professor,True,professor,False,0.9966,0.9971,0.9971,-0.0004999999999999449
7668,professor,professor,M,M→F,3,professor,professor,True,professor,False,0.9994,0.9994,0.9994,0.0
23866,professor,professor,M,M→F,3,professor,professor,True,professor,False,0.9988,0.9989,0.9989,-9.999999999998899e-05
12173,professor,professor,F,F→M,2,professor,professor,True,architect,True,0.5949,0.4328,0.5415,0.16209999999999997
84415,photographer,photographer,M,M→F,1,photographer,photographer,True,photographer,False,0.9947,0.9941,0.9941,0.0006000000000000449
15028,physician,physician,F,F→M,2,physician,physician,True,physician,False,0.9997,0.9997,0.9997,0.0
56990,professor,professor,M,M→F,4,professor,professor,True,professor,False,0.9998,0.9998,0.9998,0.0
6244,teacher,teacher,F,F→M,7,teacher,teacher,True,teacher,False,0.9988,0.9988,0.9988,0.0
28254,surgeon,surgeon,M,M→F,3,surgeon,surgeon,True,surgeon,False,0.9526,0.9394,0.9394,0.01319999999999999
9193,attorney,attorney,F,F→M,3,attorney,attorney,True,attorney,False,0.9667,0.9708,0.9708,-0.0040999999999999925
56651,psychologist,psychologist,F,F→M,2,psychologist,psychologist,True,psychologist,False,0.5035,0.6543,0.6543,-0.15080000000000005
50008,teacher,teacher,F,F→M,6,teacher,teacher,True,teacher,False,0.9106,0.9159,0.9159,-0.005300000000000082
83557,physician,physician,F,F→M,2,physician,physician,True,surgeon,True,0.5442,0.3351,0.6391,0.2091
21282,surgeon,surgeon,M,M→F,2,surgeon,surgeon,True,surgeon,False,0.9989,0.9989,0.9989,0.0
42003,physician,physician,M,M→F,3,physician,physician,True,physician,False,0.9998,0.9998,0.9998,0.0
49062,architect,architect,F,F→M,2,architect,architect,True,architect,False,0.6027,0.8547,0.8547,-0.252
64719,journalist,journalist,F,F→M,2,journalist,journalist,True,journalist,False,0.9984,0.9983,0.9983,9.999999999998899e-05
67616,attorney,attorney,F,F→M,3,attorney,attorney,True,attorney,False,0.9997,0.9997,0.9997,0.0
69080,nurse,nurse,F,F→M,1,nurse,nurse,True,nurse,False,0.9997,0.9997,0.9997,0.0
91850,professor,professor,F,F→M,3,professor,professor,True,professor,False,0.9407,0.8442,0.8442,0.09650000000000003
41795,accountant,accountant,M,M→F,6,accountant,accountant,True,accountant,False,0.6845,0.4771,0.4771,0.20739999999999997
75906,professor,professor,F,F→M,1,professor,professor,True,professor,False,0.9988,0.9988,0.9988,0.0
94457,professor,professor,F,F→M,3,professor,professor,True,professor,False,0.9996,0.9995,0.9995,9.999999999998899e-05
57688,physician,physician,M,M→F,3,physician,physician,True,physician,False,0.9856,0.9849,0.9849,0.0007000000000000339
11490,photographer,photographer,M,M→F,1,photographer,photographer,True,photographer,False,0.981,0.9139,0.9139,0.06709999999999994
95328,attorney,attorney,M,M→F,2,attorney,attorney,True,attorney,False,0.9997,0.9996,0.9996,9.999999999998899e-05
73785,attorney,attorney,M,M→F,2,attorney,attorney,True,attorney,False,0.998,0.9972,0.9972,0.0008000000000000229
94573,composer,composer,M,M→F,4,composer,composer,True,composer,False,0.9983,0.9983,0.9983,0.0
62660,model,model,F,F→M,1,model,model,True,model,False,0.9989,0.9987,0.9987,0.00019999999999997797
86393,psychologist,psychologist,M,M→F,6,psychologist,psychologist,True,psychologist,False,0.9958,0.9962,0.9962,-0.00039999999999995595
43557,psychologist,psychologist,F,F→M,8,psychologist,psychologist,True,psychologist,False,0.994,0.9913,0.9913,0.0027000000000000357
75997,attorney,attorney,M,M→F,1,attorney,attorney,True,attorney,False,0.9996,0.9996,0.9996,0.0
20208,professor,professor,F,F→M,2,professor,professor,True,professor,False,0.9921,0.9924,0.9924,-0.00029999999999996696
24872,psychologist,psychologist,M,M→F,3,psychologist,psychologist,True,psychologist,False,0.9838,0.98,0.98,0.0038000000000000256
71137,physician,physician,F,F→M,3,physician,physician,True,physician,False,0.9933,0.9814,0.9814,0.01189999999999991
45700,physician,physician,M,M→F,5,physician,physician,True,physician,False,0.8911,0.9332,0.9332,-0.042100000000000026
57717,professor,professor,F,F→M,5,professor,professor,True,professor,False,0.9273,0.8949,0.8949,0.032399999999999984
62117,architect,architect,F,F→M,2,architect,architect,True,architect,False,0.6738,0.5886,0.5886,0.08519999999999994
6330,professor,professor,F,F→M,1,professor,professor,True,professor,False,0.9986,0.9983,0.9983,0.000300000000000078
91861,professor,professor,M,M→F,1,professor,professor,True,professor,False,0.7168,0.7997,0.7997,-0.08289999999999997
87153,dietitian,dietitian,F,F→M,1,dietitian,dietitian,True,dietitian,False,0.9831,0.7721,0.7721,0.21099999999999997
20681,professor,professor,M,M→F,5,professor,professor,True,professor,False,0.9997,0.9997,0.9997,0.0
40725,professor,professor,M,M→F,4,professor,professor,True,professor,False,0.9992,0.9992,0.9992,0.0
4070,professor,professor,F,F→M,2,professor,professor,True,professor,False,0.8752,0.9053,0.9053,-0.030100000000000016
46750,professor,professor,F,F→M,5,professor,professor,True,professor,False,0.9993,0.9995,0.9995,-0.000200000000000089
51309,dentist,dentist,M,M→F,7,dentist,dentist,True,dentist,False,0.9917,0.9925,0.9925,-0.0008000000000000229
13748,professor,professor,M,M→F,1,professor,professor,True,professor,False,0.9991,0.9992,0.9992,-9.999999999998899e-05
46471,nurse,nurse,F,F→M,2,nurse,nurse,True,nurse,False,0.9971,0.9922,0.9922,0.0049000000000000155
45131,journalist,journalist,M,M→F,1,journalist,journalist,True,journalist,False,0.9968,0.9977,0.9977,-0.0009000000000000119
10612,journalist,journalist,M,M→F,1,journalist,journalist,True,journalist,False,0.9911,0.9954,0.9954,-0.0042999999999999705
69809,physician,physician,F,F→M,2,physician,physician,True,physician,False,0.9942,0.9915,0.9915,0.0026999999999999247
80915,teacher,teacher,F,F→M,6,teacher,teacher,True,teacher,False,0.4841,0.3539,0.3539,0.13019999999999998
38659,surgeon,surgeon,M,M→F,3,surgeon,surgeon,True,surgeon,False,0.9945,0.9903,0.9903,0.0042000000000000925
11242,professor,professor,M,M→F,3,professor,professor,True,professor,False,0.9282,0.9433,0.9433,-0.015100000000000002
18948,dentist,dentist,M,M→F,1,dentist,dentist,True,dentist,False,0.9846,0.985,0.985,-0.00039999999999995595
57573,teacher,teacher,M,M→F,3,teacher,teacher,True,teacher,False,0.9981,0.9982,0.9982,-9.999999999998899e-05
47849,dentist,dentist,M,M→F,3,dentist,dentist,True,dentist,False,0.9985,0.9985,0.9985,0.0
31195,journalist,journalist,M,M→F,8,journalist,journalist,True,journalist,False,0.45,0.5297,0.5297,-0.07969999999999994
55492,surgeon,surgeon,M,M→F,2,surgeon,surgeon,True,surgeon,False,0.999,0.999,0.999,0.0
74262,architect,architect,M,M→F,5,architect,architect,True,architect,False,0.9883,0.9911,0.9911,-0.0028000000000000247
67093,attorney,attorney,M,M→F,6,attorney,attorney,True,attorney,False,0.9849,0.991,0.991,-0.006099999999999994
86895,psychologist,psychologist,M,M→F,4,psychologist,psychologist,True,psychologist,False,0.8464,0.8457,0.8457,0.0007000000000000339
69250,teacher,teacher,F,F→M,2,teacher,teacher,True,teacher,False,0.9754,0.953,0.953,0.022400000000000087
3094,professor,professor,M,M→F,1,professor,professor,True,professor,False,0.5523,0.5218,0.5218,0.03049999999999997
86240,photographer,photographer,M,M→F,3,photographer,photographer,True,photographer,False,0.9605,0.8894,0.8894,0.07110000000000005
64821,attorney,attorney,M,M→F,2,attorney,attorney,True,attorney,False,0.9977,0.998,0.998,-0.00029999999999996696
81106,professor,professor,M,M→F,5,professor,professor,True,professor,False,0.9994,0.9992,0.9992,0.00019999999999997797
61438,psychologist,psychologist,F,F→M,4,psychologist,psychologist,True,psychologist,False,0.9731,0.9766,0.9766,-0.0035000000000000586
94318,nurse,nurse,F,F→M,5,nurse,nurse,True,psychologist,True,0.5229,0.1323,0.5097,0.39060000000000006
9403,psychologist,psychologist,F,F→M,1,psychologist,psychologist,True,psychologist,False,0.9986,0.9986,0.9986,0.0
4979,dentist,dentist,M,M→F,1,dentist,dentist,True,dentist,False,0.9972,0.9973,0.9973,-9.999999999998899e-05
6454,dentist,dentist,M,M→F,2,dentist,dentist,True,dentist,False,0.9862,0.9894,0.9894,-0.0031999999999999806
65450,psychologist,psychologist,M,M→F,2,psychologist,psychologist,True,psychologist,False,0.9781,0.9707,0.9707,0.007399999999999962
23595,nurse,nurse,F,F→M,1,nurse,nurse,True,nurse,False,0.9997,0.9997,0.9997,0.0
39166,professor,professor,M,M→F,3,professor,professor,True,professor,False,0.9921,0.9947,0.9947,-0.0026000000000000467
80720,professor,professor,M,M→F,4,professor,professor,True,professor,False,0.9988,0.9989,0.9989,-9.999999999998899e-05
33130,professor,professor,F,F→M,2,professor,professor,True,professor,False,0.9756,0.953,0.953,0.022600000000000064
82211,professor,professor,F,F→M,4,professor,professor,True,professor,False,0.9971,0.9976,0.9976,-0.000500000000000056
45411,poet,poet,M,M→F,4,poet,poet,True,poet,False,0.9938,0.9939,0.9939,-9.999999999998899e-05
16879,professor,professor,M,M→F,4,professor,professor,True,professor,False,0.9997,0.9997,0.9997,0.0
57041,surgeon,surgeon,M,M→F,1,surgeon,surgeon,True,surgeon,False,0.9537,0.9154,0.9154,0.0383
32301,teacher,teacher,M,M→F,3,teacher,teacher,True,teacher,False,0.6141,0.5828,0.5828,0.031299999999999994
77310,software engineer,software engineer,M,M→F,5,software engineer,software engineer,True,software engineer,False,0.9921,0.9922,0.9922,-9.999999999998899e-05
78686,painter,painter,F,F→M,7,painter,painter,True,painter,False,0.9934,0.9939,0.9939,-0.000500000000000056
39046,painter,painter,M,M→F,1,painter,painter,True,painter,False,0.9924,0.9923,0.9923,9.999999999998899e-05
57330,journalist,journalist,F,F→M,2,journalist,journalist,True,journalist,False,0.9952,0.9956,0.9956,-0.00040000000000006697
91347,attorney,attorney,M,M→F,4,attorney,attorney,True,attorney,False,0.9997,0.9997,0.9997,0.0
67845,professor,professor,M,M→F,3,professor,professor,True,professor,False,0.997,0.9966,0.9966,0.00039999999999995595
6653,teacher,teacher,F,F→M,2,teacher,teacher,True,teacher,False,0.5828,0.5935,0.5935,-0.010700000000000043
11831,professor,professor,M,M→F,6,professor,professor,True,professor,False,0.973,0.9767,0.9767,-0.0037000000000000366
31133,teacher,teacher,F,F→M,6,teacher,teacher,True,teacher,False,0.9986,0.9983,0.9983,0.000300000000000078
9141,professor,professor,M,M→F,8,professor,professor,True,professor,False,0.9996,0.9997,0.9997,-9.999999999998899e-05
34992,teacher,teacher,M,M→F,2,teacher,teacher,True,teacher,False,0.9619,0.9634,0.9634,-0.0015000000000000568
88564,journalist,journalist,F,F→M,4,journalist,journalist,True,journalist,False,0.6864,0.4226,0.4226,0.26380000000000003
76312,attorney,attorney,M,M→F,2,attorney,attorney,True,attorney,False,0.9832,0.9328,0.9328,0.0504
11348,teacher,teacher,F,F→M,5,teacher,teacher,True,teacher,False,0.9952,0.9934,0.9934,0.0018000000000000238
20332,attorney,attorney,M,M→F,3,attorney,attorney,True,attorney,False,0.9988,0.9989,0.9989,-9.999999999998899e-05
4715,professor,professor,F,F→M,2,professor,professor,True,professor,False,0.9995,0.9995,0.9995,0.0
2010,professor,professor,M,M→F,5,professor,professor,True,professor,False,0.9998,0.9998,0.9998,0.0
11117,photographer,photographer,M,M→F,3,photographer,photographer,True,photographer,False,0.996,0.9964,0.9964,-0.00039999999999995595
84579,professor,professor,F,F→M,1,professor,professor,True,professor,False,0.9068,0.8749,0.8749,0.03190000000000004
57891,filmmaker,filmmaker,M,M→F,2,filmmaker,filmmaker,True,filmmaker,False,0.9905,0.9874,0.9874,0.0030999999999999917
37802,physician,physician,M,M→F,2,physician,physician,True,physician,False,0.8684,0.9216,0.9216,-0.053200000000000025
32697,professor,professor,M,M→F,2,professor,professor,True,professor,False,0.9997,0.9997,0.9997,0.0
48213,professor,professor,M,M→F,3,professor,professor,True,professor,False,0.9979,0.9989,0.9989,-0.0010000000000000009
1387,teacher,teacher,F,F→M,3,teacher,teacher,True,teacher,False,0.998,0.9979,0.9979,9.999999999998899e-05
10391,poet,poet,F,F→M,4,poet,poet,True,poet,False,0.831,0.8079,0.8079,0.02310000000000001
12097,photographer,photographer,M,M→F,4,photographer,photographer,True,photographer,False,0.9915,0.9902,0.9902,0.0013000000000000789
79091,professor,professor,M,M→F,1,professor,professor,True,professor,False,0.9992,0.9992,0.9992,0.0
37338,physician,physician,F,F→M,3,physician,physician,True,physician,False,0.9998,0.9998,0.9998,0.0
57964,journalist,journalist,F,F→M,1,journalist,journalist,True,journalist,False,0.9697,0.9404,0.9404,0.029299999999999993
72950,accountant,accountant,M,M→F,3,accountant,accountant,True,accountant,False,0.6196,0.6214,0.6214,-0.0017999999999999128
16247,photographer,photographer,M,M→F,2,photographer,photographer,True,photographer,False,0.9902,0.9914,0.9914,-0.0011999999999999789
25115,psychologist,psychologist,M,M→F,3,psychologist,psychologist,True,psychologist,False,0.9993,0.9994,0.9994,-9.999999999998899e-05
45909,professor,professor,F,F→M,2,professor,professor,True,professor,False,0.8972,0.8697,0.8697,0.02749999999999997
48644,attorney,attorney,M,M→F,2,attorney,attorney,True,attorney,False,0.9996,0.9995,0.9995,9.999999999998899e-05
65372,nurse,nurse,F,F→M,2,nurse,nurse,True,nurse,False,0.9974,0.9967,0.9967,0.0006999999999999229
26272,professor,professor,F,F→M,3,professor,professor,True,professor,False,0.999,0.999,0.999,0.0
61375,physician,physician,F,F→M,3,physician,physician,True,physician,False,0.9998,0.9998,0.9998,0.0
33140,physician,physician,M,M→F,5,physician,physician,True,nurse,True,0.2186,0.098,0.2865,0.12059999999999998
88253,model,model,F,F→M,4,model,model,True,model,False,0.9991,0.9972,0.9972,0.0019000000000000128
49653,professor,professor,F,F→M,3,professor,professor,True,professor,False,0.9994,0.9993,0.9993,9.999999999998899e-05
65947,composer,composer,M,M→F,4,composer,composer,True,composer,False,0.994,0.9936,0.9936,0.00039999999999995595
2854,professor,professor,F,F→M,1,professor,professor,True,professor,False,0.9685,0.9795,0.9795,-0.01100000000000001
82139,nurse,nurse,F,F→M,1,nurse,nurse,True,nurse,False,0.9997,0.9997,0.9997,0.0
37671,professor,professor,M,M→F,4,professor,professor,True,professor,False,0.8086,0.8604,0.8604,-0.05180000000000007
7084,photographer,photographer,M,M→F,5,photographer,photographer,True,photographer,False,0.998,0.9979,0.9979,9.999999999998899e-05
71189,attorney,attorney,M,M→F,6,attorney,attorney,True,attorney,False,0.9998,0.9997,0.9997,9.999999999998899e-05
26071,journalist,journalist,F,F→M,2,journalist,journalist,True,journalist,False,0.996,0.9918,0.9918,0.0041999999999999815
79348,model,model,F,F→M,4,model,model,True,model,False,0.9995,0.9989,0.9989,0.0006000000000000449
86781,photographer,photographer,M,M→F,4,photographer,photographer,True,photographer,False,0.97,0.9672,0.9672,0.0028000000000000247
27634,professor,professor,M,M→F,1,professor,professor,True,professor,False,0.9964,0.9976,0.9976,-0.0012000000000000899
37370,surgeon,surgeon,M,M→F,3,surgeon,surgeon,True,surgeon,False,0.9918,0.9861,0.9861,0.005700000000000038
1417,teacher,teacher,F,F→M,8,teacher,teacher,True,teacher,False,0.9816,0.9894,0.9894,-0.007799999999999918
83374,photographer,photographer,M,M→F,1,photographer,photographer,True,photographer,False,0.874,0.8059,0.8059,0.06810000000000005
82987,journalist,journalist,M,M→F,6,journalist,journalist,True,journalist,False,0.9063,0.9622,0.9622,-0.05590000000000006
51213,physician,physician,F,F→M,3,physician,physician,True,physician,False,0.9969,0.9961,0.9961,0.0008000000000000229
87481,painter,painter,F,F→M,1,painter,painter,True,painter,False,0.8563,0.7719,0.7719,0.08439999999999992
94981,journalist,journalist,M,M→F,2,journalist,journalist,True,journalist,False,0.8673,0.842,0.842,0.02529999999999999
67490,professor,professor,M,M→F,2,professor,professor,True,professor,False,0.9279,0.933,0.933,-0.0051000000000001044
91163,journalist,journalist,F,F→M,3,journalist,journalist,True,journalist,False,0.9985,0.9981,0.9981,0.00040000000000006697
78130,dentist,dentist,M,M→F,2,dentist,dentist,True,dentist,False,0.9496,0.9522,0.9522,-0.0026000000000000467
62471,filmmaker,filmmaker,F,F→M,4,filmmaker,filmmaker,True,filmmaker,False,0.9909,0.9921,0.9921,-0.0011999999999999789
84529,dentist,dentist,M,M→F,1,dentist,dentist,True,dentist,False,0.9978,0.9978,0.9978,0.0
18793,accountant,accountant,M,M→F,1,accountant,accountant,True,accountant,False,0.8905,0.8217,0.8217,0.06879999999999997
64410,professor,professor,M,M→F,5,professor,professor,True,professor,False,0.9997,0.9997,0.9997,0.0
50844,software engineer,software engineer,F,F→M,3,software engineer,software engineer,True,software engineer,False,0.9497,0.939,0.939,0.010700000000000043
13425,professor,professor,M,M→F,4,professor,professor,True,professor,False,0.9997,0.9997,0.9997,0.0
48553,psychologist,psychologist,F,F→M,6,psychologist,psychologist,True,psychologist,False,0.9804,0.9819,0.9819,-0.0014999999999999458
12352,photographer,photographer,M,M→F,3,photographer,photographer,True,photographer,False,0.9787,0.8761,0.8761,0.10260000000000002
84228,journalist,journalist,M,M→F,2,journalist,journalist,True,journalist,False,0.9656,0.9722,0.9722,-0.006599999999999939
86148,journalist,journalist,F,F→M,4,journalist,journalist,True,journalist,False,0.9958,0.9934,0.9934,0.0024000000000000687
57774,attorney,attorney,M,M→F,5,attorney,attorney,True,attorney,False,0.8505,0.8357,0.8357,0.014800000000000035
91025,attorney,attorney,M,M→F,1,attorney,attorney,True,attorney,False,0.9938,0.9914,0.9914,0.0024000000000000687
35496,professor,professor,M,M→F,1,professor,professor,True,professor,False,0.6378,0.6102,0.6102,0.02760000000000007
29376,professor,professor,F,F→M,2,professor,professor,True,professor,False,0.997,0.9975,0.9975,-0.000500000000000056
11657,attorney,attorney,M,M→F,3,attorney,attorney,True,dietitian,True,0.25,0.1672,0.2267,0.08280000000000001
23327,poet,poet,F,F→M,1,poet,poet,True,poet,False,0.9637,0.9731,0.9731,-0.009399999999999964
85519,architect,architect,F,F→M,3,architect,architect,True,architect,False,0.9967,0.9963,0.9963,0.00040000000000006697
48435,professor,professor,F,F→M,2,professor,professor,True,professor,False,0.9719,0.9766,0.9766,-0.0047000000000000375
16838,professor,professor,M,M→F,8,professor,professor,True,professor,False,0.9996,0.9996,0.9996,0.0
49754,attorney,attorney,M,M→F,1,attorney,attorney,True,attorney,False,0.9998,0.9997,0.9997,9.999999999998899e-05
20309,surgeon,surgeon,M,M→F,4,surgeon,surgeon,True,professor,True,0.8115,0.3668,0.6287,0.4447
43066,professor,professor,M,M→F,4,professor,professor,True,professor,False,0.9984,0.9988,0.9988,-0.00040000000000006697
65961,photographer,photographer,F,F→M,2,photographer,photographer,True,photographer,False,0.9835,0.984,0.984,-0.0004999999999999449
83021,physician,physician,M,M→F,2,physician,physician,True,professor,True,0.4347,0.2325,0.3512,0.20219999999999996
62957,painter,painter,M,M→F,3,painter,painter,True,painter,False,0.993,0.992,0.992,0.0010000000000000009
83135,attorney,attorney,F,F→M,4,attorney,attorney,True,attorney,False,0.9963,0.997,0.997,-0.0007000000000000339
51702,professor,professor,F,F→M,4,professor,professor,True,professor,False,0.9997,0.9997,0.9997,0.0
36195,professor,professor,M,M→F,4,professor,professor,True,professor,False,0.9315,0.9755,0.9755,-0.04400000000000004
9024,teacher,teacher,F,F→M,1,teacher,teacher,True,teacher,False,0.8529,0.7776,0.7776,0.07530000000000003
24391,professor,professor,M,M→F,2,professor,professor,True,professor,False,0.9983,0.9983,0.9983,0.0
78248,poet,poet,F,F→M,3,poet,poet,True,poet,False,0.9884,0.9887,0.9887,-0.000300000000000078
61546,software engineer,software engineer,M,M→F,5,software engineer,software engineer,True,software engineer,False,0.7298,0.795,0.795,-0.06520000000000004
83798,physician,physician,M,M→F,2,physician,physician,True,physician,False,0.8558,0.9173,0.9173,-0.0615
35096,photographer,photographer,F,F→M,2,photographer,photographer,True,photographer,False,0.9955,0.996,0.996,-0.0004999999999999449
73473,professor,professor,M,M→F,2,professor,professor,True,professor,False,0.9997,0.9997,0.9997,0.0
36810,software engineer,software engineer,M,M→F,2,software engineer,software engineer,True,software engineer,False,0.9557,0.9737,0.9737,-0.018000000000000016
16319,professor,professor,F,F→M,3,professor,professor,True,professor,False,0.9667,0.9744,0.9744,-0.00770000000000004
6583,psychologist,psychologist,M,M→F,3,psychologist,psychologist,True,psychologist,False,0.9966,0.9975,0.9975,-0.0009000000000000119
45741,photographer,photographer,M,M→F,2,photographer,photographer,True,photographer,False,0.9943,0.8922,0.8922,0.10209999999999997
29212,attorney,attorney,F,F→M,2,attorney,attorney,True,attorney,False,0.3508,0.5,0.5,-0.1492
38598,attorney,attorney,F,F→M,3,attorney,attorney,True,attorney,False,0.3283,0.4515,0.4515,-0.12320000000000003
63768,professor,professor,M,M→F,3,professor,professor,True,professor,False,0.853,0.876,0.876,-0.02300000000000002
68503,painter,painter,F,F→M,1,painter,painter,True,painter,False,0.9432,0.888,0.888,0.05520000000000003
15032,physician,physician,F,F→M,2,physician,physician,True,physician,False,0.9998,0.9998,0.9998,0.0
90520,photographer,photographer,M,M→F,2,photographer,photographer,True,photographer,False,0.9078,0.9238,0.9238,-0.015999999999999903
78317,professor,professor,M,M→F,2,professor,professor,True,professor,False,0.999,0.9989,0.9989,9.999999999998899e-05
89764,professor,professor,M,M→F,6,professor,professor,True,professor,False,0.9995,0.9995,0.9995,0.0
27550,professor,professor,M,M→F,2,professor,professor,True,professor,False,0.9998,0.9998,0.9998,0.0
19987,model,model,F,F→M,5,model,model,True,model,False,0.9991,0.9989,0.9989,0.00019999999999997797
93414,professor,professor,M,M→F,4,professor,professor,True,professor,False,0.9996,0.9997,0.9997,-9.999999999998899e-05
48079,dentist,dentist,M,M→F,2,dentist,dentist,True,dentist,False,0.9975,0.9976,0.9976,-9.999999999998899e-05
23447,physician,physician,M,M→F,4,physician,physician,True,physician,False,0.9996,0.9996,0.9996,0.0
15205,psychologist,psychologist,F,F→M,1,psychologist,psychologist,True,psychologist,False,0.9993,0.9993,0.9993,0.0
80166,attorney,attorney,F,F→M,2,attorney,attorney,True,attorney,False,0.9996,0.9996,0.9996,0.0
76081,professor,professor,M,M→F,4,professor,professor,True,professor,False,0.9999,0.9999,0.9999,0.0
70032,journalist,journalist,M,M→F,7,journalist,journalist,True,journalist,False,0.7007,0.66,0.66,0.04069999999999996
93786,model,model,M,M→F,3,model,model,True,model,False,0.9873,0.9986,0.9986,-0.011300000000000088
52286,attorney,attorney,M,M→F,1,attorney,attorney,True,attorney,False,0.9996,0.9996,0.9996,0.0
54051,surgeon,surgeon,F,F→M,1,surgeon,surgeon,True,surgeon,False,0.9366,0.9369,0.9369,-0.00029999999999996696
58078,professor,professor,F,F→M,1,professor,professor,True,professor,False,0.9983,0.9982,0.9982,9.999999999998899e-05
48893,physician,physician,F,F→M,3,physician,physician,True,physician,False,0.9999,0.9999,0.9999,0.0
15227,architect,architect,F,F→M,4,architect,architect,True,architect,False,0.9979,0.998,0.998,-9.999999999998899e-05
25267,professor,professor,M,M→F,3,professor,professor,True,professor,False,0.9998,0.9998,0.9998,0.0
37621,surgeon,surgeon,M,M→F,3,surgeon,surgeon,True,professor,True,0.3592,0.0654,0.5979,0.2938
63007,professor,professor,F,F→M,4,professor,professor,True,professor,False,0.9758,0.9677,0.9677,0.008099999999999996
8914,physician,physician,F,F→M,6,physician,physician,True,physician,False,0.9988,0.9966,0.9966,0.0021999999999999797
75787,physician,physician,F,F→M,1,physician,physician,True,physician,False,0.9878,0.976,0.976,0.011800000000000033
88425,professor,professor,M,M→F,1,professor,professor,True,professor,False,0.9995,0.9996,0.9996,-9.999999999998899e-05
49788,attorney,attorney,F,F→M,3,attorney,attorney,True,attorney,False,0.9997,0.9997,0.9997,0.0
58638,attorney,attorney,F,F→M,4,attorney,attorney,True,attorney,False,0.9993,0.9994,0.9994,-9.999999999998899e-05
61987,physician,physician,F,F→M,6,physician,physician,True,physician,False,0.9707,0.9222,0.9222,0.04849999999999999
81868,journalist,journalist,F,F→M,1,journalist,journalist,True,journalist,False,0.9297,0.8758,0.8758,0.05389999999999995
38356,surgeon,surgeon,M,M→F,5,surgeon,surgeon,True,surgeon,False,0.9549,0.8577,0.8577,0.09719999999999995
66696,accountant,accountant,M,M→F,3,accountant,accountant,True,accountant,False,0.9984,0.9984,0.9984,0.0
81401,professor,professor,M,M→F,2,professor,professor,True,professor,False,0.9987,0.9988,0.9988,-9.999999999998899e-05
93520,painter,painter,F,F→M,5,painter,painter,True,painter,False,0.9772,0.9794,0.9794,-0.0022000000000000908
47694,nurse,nurse,F,F→M,3,nurse,nurse,True,attorney,True,0.9334,0.3493,0.6229,0.5841000000000001
91173,nurse,nurse,F,F→M,3,nurse,nurse,True,nurse,False,0.9992,0.9965,0.9965,0.0026999999999999247
61576,professor,professor,M,M→F,3,professor,professor,True,professor,False,0.9997,0.9997,0.9997,0.0
63793,psychologist,psychologist,F,F→M,1,psychologist,psychologist,True,psychologist,False,0.9247,0.8969,0.8969,0.027799999999999936
56743,physician,physician,F,F→M,2,physician,physician,True,physician,False,0.9995,0.9996,0.9996,-9.999999999998899e-05
70060,professor,professor,F,F→M,3,professor,professor,True,professor,False,0.7025,0.6806,0.6806,0.02190000000000003
94502,professor,professor,F,F→M,1,professor,professor,True,professor,False,0.9948,0.9932,0.9932,0.0016000000000000458
85452,model,model,F,F→M,3,model,model,True,model,False,0.9926,0.9294,0.9294,0.06320000000000003
76104,professor,professor,F,F→M,4,professor,professor,True,professor,False,0.9939,0.9943,0.9943,-0.00039999999999995595
18534,journalist,journalist,F,F→M,2,journalist,journalist,True,journalist,False,0.9992,0.9991,0.9991,9.999999999998899e-05
82038,dietitian,dietitian,F,F→M,1,dietitian,dietitian,True,dietitian,False,0.9984,0.9985,0.9985,-0.00010000000000010001
22877,professor,professor,M,M→F,2,professor,professor,True,professor,False,0.9995,0.9996,0.9996,-9.999999999998899e-05
79524,teacher,teacher,M,M→F,2,teacher,teacher,True,teacher,False,0.9914,0.9887,0.9887,0.0026999999999999247
43975,professor,professor,F,F→M,4,professor,professor,True,professor,False,0.7824,0.7551,0.7551,0.02729999999999999
42132,journalist,journalist,F,F→M,4,journalist,journalist,True,journalist,False,0.9716,0.9588,0.9588,0.012800000000000034
94052,attorney,attorney,M,M→F,1,attorney,attorney,True,attorney,False,0.9998,0.9998,0.9998,0.0
36186,professor,professor,F,F→M,2,professor,professor,True,professor,False,0.9993,0.9993,0.9993,0.0
15649,surgeon,surgeon,M,M→F,1,surgeon,surgeon,True,surgeon,False,0.9989,0.9989,0.9989,0.0
24896,photographer,photographer,M,M→F,1,photographer,photographer,True,photographer,False,0.8569,0.8688,0.8688,-0.011900000000000022
58389,attorney,attorney,M,M→F,5,attorney,attorney,True,attorney,False,0.9997,0.9996,0.9996,9.999999999998899e-05
60975,psychologist,psychologist,F,F→M,5,psychologist,psychologist,True,attorney,True,0.2734,0.1175,0.4574,0.15589999999999998
43795,professor,professor,F,F→M,4,professor,professor,True,professor,False,0.9865,0.9843,0.9843,0.0022000000000000908
48300,professor,professor,M,M→F,3,professor,professor,True,professor,False,0.7267,0.8189,0.8189,-0.09219999999999995
5417,professor,professor,M,M→F,1,professor,professor,True,professor,False,0.9953,0.9956,0.9956,-0.000300000000000078
17379,physician,physician,F,F→M,2,physician,physician,True,physician,False,0.8031,0.7276,0.7276,0.07550000000000001
57152,physician,physician,F,F→M,3,physician,physician,True,physician,False,0.9998,0.9998,0.9998,0.0
74032,professor,professor,M,M→F,5,professor,professor,True,professor,False,0.9603,0.9683,0.9683,-0.008000000000000007
73636,attorney,attorney,M,M→F,4,attorney,attorney,True,attorney,False,0.9994,0.9992,0.9992,0.00019999999999997797
1506,surgeon,surgeon,M,M→F,2,surgeon,surgeon,True,surgeon,False,0.9947,0.9904,0.9904,0.0043000000000000815
95080,professor,professor,M,M→F,6,professor,professor,True,professor,False,0.9985,0.9985,0.9985,0.0
26395,attorney,attorney,F,F→M,4,attorney,attorney,True,attorney,False,0.9972,0.9962,0.9962,0.0010000000000000009
49445,journalist,journalist,M,M→F,2,journalist,journalist,True,journalist,False,0.3788,0.5047,0.5047,-0.1259
72750,model,model,M,M→F,5,model,model,True,model,False,0.9991,0.9993,0.9993,-0.00019999999999997797
75972,surgeon,surgeon,M,M→F,2,surgeon,surgeon,True,surgeon,False,0.9969,0.9969,0.9969,0.0
44113,nurse,nurse,F,F→M,1,nurse,nurse,True,nurse,False,0.9997,0.9997,0.9997,0.0
8413,dentist,dentist,M,M→F,2,dentist,dentist,True,dentist,False,0.9857,0.986,0.986,-0.00029999999999996696
35477,professor,professor,M,M→F,2,professor,professor,True,professor,False,0.9997,0.9998,0.9998,-9.999999999998899e-05
28765,professor,professor,F,F→M,4,professor,professor,True,professor,False,0.9979,0.9979,0.9979,0.0
53745,photographer,photographer,M,M→F,4,photographer,photographer,True,photographer,False,0.9979,0.9979,0.9979,0.0
32835,physician,physician,F,F→M,9,physician,physician,True,physician,False,0.4746,0.5579,0.5579,-0.08329999999999993
26051,professor,professor,F,F→M,7,professor,professor,True,professor,False,0.9943,0.9939,0.9939,0.00039999999999995595
67020,professor,professor,F,F→M,2,professor,professor,True,professor,False,0.9974,0.9972,0.9972,0.00019999999999997797
90358,poet,poet,F,F→M,5,poet,poet,True,poet,False,0.9745,0.9748,0.9748,-0.00029999999999996696
44241,professor,professor,M,M→F,6,professor,professor,True,professor,False,0.9998,0.9998,0.9998,0.0
42646,composer,composer,M,M→F,4,composer,composer,True,composer,False,0.9965,0.9965,0.9965,0.0
56344,physician,physician,M,M→F,1,physician,physician,True,physician,False,0.9103,0.9569,0.9569,-0.046599999999999975
3542,photographer,photographer,M,M→F,2,photographer,photographer,True,photographer,False,0.9938,0.9891,0.9891,0.0047000000000000375
48103,professor,professor,M,M→F,3,professor,professor,True,professor,False,0.9996,0.9996,0.9996,0.0
49986,professor,professor,M,M→F,6,professor,professor,True,professor,False,0.8785,0.8775,0.8775,0.0010000000000000009
92854,software engineer,software engineer,M,M→F,4,software engineer,software engineer,True,software engineer,False,0.9604,0.958,0.958,0.0024000000000000687
31729,poet,poet,M,M→F,3,poet,poet,True,poet,False,0.9906,0.99,0.99,0.0006000000000000449
20249,professor,professor,M,M→F,2,professor,professor,True,professor,False,0.9996,0.9996,0.9996,0.0
88575,professor,professor,M,M→F,4,professor,professor,True,professor,False,0.9951,0.9955,0.9955,-0.00040000000000006697
1824,comedian,comedian,F,F→M,3,comedian,comedian,True,comedian,False,0.9642,0.9815,0.9815,-0.017300000000000093
86371,professor,professor,M,M→F,5,professor,professor,True,professor,False,0.9997,0.9997,0.9997,0.0
73968,nurse,nurse,F,F→M,1,nurse,nurse,True,nurse,False,0.9997,0.9997,0.9997,0.0
11229,attorney,attorney,F,F→M,3,attorney,attorney,True,attorney,False,0.976,0.9754,0.9754,0.0005999999999999339
24830,professor,professor,M,M→F,5,professor,professor,True,professor,False,0.9833,0.9836,0.9836,-0.000300000000000078
94999,dentist,dentist,M,M→F,1,dentist,dentist,True,dentist,False,0.3503,0.3577,0.3577,-0.007400000000000018
86993,accountant,accountant,M,M→F,2,accountant,accountant,True,accountant,False,0.9835,0.9753,0.9753,0.008200000000000096
19416,poet,poet,F,F→M,6,poet,poet,True,poet,False,0.9599,0.9697,0.9697,-0.009800000000000031
85089,physician,physician,M,M→F,6,physician,physician,True,physician,False,0.8251,0.9137,0.9137,-0.08860000000000001
39934,journalist,journalist,M,M→F,5,journalist,journalist,True,journalist,False,0.8574,0.8548,0.8548,0.0026000000000000467
26468,dentist,dentist,M,M→F,1,dentist,dentist,True,dentist,False,0.9921,0.9932,0.9932,-0.0010999999999999899
6570,model,model,F,F→M,4,model,model,True,model,False,0.9995,0.9989,0.9989,0.0006000000000000449
45269,professor,professor,M,M→F,2,professor,professor,True,professor,False,0.9992,0.9992,0.9992,0.0
29227,photographer,photographer,F,F→M,2,photographer,photographer,True,photographer,False,0.9624,0.9878,0.9878,-0.025399999999999978
27005,journalist,journalist,F,F→M,1,journalist,journalist,True,journalist,False,0.9989,0.9988,0.9988,9.999999999998899e-05
8152,painter,painter,F,F→M,3,painter,painter,True,painter,False,0.7977,0.9419,0.9419,-0.1442
1431,nurse,nurse,F,F→M,7,nurse,nurse,True,nurse,False,0.956,0.9684,0.9684,-0.012400000000000078
48761,teacher,teacher,F,F→M,7,teacher,teacher,True,teacher,False,0.9476,0.9084,0.9084,0.03920000000000001
85569,nurse,nurse,F,F→M,3,nurse,nurse,True,nurse,False,0.8166,0.6162,0.6162,0.20040000000000002
81414,professor,professor,M,M→F,3,professor,professor,True,professor,False,0.9996,0.9997,0.9997,-9.999999999998899e-05
92176,psychologist,psychologist,M,M→F,2,psychologist,psychologist,True,psychologist,False,0.999,0.9991,0.9991,-9.999999999998899e-05
20218,journalist,journalist,F,F→M,2,journalist,journalist,True,journalist,False,0.82,0.6435,0.6435,0.1765
64102,professor,professor,F,F→M,7,professor,professor,True,professor,False,0.9993,0.9995,0.9995,-0.000200000000000089
25902,professor,professor,M,M→F,1,professor,professor,True,professor,False,0.9978,0.9976,0.9976,0.00019999999999997797
58979,attorney,attorney,M,M→F,8,attorney,attorney,True,attorney,False,0.9996,0.9997,0.9997,-9.999999999998899e-05
54552,photographer,photographer,F,F→M,5,photographer,photographer,True,photographer,False,0.9918,0.9881,0.9881,0.0037000000000000366
56561,architect,architect,M,M→F,1,architect,architect,True,architect,False,0.9794,0.9332,0.9332,0.04620000000000002
92810,professor,professor,M,M→F,3,professor,professor,True,professor,False,0.9998,0.9998,0.9998,0.0
72082,professor,professor,F,F→M,2,professor,professor,True,professor,False,0.999,0.9988,0.9988,0.00019999999999997797
34181,software engineer,software engineer,F,F→M,4,software engineer,software engineer,True,software engineer,False,0.9542,0.9532,0.9532,0.0010000000000000009
59375,physician,physician,M,M→F,3,physician,physician,True,dietitian,True,0.623,0.0203,0.9067,0.6027
2439,professor,professor,F,F→M,3,professor,professor,True,professor,False,0.9996,0.9996,0.9996,0.0
16283,professor,professor,M,M→F,2,professor,professor,True,professor,False,0.5264,0.6443,0.6443,-0.1179
57383,professor,professor,F,F→M,1,professor,professor,True,professor,False,0.9998,0.9998,0.9998,0.0
58249,professor,professor,F,F→M,5,professor,professor,True,professor,False,0.9991,0.9992,0.9992,-9.999999999998899e-05
20245,surgeon,surgeon,M,M→F,1,surgeon,surgeon,True,surgeon,False,0.9989,0.9989,0.9989,0.0
35822,journalist,journalist,F,F→M,3,journalist,journalist,True,journalist,False,0.9879,0.9936,0.9936,-0.005700000000000038
1667,accountant,accountant,M,M→F,2,accountant,accountant,True,accountant,False,0.9715,0.9776,0.9776,-0.006099999999999994
12694,photographer,photographer,M,M→F,2,photographer,photographer,True,photographer,False,0.9985,0.9985,0.9985,0.0
14215,professor,professor,M,M→F,6,professor,professor,True,professor,False,0.9997,0.9997,0.9997,0.0
4189,software engineer,software engineer,M,M→F,2,software engineer,software engineer,True,software engineer,False,0.7701,0.813,0.813,-0.04289999999999994
63241,professor,professor,M,M→F,2,professor,professor,True,professor,False,0.9998,0.9998,0.9998,0.0
41735,attorney,attorney,F,F→M,1,attorney,attorney,True,attorney,False,0.9997,0.9997,0.9997,0.0
18024,surgeon,surgeon,M,M→F,1,surgeon,surgeon,True,surgeon,False,0.9942,0.9942,0.9942,0.0
25906,professor,professor,F,F→M,2,professor,professor,True,professor,False,0.9965,0.9949,0.9949,0.0016000000000000458
9016,journalist,journalist,F,F→M,3,journalist,journalist,True,journalist,False,0.9985,0.9984,0.9984,0.00010000000000010001
86076,surgeon,surgeon,M,M→F,1,surgeon,surgeon,True,physician,True,0.6544,0.4191,0.5678,0.2353
20721,architect,architect,M,M→F,5,architect,architect,True,architect,False,0.7569,0.797,0.797,-0.040100000000000025
25635,psychologist,psychologist,F,F→M,2,psychologist,psychologist,True,psychologist,False,0.9979,0.9972,0.9972,0.0007000000000000339
37285,photographer,photographer,F,F→M,3,photographer,photographer,True,photographer,False,0.9975,0.9977,0.9977,-0.00019999999999997797
69828,professor,professor,F,F→M,3,professor,professor,True,professor,False,0.999,0.999,0.999,0.0
71062,professor,professor,M,M→F,3,professor,professor,True,professor,False,0.9996,0.9997,0.9997,-9.999999999998899e-05
86741,photographer,photographer,M,M→F,2,photographer,photographer,True,photographer,False,0.9976,0.9979,0.9979,-0.00029999999999996696
57269,psychologist,psychologist,F,F→M,2,psychologist,psychologist,True,psychologist,False,0.9405,0.9706,0.9706,-0.030100000000000016
11509,teacher,teacher,F,F→M,2,teacher,teacher,True,teacher,False,0.9962,0.9957,0.9957,0.0004999999999999449
13738,photographer,photographer,M,M→F,5,photographer,photographer,True,photographer,False,0.9983,0.9982,0.9982,9.999999999998899e-05
56172,psychologist,psychologist,M,M→F,4,psychologist,psychologist,True,psychologist,False,0.6797,0.8579,0.8579,-0.17820000000000003
58345,professor,professor,F,F→M,1,professor,professor,True,professor,False,0.9995,0.9995,0.9995,0.0
56085,professor,professor,M,M→F,5,professor,professor,True,professor,False,0.9997,0.9997,0.9997,0.0
50387,professor,professor,F,F→M,4,professor,professor,True,professor,False,0.9992,0.9991,0.9991,9.999999999998899e-05
52874,software engineer,software engineer,M,M→F,1,software engineer,software engineer,True,software engineer,False,0.8005,0.8305,0.8305,-0.030000000000000027
64391,professor,professor,M,M→F,1,professor,professor,True,professor,False,0.9952,0.9945,0.9945,0.0006999999999999229
88120,professor,professor,M,M→F,1,professor,professor,True,professor,False,0.9912,0.9922,0.9922,-0.0010000000000000009
53160,teacher,teacher,F,F→M,8,teacher,teacher,True,teacher,False,0.8053,0.7964,0.7964,0.008900000000000019
77353,photographer,photographer,M,M→F,3,photographer,photographer,True,photographer,False,0.9909,0.9903,0.9903,0.0006000000000000449
20376,journalist,journalist,M,M→F,1,journalist,journalist,True,journalist,False,0.9971,0.9979,0.9979,-0.0008000000000000229
36370,physician,physician,F,F→M,6,physician,physician,True,physician,False,0.7388,0.8277,0.8277,-0.08889999999999998
45290,attorney,attorney,M,M→F,2,attorney,attorney,True,attorney,False,0.9998,0.9998,0.9998,0.0
61676,journalist,journalist,F,F→M,6,journalist,journalist,True,journalist,False,0.415,0.4378,0.4378,-0.022800000000000042
71901,professor,professor,M,M→F,3,professor,professor,True,professor,False,0.9951,0.996,0.996,-0.0009000000000000119
48593,physician,physician,M,M→F,3,physician,physician,True,physician,False,0.9903,0.995,0.995,-0.0047000000000000375
77029,physician,physician,F,F→M,2,physician,physician,True,physician,False,0.9984,0.9989,0.9989,-0.000500000000000056
62420,poet,poet,M,M→F,4,poet,poet,True,poet,False,0.9887,0.9884,0.9884,0.000300000000000078
37155,professor,professor,M,M→F,6,professor,professor,True,professor,False,0.9988,0.9992,0.9992,-0.00039999999999995595
23315,psychologist,psychologist,M,M→F,5,psychologist,psychologist,True,psychologist,False,0.9964,0.9947,0.9947,0.0016999999999999238
47360,painter,painter,F,F→M,3,painter,painter,True,painter,False,0.9964,0.9964,0.9964,0.0
49966,professor,professor,F,F→M,3,professor,professor,True,professor,False,0.9634,0.9683,0.9683,-0.0049000000000000155
2931,attorney,attorney,M,M→F,1,attorney,attorney,True,attorney,False,0.7466,0.8187,0.8187,-0.07209999999999994
81661,professor,professor,F,F→M,1,professor,professor,True,professor,False,0.996,0.9957,0.9957,0.00029999999999996696
30135,filmmaker,filmmaker,M,M→F,1,filmmaker,filmmaker,True,filmmaker,False,0.5066,0.3924,0.3924,0.11420000000000002
14051,nurse,nurse,F,F→M,5,nurse,nurse,True,accountant,True,0.4583,0.0057,0.3314,0.4526
39889,nurse,nurse,F,F→M,2,nurse,nurse,True,nurse,False,0.9957,0.994,0.994,0.0017000000000000348
72222,attorney,attorney,F,F→M,5,attorney,attorney,True,attorney,False,0.9997,0.9996,0.9996,9.999999999998899e-05
18097,nurse,nurse,F,F→M,1,nurse,nurse,True,nurse,False,0.9997,0.9997,0.9997,0.0
26318,psychologist,psychologist,M,M→F,1,psychologist,psychologist,True,psychologist,False,0.9994,0.9994,0.9994,0.0
44430,surgeon,surgeon,M,M→F,5,surgeon,surgeon,True,professor,True,0.5154,0.3734,0.6204,0.14199999999999996
12765,teacher,teacher,F,F→M,5,teacher,teacher,True,teacher,False,0.7367,0.7368,0.7368,-9.999999999998899e-05
55981,physician,physician,M,M→F,2,physician,physician,True,professor,True,0.7442,0.4413,0.5183,0.30289999999999995
70712,professor,professor,F,F→M,1,professor,professor,True,professor,False,0.9992,0.9992,0.9992,0.0
32146,dentist,dentist,M,M→F,2,dentist,dentist,True,dentist,False,0.9973,0.9975,0.9975,-0.000200000000000089
46712,professor,professor,M,M→F,2,professor,professor,True,professor,False,0.98,0.9747,0.9747,0.005299999999999971
46382,physician,physician,M,M→F,1,physician,physician,True,physician,False,0.9183,0.9472,0.9472,-0.028900000000000037
14767,physician,physician,M,M→F,4,physician,physician,True,physician,False,0.9975,0.9987,0.9987,-0.0011999999999999789
73514,professor,professor,M,M→F,2,professor,professor,True,professor,False,0.9996,0.9997,0.9997,-9.999999999998899e-05
69652,professor,professor,M,M→F,2,professor,professor,True,professor,False,0.9997,0.9997,0.9997,0.0
62460,nurse,nurse,F,F→M,1,nurse,nurse,True,nurse,False,0.9998,0.9998,0.9998,0.0
36774,surgeon,surgeon,M,M→F,2,surgeon,surgeon,True,surgeon,False,0.9989,0.9988,0.9988,9.999999999998899e-05
1118,surgeon,surgeon,M,M→F,2,surgeon,surgeon,True,surgeon,False,0.999,0.999,0.999,0.0
14153,attorney,attorney,F,F→M,2,attorney,attorney,True,attorney,False,0.9996,0.9997,0.9997,-9.999999999998899e-05
32929,professor,professor,F,F→M,4,professor,professor,True,professor,False,0.9998,0.9998,0.9998,0.0
56801,professor,professor,M,M→F,2,professor,professor,True,professor,False,0.7538,0.7615,0.7615,-0.007699999999999929
94873,journalist,journalist,F,F→M,3,journalist,journalist,True,journalist,False,0.999,0.9988,0.9988,0.00019999999999997797
85006,model,model,F,F→M,4,model,model,True,model,False,0.999,0.9988,0.9988,0.00019999999999997797
45844,teacher,teacher,F,F→M,3,teacher,teacher,True,professor,True,0.5014,0.3853,0.5702,0.11609999999999998
89542,physician,physician,F,F→M,3,physician,physician,True,physician,False,0.9998,0.9998,0.9998,0.0
9002,attorney,attorney,F,F→M,3,attorney,attorney,True,attorney,False,0.9981,0.9966,0.9966,0.0014999999999999458
13398,professor,professor,M,M→F,1,professor,professor,True,professor,False,0.9995,0.9995,0.9995,0.0
43562,model,model,M,M→F,4,model,model,True,model,False,0.5763,0.7351,0.7351,-0.15879999999999994
67658,software engineer,software engineer,M,M→F,2,software engineer,software engineer,True,software engineer,False,0.7026,0.7187,0.7187,-0.016100000000000003
54613,journalist,journalist,M,M→F,2,journalist,journalist,True,journalist,False,0.4437,0.5314,0.5314,-0.0877
95378,nurse,nurse,F,F→M,5,nurse,nurse,True,nurse,False,0.9991,0.9993,0.9993,-0.00019999999999997797
49302,surgeon,surgeon,M,M→F,2,surgeon,surgeon,True,surgeon,False,0.999,0.999,0.999,0.0
36911,surgeon,surgeon,F,F→M,2,surgeon,surgeon,True,surgeon,False,0.9053,0.9451,0.9451,-0.03980000000000006
34097,architect,architect,M,M→F,4,architect,architect,True,architect,False,0.9982,0.9981,0.9981,9.999999999998899e-05
2782,composer,composer,M,M→F,8,composer,composer,True,composer,False,0.998,0.998,0.998,0.0
23671,professor,professor,M,M→F,4,professor,professor,True,professor,False,0.9996,0.9995,0.9995,9.999999999998899e-05
34655,professor,professor,F,F→M,2,professor,professor,True,professor,False,0.9809,0.9786,0.9786,0.0022999999999999687
88367,professor,professor,M,M→F,2,professor,professor,True,professor,False,0.9991,0.999,0.999,9.999999999998899e-05
44175,journalist,journalist,F,F→M,3,journalist,journalist,True,journalist,False,0.9984,0.9972,0.9972,0.0011999999999999789
37239,physician,physician,F,F→M,3,physician,physician,True,physician,False,0.9998,0.9998,0.9998,0.0
92911,professor,professor,M,M→F,5,professor,professor,True,professor,False,0.9952,0.9968,0.9968,-0.0016000000000000458
55575,nurse,nurse,F,F→M,3,nurse,nurse,True,nurse,False,0.9963,0.9948,0.9948,0.0014999999999999458
87432,attorney,attorney,F,F→M,1,attorney,attorney,True,attorney,False,0.999,0.9986,0.9986,0.00039999999999995595
53618,professor,professor,M,M→F,3,professor,professor,True,professor,False,0.9987,0.9986,0.9986,9.999999999998899e-05
77143,professor,professor,M,M→F,1,professor,professor,True,professor,False,0.9997,0.9997,0.9997,0.0
46105,professor,professor,M,M→F,3,professor,professor,True,professor,False,0.9995,0.9995,0.9995,0.0
47692,journalist,journalist,M,M→F,6,journalist,journalist,True,journalist,False,0.9575,0.9678,0.9678,-0.010299999999999976
40338,physician,physician,M,M→F,2,physician,physician,True,physician,False,0.9294,0.9649,0.9649,-0.035499999999999976
5476,professor,professor,M,M→F,4,professor,professor,True,professor,False,0.97,0.9493,0.9493,0.02069999999999994
77851,professor,professor,F,F→M,3,professor,professor,True,professor,False,0.9972,0.9968,0.9968,0.00039999999999995595
85834,professor,professor,F,F→M,1,professor,professor,True,professor,False,0.9987,0.9986,0.9986,9.999999999998899e-05
84466,painter,painter,F,F→M,7,painter,painter,True,painter,False,0.9936,0.9941,0.9941,-0.0004999999999999449
18723,accountant,accountant,M,M→F,3,accountant,accountant,True,accountant,False,0.9944,0.9945,0.9945,-0.00010000000000010001
70746,professor,professor,M,M→F,8,professor,professor,True,professor,False,0.9984,0.9984,0.9984,0.0
68572,physician,physician,M,M→F,4,physician,physician,True,professor,True,0.4822,0.3832,0.5837,0.09900000000000003
82476,professor,professor,M,M→F,2,professor,professor,True,professor,False,0.9994,0.9994,0.9994,0.0
22722,teacher,teacher,F,F→M,4,teacher,teacher,True,teacher,False,0.9991,0.9991,0.9991,0.0
40192,accountant,accountant,M,M→F,3,accountant,accountant,True,accountant,False,0.9984,0.9985,0.9985,-0.00010000000000010001
40975,photographer,photographer,M,M→F,6,photographer,photographer,True,photographer,False,0.9982,0.9983,0.9983,-9.999999999998899e-05
56887,attorney,attorney,M,M→F,2,attorney,attorney,True,attorney,False,0.9995,0.9995,0.9995,0.0
33525,professor,professor,M,M→F,3,professor,professor,True,professor,False,0.9992,0.9994,0.9994,-0.00019999999999997797
80223,teacher,teacher,F,F→M,1,teacher,teacher,True,teacher,False,0.9669,0.9788,0.9788,-0.011900000000000022
70546,professor,professor,M,M→F,2,professor,professor,True,professor,False,0.9926,0.9933,0.9933,-0.0006999999999999229
38181,dentist,dentist,M,M→F,2,dentist,dentist,True,dentist,False,0.9804,0.981,0.981,-0.0005999999999999339
24109,journalist,journalist,F,F→M,2,journalist,journalist,True,journalist,False,0.9825,0.9623,0.9623,0.020199999999999996
56995,model,model,F,F→M,4,model,model,True,model,False,0.9994,0.9991,0.9991,0.00029999999999996696
72762,professor,professor,F,F→M,3,professor,professor,True,professor,False,0.9995,0.9995,0.9995,0.0
7487,filmmaker,filmmaker,M,M→F,3,filmmaker,filmmaker,True,filmmaker,False,0.9953,0.9949,0.9949,0.00039999999999995595
81186,poet,poet,M,M→F,7,poet,poet,True,poet,False,0.9916,0.9916,0.9916,0.0
49308,professor,professor,F,F→M,2,professor,professor,True,professor,False,0.999,0.999,0.999,0.0
40864,teacher,teacher,M,M→F,4,teacher,teacher,True,teacher,False,0.9933,0.9939,0.9939,-0.0006000000000000449
72314,nurse,nurse,M,M→F,1,nurse,nurse,True,nurse,False,0.9997,0.9997,0.9997,0.0
92655,professor,professor,M,M→F,3,professor,professor,True,professor,False,0.9944,0.9948,0.9948,-0.00040000000000006697
53989,psychologist,psychologist,F,F→M,2,psychologist,psychologist,True,psychologist,False,0.9986,0.9988,0.9988,-0.00019999999999997797
11073,professor,professor,M,M→F,2,professor,professor,True,professor,False,0.9995,0.9995,0.9995,0.0
70018,dentist,dentist,F,F→M,2,dentist,dentist,True,dentist,False,0.9871,0.9868,0.9868,0.00029999999999996696
54003,professor,professor,F,F→M,3,professor,professor,True,professor,False,0.999,0.9989,0.9989,9.999999999998899e-05
1498,psychologist,psychologist,F,F→M,1,psychologist,psychologist,True,psychologist,False,0.9088,0.8227,0.8227,0.08610000000000007
69008,nurse,nurse,F,F→M,8,nurse,nurse,True,nurse,False,0.9936,0.9946,0.9946,-0.0010000000000000009
91725,architect,architect,F,F→M,7,architect,architect,True,architect,False,0.9965,0.9968,0.9968,-0.00029999999999996696
79902,professor,professor,M,M→F,3,professor,professor,True,professor,False,0.9991,0.9991,0.9991,0.0
51401,professor,professor,F,F→M,5,professor,professor,True,professor,False,0.9991,0.9992,0.9992,-9.999999999998899e-05
34108,dentist,dentist,M,M→F,7,dentist,dentist,True,dentist,False,0.9917,0.9887,0.9887,0.0030000000000000027
7325,professor,professor,F,F→M,1,professor,professor,True,professor,False,0.9996,0.9996,0.9996,0.0
78732,dentist,dentist,M,M→F,1,dentist,dentist,True,dentist,False,0.9786,0.9796,0.9796,-0.0010000000000000009
22560,attorney,attorney,F,F→M,4,attorney,attorney,True,attorney,False,0.9996,0.9995,0.9995,9.999999999998899e-05
61736,professor,professor,F,F→M,2,professor,professor,True,professor,False,0.7816,0.8454,0.8454,-0.06380000000000008
64977,painter,painter,M,M→F,4,painter,painter,True,painter,False,0.9687,0.972,0.972,-0.0032999999999999696
42882,teacher,teacher,M,M→F,4,teacher,teacher,True,teacher,False,0.8492,0.7662,0.7662,0.08299999999999996
40916,photographer,photographer,F,F→M,5,photographer,photographer,True,photographer,False,0.9987,0.9986,0.9986,9.999999999998899e-05
26182,psychologist,psychologist,F,F→M,3,psychologist,psychologist,True,psychologist,False,0.9974,0.9981,0.9981,-0.0007000000000000339
60149,professor,professor,F,F→M,4,professor,professor,True,professor,False,0.7787,0.7008,0.7008,0.07789999999999997
15067,painter,painter,F,F→M,2,painter,painter,True,painter,False,0.9514,0.95,0.95,0.0014000000000000679
57496,software engineer,software engineer,M,M→F,2,software engineer,software engineer,True,software engineer,False,0.9531,0.9602,0.9602,-0.007100000000000106
47310,dentist,dentist,M,M→F,3,dentist,dentist,True,dentist,False,0.9985,0.9984,0.9984,0.00010000000000010001
45220,physician,physician,M,M→F,5,physician,physician,True,physician,False,0.9989,0.9993,0.9993,-0.00039999999999995595
30249,psychologist,psychologist,F,F→M,2,psychologist,psychologist,True,psychologist,False,0.9915,0.9873,0.9873,0.0042000000000000925
1409,architect,architect,M,M→F,3,architect,architect,True,architect,False,0.9969,0.9962,0.9962,0.0007000000000000339
77777,professor,professor,M,M→F,2,professor,professor,True,professor,False,0.9994,0.9994,0.9994,0.0
17307,composer,composer,M,M→F,1,composer,composer,True,composer,False,0.9865,0.9879,0.9879,-0.0013999999999999568
15316,professor,professor,F,F→M,1,professor,professor,True,professor,False,0.6587,0.6243,0.6243,0.034399999999999986
21780,attorney,attorney,F,F→M,7,attorney,attorney,True,attorney,False,0.9989,0.999,0.999,-9.999999999998899e-05
5532,nurse,nurse,F,F→M,1,nurse,nurse,True,nurse,False,0.9997,0.9997,0.9997,0.0
7709,physician,physician,F,F→M,2,physician,physician,True,physician,False,0.7694,0.9325,0.9325,-0.16310000000000002
34890,composer,composer,M,M→F,1,composer,composer,True,composer,False,0.9973,0.9973,0.9973,0.0
8454,professor,professor,F,F→M,3,professor,professor,True,professor,False,0.9952,0.9958,0.9958,-0.0006000000000000449
64487,nurse,nurse,F,F→M,1,nurse,nurse,True,nurse,False,0.9997,0.9997,0.9997,0.0
84265,professor,professor,F,F→M,3,professor,professor,True,professor,False,0.9994,0.9994,0.9994,0.0
29824,attorney,attorney,M,M→F,3,attorney,attorney,True,attorney,False,0.9995,0.9995,0.9995,0.0
57659,professor,professor,M,M→F,4,professor,professor,True,professor,False,0.998,0.9982,0.9982,-0.00019999999999997797
91175,professor,professor,F,F→M,5,professor,professor,True,professor,False,0.9106,0.9293,0.9293,-0.01870000000000005
53327,physician,physician,F,F→M,6,physician,physician,True,physician,False,0.9987,0.9981,0.9981,0.0006000000000000449
90361,professor,professor,M,M→F,5,professor,professor,True,professor,False,0.9974,0.9978,0.9978,-0.00040000000000006697
9399,physician,physician,M,M→F,1,physician,physician,True,physician,False,0.8085,0.6618,0.6618,0.14669999999999994
72448,photographer,photographer,M,M→F,5,photographer,photographer,True,photographer,False,0.9811,0.9761,0.9761,0.0050000000000000044
21794,nurse,nurse,F,F→M,3,nurse,nurse,True,nurse,False,0.9993,0.9993,0.9993,0.0
81832,surgeon,surgeon,M,M→F,2,surgeon,surgeon,True,nurse,True,0.741,0.0148,0.9643,0.7262
88791,attorney,attorney,M,M→F,3,attorney,attorney,True,attorney,False,0.9828,0.9632,0.9632,0.019600000000000062
91329,physician,physician,M,M→F,2,physician,physician,True,physician,False,0.9997,0.9997,0.9997,0.0
33727,software engineer,software engineer,M,M→F,2,software engineer,software engineer,True,software engineer,False,0.9793,0.9807,0.9807,-0.0014000000000000679
9703,attorney,attorney,F,F→M,1,attorney,attorney,True,attorney,False,0.9997,0.9997,0.9997,0.0
26066,filmmaker,filmmaker,F,F→M,2,filmmaker,filmmaker,True,filmmaker,False,0.9929,0.9938,0.9938,-0.0009000000000000119
56982,professor,professor,M,M→F,3,professor,professor,True,professor,False,0.9596,0.9895,0.9895,-0.029900000000000038
72927,photographer,photographer,M,M→F,1,photographer,photographer,True,photographer,False,0.9927,0.99,0.99,0.0027000000000000357
71674,poet,poet,M,M→F,7,poet,poet,True,poet,False,0.9944,0.9942,0.9942,0.00019999999999997797
86954,professor,professor,M,M→F,2,professor,professor,True,professor,False,0.9058,0.919,0.919,-0.01319999999999999
50925,professor,professor,F,F→M,6,professor,professor,True,professor,False,0.9997,0.9997,0.9997,0.0
71711,attorney,attorney,F,F→M,1,attorney,attorney,True,attorney,False,0.9998,0.9998,0.9998,0.0
63125,physician,physician,M,M→F,3,physician,physician,True,physician,False,0.9865,0.9954,0.9954,-0.008899999999999908
60230,filmmaker,filmmaker,M,M→F,4,filmmaker,filmmaker,True,filmmaker,False,0.9654,0.9493,0.9493,0.016100000000000003
45751,architect,architect,M,M→F,3,architect,architect,True,architect,False,0.9966,0.9916,0.9916,0.0050000000000000044
80716,attorney,attorney,M,M→F,3,attorney,attorney,True,attorney,False,0.512,0.3913,0.3913,0.12070000000000003
51423,comedian,comedian,F,F→M,6,comedian,comedian,True,comedian,False,0.9928,0.9943,0.9943,-0.0014999999999999458
86382,surgeon,surgeon,M,M→F,4,surgeon,surgeon,True,surgeon,False,0.9898,0.9858,0.9858,0.0040000000000000036
19101,journalist,journalist,M,M→F,2,journalist,journalist,True,journalist,False,0.5962,0.6846,0.6846,-0.08840000000000003
61275,professor,professor,M,M→F,2,professor,professor,True,professor,False,0.9998,0.9997,0.9997,9.999999999998899e-05
58728,professor,professor,F,F→M,3,professor,professor,True,professor,False,0.9995,0.9995,0.9995,0.0
78975,physician,physician,M,M→F,6,physician,physician,True,physician,False,0.9264,0.9563,0.9563,-0.029900000000000038
13943,attorney,attorney,F,F→M,10,attorney,attorney,True,attorney,False,0.9998,0.9998,0.9998,0.0
93798,professor,professor,F,F→M,6,professor,professor,True,professor,False,0.9994,0.9994,0.9994,0.0
47841,journalist,journalist,M,M→F,1,journalist,journalist,True,journalist,False,0.9985,0.9986,0.9986,-9.999999999998899e-05
18289,psychologist,psychologist,M,M→F,3,psychologist,psychologist,True,psychologist,False,0.5391,0.5547,0.5547,-0.015599999999999947
35401,surgeon,surgeon,M,M→F,1,surgeon,surgeon,True,surgeon,False,0.9959,0.9914,0.9914,0.0045000000000000595
72876,professor,professor,M,M→F,5,professor,professor,True,professor,False,0.9998,0.9998,0.9998,0.0
23724,professor,professor,M,M→F,7,professor,professor,True,professor,False,0.9985,0.9987,0.9987,-0.00019999999999997797
40048,journalist,journalist,F,F→M,8,journalist,journalist,True,architect,True,0.4465,0.1714,0.2233,0.2751
47520,physician,physician,F,F→M,3,physician,physician,True,physician,False,0.9998,0.9998,0.9998,0.0
91375,photographer,photographer,F,F→M,1,photographer,photographer,True,photographer,False,0.9984,0.9984,0.9984,0.0
20563,teacher,teacher,F,F→M,5,teacher,teacher,True,teacher,False,0.982,0.9808,0.9808,0.0011999999999999789
16121,professor,professor,M,M→F,5,professor,professor,True,professor,False,0.9694,0.9751,0.9751,-0.005699999999999927
41721,painter,painter,F,F→M,1,painter,painter,True,painter,False,0.9485,0.9282,0.9282,0.020299999999999985
72599,professor,professor,M,M→F,1,professor,professor,True,professor,False,0.9994,0.9994,0.9994,0.0
78503,professor,professor,M,M→F,2,professor,professor,True,professor,False,0.9951,0.9946,0.9946,0.0004999999999999449
76583,nurse,nurse,F,F→M,1,nurse,nurse,True,nurse,False,0.9997,0.9997,0.9997,0.0
93485,professor,professor,M,M→F,2,professor,professor,True,professor,False,0.5143,0.8192,0.8192,-0.30490000000000006
92804,nurse,nurse,F,F→M,4,nurse,nurse,True,nurse,False,0.9895,0.9907,0.9907,-0.0011999999999999789
31756,attorney,attorney,M,M→F,8,attorney,attorney,True,attorney,False,0.9996,0.9997,0.9997,-9.999999999998899e-05
5339,physician,physician,F,F→M,2,physician,physician,True,physician,False,0.7175,0.9236,0.9236,-0.20609999999999995
17369,professor,professor,F,F→M,2,professor,professor,True,professor,False,0.9997,0.9997,0.9997,0.0
29215,painter,painter,M,M→F,1,painter,painter,True,painter,False,0.9658,0.9746,0.9746,-0.00880000000000003
91621,professor,professor,M,M→F,1,professor,professor,True,professor,False,0.9971,0.9967,0.9967,0.00039999999999995595
21564,teacher,teacher,F,F→M,6,teacher,teacher,True,teacher,False,0.5958,0.5428,0.5428,0.05300000000000005
42365,professor,professor,M,M→F,2,professor,professor,True,professor,False,0.9996,0.9996,0.9996,0.0
65751,comedian,comedian,M,M→F,2,comedian,comedian,True,comedian,False,0.9967,0.9965,0.9965,0.00019999999999997797
45725,dentist,dentist,F,F→M,1,dentist,dentist,True,dentist,False,0.9839,0.9835,0.9835,0.00039999999999995595
64298,poet,poet,M,M→F,3,poet,poet,True,poet,False,0.4396,0.5919,0.5919,-0.1523
43483,professor,professor,F,F→M,3,professor,professor,True,professor,False,0.9995,0.9995,0.9995,0.0
63424,physician,physician,F,F→M,3,physician,physician,True,physician,False,0.9998,0.9999,0.9999,-9.999999999998899e-05
58878,attorney,attorney,F,F→M,3,attorney,attorney,True,attorney,False,0.9996,0.9995,0.9995,9.999999999998899e-05
20692,attorney,attorney,F,F→M,2,attorney,attorney,True,attorney,False,0.9998,0.9998,0.9998,0.0
4196,nurse,nurse,F,F→M,5,nurse,nurse,True,nurse,False,0.9997,0.9997,0.9997,0.0
81725,architect,architect,M,M→F,1,architect,architect,True,architect,False,0.9909,0.989,0.989,0.0019000000000000128
62396,poet,poet,F,F→M,2,poet,poet,True,poet,False,0.5432,0.7272,0.7272,-0.18399999999999994
19034,professor,professor,F,F→M,1,professor,professor,True,professor,False,0.9994,0.9994,0.9994,0.0
47719,poet,poet,F,F→M,7,poet,poet,True,poet,False,0.9743,0.975,0.975,-0.0006999999999999229
58574,physician,physician,F,F→M,3,physician,physician,True,physician,False,0.9998,0.9998,0.9998,0.0
90188,software engineer,software engineer,M,M→F,3,software engineer,software engineer,True,software engineer,False,0.8713,0.8962,0.8962,-0.024900000000000033
74328,composer,composer,M,M→F,5,composer,composer,True,composer,False,0.9411,0.9332,0.9332,0.007900000000000018
10987,physician,physician,F,F→M,2,physician,physician,True,physician,False,0.9998,0.9998,0.9998,0.0
80873,composer,composer,F,F→M,2,composer,composer,True,composer,False,0.9965,0.9971,0.9971,-0.0005999999999999339
14097,professor,professor,M,M→F,1,professor,professor,True,professor,False,0.9996,0.9996,0.9996,0.0
94832,attorney,attorney,M,M→F,3,attorney,attorney,True,attorney,False,0.9971,0.9977,0.9977,-0.0006000000000000449
37993,dietitian,dietitian,F,F→M,1,dietitian,dietitian,True,dietitian,False,0.9985,0.9985,0.9985,0.0
93135,journalist,journalist,F,F→M,5,journalist,journalist,True,journalist,False,0.9935,0.9927,0.9927,0.0008000000000000229
49083,professor,professor,M,M→F,4,professor,professor,True,professor,False,0.9996,0.9996,0.9996,0.0
68179,physician,physician,M,M→F,2,physician,physician,True,physician,False,0.9995,0.9994,0.9994,0.00010000000000010001
28123,photographer,photographer,M,M→F,3,photographer,photographer,True,photographer,False,0.9822,0.9856,0.9856,-0.0034000000000000696
1733,teacher,teacher,F,F→M,4,teacher,teacher,True,teacher,False,0.9383,0.8158,0.8158,0.12250000000000005
73699,attorney,attorney,M,M→F,2,attorney,attorney,True,attorney,False,0.9996,0.9996,0.9996,0.0
35213,professor,professor,M,M→F,3,professor,professor,True,professor,False,0.9992,0.9993,0.9993,-9.999999999998899e-05
7907,psychologist,psychologist,M,M→F,2,psychologist,psychologist,True,psychologist,False,0.968,0.9489,0.9489,0.019100000000000006
3350,professor,professor,F,F→M,1,professor,professor,True,professor,False,0.9991,0.9992,0.9992,-9.999999999998899e-05
32931,journalist,journalist,F,F→M,1,journalist,journalist,True,journalist,False,0.3756,0.3189,0.3189,0.05669999999999997
8265,physician,physician,M,M→F,1,physician,physician,True,physician,False,0.9761,0.9849,0.9849,-0.00880000000000003
80341,teacher,teacher,F,F→M,2,teacher,teacher,True,teacher,False,0.865,0.5998,0.5998,0.2652
43631,professor,professor,F,F→M,3,professor,professor,True,professor,False,0.4829,0.5719,0.5719,-0.08899999999999997
48054,journalist,journalist,M,M→F,4,journalist,journalist,True,journalist,False,0.8981,0.9489,0.9489,-0.050799999999999956
20787,dentist,dentist,M,M→F,3,dentist,dentist,True,dentist,False,0.9928,0.9935,0.9935,-0.0007000000000000339
57761,psychologist,psychologist,F,F→M,3,psychologist,psychologist,True,psychologist,False,0.9989,0.999,0.999,-9.999999999998899e-05
13539,physician,physician,M,M→F,3,physician,physician,True,physician,False,0.7561,0.8722,0.8722,-0.11609999999999998
66096,nurse,nurse,F,F→M,8,nurse,nurse,True,physician,True,0.486,0.0286,0.7247,0.4574
5722,physician,physician,F,F→M,1,physician,physician,True,physician,False,0.9979,0.9982,0.9982,-0.00029999999999996696
69531,physician,physician,M,M→F,3,physician,physician,True,physician,False,0.9998,0.9998,0.9998,0.0
927,professor,professor,M,M→F,6,professor,professor,True,professor,False,0.997,0.9974,0.9974,-0.00039999999999995595
25023,nurse,nurse,F,F→M,1,nurse,nurse,True,nurse,False,0.9997,0.9997,0.9997,0.0
6341,physician,physician,M,M→F,4,physician,physician,True,physician,False,0.9403,0.9753,0.9753,-0.03499999999999992
59804,professor,professor,F,F→M,2,professor,professor,True,professor,False,0.7877,0.9236,0.9236,-0.13590000000000002
25092,physician,physician,F,F→M,4,physician,physician,True,physician,False,0.9843,0.987,0.987,-0.0027000000000000357
94484,professor,professor,F,F→M,4,professor,professor,True,professor,False,0.9982,0.9985,0.9985,-0.000300000000000078
28177,teacher,teacher,F,F→M,4,teacher,teacher,True,teacher,False,0.7884,0.7672,0.7672,0.021199999999999997
85950,professor,professor,F,F→M,1,professor,professor,True,professor,False,0.9981,0.9983,0.9983,-0.00019999999999997797
12597,psychologist,psychologist,M,M→F,4,psychologist,psychologist,True,psychologist,False,0.9979,0.998,0.998,-9.999999999998899e-05
8126,composer,composer,F,F→M,3,composer,composer,True,composer,False,0.9834,0.9872,0.9872,-0.0037999999999999146
76993,professor,professor,F,F→M,3,professor,professor,True,professor,False,0.9993,0.9992,0.9992,9.999999999998899e-05
34022,professor,professor,F,F→M,1,professor,professor,True,professor,False,0.9994,0.9994,0.9994,0.0
18155,professor,professor,F,F→M,3,professor,professor,True,professor,False,0.9977,0.996,0.996,0.0017000000000000348
85547,dietitian,dietitian,F,F→M,1,dietitian,dietitian,True,dietitian,False,0.9984,0.9985,0.9985,-0.00010000000000010001
27946,composer,composer,M,M→F,3,composer,composer,True,composer,False,0.9757,0.9587,0.9587,0.017000000000000015
74006,composer,composer,M,M→F,4,composer,composer,True,composer,False,0.9979,0.9979,0.9979,0.0
73994,dentist,dentist,F,F→M,1,dentist,dentist,True,dentist,False,0.9967,0.9966,0.9966,9.999999999998899e-05
53811,photographer,photographer,M,M→F,3,photographer,photographer,True,photographer,False,0.9974,0.9966,0.9966,0.0007999999999999119
36142,teacher,teacher,M,M→F,5,teacher,teacher,True,teacher,False,0.9958,0.9961,0.9961,-0.00029999999999996696
43655,physician,physician,M,M→F,5,physician,physician,True,physician,False,0.9208,0.9717,0.9717,-0.050900000000000056
75082,physician,physician,M,M→F,4,physician,physician,True,physician,False,0.9665,0.9848,0.9848,-0.018299999999999983
29736,professor,professor,M,M→F,4,professor,professor,True,professor,False,0.9998,0.9998,0.9998,0.0
78512,architect,architect,M,M→F,5,architect,architect,True,model,True,0.6821,0.2645,0.64,0.4176
50243,professor,professor,F,F→M,7,professor,professor,True,professor,False,0.6577,0.6621,0.6621,-0.0044000000000000705
39940,attorney,attorney,F,F→M,1,attorney,attorney,True,attorney,False,0.9996,0.9997,0.9997,-9.999999999998899e-05
66166,professor,professor,F,F→M,3,professor,professor,True,professor,False,0.9994,0.9995,0.9995,-0.00010000000000010001
8363,nurse,nurse,F,F→M,2,nurse,nurse,True,nurse,False,0.999,0.999,0.999,0.0
84273,filmmaker,filmmaker,M,M→F,3,filmmaker,filmmaker,True,filmmaker,False,0.995,0.9953,0.9953,-0.00029999999999996696
29595,filmmaker,filmmaker,F,F→M,7,filmmaker,filmmaker,True,filmmaker,False,0.9879,0.9907,0.9907,-0.0028000000000000247
24552,teacher,teacher,F,F→M,5,teacher,teacher,True,teacher,False,0.9771,0.9435,0.9435,0.03359999999999996
26685,journalist,journalist,M,M→F,6,journalist,journalist,True,journalist,False,0.9801,0.9924,0.9924,-0.012299999999999978
19334,surgeon,surgeon,F,F→M,3,surgeon,surgeon,True,surgeon,False,0.995,0.9951,0.9951,-9.999999999998899e-05
10387,surgeon,surgeon,F,F→M,2,surgeon,surgeon,True,surgeon,False,0.9989,0.9989,0.9989,0.0
32201,software engineer,software engineer,M,M→F,3,software engineer,software engineer,True,software engineer,False,0.928,0.9466,0.9466,-0.01859999999999995
58282,professor,professor,M,M→F,4,professor,professor,True,professor,False,0.9993,0.9994,0.9994,-9.999999999998899e-05
49035,photographer,photographer,F,F→M,1,photographer,photographer,True,photographer,False,0.9321,0.9628,0.9628,-0.03069999999999995
23352,professor,professor,F,F→M,2,professor,professor,True,professor,False,0.949,0.8937,0.8937,0.055299999999999905
90291,model,model,M,M→F,4,model,model,True,model,False,0.9237,0.9297,0.9297,-0.006000000000000005
25358,nurse,nurse,F,F→M,2,nurse,nurse,True,physician,True,0.4944,0.0139,0.6117,0.4805
76803,psychologist,psychologist,M,M→F,2,psychologist,psychologist,True,psychologist,False,0.9984,0.9983,0.9983,9.999999999998899e-05
85590,professor,professor,F,F→M,7,professor,professor,True,professor,False,0.9906,0.9855,0.9855,0.005099999999999993
28576,attorney,attorney,M,M→F,2,attorney,attorney,True,attorney,False,0.9997,0.9997,0.9997,0.0
74893,teacher,teacher,M,M→F,2,teacher,teacher,True,teacher,False,0.9828,0.9859,0.9859,-0.0030999999999999917
26200,professor,professor,M,M→F,5,professor,professor,True,professor,False,0.9996,0.9996,0.9996,0.0
14885,professor,professor,M,M→F,2,professor,professor,True,professor,False,0.9984,0.9982,0.9982,0.00019999999999997797
14442,architect,architect,M,M→F,4,architect,architect,True,architect,False,0.8463,0.8101,0.8101,0.03620000000000001
83310,professor,professor,F,F→M,3,professor,professor,True,professor,False,0.9994,0.9995,0.9995,-0.00010000000000010001
21822,photographer,photographer,M,M→F,6,photographer,photographer,True,painter,True,0.4204,0.3514,0.4533,0.069
91539,professor,professor,F,F→M,2,professor,professor,True,professor,False,0.996,0.997,0.997,-0.0010000000000000009
47824,architect,architect,M,M→F,2,architect,architect,True,architect,False,0.8738,0.8407,0.8407,0.03310000000000002
94091,photographer,photographer,F,F→M,6,photographer,photographer,True,photographer,False,0.9969,0.9968,0.9968,9.999999999998899e-05
8694,nurse,nurse,F,F→M,1,nurse,nurse,True,nurse,False,0.9996,0.9996,0.9996,0.0
786,photographer,photographer,M,M→F,2,photographer,photographer,True,photographer,False,0.9642,0.8613,0.8613,0.10289999999999999
22750,professor,professor,F,F→M,1,professor,professor,True,professor,False,0.9992,0.9992,0.9992,0.0
44270,professor,professor,F,F→M,2,professor,professor,True,professor,False,0.9916,0.9878,0.9878,0.0038000000000000256
34573,professor,professor,M,M→F,1,professor,professor,True,professor,False,0.9996,0.9996,0.9996,0.0
44670,professor,professor,M,M→F,1,professor,professor,True,professor,False,0.9769,0.991,0.991,-0.014100000000000001
26558,professor,professor,F,F→M,2,professor,professor,True,professor,False,0.9991,0.9993,0.9993,-0.00019999999999997797
987,photographer,photographer,F,F→M,5,photographer,photographer,True,photographer,False,0.9767,0.9905,0.9905,-0.013800000000000034
2171,attorney,attorney,F,F→M,7,attorney,attorney,True,attorney,False,0.9997,0.9997,0.9997,0.0
60868,professor,professor,M,M→F,2,professor,professor,True,professor,False,0.9993,0.9992,0.9992,9.999999999998899e-05
22353,professor,professor,F,F→M,3,professor,professor,True,professor,False,0.9979,0.998,0.998,-9.999999999998899e-05
78455,professor,professor,M,M→F,1,professor,professor,True,professor,False,0.9996,0.9996,0.9996,0.0
34535,professor,professor,M,M→F,4,professor,professor,True,professor,False,0.9997,0.9997,0.9997,0.0
29494,professor,professor,M,M→F,1,professor,professor,True,professor,False,0.9994,0.9994,0.9994,0.0
6970,journalist,journalist,F,F→M,6,journalist,journalist,True,journalist,False,0.9948,0.9869,0.9869,0.007900000000000018
81777,journalist,journalist,F,F→M,2,journalist,journalist,True,journalist,False,0.999,0.9989,0.9989,9.999999999998899e-05
47944,professor,professor,F,F→M,2,professor,professor,True,professor,False,0.9827,0.9739,0.9739,0.00880000000000003
76092,surgeon,surgeon,M,M→F,1,surgeon,surgeon,True,surgeon,False,0.9988,0.9988,0.9988,0.0
54765,painter,painter,M,M→F,1,painter,painter,True,painter,False,0.5667,0.5894,0.5894,-0.022700000000000053
67872,teacher,teacher,F,F→M,5,teacher,teacher,True,teacher,False,0.9985,0.9983,0.9983,0.000200000000000089
49259,teacher,teacher,F,F→M,6,teacher,teacher,True,teacher,False,0.9332,0.8435,0.8435,0.0897
60181,professor,professor,M,M→F,2,professor,professor,True,professor,False,0.9056,0.9505,0.9505,-0.04490000000000005
75421,physician,physician,M,M→F,1,physician,physician,True,physician,False,0.9245,0.9412,0.9412,-0.016700000000000048
51571,photographer,photographer,M,M→F,1,photographer,photographer,True,photographer,False,0.9977,0.9974,0.9974,0.000300000000000078
46365,physician,physician,M,M→F,3,physician,physician,True,physician,False,0.9998,0.9998,0.9998,0.0
92126,comedian,comedian,M,M→F,1,comedian,comedian,True,comedian,False,0.9972,0.9944,0.9944,0.0028000000000000247
52908,psychologist,psychologist,M,M→F,5,psychologist,psychologist,True,psychologist,False,0.99,0.988,0.988,0.0020000000000000018
22107,poet,poet,F,F→M,8,poet,poet,True,poet,False,0.9845,0.988,0.988,-0.0034999999999999476
58186,psychologist,psychologist,F,F→M,3,psychologist,psychologist,True,psychologist,False,0.9982,0.9982,0.9982,0.0
4910,professor,professor,F,F→M,2,professor,professor,True,professor,False,0.9995,0.9994,0.9994,0.00010000000000010001
61132,nurse,nurse,M,M→F,1,nurse,nurse,True,nurse,False,0.9997,0.9997,0.9997,0.0
73112,attorney,attorney,M,M→F,7,attorney,attorney,True,attorney,False,0.9843,0.9862,0.9862,-0.0019000000000000128
62780,teacher,teacher,F,F→M,3,teacher,teacher,True,teacher,False,0.975,0.972,0.972,0.0030000000000000027
3296,professor,professor,F,F→M,3,professor,professor,True,professor,False,0.9993,0.9993,0.9993,0.0
8700,professor,professor,M,M→F,5,professor,professor,True,professor,False,0.9998,0.9998,0.9998,0.0
31704,journalist,journalist,F,F→M,3,journalist,journalist,True,journalist,False,0.999,0.9988,0.9988,0.00019999999999997797
46846,professor,professor,F,F→M,3,professor,professor,True,professor,False,0.9997,0.9997,0.9997,0.0
20452,professor,professor,F,F→M,1,professor,professor,True,professor,False,0.9997,0.9998,0.9998,-9.999999999998899e-05
79309,composer,composer,M,M→F,1,composer,composer,True,composer,False,0.998,0.998,0.998,0.0
93036,surgeon,surgeon,M,M→F,2,surgeon,surgeon,True,surgeon,False,0.9991,0.999,0.999,9.999999999998899e-05
82716,attorney,attorney,M,M→F,4,attorney,attorney,True,attorney,False,0.9998,0.9998,0.9998,0.0
28452,nurse,nurse,F,F→M,5,nurse,nurse,True,nurse,False,0.9997,0.9997,0.9997,0.0
87947,attorney,attorney,M,M→F,5,attorney,attorney,True,attorney,False,0.9329,0.9062,0.9062,0.026699999999999946
93024,photographer,photographer,M,M→F,3,photographer,photographer,True,photographer,False,0.9968,0.9931,0.9931,0.0037000000000000366
60324,teacher,teacher,M,M→F,5,teacher,teacher,True,teacher,False,0.9969,0.9971,0.9971,-0.00019999999999997797
13325,dietitian,dietitian,M,M→F,3,dietitian,dietitian,True,dietitian,False,0.7639,0.801,0.801,-0.03710000000000002
23984,physician,physician,F,F→M,3,physician,physician,True,physician,False,0.9998,0.9998,0.9998,0.0
26531,nurse,nurse,F,F→M,1,nurse,nurse,True,nurse,False,0.9997,0.9997,0.9997,0.0
67454,dietitian,dietitian,F,F→M,4,dietitian,dietitian,True,dietitian,False,0.9981,0.998,0.998,9.999999999998899e-05
49420,physician,physician,M,M→F,2,physician,physician,True,physician,False,0.865,0.9266,0.9266,-0.06159999999999999
8062,attorney,attorney,M,M→F,1,attorney,attorney,True,attorney,False,0.9993,0.999,0.999,0.00029999999999996696
12469,psychologist,psychologist,F,F→M,2,psychologist,psychologist,True,psychologist,False,0.9694,0.9773,0.9773,-0.007899999999999907
72346,photographer,photographer,M,M→F,2,photographer,photographer,True,photographer,False,0.9731,0.9777,0.9777,-0.0046000000000000485
18331,nurse,nurse,F,F→M,1,nurse,nurse,True,nurse,False,0.9997,0.9997,0.9997,0.0
88767,attorney,attorney,M,M→F,1,attorney,attorney,True,attorney,False,0.9974,0.9959,0.9959,0.0014999999999999458
39400,attorney,attorney,M,M→F,3,attorney,attorney,True,attorney,False,0.9998,0.9997,0.9997,9.999999999998899e-05
48409,filmmaker,filmmaker,M,M→F,1,filmmaker,filmmaker,True,filmmaker,False,0.5083,0.51,0.51,-0.0017000000000000348
76478,professor,professor,F,F→M,6,professor,professor,True,professor,False,0.9979,0.9975,0.9975,0.00039999999999995595
67165,painter,painter,F,F→M,3,painter,painter,True,painter,False,0.9553,0.9698,0.9698,-0.014499999999999957
12136,professor,professor,F,F→M,1,professor,professor,True,professor,False,0.9973,0.9981,0.9981,-0.0008000000000000229
9522,photographer,photographer,M,M→F,2,photographer,photographer,True,photographer,False,0.999,0.999,0.999,0.0
73719,software engineer,software engineer,M,M→F,6,software engineer,software engineer,True,software engineer,False,0.9531,0.9622,0.9622,-0.009100000000000108
54836,attorney,attorney,M,M→F,7,attorney,attorney,True,attorney,False,0.9998,0.9998,0.9998,0.0
63994,attorney,attorney,M,M→F,1,attorney,attorney,True,attorney,False,0.9994,0.9992,0.9992,0.00019999999999997797
59317,professor,professor,F,F→M,4,professor,professor,True,professor,False,0.9993,0.999,0.999,0.00029999999999996696
78957,journalist,journalist,F,F→M,1,journalist,journalist,True,journalist,False,0.9973,0.9966,0.9966,0.0006999999999999229
37861,software engineer,software engineer,M,M→F,2,software engineer,software engineer,True,software engineer,False,0.8981,0.917,0.917,-0.018900000000000028
25082,professor,professor,M,M→F,2,professor,professor,True,professor,False,0.9993,0.9993,0.9993,0.0
33162,professor,professor,M,M→F,1,professor,professor,True,professor,False,0.9822,0.9839,0.9839,-0.0017000000000000348
49786,nurse,nurse,F,F→M,4,nurse,nurse,True,professor,True,0.8714,0.4776,0.5174,0.39379999999999993
25316,professor,professor,M,M→F,2,professor,professor,True,professor,False,0.9987,0.9986,0.9986,9.999999999998899e-05
20348,dentist,dentist,M,M→F,3,dentist,dentist,True,dentist,False,0.9896,0.9885,0.9885,0.0010999999999999899
87988,professor,professor,M,M→F,4,professor,professor,True,professor,False,0.9768,0.98,0.98,-0.0031999999999999806
40392,psychologist,psychologist,M,M→F,4,psychologist,psychologist,True,psychologist,False,0.85,0.8183,0.8183,0.03169999999999995
43962,dietitian,dietitian,F,F→M,1,dietitian,dietitian,True,dietitian,False,0.9984,0.9983,0.9983,9.999999999998899e-05
10189,physician,physician,F,F→M,2,physician,physician,True,physician,False,0.9998,0.9998,0.9998,0.0
976,professor,professor,M,M→F,2,professor,professor,True,professor,False,0.999,0.999,0.999,0.0
48882,journalist,journalist,F,F→M,4,journalist,journalist,True,journalist,False,0.9988,0.9984,0.9984,0.00040000000000006697
39983,nurse,nurse,F,F→M,1,nurse,nurse,True,nurse,False,0.9997,0.9997,0.9997,0.0
8780,attorney,attorney,F,F→M,2,attorney,attorney,True,attorney,False,0.9898,0.9918,0.9918,-0.0020000000000000018
90459,journalist,journalist,F,F→M,3,journalist,journalist,True,photographer,True,0.214,0.1917,0.2129,0.022299999999999986
59603,professor,professor,F,F→M,2,professor,professor,True,professor,False,0.9978,0.998,0.998,-0.00019999999999997797
36635,photographer,photographer,F,F→M,6,photographer,photographer,True,photographer,False,0.9849,0.983,0.983,0.0019000000000000128
23311,professor,professor,F,F→M,4,professor,professor,True,professor,False,0.9997,0.9997,0.9997,0.0
45869,journalist,journalist,F,F→M,2,journalist,journalist,True,journalist,False,0.8523,0.734,0.734,0.11829999999999996
7300,psychologist,psychologist,F,F→M,3,psychologist,psychologist,True,psychologist,False,0.9984,0.9983,0.9983,9.999999999998899e-05
92406,professor,professor,M,M→F,3,professor,professor,True,professor,False,0.9998,0.9998,0.9998,0.0
82327,surgeon,surgeon,F,F→M,3,surgeon,surgeon,True,surgeon,False,0.8332,0.9316,0.9316,-0.09839999999999993
73807,nurse,nurse,F,F→M,3,nurse,nurse,True,nurse,False,0.9675,0.9726,0.9726,-0.005099999999999993
87485,teacher,teacher,M,M→F,1,teacher,teacher,True,teacher,False,0.6391,0.4288,0.4288,0.2103
91256,professor,professor,M,M→F,5,professor,professor,True,professor,False,0.9995,0.9995,0.9995,0.0
34057,journalist,journalist,F,F→M,1,journalist,journalist,True,journalist,False,0.9974,0.9958,0.9958,0.0015999999999999348
7523,professor,professor,F,F→M,1,professor,professor,True,professor,False,0.9975,0.9975,0.9975,0.0
92758,model,model,F,F→M,2,model,model,True,model,False,0.9993,0.9991,0.9991,0.00019999999999997797
4538,dentist,dentist,M,M→F,1,dentist,dentist,True,dentist,False,0.9479,0.9512,0.9512,-0.0033000000000000806
82363,physician,physician,M,M→F,3,physician,physician,True,physician,False,0.9766,0.9941,0.9941,-0.01749999999999996
60958,software engineer,software engineer,M,M→F,3,software engineer,software engineer,True,software engineer,False,0.5169,0.6548,0.6548,-0.13790000000000002
18222,accountant,accountant,M,M→F,5,accountant,accountant,True,accountant,False,0.4238,0.6333,0.6333,-0.20949999999999996
27732,journalist,journalist,M,M→F,6,journalist,journalist,True,journalist,False,0.9913,0.9956,0.9956,-0.0043000000000000815
40468,photographer,photographer,M,M→F,2,photographer,photographer,True,photographer,False,0.9982,0.9978,0.9978,0.00039999999999995595
65339,professor,professor,F,F→M,6,professor,professor,True,professor,False,0.9714,0.9677,0.9677,0.0037000000000000366
27545,physician,physician,M,M→F,2,physician,physician,True,physician,False,0.9997,0.9997,0.9997,0.0
63096,photographer,photographer,M,M→F,9,photographer,photographer,True,photographer,False,0.9968,0.997,0.997,-0.00019999999999997797
69990,model,model,F,F→M,4,model,model,True,model,False,0.9994,0.9991,0.9991,0.00029999999999996696
67260,surgeon,surgeon,M,M→F,1,surgeon,surgeon,True,surgeon,False,0.9764,0.959,0.959,0.017400000000000082
7782,comedian,comedian,M,M→F,9,comedian,comedian,True,comedian,False,0.9966,0.9965,0.9965,9.999999999998899e-05
87017,journalist,journalist,F,F→M,5,journalist,journalist,True,journalist,False,0.9963,0.9955,0.9955,0.0007999999999999119
43715,attorney,attorney,F,F→M,5,attorney,attorney,True,attorney,False,0.9992,0.9991,0.9991,9.999999999998899e-05
58782,comedian,comedian,M,M→F,1,comedian,comedian,True,comedian,False,0.9963,0.9959,0.9959,0.00039999999999995595
24866,nurse,nurse,F,F→M,5,nurse,nurse,True,nurse,False,0.9986,0.9893,0.9893,0.009300000000000086
59109,accountant,accountant,M,M→F,2,accountant,accountant,True,accountant,False,0.9979,0.9978,0.9978,9.999999999998899e-05
37253,professor,professor,F,F→M,6,professor,professor,True,professor,False,0.9997,0.9997,0.9997,0.0
92515,architect,architect,M,M→F,2,architect,architect,True,architect,False,0.9984,0.9982,0.9982,0.00019999999999997797
53310,professor,professor,M,M→F,3,professor,professor,True,professor,False,0.999,0.9988,0.9988,0.00019999999999997797
57561,photographer,photographer,M,M→F,3,photographer,photographer,True,photographer,False,0.9767,0.9749,0.9749,0.0018000000000000238
82790,attorney,attorney,F,F→M,4,attorney,attorney,True,attorney,False,0.9998,0.9998,0.9998,0.0
7482,professor,professor,F,F→M,6,professor,professor,True,professor,False,0.9995,0.9994,0.9994,0.00010000000000010001
12281,attorney,attorney,F,F→M,5,attorney,attorney,True,attorney,False,0.9997,0.9997,0.9997,0.0
51055,journalist,journalist,F,F→M,5,journalist,journalist,True,journalist,False,0.9977,0.9974,0.9974,0.000300000000000078
86059,attorney,attorney,M,M→F,1,attorney,attorney,True,attorney,False,0.9997,0.9997,0.9997,0.0
45785,photographer,photographer,M,M→F,1,photographer,photographer,True,photographer,False,0.8277,0.9359,0.9359,-0.10819999999999996
57924,attorney,attorney,M,M→F,1,attorney,attorney,True,attorney,False,0.9997,0.9997,0.9997,0.0
62994,professor,professor,M,M→F,8,professor,professor,True,professor,False,0.9927,0.9939,0.9939,-0.0011999999999999789
67749,physician,physician,M,M→F,5,physician,physician,True,physician,False,0.9993,0.9996,0.9996,-0.000300000000000078
18422,attorney,attorney,F,F→M,6,attorney,attorney,True,attorney,False,0.9994,0.9995,0.9995,-0.00010000000000010001
4673,journalist,journalist,M,M→F,2,journalist,journalist,True,journalist,False,0.9992,0.9992,0.9992,0.0
39686,dentist,dentist,M,M→F,1,dentist,dentist,True,dentist,False,0.9931,0.994,0.994,-0.0009000000000000119
55857,poet,poet,M,M→F,1,poet,poet,True,nurse,True,0.1953,0.0738,0.5139,0.1215
17084,attorney,attorney,M,M→F,3,attorney,attorney,True,attorney,False,0.9996,0.9995,0.9995,9.999999999998899e-05
37889,professor,professor,F,F→M,3,professor,professor,True,professor,False,0.9983,0.9982,0.9982,9.999999999998899e-05
71400,journalist,journalist,F,F→M,4,journalist,journalist,True,journalist,False,0.9989,0.9989,0.9989,0.0
41070,teacher,teacher,M,M→F,2,teacher,teacher,True,teacher,False,0.997,0.9972,0.9972,-0.00019999999999997797
81236,composer,composer,M,M→F,3,composer,composer,True,composer,False,0.9649,0.9628,0.9628,0.0020999999999999908
19356,teacher,teacher,F,F→M,3,teacher,teacher,True,teacher,False,0.8817,0.8275,0.8275,0.054200000000000026
15812,journalist,journalist,M,M→F,1,journalist,journalist,True,journalist,False,0.9409,0.9421,0.9421,-0.0012000000000000899
47910,professor,professor,F,F→M,1,professor,professor,True,professor,False,0.9839,0.9803,0.9803,0.0036000000000000476
79540,professor,professor,M,M→F,5,professor,professor,True,professor,False,0.9985,0.9988,0.9988,-0.00029999999999996696
83317,dentist,dentist,M,M→F,4,dentist,dentist,True,dentist,False,0.9977,0.9981,0.9981,-0.00039999999999995595
69265,professor,professor,F,F→M,3,professor,professor,True,professor,False,0.9993,0.9994,0.9994,-9.999999999998899e-05
70434,professor,professor,M,M→F,3,professor,professor,True,professor,False,0.9991,0.9991,0.9991,0.0
94550,professor,professor,F,F→M,2,professor,professor,True,professor,False,0.8123,0.8626,0.8626,-0.05030000000000001
82129,model,model,F,F→M,3,model,model,True,model,False,0.9994,0.9965,0.9965,0.0028999999999999027
45088,professor,professor,F,F→M,4,professor,professor,True,professor,False,0.9991,0.9993,0.9993,-0.00019999999999997797
89508,teacher,teacher,F,F→M,4,teacher,teacher,True,teacher,False,0.9967,0.9974,0.9974,-0.0006999999999999229
26093,attorney,attorney,M,M→F,2,attorney,attorney,True,attorney,False,0.9873,0.9789,0.9789,0.008399999999999963
86974,psychologist,psychologist,M,M→F,2,psychologist,psychologist,True,psychologist,False,0.8475,0.8476,0.8476,-9.999999999998899e-05
78801,psychologist,psychologist,F,F→M,6,psychologist,psychologist,True,psychologist,False,0.9894,0.9947,0.9947,-0.005300000000000082
48721,attorney,attorney,F,F→M,5,attorney,attorney,True,attorney,False,0.9995,0.9995,0.9995,0.0
95337,professor,professor,M,M→F,2,professor,professor,True,professor,False,0.9953,0.9953,0.9953,0.0
14426,composer,composer,M,M→F,5,composer,composer,True,composer,False,0.9981,0.998,0.998,9.999999999998899e-05
29014,poet,poet,M,M→F,3,poet,poet,True,poet,False,0.8919,0.8503,0.8503,0.04160000000000008
54899,psychologist,psychologist,M,M→F,2,psychologist,psychologist,True,psychologist,False,0.9987,0.9986,0.9986,9.999999999998899e-05
59387,model,model,F,F→M,4,model,model,True,model,False,0.9994,0.999,0.999,0.00039999999999995595
5205,composer,composer,F,F→M,3,composer,composer,True,composer,False,0.9935,0.996,0.996,-0.0024999999999999467
91238,professor,professor,F,F→M,5,professor,professor,True,professor,False,0.9996,0.9996,0.9996,0.0
58540,psychologist,psychologist,M,M→F,1,psychologist,psychologist,True,psychologist,False,0.9994,0.9994,0.9994,0.0
46231,nurse,nurse,M,M→F,2,nurse,nurse,True,nurse,False,0.9985,0.9983,0.9983,0.000200000000000089
26404,attorney,attorney,F,F→M,4,attorney,attorney,True,attorney,False,0.6529,0.6346,0.6346,0.018299999999999983
67573,nurse,nurse,F,F→M,1,nurse,nurse,True,nurse,False,0.9997,0.9997,0.9997,0.0
40201,professor,professor,M,M→F,1,professor,professor,True,professor,False,0.8784,0.8907,0.8907,-0.012300000000000089
50966,dentist,dentist,M,M→F,3,dentist,dentist,True,dentist,False,0.9988,0.9988,0.9988,0.0
82737,nurse,nurse,F,F→M,2,nurse,nurse,True,nurse,False,0.9929,0.9934,0.9934,-0.0004999999999999449
59702,comedian,comedian,F,F→M,8,comedian,comedian,True,comedian,False,0.6121,0.7869,0.7869,-0.17480000000000007
12758,journalist,journalist,M,M→F,3,journalist,journalist,True,journalist,False,0.9985,0.9987,0.9987,-0.00019999999999997797
73412,attorney,attorney,M,M→F,2,attorney,attorney,True,attorney,False,0.9996,0.9995,0.9995,9.999999999998899e-05
14734,journalist,journalist,M,M→F,1,journalist,journalist,True,professor,True,0.3094,0.2528,0.4558,0.056599999999999984
21593,teacher,teacher,F,F→M,6,teacher,teacher,True,teacher,False,0.9886,0.9885,0.9885,9.999999999998899e-05
73654,photographer,photographer,M,M→F,2,photographer,photographer,True,photographer,False,0.9983,0.9984,0.9984,-9.999999999998899e-05
3040,professor,professor,M,M→F,2,professor,professor,True,professor,False,0.9992,0.9993,0.9993,-9.999999999998899e-05
14990,professor,professor,M,M→F,3,professor,professor,True,professor,False,0.9997,0.9997,0.9997,0.0
50231,professor,professor,M,M→F,1,professor,professor,True,professor,False,0.9994,0.9994,0.9994,0.0
17483,professor,professor,M,M→F,1,professor,professor,True,professor,False,0.9945,0.995,0.995,-0.0004999999999999449
85630,professor,professor,F,F→M,3,professor,professor,True,professor,False,0.9992,0.9994,0.9994,-0.00019999999999997797
37689,dietitian,dietitian,M,M→F,2,dietitian,dietitian,True,dietitian,False,0.3627,0.5212,0.5212,-0.15849999999999997
60107,poet,poet,M,M→F,2,poet,poet,True,poet,False,0.9045,0.884,0.884,0.020499999999999963
68047,attorney,attorney,M,M→F,8,attorney,attorney,True,attorney,False,0.8431,0.6074,0.6074,0.2356999999999999
81110,psychologist,psychologist,M,M→F,1,psychologist,psychologist,True,psychologist,False,0.9993,0.9993,0.9993,0.0
74091,professor,professor,M,M→F,3,professor,professor,True,professor,False,0.9935,0.9959,0.9959,-0.0023999999999999577
35918,professor,professor,M,M→F,5,professor,professor,True,professor,False,0.9992,0.9992,0.9992,0.0
93030,professor,professor,M,M→F,4,professor,professor,True,professor,False,0.9996,0.9997,0.9997,-9.999999999998899e-05
864,professor,professor,F,F→M,3,professor,professor,True,professor,False,0.9944,0.9963,0.9963,-0.0019000000000000128
35077,professor,professor,M,M→F,2,professor,professor,True,professor,False,0.9997,0.9996,0.9996,9.999999999998899e-05
74373,model,model,F,F→M,4,model,model,True,model,False,0.9994,0.999,0.999,0.00039999999999995595
69715,professor,professor,M,M→F,2,professor,professor,True,professor,False,0.956,0.9895,0.9895,-0.033500000000000085
10642,accountant,accountant,M,M→F,5,accountant,accountant,True,accountant,False,0.9959,0.9937,0.9937,0.0021999999999999797
74063,physician,physician,F,F→M,3,physician,physician,True,physician,False,0.9998,0.9998,0.9998,0.0
1459,physician,physician,M,M→F,3,physician,physician,True,physician,False,0.9998,0.9998,0.9998,0.0
17811,teacher,teacher,F,F→M,1,teacher,teacher,True,teacher,False,0.9968,0.9938,0.9938,0.0030000000000000027
40242,psychologist,psychologist,M,M→F,1,psychologist,psychologist,True,psychologist,False,0.9959,0.9966,0.9966,-0.0007000000000000339
57302,professor,professor,F,F→M,4,professor,professor,True,professor,False,0.9983,0.9982,0.9982,9.999999999998899e-05
7707,nurse,nurse,F,F→M,1,nurse,nurse,True,nurse,False,0.9997,0.9997,0.9997,0.0
90933,surgeon,surgeon,M,M→F,3,surgeon,surgeon,True,surgeon,False,0.9939,0.9928,0.9928,0.0010999999999999899
50361,surgeon,surgeon,M,M→F,3,surgeon,surgeon,True,psychologist,True,0.2893,0.0589,0.4422,0.2304
81786,painter,painter,F,F→M,4,painter,painter,True,painter,False,0.8538,0.8127,0.8127,0.041100000000000025
24370,painter,painter,M,M→F,1,painter,painter,True,painter,False,0.9808,0.9741,0.9741,0.006700000000000039
90408,painter,painter,M,M→F,5,painter,painter,True,painter,False,0.9909,0.9896,0.9896,0.0012999999999999678
49212,teacher,teacher,F,F→M,4,teacher,teacher,True,photographer,True,0.3898,0.276,0.3326,0.11379999999999996
55566,attorney,attorney,F,F→M,2,attorney,attorney,True,attorney,False,0.7791,0.7801,0.7801,-0.0010000000000000009
24744,teacher,teacher,M,M→F,5,teacher,teacher,True,teacher,False,0.5348,0.7903,0.7903,-0.25549999999999995
73269,teacher,teacher,M,M→F,3,teacher,teacher,True,teacher,False,0.9979,0.9982,0.9982,-0.00029999999999996696
10380,teacher,teacher,F,F→M,2,teacher,teacher,True,teacher,False,0.9979,0.9981,0.9981,-0.00019999999999997797
19688,journalist,journalist,M,M→F,2,journalist,journalist,True,journalist,False,0.9977,0.9985,0.9985,-0.0008000000000000229
20392,surgeon,surgeon,M,M→F,1,surgeon,surgeon,True,surgeon,False,0.9559,0.6122,0.6122,0.3437
59969,comedian,comedian,M,M→F,7,comedian,comedian,True,model,True,0.7211,0.0276,0.8511,0.6935
47561,painter,painter,F,F→M,4,painter,painter,True,painter,False,0.9894,0.9857,0.9857,0.0036999999999999256
52066,attorney,attorney,M,M→F,3,attorney,attorney,True,attorney,False,0.9997,0.9997,0.9997,0.0
31828,professor,professor,F,F→M,8,professor,professor,True,professor,False,0.9997,0.9997,0.9997,0.0
24002,psychologist,psychologist,M,M→F,1,psychologist,psychologist,True,psychologist,False,0.9994,0.9994,0.9994,0.0
40216,attorney,attorney,M,M→F,6,attorney,attorney,True,attorney,False,0.9996,0.9996,0.9996,0.0
49616,photographer,photographer,F,F→M,1,photographer,photographer,True,photographer,False,0.996,0.9963,0.9963,-0.00029999999999996696
65820,physician,physician,M,M→F,3,physician,physician,True,physician,False,0.9997,0.9997,0.9997,0.0
68988,professor,professor,F,F→M,2,professor,professor,True,professor,False,0.9997,0.9997,0.9997,0.0
82424,photographer,photographer,F,F→M,6,photographer,photographer,True,photographer,False,0.9689,0.9636,0.9636,0.005299999999999971
95395,nurse,nurse,F,F→M,1,nurse,nurse,True,attorney,True,0.2117,0.0036,0.1855,0.2081
45431,professor,professor,M,M→F,4,professor,professor,True,professor,False,0.9996,0.9996,0.9996,0.0
56953,professor,professor,F,F→M,1,professor,professor,True,professor,False,0.7439,0.8541,0.8541,-0.11019999999999996
31513,professor,professor,F,F→M,1,professor,professor,True,professor,False,0.9993,0.9993,0.9993,0.0
17901,psychologist,psychologist,F,F→M,3,psychologist,psychologist,True,psychologist,False,0.983,0.9877,0.9877,-0.0047000000000000375
54890,professor,professor,F,F→M,1,professor,professor,True,professor,False,0.9944,0.9961,0.9961,-0.0017000000000000348
17066,professor,professor,F,F→M,1,professor,professor,True,professor,False,0.9975,0.998,0.998,-0.0004999999999999449
65009,physician,physician,F,F→M,7,physician,physician,True,physician,False,0.9993,0.9994,0.9994,-9.999999999998899e-05
29506,teacher,teacher,F,F→M,6,teacher,teacher,True,teacher,False,0.9988,0.9985,0.9985,0.00029999999999996696
82437,nurse,nurse,F,F→M,6,nurse,nurse,True,nurse,False,0.9995,0.9994,0.9994,0.00010000000000010001
23830,professor,professor,M,M→F,3,professor,professor,True,professor,False,0.997,0.9971,0.9971,-9.999999999998899e-05
42543,professor,professor,M,M→F,1,professor,professor,True,professor,False,0.9974,0.9959,0.9959,0.0014999999999999458
46013,dentist,dentist,F,F→M,3,dentist,dentist,True,dentist,False,0.9747,0.9706,0.9706,0.0040999999999999925
78915,dentist,dentist,M,M→F,3,dentist,dentist,True,dentist,False,0.9983,0.9984,0.9984,-9.999999999998899e-05
60842,physician,physician,M,M→F,1,physician,physician,True,physician,False,0.8716,0.895,0.895,-0.023399999999999976
53065,attorney,attorney,M,M→F,1,attorney,attorney,True,attorney,False,0.9998,0.9998,0.9998,0.0
10290,poet,poet,F,F→M,5,poet,poet,True,photographer,True,0.3104,0.2355,0.47,0.07490000000000002
11528,photographer,photographer,F,F→M,5,photographer,photographer,True,photographer,False,0.9966,0.9952,0.9952,0.0014000000000000679
52893,professor,professor,F,F→M,1,professor,professor,True,professor,False,0.9998,0.9998,0.9998,0.0
85243,professor,professor,F,F→M,1,professor,professor,True,professor,False,0.9913,0.9896,0.9896,0.0016999999999999238
53654,attorney,attorney,M,M→F,5,attorney,attorney,True,attorney,False,0.9982,0.998,0.998,0.00019999999999997797
68777,teacher,teacher,M,M→F,2,teacher,teacher,True,teacher,False,0.9923,0.994,0.994,-0.0017000000000000348
89847,professor,professor,F,F→M,5,professor,professor,True,professor,False,0.9905,0.9926,0.9926,-0.0020999999999999908
91005,software engineer,software engineer,M,M→F,1,software engineer,software engineer,True,software engineer,False,0.9603,0.9741,0.9741,-0.013799999999999923
48497,dentist,dentist,M,M→F,1,dentist,dentist,True,dentist,False,0.9489,0.9515,0.9515,-0.0026000000000000467
20401,professor,professor,M,M→F,4,professor,professor,True,professor,False,0.9998,0.9998,0.9998,0.0
55783,psychologist,psychologist,F,F→M,3,psychologist,psychologist,True,psychologist,False,0.879,0.6994,0.6994,0.17959999999999998
26982,nurse,nurse,F,F→M,8,nurse,nurse,True,nurse,False,0.9936,0.9924,0.9924,0.0012000000000000899
14561,professor,professor,M,M→F,1,professor,professor,True,professor,False,0.8964,0.9114,0.9114,-0.015000000000000013
76071,professor,professor,M,M→F,5,professor,professor,True,professor,False,0.9996,0.9995,0.9995,9.999999999998899e-05
22292,professor,professor,F,F→M,1,professor,professor,True,professor,False,0.9935,0.9949,0.9949,-0.0013999999999999568
87534,software engineer,software engineer,M,M→F,4,software engineer,software engineer,True,software engineer,False,0.9656,0.9711,0.9711,-0.005499999999999949
87841,professor,professor,M,M→F,5,professor,professor,True,professor,False,0.9655,0.9757,0.9757,-0.010199999999999987
17263,professor,professor,F,F→M,4,professor,professor,True,professor,False,0.9995,0.9993,0.9993,0.000200000000000089
74549,professor,professor,M,M→F,5,professor,professor,True,professor,False,0.9997,0.9997,0.9997,0.0
74895,teacher,teacher,M,M→F,2,teacher,teacher,True,teacher,False,0.3696,0.3356,0.3356,0.033999999999999975
29205,journalist,journalist,M,M→F,3,journalist,journalist,True,journalist,False,0.5142,0.6944,0.6944,-0.18020000000000003
2371,physician,physician,F,F→M,4,physician,physician,True,physician,False,0.9727,0.9299,0.9299,0.04280000000000006
42684,photographer,photographer,M,M→F,2,photographer,photographer,True,photographer,False,0.9983,0.9983,0.9983,0.0
4212,professor,professor,M,M→F,3,professor,professor,True,professor,False,0.9998,0.9998,0.9998,0.0
58758,dentist,dentist,F,F→M,2,dentist,dentist,True,dentist,False,0.998,0.9981,0.9981,-9.999999999998899e-05
63624,professor,professor,M,M→F,3,professor,professor,True,professor,False,0.9994,0.9994,0.9994,0.0
86794,filmmaker,filmmaker,F,F→M,1,filmmaker,filmmaker,True,filmmaker,False,0.6178,0.8097,0.8097,-0.19189999999999996
71446,professor,professor,M,M→F,2,professor,professor,True,professor,False,0.9926,0.9963,0.9963,-0.0036999999999999256
59152,physician,physician,F,F→M,3,physician,physician,True,physician,False,0.9998,0.9998,0.9998,0.0
47905,attorney,attorney,M,M→F,1,attorney,attorney,True,attorney,False,0.9945,0.9899,0.9899,0.0046000000000000485
40649,professor,professor,F,F→M,2,professor,professor,True,teacher,True,0.6847,0.4204,0.5749,0.2643
13922,dietitian,dietitian,F,F→M,1,dietitian,dietitian,True,dietitian,False,0.9984,0.9984,0.9984,0.0
48089,nurse,nurse,F,F→M,2,nurse,nurse,True,surgeon,True,0.3478,0.0041,0.7004,0.3437
17491,teacher,teacher,F,F→M,3,teacher,teacher,True,teacher,False,0.7512,0.791,0.791,-0.03980000000000006
47421,professor,professor,F,F→M,4,professor,professor,True,professor,False,0.9959,0.9957,0.9957,0.00019999999999997797
56896,professor,professor,F,F→M,1,professor,professor,True,professor,False,0.8883,0.9366,0.9366,-0.04830000000000001
22711,surgeon,surgeon,M,M→F,3,surgeon,surgeon,True,surgeon,False,0.9425,0.8355,0.8355,0.10699999999999998
34105,dentist,dentist,F,F→M,1,dentist,dentist,True,dentist,False,0.9164,0.9061,0.9061,0.010299999999999976
38376,professor,professor,M,M→F,2,professor,professor,True,professor,False,0.999,0.999,0.999,0.0
19826,physician,physician,F,F→M,1,physician,physician,True,physician,False,0.9037,0.9906,0.9906,-0.08690000000000009
42516,professor,professor,F,F→M,5,professor,professor,True,professor,False,0.9995,0.9995,0.9995,0.0
7674,professor,professor,M,M→F,4,professor,professor,True,professor,False,0.9994,0.9995,0.9995,-0.00010000000000010001
76486,photographer,photographer,M,M→F,3,photographer,photographer,True,photographer,False,0.9976,0.9974,0.9974,0.000200000000000089
66021,professor,professor,F,F→M,3,professor,professor,True,professor,False,0.99,0.9779,0.9779,0.0121
44460,photographer,photographer,F,F→M,2,photographer,photographer,True,photographer,False,0.9986,0.9987,0.9987,-9.999999999998899e-05
7836,professor,professor,F,F→M,1,professor,professor,True,professor,False,0.632,0.7155,0.7155,-0.08350000000000002
88173,attorney,attorney,M,M→F,3,attorney,attorney,True,attorney,False,0.9998,0.9997,0.9997,9.999999999998899e-05
86739,poet,poet,M,M→F,4,poet,poet,True,poet,False,0.6307,0.5363,0.5363,0.09440000000000004
51004,nurse,nurse,F,F→M,2,nurse,nurse,True,attorney,True,0.6842,0.139,0.2569,0.5452
91623,professor,professor,F,F→M,2,professor,professor,True,professor,False,0.4693,0.6384,0.6384,-0.16909999999999997
55356,dentist,dentist,M,M→F,2,dentist,dentist,True,dentist,False,0.9919,0.9922,0.9922,-0.00029999999999996696
56236,photographer,photographer,M,M→F,2,photographer,photographer,True,photographer,False,0.9702,0.9745,0.9745,-0.0043000000000000815
6581,physician,physician,M,M→F,4,physician,physician,True,physician,False,0.9187,0.9615,0.9615,-0.04280000000000006
50156,professor,professor,M,M→F,7,professor,professor,True,professor,False,0.9997,0.9997,0.9997,0.0
90445,dietitian,dietitian,F,F→M,2,dietitian,dietitian,True,teacher,True,0.887,0.1776,0.3414,0.7094
94275,physician,physician,M,M→F,2,physician,physician,True,physician,False,0.9998,0.9998,0.9998,0.0
78408,professor,professor,F,F→M,7,professor,professor,True,professor,False,0.9994,0.9995,0.9995,-0.00010000000000010001
30526,teacher,teacher,M,M→F,5,teacher,teacher,True,teacher,False,0.9126,0.9338,0.9338,-0.021199999999999997
90427,photographer,photographer,M,M→F,1,photographer,photographer,True,photographer,False,0.9893,0.9766,0.9766,0.012699999999999934
44681,professor,professor,M,M→F,2,professor,professor,True,professor,False,0.9955,0.9965,0.9965,-0.0010000000000000009
92309,professor,professor,M,M→F,6,professor,professor,True,professor,False,0.9849,0.9659,0.9659,0.019000000000000017
56324,poet,poet,F,F→M,2,poet,poet,True,poet,False,0.8457,0.824,0.824,0.021700000000000053
3301,physician,physician,F,F→M,2,physician,physician,True,physician,False,0.9998,0.9998,0.9998,0.0
19025,professor,professor,M,M→F,6,professor,professor,True,professor,False,0.9993,0.9994,0.9994,-9.999999999998899e-05
26346,professor,professor,M,M→F,6,professor,professor,True,professor,False,0.9997,0.9996,0.9996,9.999999999998899e-05
54997,photographer,photographer,M,M→F,4,photographer,photographer,True,photographer,False,0.9985,0.9984,0.9984,0.00010000000000010001
42389,attorney,attorney,F,F→M,1,attorney,attorney,True,attorney,False,0.9961,0.9978,0.9978,-0.0017000000000000348
37278,model,model,F,F→M,6,model,model,True,model,False,0.9993,0.9992,0.9992,9.999999999998899e-05
10792,professor,professor,F,F→M,4,professor,professor,True,professor,False,0.9998,0.9998,0.9998,0.0
32800,professor,professor,M,M→F,1,professor,professor,True,professor,False,0.9977,0.9975,0.9975,0.00019999999999997797
61445,physician,physician,F,F→M,3,physician,physician,True,physician,False,0.9998,0.9998,0.9998,0.0
42048,attorney,attorney,M,M→F,2,attorney,attorney,True,attorney,False,0.9265,0.9141,0.9141,0.012399999999999967
25913,attorney,attorney,M,M→F,1,attorney,attorney,True,attorney,False,0.9985,0.9989,0.9989,-0.00039999999999995595
45873,physician,physician,M,M→F,2,physician,physician,True,physician,False,0.9994,0.9994,0.9994,0.0
74281,psychologist,psychologist,M,M→F,3,psychologist,psychologist,True,psychologist,False,0.9269,0.9341,0.9341,-0.007200000000000095
74877,teacher,teacher,M,M→F,6,teacher,teacher,True,teacher,False,0.8876,0.752,0.752,0.13559999999999994
23306,professor,professor,F,F→M,1,professor,professor,True,professor,False,0.9921,0.9909,0.9909,0.0011999999999999789
67021,software engineer,software engineer,M,M→F,3,software engineer,software engineer,True,software engineer,False,0.8796,0.913,0.913,-0.033399999999999985
60464,attorney,attorney,M,M→F,3,attorney,attorney,True,attorney,False,0.9988,0.9991,0.9991,-0.00029999999999996696
51426,physician,physician,M,M→F,3,physician,physician,True,physician,False,0.9341,0.9719,0.9719,-0.037799999999999945
9035,professor,professor,M,M→F,3,professor,professor,True,professor,False,0.9535,0.9745,0.9745,-0.02100000000000002
55478,physician,physician,M,M→F,1,physician,physician,True,physician,False,0.9855,0.9816,0.9816,0.0039000000000000146
25968,psychologist,psychologist,M,M→F,1,psychologist,psychologist,True,psychologist,False,0.9994,0.9994,0.9994,0.0
6932,professor,professor,M,M→F,6,professor,professor,True,professor,False,0.9998,0.9997,0.9997,9.999999999998899e-05
20987,professor,professor,F,F→M,2,professor,professor,True,professor,False,0.9978,0.9985,0.9985,-0.0007000000000000339
54390,dentist,dentist,M,M→F,2,dentist,dentist,True,dentist,False,0.9863,0.9922,0.9922,-0.005900000000000016
88993,painter,painter,M,M→F,7,painter,painter,True,painter,False,0.9963,0.996,0.996,0.00029999999999996696
27793,professor,professor,F,F→M,3,professor,professor,True,professor,False,0.9988,0.9989,0.9989,-9.999999999998899e-05
41574,dentist,dentist,F,F→M,1,dentist,dentist,True,dentist,False,0.9683,0.9667,0.9667,0.0016000000000000458
55022,professor,professor,F,F→M,3,professor,professor,True,professor,False,0.9994,0.9994,0.9994,0.0
74088,model,model,F,F→M,4,model,model,True,model,False,0.9993,0.9992,0.9992,9.999999999998899e-05
86539,physician,physician,M,M→F,5,physician,physician,True,physician,False,0.9179,0.969,0.969,-0.05109999999999992
28579,journalist,journalist,M,M→F,4,journalist,journalist,True,journalist,False,0.9989,0.999,0.999,-9.999999999998899e-05
26091,professor,professor,M,M→F,3,professor,professor,True,professor,False,0.9995,0.9995,0.9995,0.0
60862,professor,professor,F,F→M,3,professor,professor,True,professor,False,0.9992,0.9993,0.9993,-9.999999999998899e-05
85552,teacher,teacher,F,F→M,2,teacher,teacher,True,teacher,False,0.9991,0.999,0.999,9.999999999998899e-05
53127,nurse,nurse,F,F→M,5,nurse,nurse,True,nurse,False,0.9962,0.9949,0.9949,0.0012999999999999678
20493,physician,physician,F,F→M,2,physician,physician,True,physician,False,0.8453,0.8885,0.8885,-0.043199999999999905
87474,journalist,journalist,F,F→M,1,journalist,journalist,True,attorney,True,0.2503,0.1578,0.4674,0.09250000000000003
17828,professor,professor,M,M→F,3,professor,professor,True,professor,False,0.9969,0.9964,0.9964,0.000500000000000056
72464,attorney,attorney,M,M→F,1,attorney,attorney,True,attorney,False,0.9996,0.9996,0.9996,0.0
75043,nurse,nurse,F,F→M,1,nurse,nurse,True,nurse,False,0.9997,0.9997,0.9997,0.0
17005,photographer,photographer,F,F→M,2,photographer,photographer,True,photographer,False,0.9969,0.9974,0.9974,-0.0004999999999999449
52771,software engineer,software engineer,F,F→M,4,software engineer,software engineer,True,software engineer,False,0.6723,0.6708,0.6708,0.0015000000000000568
45576,professor,professor,F,F→M,4,professor,professor,True,professor,False,0.9999,0.9999,0.9999,0.0
55414,physician,physician,M,M→F,4,physician,physician,True,physician,False,0.9927,0.9978,0.9978,-0.005099999999999993
10077,professor,professor,F,F→M,3,professor,professor,True,professor,False,0.9992,0.9991,0.9991,9.999999999998899e-05
94683,physician,physician,M,M→F,3,physician,physician,True,physician,False,0.9717,0.9665,0.9665,0.005199999999999982
32125,professor,professor,M,M→F,4,professor,professor,True,professor,False,0.9998,0.9998,0.9998,0.0
59771,painter,painter,M,M→F,3,painter,painter,True,painter,False,0.5932,0.7171,0.7171,-0.12390000000000001
71491,dietitian,dietitian,F,F→M,3,dietitian,dietitian,True,dietitian,False,0.9978,0.9975,0.9975,0.00029999999999996696
53634,professor,professor,M,M→F,4,professor,professor,True,professor,False,0.9987,0.9987,0.9987,0.0
55169,photographer,photographer,F,F→M,5,photographer,photographer,True,photographer,False,0.9987,0.9989,0.9989,-0.00019999999999997797
26560,painter,painter,M,M→F,6,painter,painter,True,painter,False,0.9311,0.9484,0.9484,-0.017299999999999982
12059,professor,professor,F,F→M,2,professor,professor,True,professor,False,0.9634,0.9323,0.9323,0.031100000000000017
46336,comedian,comedian,M,M→F,4,comedian,comedian,True,comedian,False,0.9972,0.9964,0.9964,0.0008000000000000229
42650,journalist,journalist,M,M→F,1,journalist,journalist,True,journalist,False,0.8125,0.8584,0.8584,-0.04590000000000005
85433,professor,professor,F,F→M,1,professor,professor,True,professor,False,0.9952,0.9958,0.9958,-0.0006000000000000449
78446,photographer,photographer,M,M→F,3,photographer,photographer,True,photographer,False,0.9953,0.9946,0.9946,0.0006999999999999229
65196,attorney,attorney,F,F→M,2,attorney,attorney,True,attorney,False,0.9995,0.9996,0.9996,-9.999999999998899e-05
40720,nurse,nurse,F,F→M,1,nurse,nurse,True,nurse,False,0.9997,0.9997,0.9997,0.0
67546,professor,professor,F,F→M,10,professor,professor,True,professor,False,0.8504,0.8668,0.8668,-0.01639999999999997
74416,psychologist,psychologist,F,F→M,3,psychologist,psychologist,True,professor,True,0.6714,0.4527,0.5456,0.2187
69366,architect,architect,M,M→F,3,architect,architect,True,architect,False,0.998,0.9978,0.9978,0.00019999999999997797
68821,professor,professor,M,M→F,2,professor,professor,True,professor,False,0.9998,0.9998,0.9998,0.0
11689,professor,professor,F,F→M,4,professor,professor,True,professor,False,0.939,0.9137,0.9137,0.02529999999999999
71219,painter,painter,M,M→F,2,painter,painter,True,painter,False,0.9903,0.987,0.987,0.0032999999999999696
94572,architect,architect,M,M→F,3,architect,architect,True,software engineer,True,0.5584,0.4588,0.5321,0.09960000000000002
88412,dietitian,dietitian,F,F→M,1,dietitian,dietitian,True,dietitian,False,0.9962,0.9951,0.9951,0.0010999999999999899
21711,attorney,attorney,M,M→F,5,attorney,attorney,True,attorney,False,0.8086,0.7156,0.7156,0.09299999999999997
73550,professor,professor,F,F→M,1,professor,professor,True,professor,False,0.9992,0.9991,0.9991,9.999999999998899e-05
15447,attorney,attorney,M,M→F,3,attorney,attorney,True,attorney,False,0.9997,0.9998,0.9998,-9.999999999998899e-05
22029,psychologist,psychologist,F,F→M,4,psychologist,psychologist,True,psychologist,False,0.5521,0.4299,0.4299,0.12220000000000003
25040,journalist,journalist,M,M→F,1,journalist,journalist,True,journalist,False,0.9629,0.9541,0.9541,0.00880000000000003
74511,psychologist,psychologist,M,M→F,4,psychologist,psychologist,True,psychologist,False,0.8823,0.8684,0.8684,0.013900000000000023
54393,professor,professor,M,M→F,4,professor,professor,True,professor,False,0.9991,0.9991,0.9991,0.0
74851,physician,physician,F,F→M,3,physician,physician,True,physician,False,0.9998,0.9998,0.9998,0.0
43933,physician,physician,F,F→M,1,physician,physician,True,physician,False,0.624,0.8328,0.8328,-0.20879999999999999
63844,professor,professor,M,M→F,2,professor,professor,True,professor,False,0.9998,0.9998,0.9998,0.0
20289,model,model,F,F→M,4,model,model,True,model,False,0.9994,0.999,0.999,0.00039999999999995595
40860,filmmaker,filmmaker,F,F→M,5,filmmaker,filmmaker,True,filmmaker,False,0.9974,0.9975,0.9975,-0.00010000000000010001
61380,physician,physician,F,F→M,2,physician,physician,True,physician,False,0.5372,0.8011,0.8011,-0.2639
78146,dentist,dentist,M,M→F,2,dentist,dentist,True,dentist,False,0.9634,0.9662,0.9662,-0.0027999999999999137
19049,physician,physician,M,M→F,2,physician,physician,True,physician,False,0.9987,0.9977,0.9977,0.0010000000000000009
42320,painter,painter,F,F→M,2,painter,painter,True,painter,False,0.9932,0.9929,0.9929,0.00029999999999996696
90687,attorney,attorney,F,F→M,3,attorney,attorney,True,attorney,False,0.9997,0.9997,0.9997,0.0
12462,model,model,F,F→M,4,model,model,True,model,False,0.9995,0.9991,0.9991,0.00040000000000006697
57103,professor,professor,F,F→M,1,professor,professor,True,professor,False,0.8265,0.8294,0.8294,-0.0029000000000000137
19390,surgeon,surgeon,F,F→M,1,surgeon,surgeon,True,surgeon,False,0.9989,0.9989,0.9989,0.0
21342,journalist,journalist,F,F→M,1,journalist,journalist,True,journalist,False,0.668,0.6587,0.6587,0.009300000000000086
85401,photographer,photographer,M,M→F,1,photographer,photographer,True,photographer,False,0.9979,0.9981,0.9981,-0.00019999999999997797
86730,professor,professor,M,M→F,5,professor,professor,True,professor,False,0.9991,0.999,0.999,9.999999999998899e-05
35260,photographer,photographer,M,M→F,5,photographer,photographer,True,photographer,False,0.9978,0.9979,0.9979,-9.999999999998899e-05
91229,physician,physician,M,M→F,2,physician,physician,True,physician,False,0.9997,0.9997,0.9997,0.0
29007,software engineer,software engineer,M,M→F,4,software engineer,software engineer,True,software engineer,False,0.9667,0.972,0.972,-0.005299999999999971
60447,attorney,attorney,F,F→M,1,attorney,attorney,True,attorney,False,0.9997,0.9998,0.9998,-9.999999999998899e-05
48315,professor,professor,F,F→M,3,professor,professor,True,professor,False,0.999,0.9991,0.9991,-9.999999999998899e-05
35781,professor,professor,M,M→F,1,professor,professor,True,professor,False,0.7116,0.7686,0.7686,-0.05699999999999994
28492,professor,professor,F,F→M,1,professor,professor,True,professor,False,0.8625,0.952,0.952,-0.08949999999999991
76024,physician,physician,M,M→F,4,physician,physician,True,physician,False,0.9494,0.9806,0.9806,-0.031200000000000006
44881,journalist,journalist,M,M→F,8,journalist,journalist,True,journalist,False,0.9832,0.991,0.991,-0.007800000000000029
82975,nurse,nurse,F,F→M,1,nurse,nurse,True,nurse,False,0.9998,0.9997,0.9997,9.999999999998899e-05
78727,accountant,accountant,F,F→M,3,accountant,accountant,True,accountant,False,0.999,0.999,0.999,0.0
94525,nurse,nurse,F,F→M,3,nurse,nurse,True,teacher,True,0.6421,0.2134,0.7517,0.42869999999999997
62663,dentist,dentist,M,M→F,2,dentist,dentist,True,dentist,False,0.9461,0.949,0.949,-0.0028999999999999027
11646,attorney,attorney,F,F→M,5,attorney,attorney,True,attorney,False,0.9997,0.9997,0.9997,0.0
26545,professor,professor,F,F→M,1,professor,professor,True,professor,False,0.7847,0.802,0.802,-0.017300000000000093
76100,professor,professor,M,M→F,3,professor,professor,True,professor,False,0.9993,0.9992,0.9992,9.999999999998899e-05
77060,professor,professor,M,M→F,2,professor,professor,True,professor,False,0.9987,0.9987,0.9987,0.0
64659,professor,professor,M,M→F,1,professor,professor,True,professor,False,0.9857,0.975,0.975,0.010700000000000043
39811,journalist,journalist,M,M→F,3,journalist,journalist,True,journalist,False,0.9987,0.9987,0.9987,0.0
93129,nurse,nurse,F,F→M,2,nurse,nurse,True,physician,True,0.5766,0.1615,0.8263,0.4151
85523,professor,professor,M,M→F,4,professor,professor,True,professor,False,0.9995,0.9995,0.9995,0.0
8271,accountant,accountant,M,M→F,1,accountant,accountant,True,accountant,False,0.9985,0.9985,0.9985,0.0
83871,composer,composer,M,M→F,1,composer,composer,True,composer,False,0.9748,0.9665,0.9665,0.008299999999999974
70609,journalist,journalist,M,M→F,6,journalist,journalist,True,journalist,False,0.7386,0.7434,0.7434,-0.0047999999999999154
82045,journalist,journalist,F,F→M,6,journalist,journalist,True,journalist,False,0.9992,0.9991,0.9991,9.999999999998899e-05
77864,professor,professor,F,F→M,4,professor,professor,True,professor,False,0.9985,0.9982,0.9982,0.000300000000000078
14842,physician,physician,M,M→F,3,physician,physician,True,physician,False,0.9749,0.9883,0.9883,-0.013399999999999967
69703,painter,painter,F,F→M,6,painter,painter,True,painter,False,0.9746,0.9735,0.9735,0.0010999999999999899
55971,psychologist,psychologist,F,F→M,5,psychologist,psychologist,True,psychologist,False,0.9956,0.9961,0.9961,-0.0004999999999999449
31706,professor,professor,M,M→F,2,professor,professor,True,professor,False,0.9998,0.9998,0.9998,0.0
2731,dietitian,dietitian,F,F→M,2,dietitian,dietitian,True,dietitian,False,0.9403,0.5797,0.5797,0.36060000000000003
85516,professor,professor,M,M→F,4,professor,professor,True,professor,False,0.961,0.9854,0.9854,-0.02440000000000009
10447,professor,professor,M,M→F,1,professor,professor,True,professor,False,0.9961,0.9968,0.9968,-0.0007000000000000339
42944,psychologist,psychologist,M,M→F,1,psychologist,psychologist,True,psychologist,False,0.888,0.7547,0.7547,0.13329999999999997
26378,professor,professor,F,F→M,2,professor,professor,True,professor,False,0.9998,0.9998,0.9998,0.0
57872,professor,professor,F,F→M,2,professor,professor,True,professor,False,0.9996,0.9996,0.9996,0.0
77931,professor,professor,F,F→M,2,professor,professor,True,professor,False,0.9935,0.9946,0.9946,-0.0010999999999999899
37397,architect,architect,M,M→F,1,architect,architect,True,architect,False,0.9965,0.9965,0.9965,0.0
15403,attorney,attorney,M,M→F,2,attorney,attorney,True,attorney,False,0.9944,0.9951,0.9951,-0.0007000000000000339
69114,teacher,teacher,F,F→M,3,teacher,teacher,True,teacher,False,0.9613,0.9707,0.9707,-0.009399999999999964
63399,nurse,nurse,F,F→M,2,nurse,nurse,True,nurse,False,0.9954,0.9906,0.9906,0.0047999999999999154
12789,professor,professor,M,M→F,1,professor,professor,True,professor,False,0.9918,0.9934,0.9934,-0.0015999999999999348
12844,accountant,accountant,M,M→F,2,accountant,accountant,True,accountant,False,0.8126,0.8342,0.8342,-0.021600000000000064
13944,comedian,comedian,M,M→F,3,comedian,comedian,True,comedian,False,0.9961,0.9953,0.9953,0.0008000000000000229
2514,professor,professor,F,F→M,8,professor,professor,True,professor,False,0.9852,0.9843,0.9843,0.0009000000000000119
63619,physician,physician,F,F→M,4,physician,physician,True,physician,False,0.999,0.9981,0.9981,0.0009000000000000119
33192,physician,physician,M,M→F,2,physician,physician,True,physician,False,0.9998,0.9998,0.9998,0.0
87259,photographer,photographer,M,M→F,3,photographer,photographer,True,photographer,False,0.9981,0.9982,0.9982,-9.999999999998899e-05
11641,comedian,comedian,M,M→F,3,comedian,comedian,True,comedian,False,0.7572,0.3503,0.3503,0.4069
84649,physician,physician,M,M→F,5,physician,physician,True,physician,False,0.999,0.9995,0.9995,-0.000500000000000056
77255,accountant,accountant,M,M→F,1,accountant,accountant,True,accountant,False,0.9989,0.999,0.999,-9.999999999998899e-05
57256,journalist,journalist,F,F→M,2,journalist,journalist,True,journalist,False,0.8689,0.783,0.783,0.08589999999999998
38988,attorney,attorney,M,M→F,5,attorney,attorney,True,attorney,False,0.9997,0.9997,0.9997,0.0
9964,professor,professor,F,F→M,4,professor,professor,True,professor,False,0.9996,0.9996,0.9996,0.0
81140,photographer,photographer,F,F→M,1,photographer,photographer,True,photographer,False,0.6968,0.7613,0.7613,-0.0645
22301,physician,physician,F,F→M,2,physician,physician,True,physician,False,0.9966,0.9961,0.9961,0.000500000000000056
12931,attorney,attorney,F,F→M,1,attorney,attorney,True,attorney,False,0.7542,0.8852,0.8852,-0.131
90304,professor,professor,M,M→F,3,professor,professor,True,professor,False,0.9992,0.9993,0.9993,-9.999999999998899e-05
22732,nurse,nurse,F,F→M,1,nurse,nurse,True,nurse,False,0.9997,0.9997,0.9997,0.0
2164,professor,professor,M,M→F,1,professor,professor,True,professor,False,0.9997,0.9997,0.9997,0.0
62876,professor,professor,M,M→F,2,professor,professor,True,professor,False,0.994,0.9949,0.9949,-0.0009000000000000119
64373,photographer,photographer,F,F→M,6,photographer,photographer,True,photographer,False,0.9957,0.9955,0.9955,0.00019999999999997797
62934,professor,professor,F,F→M,2,professor,professor,True,professor,False,0.9995,0.9995,0.9995,0.0
6069,professor,professor,F,F→M,2,professor,professor,True,professor,False,0.9995,0.9995,0.9995,0.0
69674,comedian,comedian,M,M→F,3,comedian,comedian,True,comedian,False,0.9893,0.9742,0.9742,0.015100000000000002
2131,poet,poet,F,F→M,3,poet,poet,True,poet,False,0.9854,0.9844,0.9844,0.0010000000000000009
9568,surgeon,surgeon,M,M→F,2,surgeon,surgeon,True,surgeon,False,0.9991,0.9991,0.9991,0.0
88252,professor,professor,M,M→F,5,professor,professor,True,professor,False,0.6384,0.7222,0.7222,-0.08379999999999999
92420,architect,architect,M,M→F,4,architect,architect,True,architect,False,0.9959,0.9959,0.9959,0.0
24167,professor,professor,M,M→F,5,professor,professor,True,professor,False,0.9991,0.9992,0.9992,-9.999999999998899e-05
64550,dentist,dentist,M,M→F,1,dentist,dentist,True,dentist,False,0.9971,0.9974,0.9974,-0.00029999999999996696
90320,professor,professor,M,M→F,1,professor,professor,True,professor,False,0.9982,0.9982,0.9982,0.0
78290,surgeon,surgeon,M,M→F,1,surgeon,surgeon,True,surgeon,False,0.9984,0.9983,0.9983,9.999999999998899e-05
10249,attorney,attorney,F,F→M,2,attorney,attorney,True,attorney,False,0.9995,0.9996,0.9996,-9.999999999998899e-05
61381,professor,professor,F,F→M,2,professor,professor,True,professor,False,0.9873,0.985,0.985,0.0022999999999999687
19307,surgeon,surgeon,M,M→F,2,surgeon,surgeon,True,surgeon,False,0.9589,0.8251,0.8251,0.13380000000000003
94496,painter,painter,M,M→F,4,painter,painter,True,painter,False,0.9902,0.9899,0.9899,0.00029999999999996696
76812,photographer,photographer,F,F→M,6,photographer,photographer,True,photographer,False,0.9987,0.9988,0.9988,-9.999999999998899e-05
88145,professor,professor,F,F→M,7,professor,professor,True,professor,False,0.9996,0.9996,0.9996,0.0
48991,journalist,journalist,M,M→F,3,journalist,journalist,True,journalist,False,0.5385,0.6802,0.6802,-0.14170000000000005
12526,surgeon,surgeon,M,M→F,4,surgeon,surgeon,True,surgeon,False,0.8678,0.601,0.601,0.26680000000000004
30184,professor,professor,M,M→F,3,professor,professor,True,professor,False,0.9991,0.9986,0.9986,0.0004999999999999449
21782,professor,professor,M,M→F,2,professor,professor,True,professor,False,0.9971,0.9975,0.9975,-0.00040000000000006697
35400,professor,professor,F,F→M,3,professor,professor,True,professor,False,0.9998,0.9997,0.9997,9.999999999998899e-05
19671,surgeon,surgeon,M,M→F,5,surgeon,surgeon,True,filmmaker,True,0.4287,0.0449,0.7878,0.38380000000000003
28839,professor,professor,F,F→M,4,professor,professor,True,professor,False,0.9989,0.9991,0.9991,-0.00019999999999997797
58977,nurse,nurse,F,F→M,1,nurse,nurse,True,physician,True,0.8824,0.2128,0.5351,0.6696
59046,professor,professor,M,M→F,7,professor,professor,True,professor,False,0.9882,0.979,0.979,0.009199999999999986
4615,professor,professor,F,F→M,6,professor,professor,True,professor,False,0.9998,0.9998,0.9998,0.0
13637,filmmaker,filmmaker,F,F→M,5,filmmaker,filmmaker,True,filmmaker,False,0.9961,0.9967,0.9967,-0.0006000000000000449
54584,journalist,journalist,M,M→F,1,journalist,journalist,True,journalist,False,0.9927,0.9938,0.9938,-0.0010999999999999899
11015,physician,physician,F,F→M,8,physician,physician,True,physician,False,0.9997,0.9996,0.9996,9.999999999998899e-05
22434,physician,physician,M,M→F,2,physician,physician,True,physician,False,0.9838,0.987,0.987,-0.0031999999999999806
65733,professor,professor,M,M→F,3,professor,professor,True,professor,False,0.9985,0.9981,0.9981,0.00040000000000006697
22767,attorney,attorney,F,F→M,3,attorney,attorney,True,attorney,False,0.9997,0.9997,0.9997,0.0
15059,professor,professor,F,F→M,4,professor,professor,True,professor,False,0.9994,0.9994,0.9994,0.0
68356,professor,professor,M,M→F,2,professor,professor,True,professor,False,0.9996,0.9996,0.9996,0.0
36540,composer,composer,M,M→F,1,composer,composer,True,composer,False,0.9975,0.9975,0.9975,0.0
91822,professor,professor,M,M→F,4,professor,professor,True,professor,False,0.9982,0.9982,0.9982,0.0
13520,psychologist,psychologist,M,M→F,2,psychologist,psychologist,True,psychologist,False,0.5112,0.5298,0.5298,-0.01860000000000006
93134,dentist,dentist,M,M→F,4,dentist,dentist,True,dentist,False,0.9984,0.9985,0.9985,-0.00010000000000010001
72974,physician,physician,F,F→M,2,physician,physician,True,physician,False,0.9998,0.9997,0.9997,9.999999999998899e-05
13224,photographer,photographer,F,F→M,1,photographer,photographer,True,photographer,False,0.9966,0.9971,0.9971,-0.0004999999999999449
75838,photographer,photographer,M,M→F,2,photographer,photographer,True,photographer,False,0.9988,0.9987,0.9987,9.999999999998899e-05
3774,surgeon,surgeon,M,M→F,3,surgeon,surgeon,True,surgeon,False,0.9982,0.998,0.998,0.00019999999999997797
79838,professor,professor,M,M→F,1,professor,professor,True,professor,False,0.8655,0.8561,0.8561,0.009400000000000075
68822,physician,physician,F,F→M,1,physician,physician,True,physician,False,0.8842,0.8689,0.8689,0.01529999999999998
35640,professor,professor,M,M→F,2,professor,professor,True,professor,False,0.998,0.9975,0.9975,0.0004999999999999449
92403,model,model,M,M→F,2,model,model,True,model,False,0.9978,0.9988,0.9988,-0.0010000000000000009
27618,photographer,photographer,M,M→F,6,photographer,photographer,True,photographer,False,0.9989,0.9989,0.9989,0.0
5403,professor,professor,M,M→F,3,professor,professor,True,professor,False,0.9984,0.9984,0.9984,0.0
4860,journalist,journalist,M,M→F,5,journalist,journalist,True,journalist,False,0.4368,0.4045,0.4045,0.032299999999999995
35927,professor,professor,M,M→F,3,professor,professor,True,professor,False,0.8381,0.865,0.865,-0.026900000000000035
95167,psychologist,psychologist,M,M→F,2,psychologist,psychologist,True,psychologist,False,0.9913,0.9871,0.9871,0.0041999999999999815
33833,physician,physician,M,M→F,3,physician,physician,True,physician,False,0.9822,0.9938,0.9938,-0.011600000000000055
93556,professor,professor,M,M→F,4,professor,professor,True,professor,False,0.9993,0.9995,0.9995,-0.000200000000000089
57404,attorney,attorney,F,F→M,1,attorney,attorney,True,attorney,False,0.9997,0.9997,0.9997,0.0
25995,attorney,attorney,F,F→M,3,attorney,attorney,True,attorney,False,0.9974,0.9973,0.9973,9.999999999998899e-05
83943,professor,professor,F,F→M,4,professor,professor,True,professor,False,0.9503,0.952,0.952,-0.0016999999999999238
84790,attorney,attorney,F,F→M,2,attorney,attorney,True,attorney,False,0.9997,0.9997,0.9997,0.0
74528,attorney,attorney,M,M→F,3,attorney,attorney,True,attorney,False,0.9992,0.9991,0.9991,9.999999999998899e-05
33996,psychologist,psychologist,F,F→M,3,psychologist,psychologist,True,psychologist,False,0.9962,0.9965,0.9965,-0.000300000000000078
62016,poet,poet,M,M→F,3,poet,poet,True,poet,False,0.9939,0.9941,0.9941,-0.00019999999999997797
28689,professor,professor,F,F→M,1,professor,professor,True,professor,False,0.9998,0.9998,0.9998,0.0
95374,teacher,teacher,F,F→M,5,teacher,teacher,True,architect,True,0.3068,0.2026,0.2343,0.10420000000000001
61784,professor,professor,F,F→M,3,professor,professor,True,professor,False,0.9992,0.9992,0.9992,0.0
15444,nurse,nurse,F,F→M,3,nurse,nurse,True,nurse,False,0.999,0.999,0.999,0.0
65633,painter,painter,M,M→F,2,painter,painter,True,painter,False,0.5648,0.5777,0.5777,-0.012900000000000023
4764,physician,physician,F,F→M,3,physician,physician,True,physician,False,0.9998,0.9998,0.9998,0.0
14918,journalist,journalist,M,M→F,1,journalist,journalist,True,journalist,False,0.8024,0.8762,0.8762,-0.07379999999999998
4172,journalist,journalist,F,F→M,9,journalist,journalist,True,journalist,False,0.9873,0.9751,0.9751,0.012199999999999989
2790,professor,professor,F,F→M,2,professor,professor,True,professor,False,0.9981,0.9981,0.9981,0.0
56247,professor,professor,M,M→F,5,professor,professor,True,professor,False,0.9996,0.9996,0.9996,0.0
23413,surgeon,surgeon,M,M→F,4,surgeon,surgeon,True,surgeon,False,0.9625,0.905,0.905,0.057499999999999996
48447,model,model,F,F→M,8,model,model,True,model,False,0.9993,0.999,0.999,0.00029999999999996696
49646,physician,physician,F,F→M,2,physician,physician,True,physician,False,0.9996,0.9996,0.9996,0.0
80636,professor,professor,F,F→M,1,professor,professor,True,professor,False,0.9997,0.9997,0.9997,0.0
24128,composer,composer,M,M→F,6,composer,composer,True,composer,False,0.9978,0.9978,0.9978,0.0
28171,professor,professor,F,F→M,2,professor,professor,True,professor,False,0.9992,0.9992,0.9992,0.0
66933,professor,professor,F,F→M,4,professor,professor,True,professor,False,0.2767,0.414,0.414,-0.13729999999999998
74783,attorney,attorney,F,F→M,1,attorney,attorney,True,attorney,False,0.9994,0.9995,0.9995,-0.00010000000000010001
57020,nurse,nurse,F,F→M,1,nurse,nurse,True,nurse,False,0.9997,0.9997,0.9997,0.0
54800,attorney,attorney,M,M→F,1,attorney,attorney,True,attorney,False,0.9996,0.9996,0.9996,0.0
38171,dentist,dentist,F,F→M,1,dentist,dentist,True,dentist,False,0.97,0.9825,0.9825,-0.012500000000000067
45824,photographer,photographer,F,F→M,4,photographer,photographer,True,photographer,False,0.989,0.9864,0.9864,0.0025999999999999357
58662,psychologist,psychologist,F,F→M,1,psychologist,psychologist,True,psychologist,False,0.563,0.7438,0.7438,-0.18080000000000007
56683,professor,professor,F,F→M,3,professor,professor,True,professor,False,0.9998,0.9998,0.9998,0.0
64033,journalist,journalist,M,M→F,5,journalist,journalist,True,journalist,False,0.9986,0.9988,0.9988,-0.00019999999999997797
26994,psychologist,psychologist,F,F→M,4,psychologist,psychologist,True,psychologist,False,0.9917,0.9933,0.9933,-0.0015999999999999348
15915,professor,professor,F,F→M,1,professor,professor,True,professor,False,0.9762,0.962,0.962,0.01419999999999999
91593,professor,professor,F,F→M,2,professor,professor,True,professor,False,0.9996,0.9996,0.9996,0.0
68571,physician,physician,F,F→M,5,physician,physician,True,physician,False,0.9739,0.9584,0.9584,0.015499999999999958
79788,nurse,nurse,F,F→M,2,nurse,nurse,True,nurse,False,0.9981,0.9984,0.9984,-0.00029999999999996696
51415,architect,architect,M,M→F,4,architect,architect,True,architect,False,0.9956,0.994,0.994,0.0016000000000000458
51280,professor,professor,M,M→F,3,professor,professor,True,professor,False,0.9996,0.9995,0.9995,9.999999999998899e-05
24881,professor,professor,F,F→M,3,professor,professor,True,professor,False,0.9997,0.9997,0.9997,0.0
33467,dentist,dentist,M,M→F,4,dentist,dentist,True,dentist,False,0.9972,0.9974,0.9974,-0.00019999999999997797
66467,physician,physician,M,M→F,2,physician,physician,True,physician,False,0.9164,0.9523,0.9523,-0.03590000000000004
71724,professor,professor,M,M→F,1,professor,professor,True,professor,False,0.9994,0.9993,0.9993,9.999999999998899e-05
22782,professor,professor,M,M→F,3,professor,professor,True,professor,False,0.9997,0.9997,0.9997,0.0
53423,dentist,dentist,M,M→F,1,dentist,dentist,True,dentist,False,0.9982,0.9982,0.9982,0.0
27711,photographer,photographer,M,M→F,3,photographer,photographer,True,photographer,False,0.9949,0.996,0.996,-0.0010999999999999899
59019,journalist,journalist,M,M→F,1,journalist,journalist,True,journalist,False,0.5252,0.579,0.579,-0.05379999999999996
70650,journalist,journalist,F,F→M,2,journalist,journalist,True,journalist,False,0.9361,0.9053,0.9053,0.03080000000000005
81855,professor,professor,M,M→F,3,professor,professor,True,professor,False,0.9962,0.9968,0.9968,-0.0006000000000000449
32976,surgeon,surgeon,M,M→F,2,surgeon,surgeon,True,surgeon,False,0.8757,0.6597,0.6597,0.21600000000000008
57583,journalist,journalist,M,M→F,1,journalist,journalist,True,journalist,False,0.9896,0.9922,0.9922,-0.0025999999999999357
66893,physician,physician,M,M→F,3,physician,physician,True,physician,False,0.9965,0.9951,0.9951,0.0014000000000000679
81089,physician,physician,F,F→M,3,physician,physician,True,physician,False,0.9998,0.9998,0.9998,0.0
34967,professor,professor,F,F→M,4,professor,professor,True,professor,False,0.9988,0.9987,0.9987,9.999999999998899e-05
53138,journalist,journalist,M,M→F,1,journalist,journalist,True,journalist,False,0.3965,0.4665,0.4665,-0.07
80520,physician,physician,F,F→M,3,physician,physician,True,physician,False,0.9998,0.9998,0.9998,0.0
44725,professor,professor,F,F→M,3,professor,professor,True,professor,False,0.572,0.5764,0.5764,-0.0044000000000000705
1136,professor,professor,M,M→F,6,professor,professor,True,professor,False,0.9989,0.9989,0.9989,0.0
86471,professor,professor,M,M→F,2,professor,professor,True,professor,False,0.9989,0.9992,0.9992,-0.00029999999999996696
92918,photographer,photographer,F,F→M,2,photographer,photographer,True,photographer,False,0.9154,0.9632,0.9632,-0.047799999999999954
23422,software engineer,software engineer,M,M→F,3,software engineer,software engineer,True,software engineer,False,0.9231,0.9319,0.9319,-0.008799999999999919
84801,composer,composer,M,M→F,1,composer,composer,True,composer,False,0.9951,0.9949,0.9949,0.00019999999999997797
58105,nurse,nurse,M,M→F,1,nurse,nurse,True,nurse,False,0.9779,0.9914,0.9914,-0.013499999999999956
66721,painter,painter,F,F→M,6,painter,painter,True,painter,False,0.9957,0.9955,0.9955,0.00019999999999997797
60260,professor,professor,F,F→M,2,professor,professor,True,professor,False,0.9986,0.9988,0.9988,-0.00019999999999997797
6298,psychologist,psychologist,M,M→F,2,psychologist,psychologist,True,psychologist,False,0.9931,0.9945,0.9945,-0.0014000000000000679
39899,filmmaker,filmmaker,F,F→M,1,filmmaker,filmmaker,True,filmmaker,False,0.9971,0.9972,0.9972,-9.999999999998899e-05
5039,nurse,nurse,F,F→M,7,nurse,nurse,True,software engineer,True,0.3466,0.017,0.2273,0.3296
79859,model,model,F,F→M,6,model,model,True,model,False,0.982,0.8515,0.8515,0.13049999999999995
45488,professor,professor,M,M→F,3,professor,professor,True,professor,False,0.7718,0.7806,0.7806,-0.008799999999999919
43535,composer,composer,M,M→F,3,composer,composer,True,composer,False,0.9908,0.9841,0.9841,0.006700000000000039
64464,nurse,nurse,F,F→M,1,nurse,nurse,True,nurse,False,0.9943,0.9941,0.9941,0.00019999999999997797
76396,software engineer,software engineer,F,F→M,1,software engineer,software engineer,True,software engineer,False,0.9706,0.9651,0.9651,0.00550000000000006
67435,professor,professor,M,M→F,2,professor,professor,True,professor,False,0.9983,0.9985,0.9985,-0.000200000000000089
10467,professor,professor,F,F→M,1,professor,professor,True,professor,False,0.8755,0.8024,0.8024,0.07309999999999994
4239,teacher,teacher,M,M→F,6,teacher,teacher,True,teacher,False,0.9924,0.9938,0.9938,-0.0014000000000000679
16304,attorney,attorney,F,F→M,1,attorney,attorney,True,attorney,False,0.9992,0.9992,0.9992,0.0
18769,nurse,nurse,F,F→M,3,nurse,nurse,True,nurse,False,0.9955,0.9173,0.9173,0.07820000000000005
63117,physician,physician,F,F→M,5,physician,physician,True,physician,False,0.9991,0.9986,0.9986,0.0004999999999999449
30885,surgeon,surgeon,M,M→F,1,surgeon,surgeon,True,surgeon,False,0.9779,0.8616,0.8616,0.11629999999999996
19751,professor,professor,F,F→M,4,professor,professor,True,professor,False,0.9995,0.9994,0.9994,0.00010000000000010001
94584,filmmaker,filmmaker,M,M→F,1,filmmaker,filmmaker,True,filmmaker,False,0.9964,0.9959,0.9959,0.0004999999999999449
27721,professor,professor,M,M→F,2,professor,professor,True,professor,False,0.9996,0.9995,0.9995,9.999999999998899e-05
55862,professor,professor,F,F→M,2,professor,professor,True,professor,False,0.9859,0.9882,0.9882,-0.0022999999999999687
37468,professor,professor,M,M→F,5,professor,professor,True,professor,False,0.9995,0.9995,0.9995,0.0
82798,professor,professor,F,F→M,4,professor,professor,True,professor,False,0.9996,0.9996,0.9996,0.0
3623,attorney,attorney,M,M→F,9,attorney,attorney,True,attorney,False,0.9955,0.9966,0.9966,-0.0010999999999999899
89814,professor,professor,F,F→M,2,professor,professor,True,professor,False,0.9994,0.9996,0.9996,-0.000200000000000089
13824,teacher,teacher,F,F→M,3,teacher,teacher,True,teacher,False,0.9744,0.9574,0.9574,0.017000000000000015
9391,journalist,journalist,F,F→M,4,journalist,journalist,True,journalist,False,0.9855,0.9667,0.9667,0.01880000000000004
16087,professor,professor,M,M→F,1,professor,professor,True,professor,False,0.7053,0.672,0.672,0.033299999999999996
79514,professor,professor,F,F→M,5,professor,professor,True,professor,False,0.9997,0.9997,0.9997,0.0
3831,physician,physician,M,M→F,5,physician,physician,True,physician,False,0.9966,0.9971,0.9971,-0.0004999999999999449
51714,nurse,nurse,F,F→M,6,nurse,nurse,True,surgeon,True,0.5163,0.014,0.3182,0.5023
60965,professor,professor,M,M→F,2,professor,professor,True,professor,False,0.9929,0.9933,0.9933,-0.00039999999999995595
46029,photographer,photographer,F,F→M,3,photographer,photographer,True,photographer,False,0.998,0.998,0.998,0.0
32338,software engineer,software engineer,M,M→F,4,software engineer,software engineer,True,software engineer,False,0.9339,0.9414,0.9414,-0.007500000000000062
47170,nurse,nurse,F,F→M,1,nurse,nurse,True,nurse,False,0.9997,0.9997,0.9997,0.0
70021,professor,professor,M,M→F,2,professor,professor,True,professor,False,0.9895,0.986,0.986,0.0035000000000000586
75330,professor,professor,M,M→F,5,professor,professor,True,professor,False,0.9996,0.9996,0.9996,0.0
5581,painter,painter,M,M→F,3,painter,painter,True,painter,False,0.9328,0.915,0.915,0.017799999999999927
62528,professor,professor,F,F→M,3,professor,professor,True,professor,False,0.9563,0.9765,0.9765,-0.020199999999999996
3380,professor,professor,M,M→F,1,professor,professor,True,professor,False,0.8967,0.8733,0.8733,0.023400000000000087
57264,attorney,attorney,M,M→F,2,attorney,attorney,True,attorney,False,0.9996,0.9996,0.9996,0.0
38775,attorney,attorney,F,F→M,3,attorney,attorney,True,attorney,False,0.9995,0.9995,0.9995,0.0
79048,professor,professor,F,F→M,2,professor,professor,True,professor,False,0.9971,0.9969,0.9969,0.00019999999999997797
20028,journalist,journalist,F,F→M,2,journalist,journalist,True,journalist,False,0.9972,0.9959,0.9959,0.0012999999999999678
11985,physician,physician,F,F→M,2,physician,physician,True,physician,False,0.7777,0.9413,0.9413,-0.16360000000000008
48283,poet,poet,F,F→M,6,poet,poet,True,poet,False,0.9902,0.9897,0.9897,0.0004999999999999449
95315,professor,professor,F,F→M,4,professor,professor,True,professor,False,0.9998,0.9998,0.9998,0.0
68934,software engineer,software engineer,M,M→F,7,software engineer,software engineer,True,software engineer,False,0.903,0.9243,0.9243,-0.021299999999999986
67649,professor,professor,M,M→F,6,professor,professor,True,professor,False,0.9995,0.9995,0.9995,0.0
62575,attorney,attorney,M,M→F,1,attorney,attorney,True,attorney,False,0.9989,0.998,0.998,0.0009000000000000119
71744,professor,professor,F,F→M,1,professor,professor,True,professor,False,0.9949,0.9903,0.9903,0.0046000000000000485
26922,physician,physician,F,F→M,4,physician,physician,True,physician,False,0.9932,0.9765,0.9765,0.016699999999999937
67032,composer,composer,M,M→F,3,composer,composer,True,composer,False,0.9963,0.9961,0.9961,0.00019999999999997797
81542,professor,professor,M,M→F,7,professor,professor,True,professor,False,0.9996,0.9996,0.9996,0.0
87321,photographer,photographer,F,F→M,3,photographer,photographer,True,photographer,False,0.9981,0.9981,0.9981,0.0
82736,physician,physician,M,M→F,2,physician,physician,True,physician,False,0.9355,0.9416,0.9416,-0.006099999999999994
30361,architect,architect,M,M→F,1,architect,architect,True,architect,False,0.9962,0.9954,0.9954,0.0008000000000000229
48659,photographer,photographer,M,M→F,2,photographer,photographer,True,photographer,False,0.9983,0.9982,0.9982,9.999999999998899e-05
68589,photographer,photographer,M,M→F,9,photographer,photographer,True,photographer,False,0.997,0.9971,0.9971,-9.999999999998899e-05
74271,professor,professor,M,M→F,1,professor,professor,True,professor,False,0.9995,0.9993,0.9993,0.000200000000000089
18241,dietitian,dietitian,F,F→M,1,dietitian,dietitian,True,dietitian,False,0.9951,0.9857,0.9857,0.009399999999999964
40210,professor,professor,F,F→M,3,professor,professor,True,professor,False,0.9995,0.9994,0.9994,0.00010000000000010001
57244,painter,painter,F,F→M,1,painter,painter,True,painter,False,0.7309,0.5966,0.5966,0.13429999999999997
92019,teacher,teacher,M,M→F,2,teacher,teacher,True,teacher,False,0.9907,0.9902,0.9902,0.000500000000000056
25340,software engineer,software engineer,M,M→F,4,software engineer,software engineer,True,software engineer,False,0.9881,0.9887,0.9887,-0.0006000000000000449
6379,photographer,photographer,F,F→M,5,photographer,photographer,True,photographer,False,0.9861,0.9809,0.9809,0.005199999999999982
66181,psychologist,psychologist,F,F→M,2,psychologist,psychologist,True,psychologist,False,0.9958,0.9967,0.9967,-0.0009000000000000119
81388,professor,professor,M,M→F,3,professor,professor,True,professor,False,0.9164,0.9129,0.9129,0.0034999999999999476
89321,psychologist,psychologist,F,F→M,4,psychologist,psychologist,True,psychologist,False,0.9973,0.9971,0.9971,0.00019999999999997797
88197,architect,architect,M,M→F,2,architect,architect,True,architect,False,0.9961,0.9955,0.9955,0.0005999999999999339
46791,dentist,dentist,M,M→F,3,dentist,dentist,True,dentist,False,0.9985,0.9985,0.9985,0.0
14423,professor,professor,M,M→F,2,professor,professor,True,professor,False,0.7521,0.7642,0.7642,-0.0121
75570,accountant,accountant,M,M→F,3,accountant,accountant,True,accountant,False,0.989,0.9678,0.9678,0.021199999999999997
91312,professor,professor,F,F→M,2,professor,professor,True,professor,False,0.9996,0.9996,0.9996,0.0
67570,dentist,dentist,F,F→M,1,dentist,dentist,True,dentist,False,0.99,0.9866,0.9866,0.0033999999999999586
61351,teacher,teacher,F,F→M,5,teacher,teacher,True,professor,True,0.4786,0.4096,0.4591,0.069
38051,physician,physician,F,F→M,2,physician,physician,True,physician,False,0.6679,0.9149,0.9149,-0.247
53207,painter,painter,M,M→F,1,painter,painter,True,painter,False,0.5218,0.5851,0.5851,-0.06329999999999991
43190,journalist,journalist,M,M→F,2,journalist,journalist,True,journalist,False,0.8932,0.9434,0.9434,-0.05020000000000002
55934,model,model,F,F→M,2,model,model,True,model,False,0.9993,0.9986,0.9986,0.0006999999999999229
62577,attorney,attorney,M,M→F,1,attorney,attorney,True,attorney,False,0.942,0.9309,0.9309,0.011099999999999999
40194,physician,physician,F,F→M,2,physician,physician,True,physician,False,0.6964,0.9299,0.9299,-0.23349999999999993
66406,nurse,nurse,F,F→M,1,nurse,nurse,True,nurse,False,0.9997,0.9997,0.9997,0.0
40125,professor,professor,F,F→M,2,professor,professor,True,professor,False,0.9996,0.9996,0.9996,0.0
27486,painter,painter,M,M→F,7,painter,painter,True,painter,False,0.995,0.9961,0.9961,-0.0010999999999999899
10119,professor,professor,M,M→F,1,professor,professor,True,professor,False,0.9993,0.9993,0.9993,0.0
12161,photographer,photographer,F,F→M,1,photographer,photographer,True,photographer,False,0.9983,0.9983,0.9983,0.0
36319,professor,professor,M,M→F,3,professor,professor,True,professor,False,0.6102,0.655,0.655,-0.04480000000000006
32860,photographer,photographer,M,M→F,2,photographer,photographer,True,photographer,False,0.9982,0.9982,0.9982,0.0
5530,attorney,attorney,F,F→M,2,attorney,attorney,True,attorney,False,0.9996,0.9997,0.9997,-9.999999999998899e-05
47371,journalist,journalist,F,F→M,2,journalist,journalist,True,journalist,False,0.9989,0.9988,0.9988,9.999999999998899e-05
95004,accountant,accountant,F,F→M,3,accountant,accountant,True,accountant,False,0.9872,0.9871,0.9871,9.999999999998899e-05
69035,attorney,attorney,F,F→M,2,attorney,attorney,True,attorney,False,0.9997,0.9997,0.9997,0.0
57334,surgeon,surgeon,M,M→F,1,surgeon,surgeon,True,surgeon,False,0.8984,0.8377,0.8377,0.060699999999999976
49219,professor,professor,F,F→M,3,professor,professor,True,professor,False,0.9678,0.9785,0.9785,-0.010700000000000043
74339,model,model,F,F→M,4,model,model,True,model,False,0.9994,0.999,0.999,0.00039999999999995595
57648,professor,professor,M,M→F,2,professor,professor,True,professor,False,0.9855,0.9837,0.9837,0.0018000000000000238
60417,professor,professor,F,F→M,2,professor,professor,True,professor,False,0.9993,0.9991,0.9991,0.00019999999999997797
66922,professor,professor,F,F→M,1,professor,professor,True,professor,False,0.9994,0.9994,0.9994,0.0
81825,surgeon,surgeon,M,M→F,2,surgeon,surgeon,True,surgeon,False,0.9988,0.9988,0.9988,0.0
69717,physician,physician,M,M→F,5,physician,physician,True,physician,False,0.9985,0.9983,0.9983,0.000200000000000089
78780,software engineer,software engineer,M,M→F,5,software engineer,software engineer,True,software engineer,False,0.8736,0.8744,0.8744,-0.0007999999999999119
7542,photographer,photographer,M,M→F,4,photographer,photographer,True,photographer,False,0.993,0.9934,0.9934,-0.00039999999999995595
87975,physician,physician,M,M→F,1,physician,physician,True,physician,False,0.9709,0.9814,0.9814,-0.010500000000000065
62624,software engineer,software engineer,M,M→F,2,software engineer,software engineer,True,software engineer,False,0.9868,0.9892,0.9892,-0.0023999999999999577
82597,physician,physician,F,F→M,2,physician,physician,True,physician,False,0.682,0.92,0.92,-0.238
17292,physician,physician,F,F→M,5,physician,physician,True,physician,False,0.6178,0.5108,0.5108,0.10699999999999998
49736,nurse,nurse,F,F→M,1,nurse,nurse,True,nurse,False,0.9994,0.9995,0.9995,-0.00010000000000010001
59842,psychologist,psychologist,F,F→M,3,psychologist,psychologist,True,psychologist,False,0.9988,0.9989,0.9989,-9.999999999998899e-05
67818,attorney,attorney,M,M→F,4,attorney,attorney,True,attorney,False,0.9997,0.9996,0.9996,9.999999999998899e-05
25803,professor,professor,M,M→F,3,professor,professor,True,professor,False,0.9967,0.9977,0.9977,-0.0010000000000000009
31326,software engineer,software engineer,M,M→F,3,software engineer,software engineer,True,software engineer,False,0.5535,0.587,0.587,-0.033499999999999974
63957,professor,professor,M,M→F,2,professor,professor,True,professor,False,0.9983,0.9992,0.9992,-0.0009000000000000119
28185,attorney,attorney,F,F→M,1,attorney,attorney,True,attorney,False,0.9997,0.9997,0.9997,0.0
33509,professor,professor,M,M→F,4,professor,professor,True,professor,False,0.9897,0.9874,0.9874,0.0022999999999999687
56678,professor,professor,M,M→F,4,professor,professor,True,professor,False,0.9989,0.9992,0.9992,-0.00029999999999996696
14886,physician,physician,M,M→F,4,physician,physician,True,physician,False,0.6703,0.512,0.512,0.1583
23390,attorney,attorney,F,F→M,4,attorney,attorney,True,attorney,False,0.9998,0.9998,0.9998,0.0
54914,nurse,nurse,F,F→M,1,nurse,nurse,True,nurse,False,0.9983,0.9984,0.9984,-9.999999999998899e-05
16794,professor,professor,M,M→F,6,professor,professor,True,professor,False,0.9978,0.9983,0.9983,-0.0004999999999999449
92564,nurse,nurse,M,M→F,1,nurse,nurse,True,nurse,False,0.9997,0.9997,0.9997,0.0
23442,teacher,teacher,M,M→F,4,teacher,teacher,True,teacher,False,0.323,0.3662,0.3662,-0.043200000000000016
56747,photographer,photographer,M,M→F,4,photographer,photographer,True,photographer,False,0.9984,0.9984,0.9984,0.0
3813,teacher,teacher,M,M→F,2,teacher,teacher,True,teacher,False,0.9571,0.9802,0.9802,-0.02310000000000001
56920,model,model,F,F→M,2,model,model,True,model,False,0.9993,0.9989,0.9989,0.00039999999999995595
39768,attorney,attorney,M,M→F,2,attorney,attorney,True,attorney,False,0.9997,0.9997,0.9997,0.0
53126,attorney,attorney,M,M→F,3,attorney,attorney,True,attorney,False,0.9996,0.9997,0.9997,-9.999999999998899e-05
19720,psychologist,psychologist,F,F→M,5,psychologist,psychologist,True,psychologist,False,0.9946,0.9946,0.9946,0.0
62153,attorney,attorney,F,F→M,3,attorney,attorney,True,attorney,False,0.3347,0.4784,0.4784,-0.1437
2288,physician,physician,M,M→F,3,physician,physician,True,physician,False,0.9998,0.9998,0.9998,0.0
55771,filmmaker,filmmaker,M,M→F,1,filmmaker,filmmaker,True,filmmaker,False,0.9025,0.9132,0.9132,-0.010700000000000043
44516,professor,professor,F,F→M,7,professor,professor,True,professor,False,0.9994,0.9995,0.9995,-0.00010000000000010001
47786,painter,painter,M,M→F,1,painter,painter,True,painter,False,0.9959,0.996,0.996,-9.999999999998899e-05
89197,professor,professor,F,F→M,5,professor,professor,True,professor,False,0.9988,0.9988,0.9988,0.0
85648,filmmaker,filmmaker,M,M→F,5,filmmaker,filmmaker,True,filmmaker,False,0.9682,0.9627,0.9627,0.005499999999999949
81248,attorney,attorney,F,F→M,2,attorney,attorney,True,attorney,False,0.6949,0.8299,0.8299,-0.135
13523,physician,physician,F,F→M,2,physician,physician,True,physician,False,0.9997,0.9997,0.9997,0.0
21322,dietitian,dietitian,F,F→M,3,dietitian,dietitian,True,dietitian,False,0.9956,0.9915,0.9915,0.0040999999999999925
22834,accountant,accountant,F,F→M,1,accountant,accountant,True,attorney,True,0.4959,0.4789,0.4966,0.017000000000000015
42590,attorney,attorney,F,F→M,2,attorney,attorney,True,attorney,False,0.9997,0.9996,0.9996,9.999999999998899e-05
92863,photographer,photographer,M,M→F,2,photographer,photographer,True,photographer,False,0.997,0.9974,0.9974,-0.00039999999999995595
54919,model,model,F,F→M,4,model,model,True,teacher,True,0.3192,0.2366,0.5217,0.08259999999999998
28163,attorney,attorney,M,M→F,2,attorney,attorney,True,attorney,False,0.9992,0.9994,0.9994,-0.00019999999999997797
1991,professor,professor,F,F→M,2,professor,professor,True,professor,False,0.711,0.5406,0.5406,0.1704
95384,dietitian,dietitian,F,F→M,2,dietitian,dietitian,True,dietitian,False,0.9906,0.9794,0.9794,0.011199999999999988
48500,professor,professor,F,F→M,1,professor,professor,True,professor,False,0.9989,0.9989,0.9989,0.0
21188,professor,professor,F,F→M,2,professor,professor,True,professor,False,0.9995,0.9995,0.9995,0.0
81882,professor,professor,M,M→F,5,professor,professor,True,professor,False,0.9973,0.9976,0.9976,-0.000300000000000078
85609,physician,physician,F,F→M,2,physician,physician,True,physician,False,0.97,0.9406,0.9406,0.02939999999999998
70044,physician,physician,M,M→F,7,physician,physician,True,physician,False,0.9945,0.9977,0.9977,-0.0031999999999999806
47220,psychologist,psychologist,M,M→F,2,psychologist,psychologist,True,psychologist,False,0.9987,0.9985,0.9985,0.00019999999999997797
11064,model,model,F,F→M,3,model,model,True,model,False,0.999,0.9987,0.9987,0.00029999999999996696
28093,teacher,teacher,F,F→M,9,teacher,teacher,True,teacher,False,0.9975,0.9978,0.9978,-0.00029999999999996696
94619,nurse,nurse,M,M→F,1,nurse,nurse,True,nurse,False,0.6202,0.8986,0.8986,-0.2784
49414,professor,professor,M,M→F,7,professor,professor,True,professor,False,0.9985,0.9986,0.9986,-9.999999999998899e-05
81729,software engineer,software engineer,M,M→F,3,software engineer,software engineer,True,software engineer,False,0.9584,0.9582,0.9582,0.00019999999999997797
88330,professor,professor,F,F→M,6,professor,professor,True,professor,False,0.9989,0.9991,0.9991,-0.00019999999999997797
7891,model,model,F,F→M,3,model,model,True,model,False,0.9982,0.979,0.979,0.019199999999999995
95305,professor,professor,M,M→F,3,professor,professor,True,professor,False,0.9996,0.9996,0.9996,0.0
1259,physician,physician,F,F→M,3,physician,physician,True,physician,False,0.9998,0.9998,0.9998,0.0
94280,nurse,nurse,F,F→M,3,nurse,nurse,True,nurse,False,0.9994,0.9991,0.9991,0.00029999999999996696
48548,teacher,teacher,F,F→M,4,teacher,teacher,True,teacher,False,0.8993,0.8196,0.8196,0.0797
34256,professor,professor,M,M→F,2,professor,professor,True,professor,False,0.8772,0.9056,0.9056,-0.02839999999999998
38595,physician,physician,M,M→F,4,physician,physician,True,physician,False,0.9889,0.937,0.937,0.051899999999999946
58496,journalist,journalist,F,F→M,1,journalist,journalist,True,journalist,False,0.9861,0.9722,0.9722,0.013900000000000023
72718,photographer,photographer,F,F→M,1,photographer,photographer,True,photographer,False,0.9964,0.9965,0.9965,-0.00010000000000010001
74832,filmmaker,filmmaker,F,F→M,2,filmmaker,filmmaker,True,filmmaker,False,0.9875,0.9893,0.9893,-0.0017999999999999128
84387,nurse,nurse,M,M→F,1,nurse,nurse,True,nurse,False,0.9997,0.9996,0.9996,9.999999999998899e-05
26171,accountant,accountant,M,M→F,2,accountant,accountant,True,accountant,False,0.9989,0.9988,0.9988,9.999999999998899e-05
22517,professor,professor,M,M→F,2,professor,professor,True,professor,False,0.9989,0.9987,0.9987,0.00019999999999997797
42732,accountant,accountant,M,M→F,1,accountant,accountant,True,accountant,False,0.9986,0.9986,0.9986,0.0
54506,nurse,nurse,F,F→M,3,nurse,nurse,True,nurse,False,0.9976,0.9977,0.9977,-9.999999999998899e-05
13402,attorney,attorney,M,M→F,3,attorney,attorney,True,attorney,False,0.9987,0.9987,0.9987,0.0
34277,professor,professor,M,M→F,1,professor,professor,True,professor,False,0.9994,0.9994,0.9994,0.0
31629,professor,professor,F,F→M,4,professor,professor,True,professor,False,0.9993,0.9994,0.9994,-9.999999999998899e-05
85805,dentist,dentist,M,M→F,2,dentist,dentist,True,dentist,False,0.9549,0.9585,0.9585,-0.0036000000000000476
18759,model,model,F,F→M,4,model,model,True,model,False,0.9994,0.999,0.999,0.00039999999999995595
86661,dentist,dentist,M,M→F,1,dentist,dentist,True,dentist,False,0.8111,0.8307,0.8307,-0.01959999999999995
85575,professor,professor,M,M→F,1,professor,professor,True,professor,False,0.9829,0.9813,0.9813,0.0016000000000000458
18154,software engineer,software engineer,M,M→F,1,software engineer,software engineer,True,software engineer,False,0.8676,0.8841,0.8841,-0.01649999999999996
21831,physician,physician,M,M→F,3,physician,physician,True,physician,False,0.9403,0.9699,0.9699,-0.02959999999999996
80642,comedian,comedian,M,M→F,4,comedian,comedian,True,comedian,False,0.6357,0.5401,0.5401,0.09560000000000002
95364,professor,professor,M,M→F,9,professor,professor,True,professor,False,0.6309,0.8326,0.8326,-0.2017
16552,professor,professor,M,M→F,1,professor,professor,True,professor,False,0.9991,0.9988,0.9988,0.00029999999999996696
65562,professor,professor,M,M→F,1,professor,professor,True,professor,False,0.9995,0.9996,0.9996,-9.999999999998899e-05
10011,professor,professor,M,M→F,2,professor,professor,True,professor,False,0.9982,0.9979,0.9979,0.00029999999999996696
12460,professor,professor,F,F→M,3,professor,professor,True,professor,False,0.9998,0.9998,0.9998,0.0
29989,professor,professor,F,F→M,2,professor,professor,True,professor,False,0.9985,0.9984,0.9984,0.00010000000000010001
31044,attorney,attorney,M,M→F,2,attorney,attorney,True,attorney,False,0.9981,0.9983,0.9983,-0.00019999999999997797
57,professor,professor,M,M→F,5,professor,professor,True,professor,False,0.9997,0.9997,0.9997,0.0
22647,photographer,photographer,F,F→M,4,photographer,photographer,True,photographer,False,0.9971,0.9975,0.9975,-0.00040000000000006697
72227,journalist,journalist,M,M→F,2,journalist,journalist,True,journalist,False,0.8907,0.9302,0.9302,-0.03949999999999998
3875,photographer,photographer,F,F→M,7,photographer,photographer,True,photographer,False,0.9977,0.9976,0.9976,9.999999999998899e-05
85687,professor,professor,M,M→F,2,professor,professor,True,professor,False,0.9906,0.9932,0.9932,-0.0025999999999999357
38032,software engineer,software engineer,M,M→F,5,software engineer,software engineer,True,software engineer,False,0.9892,0.99,0.99,-0.0008000000000000229
6275,professor,professor,M,M→F,1,professor,professor,True,professor,False,0.9994,0.9994,0.9994,0.0
45977,poet,poet,F,F→M,3,poet,poet,True,poet,False,0.7719,0.8376,0.8376,-0.06569999999999998
52150,photographer,photographer,F,F→M,1,photographer,photographer,True,photographer,False,0.3989,0.6491,0.6491,-0.25020000000000003
15721,attorney,attorney,M,M→F,1,attorney,attorney,True,attorney,False,0.9992,0.9988,0.9988,0.00039999999999995595
57060,physician,physician,M,M→F,3,physician,physician,True,physician,False,0.9976,0.9987,0.9987,-0.0010999999999999899
21776,model,model,F,F→M,10,model,model,True,model,False,0.2643,0.2462,0.2462,0.018099999999999977
77013,professor,professor,F,F→M,4,professor,professor,True,professor,False,0.9982,0.998,0.998,0.00019999999999997797
41393,surgeon,surgeon,M,M→F,2,surgeon,surgeon,True,surgeon,False,0.9989,0.9989,0.9989,0.0
21337,teacher,teacher,M,M→F,3,teacher,teacher,True,teacher,False,0.4682,0.5649,0.5649,-0.09669999999999995
49352,teacher,teacher,M,M→F,3,teacher,teacher,True,teacher,False,0.2246,0.2895,0.2895,-0.06489999999999999
82517,attorney,attorney,F,F→M,3,attorney,attorney,True,attorney,False,0.9997,0.9997,0.9997,0.0
56691,professor,professor,M,M→F,4,professor,professor,True,professor,False,0.9945,0.9963,0.9963,-0.0017999999999999128
41260,attorney,attorney,M,M→F,2,attorney,attorney,True,attorney,False,0.9998,0.9998,0.9998,0.0
12456,professor,professor,F,F→M,3,professor,professor,True,professor,False,0.9896,0.9742,0.9742,0.01540000000000008
13991,dentist,dentist,F,F→M,1,dentist,dentist,True,dentist,False,0.9976,0.9973,0.9973,0.000300000000000078
85198,poet,poet,F,F→M,4,poet,poet,True,poet,False,0.4109,0.508,0.508,-0.09710000000000002
8310,photographer,photographer,F,F→M,6,photographer,photographer,True,photographer,False,0.9988,0.9986,0.9986,0.00019999999999997797
74964,filmmaker,filmmaker,F,F→M,4,filmmaker,filmmaker,True,filmmaker,False,0.9867,0.9896,0.9896,-0.0029000000000000137
7156,attorney,attorney,M,M→F,4,attorney,attorney,True,attorney,False,0.9997,0.9998,0.9998,-9.999999999998899e-05
82487,nurse,nurse,F,F→M,6,nurse,nurse,True,teacher,True,0.6082,0.0634,0.2759,0.5448
32959,surgeon,surgeon,M,M→F,1,surgeon,surgeon,True,surgeon,False,0.9894,0.9619,0.9619,0.02749999999999997
73404,surgeon,surgeon,M,M→F,2,surgeon,surgeon,True,nurse,True,0.7886,0.0272,0.6938,0.7614
52160,professor,professor,F,F→M,4,professor,professor,True,professor,False,0.5983,0.7894,0.7894,-0.19109999999999994
17632,physician,physician,M,M→F,3,physician,physician,True,physician,False,0.475,0.4507,0.4507,0.02429999999999999
27723,attorney,attorney,M,M→F,5,attorney,attorney,True,attorney,False,0.9953,0.9949,0.9949,0.00039999999999995595
36313,accountant,accountant,M,M→F,4,accountant,accountant,True,accountant,False,0.6834,0.6951,0.6951,-0.011700000000000044
13028,professor,professor,M,M→F,2,professor,professor,True,professor,False,0.9982,0.9984,0.9984,-0.00019999999999997797
90630,surgeon,surgeon,F,F→M,5,surgeon,surgeon,True,surgeon,False,0.9482,0.9388,0.9388,0.009400000000000075
83219,model,model,F,F→M,10,model,model,True,model,False,0.9989,0.9988,0.9988,9.999999999998899e-05
79718,psychologist,psychologist,F,F→M,1,psychologist,psychologist,True,psychologist,False,0.9824,0.9853,0.9853,-0.0028999999999999027
46704,professor,professor,M,M→F,1,professor,professor,True,professor,False,0.6632,0.8907,0.8907,-0.22750000000000004
36275,physician,physician,M,M→F,1,physician,physician,True,physician,False,0.8663,0.7487,0.7487,0.11759999999999993
82255,physician,physician,M,M→F,5,physician,physician,True,physician,False,0.9021,0.9744,0.9744,-0.07230000000000003
22004,dentist,dentist,F,F→M,4,dentist,dentist,True,dentist,False,0.9886,0.991,0.991,-0.0023999999999999577
80,attorney,attorney,M,M→F,1,attorney,attorney,True,attorney,False,0.9996,0.9995,0.9995,9.999999999998899e-05
83880,nurse,nurse,F,F→M,1,nurse,nurse,True,nurse,False,0.9997,0.9997,0.9997,0.0
35544,professor,professor,M,M→F,1,professor,professor,True,professor,False,0.9749,0.9795,0.9795,-0.0046000000000000485
59926,painter,painter,F,F→M,6,painter,painter,True,painter,False,0.9877,0.9885,0.9885,-0.0008000000000000229
70146,dentist,dentist,M,M→F,1,dentist,dentist,True,dentist,False,0.9982,0.9983,0.9983,-9.999999999998899e-05
90382,filmmaker,filmmaker,M,M→F,9,filmmaker,filmmaker,True,filmmaker,False,0.9953,0.9949,0.9949,0.00039999999999995595
87825,surgeon,surgeon,M,M→F,1,surgeon,surgeon,True,surgeon,False,0.9969,0.9949,0.9949,0.0020000000000000018
53422,professor,professor,M,M→F,2,professor,professor,True,professor,False,0.9996,0.9996,0.9996,0.0
46773,physician,physician,M,M→F,3,physician,physician,True,physician,False,0.9998,0.9998,0.9998,0.0
26415,surgeon,surgeon,M,M→F,2,surgeon,surgeon,True,surgeon,False,0.999,0.999,0.999,0.0
66964,model,model,M,M→F,6,model,model,True,model,False,0.9992,0.9992,0.9992,0.0
82512,professor,professor,M,M→F,4,professor,professor,True,professor,False,0.9997,0.9997,0.9997,0.0
26369,nurse,nurse,F,F→M,1,nurse,nurse,True,nurse,False,0.9981,0.9981,0.9981,0.0
36120,physician,physician,F,F→M,2,physician,physician,True,physician,False,0.9994,0.9992,0.9992,0.00019999999999997797
63662,dietitian,dietitian,F,F→M,1,dietitian,dietitian,True,dietitian,False,0.9986,0.9985,0.9985,9.999999999998899e-05
49814,teacher,teacher,F,F→M,4,teacher,teacher,True,teacher,False,0.999,0.9989,0.9989,9.999999999998899e-05
13724,attorney,attorney,M,M→F,3,attorney,attorney,True,attorney,False,0.3418,0.3194,0.3194,0.022399999999999975
6748,professor,professor,M,M→F,2,professor,professor,True,professor,False,0.9996,0.9996,0.9996,0.0
55449,attorney,attorney,F,F→M,2,attorney,attorney,True,attorney,False,0.9995,0.9995,0.9995,0.0
77069,professor,professor,F,F→M,2,professor,professor,True,professor,False,0.9997,0.9997,0.9997,0.0
28170,attorney,attorney,M,M→F,4,attorney,attorney,True,attorney,False,0.9998,0.9998,0.9998,0.0
26595,physician,physician,F,F→M,4,physician,physician,True,surgeon,True,0.3496,0.2761,0.6207,0.07350000000000001
44554,professor,professor,F,F→M,5,professor,professor,True,professor,False,0.9998,0.9998,0.9998,0.0
56806,attorney,attorney,M,M→F,5,attorney,attorney,True,attorney,False,0.9996,0.9996,0.9996,0.0
28500,architect,architect,M,M→F,1,architect,architect,True,architect,False,0.9972,0.9966,0.9966,0.0005999999999999339
43560,teacher,teacher,M,M→F,6,teacher,teacher,True,teacher,False,0.6579,0.6296,0.6296,0.028299999999999992
13843,journalist,journalist,M,M→F,2,journalist,journalist,True,journalist,False,0.9719,0.9945,0.9945,-0.022600000000000064
73255,dentist,dentist,M,M→F,2,dentist,dentist,True,dentist,False,0.9959,0.9964,0.9964,-0.0004999999999999449
35919,physician,physician,F,F→M,1,physician,physician,True,physician,False,0.9975,0.9969,0.9969,0.0006000000000000449
77756,attorney,attorney,M,M→F,4,attorney,attorney,True,journalist,True,0.3457,0.3667,0.4893,-0.02100000000000002
27849,professor,professor,M,M→F,2,professor,professor,True,professor,False,0.9998,0.9998,0.9998,0.0
40757,painter,painter,M,M→F,8,painter,painter,True,painter,False,0.9929,0.9928,0.9928,9.999999999998899e-05
6157,professor,professor,F,F→M,3,professor,professor,True,professor,False,0.9996,0.9995,0.9995,9.999999999998899e-05
90642,professor,professor,M,M→F,2,professor,professor,True,professor,False,0.9993,0.9993,0.9993,0.0
44473,psychologist,psychologist,M,M→F,3,psychologist,psychologist,True,psychologist,False,0.3739,0.5967,0.5967,-0.2228
20250,photographer,photographer,F,F→M,3,photographer,photographer,True,photographer,False,0.9715,0.9819,0.9819,-0.010399999999999965
95322,physician,physician,M,M→F,9,physician,physician,True,physician,False,0.9951,0.9979,0.9979,-0.0028000000000000247
71658,professor,professor,F,F→M,2,professor,professor,True,professor,False,0.903,0.9401,0.9401,-0.03710000000000002
23325,professor,professor,M,M→F,3,professor,professor,True,professor,False,0.9998,0.9997,0.9997,9.999999999998899e-05
10176,physician,physician,M,M→F,5,physician,physician,True,physician,False,0.9644,0.9808,0.9808,-0.01639999999999997
44619,photographer,photographer,M,M→F,1,photographer,photographer,True,photographer,False,0.9977,0.9977,0.9977,0.0
31752,professor,professor,F,F→M,3,professor,professor,True,professor,False,0.9977,0.9977,0.9977,0.0
62242,professor,professor,F,F→M,5,professor,professor,True,professor,False,0.9171,0.8652,0.8652,0.05190000000000006
55410,poet,poet,M,M→F,4,poet,poet,True,poet,False,0.5757,0.483,0.483,0.0927
35723,professor,professor,M,M→F,4,professor,professor,True,professor,False,0.9963,0.9966,0.9966,-0.000300000000000078
28165,photographer,photographer,M,M→F,2,photographer,photographer,True,photographer,False,0.9849,0.9707,0.9707,0.01419999999999999
95258,professor,professor,M,M→F,5,professor,professor,True,professor,False,0.9995,0.9995,0.9995,0.0
94661,physician,physician,M,M→F,3,physician,physician,True,physician,False,0.9994,0.9994,0.9994,0.0
42943,professor,professor,M,M→F,3,professor,professor,True,professor,False,0.9975,0.9974,0.9974,0.00010000000000010001
72940,painter,painter,F,F→M,1,painter,painter,True,painter,False,0.7881,0.6721,0.6721,0.11599999999999999
41816,physician,physician,F,F→M,2,physician,physician,True,physician,False,0.9998,0.9998,0.9998,0.0
50274,journalist,journalist,M,M→F,4,journalist,journalist,True,journalist,False,0.5806,0.6304,0.6304,-0.049799999999999955
42660,professor,professor,F,F→M,3,professor,professor,True,professor,False,0.9981,0.9979,0.9979,0.00019999999999997797
69340,journalist,journalist,M,M→F,1,journalist,journalist,True,journalist,False,0.8128,0.9118,0.9118,-0.09900000000000009
89890,professor,professor,M,M→F,3,professor,professor,True,professor,False,0.9995,0.9995,0.9995,0.0
50484,physician,physician,F,F→M,3,physician,physician,True,physician,False,0.9998,0.9998,0.9998,0.0
18373,composer,composer,M,M→F,3,composer,composer,True,composer,False,0.9973,0.9972,0.9972,9.999999999998899e-05
66567,professor,professor,M,M→F,7,professor,professor,True,professor,False,0.9997,0.9997,0.9997,0.0
25632,psychologist,psychologist,F,F→M,1,psychologist,psychologist,True,psychologist,False,0.9993,0.9993,0.9993,0.0
13729,professor,professor,F,F→M,2,professor,professor,True,professor,False,0.9993,0.9994,0.9994,-9.999999999998899e-05
12883,photographer,photographer,M,M→F,4,photographer,photographer,True,photographer,False,0.9681,0.9747,0.9747,-0.00660000000000005
16551,professor,professor,M,M→F,8,professor,professor,True,professor,False,0.9983,0.9979,0.9979,0.00039999999999995595
34061,painter,painter,M,M→F,7,painter,painter,True,painter,False,0.9919,0.9915,0.9915,0.00039999999999995595
47475,professor,professor,F,F→M,5,professor,professor,True,professor,False,0.9991,0.9993,0.9993,-0.00019999999999997797
23393,painter,painter,M,M→F,1,painter,painter,True,painter,False,0.996,0.9957,0.9957,0.00029999999999996696
78137,photographer,photographer,F,F→M,3,photographer,photographer,True,photographer,False,0.9985,0.9985,0.9985,0.0
67230,teacher,teacher,F,F→M,2,teacher,teacher,True,teacher,False,0.9988,0.9988,0.9988,0.0
7467,professor,professor,F,F→M,3,professor,professor,True,professor,False,0.9868,0.9806,0.9806,0.006199999999999983
19443,dentist,dentist,M,M→F,1,dentist,dentist,True,dentist,False,0.9977,0.9978,0.9978,-9.999999999998899e-05
69582,professor,professor,F,F→M,3,professor,professor,True,professor,False,0.9997,0.9997,0.9997,0.0
54653,psychologist,psychologist,F,F→M,1,psychologist,psychologist,True,psychologist,False,0.9993,0.9993,0.9993,0.0
46048,professor,professor,M,M→F,1,professor,professor,True,professor,False,0.9987,0.995,0.995,0.0037000000000000366
29071,professor,professor,M,M→F,3,professor,professor,True,professor,False,0.9998,0.9998,0.9998,0.0
69868,professor,professor,M,M→F,6,professor,professor,True,professor,False,0.9997,0.9996,0.9996,9.999999999998899e-05
42356,professor,professor,F,F→M,5,professor,professor,True,professor,False,0.9993,0.9993,0.9993,0.0
29006,photographer,photographer,F,F→M,6,photographer,photographer,True,photographer,False,0.9976,0.9978,0.9978,-0.00019999999999997797
6984,poet,poet,M,M→F,7,poet,poet,True,poet,False,0.9282,0.887,0.887,0.041200000000000014
42592,attorney,attorney,F,F→M,5,attorney,attorney,True,attorney,False,0.9996,0.9996,0.9996,0.0
18919,physician,physician,F,F→M,4,physician,physician,True,physician,False,0.9731,0.9524,0.9524,0.02069999999999994
92234,professor,professor,M,M→F,3,professor,professor,True,professor,False,0.9997,0.9997,0.9997,0.0
34481,professor,professor,M,M→F,3,professor,professor,True,professor,False,0.9991,0.9993,0.9993,-0.00019999999999997797
4821,physician,physician,F,F→M,3,physician,physician,True,physician,False,0.9998,0.9998,0.9998,0.0
91297,professor,professor,M,M→F,2,professor,professor,True,professor,False,0.9995,0.9995,0.9995,0.0
79721,software engineer,software engineer,M,M→F,4,software engineer,software engineer,True,software engineer,False,0.9432,0.9553,0.9553,-0.0121
70538,physician,physician,F,F→M,3,physician,physician,True,physician,False,0.9998,0.9998,0.9998,0.0
53000,surgeon,surgeon,M,M→F,4,surgeon,surgeon,True,surgeon,False,0.9957,0.9951,0.9951,0.0006000000000000449
57530,attorney,attorney,F,F→M,2,attorney,attorney,True,attorney,False,0.9975,0.9975,0.9975,0.0
164,professor,professor,M,M→F,6,professor,professor,True,professor,False,0.9998,0.9998,0.9998,0.0
63980,poet,poet,M,M→F,3,poet,poet,True,poet,False,0.9645,0.9628,0.9628,0.0017000000000000348
45422,professor,professor,M,M→F,4,professor,professor,True,professor,False,0.9997,0.9997,0.9997,0.0
24481,professor,professor,F,F→M,1,professor,professor,True,professor,False,0.9254,0.9407,0.9407,-0.01529999999999998
74779,photographer,photographer,M,M→F,1,photographer,photographer,True,photographer,False,0.9853,0.9796,0.9796,0.005699999999999927
2585,professor,professor,F,F→M,10,professor,professor,True,professor,False,0.9909,0.9842,0.9842,0.006700000000000039
5609,photographer,photographer,M,M→F,4,photographer,photographer,True,photographer,False,0.9979,0.9977,0.9977,0.00019999999999997797
37614,professor,professor,F,F→M,1,professor,professor,True,professor,False,0.9346,0.9476,0.9476,-0.013000000000000012
26875,professor,professor,M,M→F,2,professor,professor,True,professor,False,0.9989,0.9991,0.9991,-0.00019999999999997797
89608,professor,professor,F,F→M,3,professor,professor,True,professor,False,0.9993,0.9992,0.9992,9.999999999998899e-05
37642,surgeon,surgeon,M,M→F,2,surgeon,surgeon,True,surgeon,False,0.9966,0.9963,0.9963,0.000300000000000078
15017,photographer,photographer,F,F→M,4,photographer,photographer,True,photographer,False,0.9987,0.9988,0.9988,-9.999999999998899e-05
53095,professor,professor,M,M→F,3,professor,professor,True,professor,False,0.9982,0.9983,0.9983,-9.999999999998899e-05
12380,professor,professor,F,F→M,3,professor,professor,True,professor,False,0.9895,0.9921,0.9921,-0.0025999999999999357
83515,physician,physician,M,M→F,5,physician,physician,True,physician,False,0.9813,0.9928,0.9928,-0.011500000000000066
23074,physician,physician,F,F→M,4,physician,physician,True,physician,False,0.9994,0.9992,0.9992,0.00019999999999997797
56672,psychologist,psychologist,M,M→F,4,psychologist,psychologist,True,psychologist,False,0.9918,0.9914,0.9914,0.00040000000000006697
3781,professor,professor,M,M→F,1,professor,professor,True,professor,False,0.9975,0.9978,0.9978,-0.00029999999999996696
19794,dentist,dentist,F,F→M,1,dentist,dentist,True,dentist,False,0.9633,0.9617,0.9617,0.0016000000000000458
88720,physician,physician,M,M→F,3,physician,physician,True,physician,False,0.9998,0.9998,0.9998,0.0
66631,attorney,attorney,M,M→F,2,attorney,attorney,True,attorney,False,0.9385,0.9674,0.9674,-0.028900000000000037
46622,attorney,attorney,F,F→M,2,attorney,attorney,True,attorney,False,0.9987,0.9992,0.9992,-0.0004999999999999449
68666,professor,professor,M,M→F,2,professor,professor,True,professor,False,0.7125,0.664,0.664,0.04849999999999999
31094,poet,poet,F,F→M,4,poet,poet,True,poet,False,0.8314,0.8577,0.8577,-0.02629999999999999
46957,model,model,F,F→M,4,model,model,True,model,False,0.7146,0.3595,0.3595,0.3551
94188,painter,painter,F,F→M,1,painter,painter,True,painter,False,0.9869,0.9892,0.9892,-0.0022999999999999687
69997,professor,professor,M,M→F,5,professor,professor,True,professor,False,0.9998,0.9998,0.9998,0.0
89783,physician,physician,M,M→F,1,physician,physician,True,physician,False,0.7321,0.9367,0.9367,-0.2046
93670,teacher,teacher,F,F→M,4,teacher,teacher,True,teacher,False,0.9925,0.9927,0.9927,-0.00019999999999997797
60505,nurse,nurse,M,M→F,1,nurse,nurse,True,nurse,False,0.9997,0.9997,0.9997,0.0
58910,physician,physician,F,F→M,3,physician,physician,True,physician,False,0.9998,0.9998,0.9998,0.0
74352,photographer,photographer,M,M→F,3,photographer,photographer,True,photographer,False,0.9951,0.9932,0.9932,0.0019000000000000128
94925,model,model,F,F→M,2,model,model,True,model,False,0.9992,0.9988,0.9988,0.00039999999999995595
71383,professor,professor,M,M→F,1,professor,professor,True,professor,False,0.8719,0.9239,0.9239,-0.052000000000000046
80993,attorney,attorney,M,M→F,2,attorney,attorney,True,attorney,False,0.9994,0.9994,0.9994,0.0
89679,psychologist,psychologist,M,M→F,1,psychologist,psychologist,True,psychologist,False,0.9856,0.9847,0.9847,0.0009000000000000119
29769,photographer,photographer,F,F→M,1,photographer,photographer,True,photographer,False,0.994,0.9942,0.9942,-0.00019999999999997797
35120,physician,physician,F,F→M,2,physician,physician,True,physician,False,0.9352,0.8515,0.8515,0.0837
60096,attorney,attorney,M,M→F,2,attorney,attorney,True,attorney,False,0.8212,0.5579,0.5579,0.2633000000000001
2914,teacher,teacher,F,F→M,1,teacher,teacher,True,teacher,False,0.9948,0.9958,0.9958,-0.0010000000000000009
7696,physician,physician,M,M→F,2,physician,physician,True,physician,False,0.9455,0.9749,0.9749,-0.02939999999999998
51919,physician,physician,M,M→F,2,physician,physician,True,professor,True,0.648,0.1935,0.4201,0.4545
60927,professor,professor,M,M→F,3,professor,professor,True,professor,False,0.9987,0.9988,0.9988,-9.999999999998899e-05
37455,photographer,photographer,M,M→F,2,photographer,photographer,True,photographer,False,0.9896,0.9863,0.9863,0.0033000000000000806
81165,physician,physician,M,M→F,3,physician,physician,True,physician,False,0.9998,0.9998,0.9998,0.0
77874,photographer,photographer,M,M→F,3,photographer,photographer,True,photographer,False,0.995,0.995,0.995,0.0
36396,accountant,accountant,M,M→F,3,accountant,accountant,True,accountant,False,0.9969,0.9973,0.9973,-0.00039999999999995595
77709,professor,professor,M,M→F,3,professor,professor,True,professor,False,0.9685,0.9727,0.9727,-0.0041999999999999815
71458,photographer,photographer,F,F→M,1,photographer,photographer,True,photographer,False,0.3911,0.8199,0.8199,-0.42879999999999996
83209,physician,physician,F,F→M,3,physician,physician,True,physician,False,0.9998,0.9998,0.9998,0.0
95325,journalist,journalist,M,M→F,2,journalist,journalist,True,journalist,False,0.9978,0.998,0.998,-0.00019999999999997797
42326,attorney,attorney,M,M→F,6,attorney,attorney,True,attorney,False,0.9998,0.9998,0.9998,0.0
36977,professor,professor,M,M→F,4,professor,professor,True,professor,False,0.9999,0.9999,0.9999,0.0
43157,poet,poet,M,M→F,1,poet,poet,True,poet,False,0.5818,0.4343,0.4343,0.14749999999999996
32590,professor,professor,M,M→F,2,professor,professor,True,professor,False,0.9974,0.9983,0.9983,-0.0009000000000000119
67243,professor,professor,M,M→F,1,professor,professor,True,professor,False,0.9873,0.9876,0.9876,-0.000300000000000078
95066,attorney,attorney,F,F→M,1,attorney,attorney,True,attorney,False,0.9991,0.9993,0.9993,-0.00019999999999997797
9225,photographer,photographer,F,F→M,2,photographer,photographer,True,photographer,False,0.7097,0.7674,0.7674,-0.057699999999999974
41884,physician,physician,M,M→F,3,physician,physician,True,physician,False,0.9993,0.9995,0.9995,-0.000200000000000089
11099,professor,professor,F,F→M,5,professor,professor,True,professor,False,0.999,0.9989,0.9989,9.999999999998899e-05
24149,painter,painter,M,M→F,4,painter,painter,True,painter,False,0.9947,0.9958,0.9958,-0.0010999999999999899
37303,teacher,teacher,M,M→F,1,teacher,teacher,True,teacher,False,0.8833,0.8194,0.8194,0.06389999999999996
64984,accountant,accountant,M,M→F,1,accountant,accountant,True,accountant,False,0.9977,0.9979,0.9979,-0.00019999999999997797
40979,attorney,attorney,F,F→M,4,attorney,attorney,True,attorney,False,0.9996,0.9996,0.9996,0.0
76479,attorney,attorney,F,F→M,4,attorney,attorney,True,attorney,False,0.9959,0.9979,0.9979,-0.0020000000000000018
93412,attorney,attorney,M,M→F,2,attorney,attorney,True,attorney,False,0.9995,0.9992,0.9992,0.000300000000000078
21390,professor,professor,M,M→F,3,professor,professor,True,professor,False,0.992,0.9955,0.9955,-0.0035000000000000586
37381,professor,professor,F,F→M,2,professor,professor,True,professor,False,0.6453,0.4703,0.4703,0.175
63763,attorney,attorney,M,M→F,1,attorney,attorney,True,attorney,False,0.9988,0.9988,0.9988,0.0
34156,teacher,teacher,F,F→M,7,teacher,teacher,True,teacher,False,0.9578,0.9603,0.9603,-0.0025000000000000577
65604,dentist,dentist,M,M→F,1,dentist,dentist,True,dentist,False,0.9969,0.9967,0.9967,0.00019999999999997797
77368,professor,professor,M,M→F,1,professor,professor,True,professor,False,0.9995,0.9995,0.9995,0.0
64905,model,model,F,F→M,8,model,model,True,model,False,0.9989,0.9986,0.9986,0.00029999999999996696
81521,professor,professor,M,M→F,1,professor,professor,True,professor,False,0.9977,0.9973,0.9973,0.00040000000000006697
73816,surgeon,surgeon,M,M→F,6,surgeon,surgeon,True,surgeon,False,0.7038,0.5849,0.5849,0.1189
73620,professor,professor,M,M→F,8,professor,professor,True,professor,False,0.9995,0.9994,0.9994,0.00010000000000010001
65883,painter,painter,F,F→M,3,painter,painter,True,painter,False,0.8112,0.8095,0.8095,0.0017000000000000348
5187,physician,physician,F,F→M,1,physician,physician,True,physician,False,0.7346,0.8569,0.8569,-0.12229999999999996
79683,professor,professor,M,M→F,3,professor,professor,True,professor,False,0.6398,0.747,0.747,-0.10719999999999996
8480,teacher,teacher,M,M→F,4,teacher,teacher,True,journalist,True,0.215,0.2193,0.2811,-0.004299999999999998
49065,nurse,nurse,F,F→M,7,nurse,nurse,True,physician,True,0.5398,0.036,0.9207,0.5037999999999999
28068,journalist,journalist,F,F→M,2,journalist,journalist,True,journalist,False,0.9506,0.9529,0.9529,-0.0022999999999999687
58117,professor,professor,F,F→M,2,professor,professor,True,professor,False,0.9986,0.9987,0.9987,-9.999999999998899e-05
95153,physician,physician,M,M→F,2,physician,physician,True,physician,False,0.9997,0.9997,0.9997,0.0
49846,accountant,accountant,M,M→F,7,accountant,accountant,True,accountant,False,0.9984,0.9984,0.9984,0.0
54789,model,model,F,F→M,4,model,model,True,model,False,0.9978,0.9896,0.9896,0.008199999999999985
7173,professor,professor,F,F→M,4,professor,professor,True,professor,False,0.9934,0.99,0.99,0.0033999999999999586
7984,attorney,attorney,M,M→F,1,attorney,attorney,True,attorney,False,0.9997,0.9996,0.9996,9.999999999998899e-05
52999,dietitian,dietitian,F,F→M,1,dietitian,dietitian,True,physician,True,0.6171,0.2356,0.6892,0.38149999999999995
71249,professor,professor,M,M→F,3,professor,professor,True,professor,False,0.9972,0.9976,0.9976,-0.00040000000000006697
53249,photographer,photographer,F,F→M,5,photographer,photographer,True,photographer,False,0.9396,0.967,0.967,-0.02739999999999998
14858,surgeon,surgeon,M,M→F,6,surgeon,surgeon,True,surgeon,False,0.9962,0.9951,0.9951,0.0010999999999999899
50260,dentist,dentist,M,M→F,1,dentist,dentist,True,dentist,False,0.9082,0.9137,0.9137,-0.005499999999999949
42634,photographer,photographer,M,M→F,1,photographer,photographer,True,photographer,False,0.9922,0.992,0.992,0.00019999999999997797
66259,professor,professor,M,M→F,2,professor,professor,True,professor,False,0.9998,0.9998,0.9998,0.0
59391,surgeon,surgeon,M,M→F,1,surgeon,surgeon,True,surgeon,False,0.9989,0.9989,0.9989,0.0
45155,physician,physician,M,M→F,1,physician,physician,True,physician,False,0.9301,0.9114,0.9114,0.01870000000000005
53990,painter,painter,F,F→M,4,painter,painter,True,painter,False,0.9956,0.9957,0.9957,-9.999999999998899e-05
80526,software engineer,software engineer,M,M→F,2,software engineer,software engineer,True,software engineer,False,0.9893,0.9896,0.9896,-0.000300000000000078
64571,attorney,attorney,F,F→M,3,attorney,attorney,True,attorney,False,0.9672,0.9716,0.9716,-0.0044000000000000705
89357,journalist,journalist,F,F→M,1,journalist,journalist,True,journalist,False,0.9989,0.9988,0.9988,9.999999999998899e-05
36910,professor,professor,F,F→M,2,professor,professor,True,professor,False,0.997,0.997,0.997,0.0
78230,journalist,journalist,F,F→M,1,journalist,journalist,True,journalist,False,0.9942,0.9837,0.9837,0.010499999999999954
4487,dentist,dentist,M,M→F,1,dentist,dentist,True,dentist,False,0.9966,0.997,0.997,-0.00039999999999995595
74474,psychologist,psychologist,F,F→M,3,psychologist,psychologist,True,psychologist,False,0.9985,0.999,0.999,-0.0004999999999999449
17846,dentist,dentist,M,M→F,2,dentist,dentist,True,dentist,False,0.9181,0.9218,0.9218,-0.0036999999999999256
10556,photographer,photographer,M,M→F,5,photographer,photographer,True,photographer,False,0.9982,0.9983,0.9983,-9.999999999998899e-05
79155,professor,professor,M,M→F,4,professor,professor,True,professor,False,0.9864,0.992,0.992,-0.005599999999999938
77488,attorney,attorney,M,M→F,1,attorney,attorney,True,attorney,False,0.9997,0.9997,0.9997,0.0
84467,teacher,teacher,M,M→F,3,teacher,teacher,True,teacher,False,0.8459,0.8848,0.8848,-0.038900000000000046
79232,professor,professor,M,M→F,3,professor,professor,True,professor,False,0.9976,0.9979,0.9979,-0.00029999999999996696
3744,surgeon,surgeon,M,M→F,3,surgeon,surgeon,True,professor,True,0.891,0.4543,0.5003,0.43670000000000003
22449,professor,professor,M,M→F,4,professor,professor,True,professor,False,0.9995,0.9995,0.9995,0.0
6120,attorney,attorney,F,F→M,2,attorney,attorney,True,attorney,False,0.9987,0.9991,0.9991,-0.00039999999999995595
40124,professor,professor,F,F→M,2,professor,professor,True,professor,False,0.9908,0.9837,0.9837,0.007099999999999995
87081,professor,professor,M,M→F,2,professor,professor,True,professor,False,0.9998,0.9997,0.9997,9.999999999998899e-05
45879,dentist,dentist,M,M→F,3,dentist,dentist,True,dentist,False,0.9949,0.9964,0.9964,-0.0014999999999999458
22685,painter,painter,M,M→F,1,painter,painter,True,painter,False,0.9522,0.9678,0.9678,-0.015599999999999947
70188,professor,professor,F,F→M,3,professor,professor,True,professor,False,0.9991,0.9992,0.9992,-9.999999999998899e-05
46951,dentist,dentist,F,F→M,1,dentist,dentist,True,dentist,False,0.9706,0.9693,0.9693,0.0012999999999999678
57666,model,model,F,F→M,5,model,model,True,model,False,0.9921,0.917,0.917,0.07509999999999994
83645,photographer,photographer,M,M→F,3,photographer,photographer,True,photographer,False,0.9977,0.9977,0.9977,0.0
12952,psychologist,psychologist,F,F→M,5,psychologist,psychologist,True,psychologist,False,0.9985,0.9987,0.9987,-0.00019999999999997797
6712,nurse,nurse,F,F→M,1,nurse,nurse,True,nurse,False,0.9997,0.9997,0.9997,0.0
28399,psychologist,psychologist,F,F→M,1,psychologist,psychologist,True,psychologist,False,0.9994,0.9994,0.9994,0.0
4761,filmmaker,filmmaker,M,M→F,3,filmmaker,filmmaker,True,filmmaker,False,0.9838,0.98,0.98,0.0038000000000000256
64529,dentist,dentist,M,M→F,4,dentist,dentist,True,dentist,False,0.9988,0.9988,0.9988,0.0
83008,composer,composer,M,M→F,1,composer,composer,True,composer,False,0.9937,0.9949,0.9949,-0.0011999999999999789
78626,professor,professor,M,M→F,5,professor,professor,True,professor,False,0.9997,0.9998,0.9998,-9.999999999998899e-05
93657,professor,professor,M,M→F,2,professor,professor,True,professor,False,0.999,0.999,0.999,0.0
48718,psychologist,psychologist,F,F→M,3,psychologist,psychologist,True,psychologist,False,0.9978,0.9982,0.9982,-0.00039999999999995595
80265,professor,professor,M,M→F,4,professor,professor,True,professor,False,0.5639,0.5265,0.5265,0.03739999999999999
76232,physician,physician,F,F→M,4,physician,physician,True,physician,False,0.9893,0.9712,0.9712,0.018100000000000005
75806,software engineer,software engineer,M,M→F,5,software engineer,software engineer,True,software engineer,False,0.8695,0.8956,0.8956,-0.0260999999999999
39269,photographer,photographer,M,M→F,2,photographer,photographer,True,photographer,False,0.9991,0.9988,0.9988,0.00029999999999996696
76216,painter,painter,F,F→M,5,painter,painter,True,painter,False,0.9878,0.9892,0.9892,-0.0013999999999999568
23263,teacher,teacher,M,M→F,1,teacher,teacher,True,teacher,False,0.9779,0.963,0.963,0.014900000000000024
19118,professor,professor,M,M→F,3,professor,professor,True,professor,False,0.9994,0.9993,0.9993,9.999999999998899e-05
89848,attorney,attorney,F,F→M,4,attorney,attorney,True,attorney,False,0.9996,0.9997,0.9997,-9.999999999998899e-05
52698,psychologist,psychologist,F,F→M,1,psychologist,psychologist,True,psychologist,False,0.9937,0.9943,0.9943,-0.0005999999999999339
20421,professor,professor,F,F→M,5,professor,professor,True,professor,False,0.9995,0.9996,0.9996,-9.999999999998899e-05
82680,professor,professor,M,M→F,1,professor,professor,True,professor,False,0.654,0.7917,0.7917,-0.13769999999999993
71272,professor,professor,M,M→F,2,professor,professor,True,professor,False,0.9891,0.9898,0.9898,-0.0007000000000000339
37931,teacher,teacher,F,F→M,1,teacher,teacher,True,teacher,False,0.9673,0.9676,0.9676,-0.00029999999999996696
14258,teacher,teacher,F,F→M,3,teacher,teacher,True,teacher,False,0.9329,0.9379,0.9379,-0.0050000000000000044
27075,painter,painter,M,M→F,2,painter,painter,True,painter,False,0.9206,0.8229,0.8229,0.09770000000000001
17055,photographer,photographer,M,M→F,3,photographer,photographer,True,photographer,False,0.9975,0.9972,0.9972,0.000300000000000078
33809,physician,physician,F,F→M,4,physician,physician,True,physician,False,0.9989,0.9984,0.9984,0.000500000000000056
90235,poet,poet,F,F→M,4,poet,poet,True,poet,False,0.8063,0.8666,0.8666,-0.06030000000000002
16487,professor,professor,M,M→F,1,professor,professor,True,professor,False,0.9963,0.9967,0.9967,-0.00040000000000006697
76633,nurse,nurse,F,F→M,3,nurse,nurse,True,physician,True,0.9618,0.1565,0.678,0.8053
19692,software engineer,software engineer,M,M→F,4,software engineer,software engineer,True,journalist,True,0.4548,0.2912,0.4943,0.16359999999999997
91150,teacher,teacher,F,F→M,11,teacher,teacher,True,teacher,False,0.9981,0.9973,0.9973,0.0008000000000000229
84983,teacher,teacher,F,F→M,2,teacher,teacher,True,teacher,False,0.9888,0.9791,0.9791,0.009700000000000042
50241,physician,physician,F,F→M,3,physician,physician,True,physician,False,0.9999,0.9999,0.9999,0.0
75946,professor,professor,M,M→F,2,professor,professor,True,professor,False,0.9988,0.9989,0.9989,-9.999999999998899e-05
783,professor,professor,M,M→F,3,professor,professor,True,professor,False,0.9996,0.9996,0.9996,0.0
62927,attorney,attorney,M,M→F,2,attorney,attorney,True,attorney,False,0.9994,0.999,0.999,0.00039999999999995595
90892,comedian,comedian,M,M→F,5,comedian,comedian,True,comedian,False,0.9967,0.9959,0.9959,0.0008000000000000229
58601,professor,professor,M,M→F,2,professor,professor,True,professor,False,0.9993,0.9994,0.9994,-9.999999999998899e-05
3790,attorney,attorney,M,M→F,2,attorney,attorney,True,attorney,False,0.9982,0.9982,0.9982,0.0
4233,professor,professor,F,F→M,2,professor,professor,True,professor,False,0.9976,0.9962,0.9962,0.0014000000000000679
29434,professor,professor,F,F→M,6,professor,professor,True,professor,False,0.936,0.9301,0.9301,0.005900000000000016
42298,attorney,attorney,F,F→M,7,attorney,attorney,True,attorney,False,0.999,0.9994,0.9994,-0.00039999999999995595
49119,professor,professor,F,F→M,1,professor,professor,True,professor,False,0.5433,0.6135,0.6135,-0.07020000000000004
85310,nurse,nurse,F,F→M,1,nurse,nurse,True,nurse,False,0.9997,0.9997,0.9997,0.0
34688,physician,physician,F,F→M,3,physician,physician,True,physician,False,0.9998,0.9998,0.9998,0.0
40299,physician,physician,F,F→M,3,physician,physician,True,physician,False,0.9922,0.9853,0.9853,0.006900000000000017
25837,professor,professor,F,F→M,4,professor,professor,True,professor,False,0.953,0.9476,0.9476,0.00539999999999996
44703,architect,architect,M,M→F,1,architect,architect,True,architect,False,0.5175,0.3146,0.3146,0.20289999999999997
56534,physician,physician,M,M→F,2,physician,physician,True,physician,False,0.8803,0.9223,0.9223,-0.04200000000000004
89896,physician,physician,F,F→M,3,physician,physician,True,physician,False,0.9998,0.9998,0.9998,0.0
43777,attorney,attorney,M,M→F,1,attorney,attorney,True,attorney,False,0.9996,0.9996,0.9996,0.0
44566,poet,poet,M,M→F,5,poet,poet,True,teacher,True,0.5198,0.4123,0.5592,0.10750000000000004
61556,professor,professor,M,M→F,2,professor,professor,True,professor,False,0.9782,0.9799,0.9799,-0.0017000000000000348
41558,accountant,accountant,F,F→M,3,accountant,accountant,True,accountant,False,0.999,0.999,0.999,0.0
92577,nurse,nurse,F,F→M,2,nurse,nurse,True,nurse,False,0.997,0.9953,0.9953,0.0017000000000000348
41013,photographer,photographer,M,M→F,3,photographer,photographer,True,photographer,False,0.9952,0.9965,0.9965,-0.0013000000000000789
67299,photographer,photographer,M,M→F,2,photographer,photographer,True,photographer,False,0.8454,0.7609,0.7609,0.08450000000000002
53168,attorney,attorney,M,M→F,1,attorney,attorney,True,attorney,False,0.9947,0.9798,0.9798,0.014900000000000024
87511,physician,physician,F,F→M,5,physician,physician,True,physician,False,0.9862,0.9289,0.9289,0.05730000000000002
44911,professor,professor,F,F→M,2,professor,professor,True,professor,False,0.9986,0.9987,0.9987,-9.999999999998899e-05
31571,nurse,nurse,F,F→M,1,nurse,nurse,True,nurse,False,0.9997,0.9997,0.9997,0.0
7453,comedian,comedian,M,M→F,1,comedian,comedian,True,comedian,False,0.9808,0.8805,0.8805,0.10030000000000006
29251,journalist,journalist,F,F→M,6,journalist,journalist,True,journalist,False,0.998,0.9973,0.9973,0.0007000000000000339
27958,professor,professor,F,F→M,2,professor,professor,True,professor,False,0.9765,0.9554,0.9554,0.021100000000000008
6198,attorney,attorney,F,F→M,2,attorney,attorney,True,attorney,False,0.9996,0.9996,0.9996,0.0
22015,professor,professor,M,M→F,3,professor,professor,True,professor,False,0.9693,0.9833,0.9833,-0.013999999999999901
71617,professor,professor,M,M→F,8,professor,professor,True,professor,False,0.9988,0.999,0.999,-0.00019999999999997797
3136,professor,professor,F,F→M,5,professor,professor,True,professor,False,0.6594,0.6598,0.6598,-0.00040000000000006697
23468,physician,physician,M,M→F,2,physician,physician,True,physician,False,0.9261,0.9508,0.9508,-0.024699999999999944
14326,photographer,photographer,M,M→F,1,photographer,photographer,True,photographer,False,0.9959,0.996,0.996,-9.999999999998899e-05
65840,nurse,nurse,M,M→F,2,nurse,nurse,True,nurse,False,0.9985,0.9983,0.9983,0.000200000000000089
28615,photographer,photographer,F,F→M,2,photographer,photographer,True,photographer,False,0.9715,0.9742,0.9742,-0.0026999999999999247
29309,professor,professor,F,F→M,3,professor,professor,True,professor,False,0.9996,0.9996,0.9996,0.0
72211,professor,professor,F,F→M,2,professor,professor,True,professor,False,0.9967,0.9966,0.9966,9.999999999998899e-05
55093,nurse,nurse,F,F→M,1,nurse,nurse,True,nurse,False,0.9997,0.9997,0.9997,0.0
78862,photographer,photographer,M,M→F,4,photographer,photographer,True,photographer,False,0.9969,0.9972,0.9972,-0.00029999999999996696
11504,professor,professor,F,F→M,5,professor,professor,True,professor,False,0.8612,0.5798,0.5798,0.2814
15761,professor,professor,M,M→F,2,professor,professor,True,professor,False,0.9992,0.9992,0.9992,0.0
78708,physician,physician,M,M→F,6,physician,physician,True,physician,False,0.6703,0.8214,0.8214,-0.1511
23431,composer,composer,M,M→F,3,composer,composer,True,composer,False,0.9972,0.997,0.997,0.00019999999999997797
41414,teacher,teacher,M,M→F,5,teacher,teacher,True,teacher,False,0.181,0.2462,0.2462,-0.06520000000000001
6856,photographer,photographer,F,F→M,1,photographer,photographer,True,photographer,False,0.7427,0.9225,0.9225,-0.17979999999999996
29136,dentist,dentist,F,F→M,2,dentist,dentist,True,dentist,False,0.9985,0.9985,0.9985,0.0
26818,attorney,attorney,F,F→M,2,attorney,attorney,True,attorney,False,0.7455,0.7971,0.7971,-0.05159999999999998
72465,professor,professor,F,F→M,1,professor,professor,True,professor,False,0.9985,0.9984,0.9984,0.00010000000000010001
87037,dentist,dentist,M,M→F,3,dentist,dentist,True,dentist,False,0.9875,0.987,0.987,0.000500000000000056
84344,professor,professor,F,F→M,4,professor,professor,True,professor,False,0.9979,0.9979,0.9979,0.0
89515,teacher,teacher,M,M→F,1,teacher,teacher,True,teacher,False,0.9697,0.9586,0.9586,0.011099999999999999
41751,architect,architect,F,F→M,6,architect,architect,True,architect,False,0.7882,0.8397,0.8397,-0.05149999999999999
53572,professor,professor,F,F→M,4,professor,professor,True,professor,False,0.9177,0.8911,0.8911,0.026599999999999957
54462,physician,physician,F,F→M,2,physician,physician,True,physician,False,0.6635,0.909,0.909,-0.24550000000000005
19963,professor,professor,F,F→M,3,professor,professor,True,architect,True,0.2329,0.166,0.3735,0.06689999999999999
67083,professor,professor,M,M→F,5,professor,professor,True,professor,False,0.9989,0.999,0.999,-9.999999999998899e-05
46299,professor,professor,F,F→M,7,professor,professor,True,professor,False,0.9962,0.9965,0.9965,-0.000300000000000078
58434,professor,professor,F,F→M,3,professor,professor,True,professor,False,0.9996,0.9996,0.9996,0.0
9004,attorney,attorney,F,F→M,2,attorney,attorney,True,attorney,False,0.9997,0.9998,0.9998,-9.999999999998899e-05
89722,dietitian,dietitian,F,F→M,2,dietitian,dietitian,True,dietitian,False,0.9983,0.9978,0.9978,0.0004999999999999449
7208,poet,poet,M,M→F,8,poet,poet,True,poet,False,0.9597,0.9238,0.9238,0.03590000000000004
15906,photographer,photographer,F,F→M,8,photographer,photographer,True,photographer,False,0.9981,0.998,0.998,9.999999999998899e-05
81148,photographer,photographer,M,M→F,3,photographer,photographer,True,photographer,False,0.9946,0.9956,0.9956,-0.0010000000000000009
57251,professor,professor,M,M→F,2,professor,professor,True,professor,False,0.7413,0.8486,0.8486,-0.10730000000000006
6833,psychologist,psychologist,F,F→M,6,psychologist,psychologist,True,psychologist,False,0.9846,0.9947,0.9947,-0.010099999999999998
64024,journalist,journalist,M,M→F,1,journalist,journalist,True,journalist,False,0.9597,0.9627,0.9627,-0.0030000000000000027
56889,psychologist,psychologist,M,M→F,1,psychologist,psychologist,True,psychologist,False,0.9994,0.9994,0.9994,0.0
32202,surgeon,surgeon,M,M→F,5,surgeon,surgeon,True,surgeon,False,0.7214,0.4927,0.4927,0.22870000000000001
61766,professor,professor,F,F→M,1,professor,professor,True,professor,False,0.9994,0.9995,0.9995,-0.00010000000000010001
85810,photographer,photographer,M,M→F,3,photographer,photographer,True,photographer,False,0.9939,0.9943,0.9943,-0.00039999999999995595
58694,physician,physician,M,M→F,3,physician,physician,True,physician,False,0.9998,0.9998,0.9998,0.0
90889,attorney,attorney,F,F→M,4,attorney,attorney,True,attorney,False,0.9861,0.99,0.99,-0.0039000000000000146
52252,physician,physician,M,M→F,1,physician,physician,True,physician,False,0.9656,0.7537,0.7537,0.21189999999999998
70681,professor,professor,M,M→F,6,professor,professor,True,professor,False,0.9991,0.9991,0.9991,0.0
32000,professor,professor,F,F→M,3,professor,professor,True,professor,False,0.9854,0.9878,0.9878,-0.0023999999999999577
55747,painter,painter,F,F→M,8,painter,painter,True,painter,False,0.9941,0.9933,0.9933,0.0008000000000000229
71791,filmmaker,filmmaker,M,M→F,1,filmmaker,filmmaker,True,filmmaker,False,0.6505,0.6258,0.6258,0.024699999999999944
29589,attorney,attorney,F,F→M,1,attorney,attorney,True,attorney,False,0.9994,0.9994,0.9994,0.0
62787,professor,professor,F,F→M,3,professor,professor,True,professor,False,0.9997,0.9997,0.9997,0.0
8575,psychologist,psychologist,M,M→F,6,psychologist,psychologist,True,psychologist,False,0.7701,0.7399,0.7399,0.030200000000000005
28190,professor,professor,F,F→M,5,professor,professor,True,professor,False,0.9996,0.9996,0.9996,0.0
90290,physician,physician,F,F→M,3,physician,physician,True,physician,False,0.9536,0.917,0.917,0.036599999999999966
67700,professor,professor,F,F→M,4,professor,professor,True,professor,False,0.9859,0.992,0.992,-0.006099999999999994
93357,filmmaker,filmmaker,M,M→F,4,filmmaker,filmmaker,True,filmmaker,False,0.9926,0.9924,0.9924,0.000200000000000089
10416,journalist,journalist,M,M→F,1,journalist,journalist,True,journalist,False,0.6203,0.5819,0.5819,0.03839999999999999
55877,model,model,F,F→M,5,model,model,True,model,False,0.9991,0.9975,0.9975,0.0015999999999999348
68114,physician,physician,F,F→M,2,physician,physician,True,physician,False,0.9996,0.9996,0.9996,0.0
30770,physician,physician,F,F→M,2,physician,physician,True,physician,False,0.9997,0.9997,0.9997,0.0
35251,photographer,photographer,M,M→F,1,photographer,photographer,True,photographer,False,0.9979,0.9976,0.9976,0.00029999999999996696
90743,poet,poet,F,F→M,3,poet,poet,True,poet,False,0.9483,0.9424,0.9424,0.005900000000000016
83698,journalist,journalist,M,M→F,8,journalist,journalist,True,journalist,False,0.9688,0.9767,0.9767,-0.007900000000000018
19330,professor,professor,M,M→F,1,professor,professor,True,professor,False,0.5044,0.4345,0.4345,0.06989999999999996
36656,dentist,dentist,F,F→M,3,dentist,dentist,True,dentist,False,0.7666,0.5798,0.5798,0.18679999999999997
8374,teacher,teacher,F,F→M,2,teacher,teacher,True,teacher,False,0.9973,0.9974,0.9974,-9.999999999998899e-05
80564,professor,professor,F,F→M,1,professor,professor,True,professor,False,0.9995,0.9994,0.9994,0.00010000000000010001
30619,architect,architect,M,M→F,4,architect,architect,True,architect,False,0.9987,0.9987,0.9987,0.0
6770,physician,physician,M,M→F,6,physician,physician,True,physician,False,0.8806,0.9391,0.9391,-0.058499999999999996
44620,professor,professor,M,M→F,4,professor,professor,True,professor,False,0.9996,0.9996,0.9996,0.0
69417,professor,professor,M,M→F,4,professor,professor,True,professor,False,0.9965,0.9952,0.9952,0.0013000000000000789
84312,nurse,nurse,F,F→M,1,nurse,nurse,True,nurse,False,0.9997,0.9997,0.9997,0.0
35604,painter,painter,M,M→F,3,painter,painter,True,painter,False,0.9927,0.9931,0.9931,-0.00039999999999995595
21923,professor,professor,M,M→F,2,professor,professor,True,professor,False,0.5495,0.6434,0.6434,-0.09389999999999998
10631,dentist,dentist,M,M→F,2,dentist,dentist,True,dentist,False,0.9929,0.9936,0.9936,-0.0007000000000000339
71180,poet,poet,F,F→M,2,poet,poet,True,poet,False,0.9931,0.9933,0.9933,-0.00019999999999997797
16426,physician,physician,F,F→M,3,physician,physician,True,physician,False,0.9689,0.9127,0.9127,0.05620000000000003
58582,professor,professor,F,F→M,3,professor,professor,True,professor,False,0.9779,0.9522,0.9522,0.025699999999999945
55426,physician,physician,F,F→M,2,physician,physician,True,physician,False,0.6633,0.9228,0.9228,-0.25949999999999995
33363,architect,architect,F,F→M,4,architect,architect,True,architect,False,0.9761,0.9902,0.9902,-0.014100000000000001
68107,professor,professor,M,M→F,2,professor,professor,True,professor,False,0.9994,0.9993,0.9993,9.999999999998899e-05
48894,professor,professor,F,F→M,2,professor,professor,True,professor,False,0.9647,0.9565,0.9565,0.008199999999999985
53018,nurse,nurse,F,F→M,1,nurse,nurse,True,nurse,False,0.9997,0.9997,0.9997,0.0
53616,teacher,teacher,F,F→M,6,teacher,teacher,True,teacher,False,0.9989,0.9988,0.9988,9.999999999998899e-05
21619,physician,physician,F,F→M,3,physician,physician,True,physician,False,0.9958,0.997,0.997,-0.0011999999999999789
59328,professor,professor,M,M→F,4,professor,professor,True,professor,False,0.9997,0.9997,0.9997,0.0
13754,dentist,dentist,M,M→F,2,dentist,dentist,True,dentist,False,0.9823,0.9906,0.9906,-0.008300000000000085
54052,photographer,photographer,M,M→F,6,photographer,photographer,True,photographer,False,0.9951,0.9955,0.9955,-0.00040000000000006697
9490,filmmaker,filmmaker,M,M→F,3,filmmaker,filmmaker,True,filmmaker,False,0.9963,0.9962,0.9962,9.999999999998899e-05
50882,teacher,teacher,M,M→F,1,teacher,teacher,True,teacher,False,0.998,0.9984,0.9984,-0.00039999999999995595
19877,physician,physician,F,F→M,3,physician,physician,True,physician,False,0.9998,0.9998,0.9998,0.0
50605,journalist,journalist,F,F→M,3,journalist,journalist,True,journalist,False,0.9985,0.9983,0.9983,0.000200000000000089
64584,nurse,nurse,F,F→M,3,nurse,nurse,True,nurse,False,0.9982,0.9985,0.9985,-0.000300000000000078
3338,nurse,nurse,F,F→M,1,nurse,nurse,True,nurse,False,0.9997,0.9997,0.9997,0.0
40310,photographer,photographer,M,M→F,4,photographer,photographer,True,photographer,False,0.9952,0.995,0.995,0.00019999999999997797
51386,teacher,teacher,F,F→M,2,teacher,teacher,True,teacher,False,0.6785,0.6478,0.6478,0.03069999999999995
73295,painter,painter,F,F→M,4,painter,painter,True,painter,False,0.9838,0.9887,0.9887,-0.0049000000000000155
72374,photographer,photographer,M,M→F,3,photographer,photographer,True,photographer,False,0.8157,0.7225,0.7225,0.09319999999999995
59743,architect,architect,M,M→F,1,architect,architect,True,architect,False,0.6204,0.5213,0.5213,0.09909999999999997
75273,architect,architect,M,M→F,3,architect,architect,True,architect,False,0.9949,0.9948,0.9948,9.999999999998899e-05
90941,comedian,comedian,M,M→F,6,comedian,comedian,True,comedian,False,0.9877,0.9722,0.9722,0.01550000000000007
64996,attorney,attorney,M,M→F,2,attorney,attorney,True,attorney,False,0.9963,0.995,0.995,0.0012999999999999678
18885,professor,professor,F,F→M,2,professor,professor,True,professor,False,0.998,0.9977,0.9977,0.00029999999999996696
46390,surgeon,surgeon,M,M→F,2,surgeon,surgeon,True,surgeon,False,0.999,0.999,0.999,0.0
16030,physician,physician,M,M→F,2,physician,physician,True,physician,False,0.8892,0.9388,0.9388,-0.04959999999999998
58517,professor,professor,M,M→F,4,professor,professor,True,professor,False,0.9997,0.9997,0.9997,0.0
90439,nurse,nurse,F,F→M,1,nurse,nurse,True,nurse,False,0.9994,0.9993,0.9993,9.999999999998899e-05
4144,photographer,photographer,M,M→F,3,photographer,photographer,True,journalist,True,0.7671,0.4309,0.4821,0.3362
31527,professor,professor,F,F→M,2,professor,professor,True,professor,False,0.9996,0.9996,0.9996,0.0
74370,psychologist,psychologist,F,F→M,1,psychologist,psychologist,True,psychologist,False,0.9979,0.9974,0.9974,0.000500000000000056
25900,professor,professor,M,M→F,4,professor,professor,True,professor,False,0.9997,0.9997,0.9997,0.0
21855,dentist,dentist,M,M→F,1,dentist,dentist,True,dentist,False,0.9364,0.9384,0.9384,-0.0020000000000000018
4954,professor,professor,M,M→F,2,professor,professor,True,professor,False,0.9991,0.999,0.999,9.999999999998899e-05
88811,dentist,dentist,M,M→F,6,dentist,dentist,True,dentist,False,0.9971,0.9972,0.9972,-9.999999999998899e-05
54214,journalist,journalist,M,M→F,4,journalist,journalist,True,journalist,False,0.997,0.9976,0.9976,-0.0006000000000000449
30222,professor,professor,M,M→F,1,professor,professor,True,professor,False,0.9916,0.9911,0.9911,0.000500000000000056
4878,architect,architect,F,F→M,1,architect,architect,True,architect,False,0.5612,0.5957,0.5957,-0.034499999999999975
93162,professor,professor,M,M→F,4,professor,professor,True,professor,False,0.9998,0.9998,0.9998,0.0
15877,physician,physician,M,M→F,3,physician,physician,True,physician,False,0.9925,0.9957,0.9957,-0.0031999999999999806
55444,physician,physician,F,F→M,3,physician,physician,True,physician,False,0.9998,0.9998,0.9998,0.0
27462,photographer,photographer,F,F→M,2,photographer,photographer,True,photographer,False,0.5636,0.612,0.612,-0.0484
39062,surgeon,surgeon,M,M→F,4,surgeon,surgeon,True,surgeon,False,0.9965,0.995,0.995,0.0015000000000000568
1429,attorney,attorney,F,F→M,1,attorney,attorney,True,attorney,False,0.9996,0.9996,0.9996,0.0
36348,comedian,comedian,F,F→M,6,comedian,comedian,True,comedian,False,0.9772,0.9953,0.9953,-0.018100000000000005
62632,professor,professor,M,M→F,1,professor,professor,True,professor,False,0.8511,0.8048,0.8048,0.04630000000000001
38544,psychologist,psychologist,F,F→M,1,psychologist,psychologist,True,psychologist,False,0.9994,0.9994,0.9994,0.0
79665,attorney,attorney,M,M→F,3,attorney,attorney,True,attorney,False,0.9969,0.9972,0.9972,-0.00029999999999996696
73120,attorney,attorney,M,M→F,3,attorney,attorney,True,attorney,False,0.9995,0.9995,0.9995,0.0
64975,surgeon,surgeon,M,M→F,2,surgeon,surgeon,True,surgeon,False,0.9989,0.9989,0.9989,0.0
79461,professor,professor,F,F→M,3,professor,professor,True,professor,False,0.9995,0.9995,0.9995,0.0
24612,attorney,attorney,F,F→M,3,attorney,attorney,True,attorney,False,0.947,0.9963,0.9963,-0.04930000000000001
85939,psychologist,psychologist,F,F→M,1,psychologist,psychologist,True,psychologist,False,0.9988,0.9988,0.9988,0.0
33734,professor,professor,F,F→M,1,professor,professor,True,professor,False,0.9995,0.9995,0.9995,0.0
89990,journalist,journalist,F,F→M,6,journalist,journalist,True,journalist,False,0.9983,0.9978,0.9978,0.0004999999999999449
5412,poet,poet,F,F→M,3,poet,poet,True,poet,False,0.9763,0.9806,0.9806,-0.0043000000000000815
43130,poet,poet,F,F→M,3,poet,poet,True,poet,False,0.9882,0.9894,0.9894,-0.0011999999999999789
82664,professor,professor,F,F→M,1,professor,professor,True,professor,False,0.9322,0.9841,0.9841,-0.051899999999999946
19498,journalist,journalist,F,F→M,2,journalist,journalist,True,journalist,False,0.9986,0.9983,0.9983,0.000300000000000078
84253,physician,physician,M,M→F,1,physician,physician,True,physician,False,0.8758,0.8369,0.8369,0.038900000000000046
84686,attorney,attorney,M,M→F,6,attorney,attorney,True,attorney,False,0.9988,0.9987,0.9987,9.999999999998899e-05
20508,photographer,photographer,M,M→F,6,photographer,photographer,True,photographer,False,0.9979,0.9976,0.9976,0.00029999999999996696
75755,software engineer,software engineer,M,M→F,2,software engineer,software engineer,True,software engineer,False,0.9862,0.988,0.988,-0.0018000000000000238
88358,psychologist,psychologist,F,F→M,1,psychologist,psychologist,True,psychologist,False,0.9626,0.9759,0.9759,-0.013299999999999979
45443,attorney,attorney,F,F→M,6,attorney,attorney,True,attorney,False,0.995,0.9965,0.9965,-0.0015000000000000568
7455,physician,physician,F,F→M,2,physician,physician,True,physician,False,0.9191,0.9442,0.9442,-0.02510000000000001
3825,surgeon,surgeon,M,M→F,2,surgeon,surgeon,True,surgeon,False,0.9989,0.9989,0.9989,0.0
17237,attorney,attorney,M,M→F,3,attorney,attorney,True,attorney,False,0.9874,0.9895,0.9895,-0.0020999999999999908
70373,surgeon,surgeon,M,M→F,6,surgeon,surgeon,True,surgeon,False,0.9821,0.9709,0.9709,0.011199999999999988
25960,physician,physician,F,F→M,4,physician,physician,True,physician,False,0.6347,0.5246,0.5246,0.11010000000000009
74562,photographer,photographer,F,F→M,3,photographer,photographer,True,photographer,False,0.9933,0.9971,0.9971,-0.0038000000000000256
91273,professor,professor,M,M→F,1,professor,professor,True,professor,False,0.964,0.9641,0.9641,-9.999999999998899e-05
11998,surgeon,surgeon,F,F→M,2,surgeon,surgeon,True,surgeon,False,0.8579,0.9366,0.9366,-0.07869999999999999
86920,nurse,nurse,F,F→M,4,nurse,nurse,True,physician,True,0.6693,0.1541,0.7361,0.5152
49883,poet,poet,F,F→M,4,poet,poet,True,poet,False,0.7803,0.8052,0.8052,-0.024900000000000033
83414,nurse,nurse,F,F→M,1,nurse,nurse,True,nurse,False,0.9997,0.9997,0.9997,0.0
52180,architect,architect,M,M→F,1,architect,architect,True,architect,False,0.9963,0.9969,0.9969,-0.0006000000000000449
74890,journalist,journalist,M,M→F,1,journalist,journalist,True,journalist,False,0.9969,0.9979,0.9979,-0.0010000000000000009
71299,physician,physician,F,F→M,6,physician,physician,True,physician,False,0.9879,0.9965,0.9965,-0.008600000000000052
8040,painter,painter,F,F→M,2,painter,painter,True,painter,False,0.9629,0.94,0.94,0.02290000000000003
65329,professor,professor,F,F→M,3,professor,professor,True,professor,False,0.9926,0.9946,0.9946,-0.0020000000000000018
24428,attorney,attorney,M,M→F,1,attorney,attorney,True,attorney,False,0.9996,0.9996,0.9996,0.0
9155,photographer,photographer,M,M→F,1,photographer,photographer,True,photographer,False,0.9939,0.9948,0.9948,-0.0009000000000000119
87433,attorney,attorney,M,M→F,2,attorney,attorney,True,attorney,False,0.9977,0.9916,0.9916,0.006099999999999994
23283,photographer,photographer,M,M→F,1,photographer,photographer,True,photographer,False,0.9778,0.9669,0.9669,0.01090000000000002
44398,professor,professor,M,M→F,1,professor,professor,True,professor,False,0.6929,0.7202,0.7202,-0.02729999999999999
64134,professor,professor,M,M→F,4,professor,professor,True,professor,False,0.9997,0.9997,0.9997,0.0
34768,surgeon,surgeon,F,F→M,5,surgeon,surgeon,True,surgeon,False,0.9853,0.9898,0.9898,-0.0045000000000000595
89700,psychologist,psychologist,F,F→M,8,psychologist,psychologist,True,psychologist,False,0.9985,0.9988,0.9988,-0.00029999999999996696
71790,model,model,F,F→M,3,model,model,True,model,False,0.9235,0.8727,0.8727,0.050799999999999956
80529,attorney,attorney,M,M→F,2,attorney,attorney,True,attorney,False,0.9011,0.7428,0.7428,0.1583
64808,accountant,accountant,M,M→F,2,accountant,accountant,True,accountant,False,0.9942,0.9917,0.9917,0.0024999999999999467
84750,professor,professor,F,F→M,2,professor,professor,True,professor,False,0.9995,0.9995,0.9995,0.0
37775,nurse,nurse,M,M→F,2,nurse,nurse,True,nurse,False,0.8909,0.8836,0.8836,0.007299999999999973
80432,painter,painter,F,F→M,4,painter,painter,True,painter,False,0.9123,0.7948,0.7948,0.11750000000000005
57875,professor,professor,M,M→F,3,professor,professor,True,professor,False,0.3731,0.4056,0.4056,-0.03250000000000003
59739,teacher,teacher,M,M→F,2,teacher,teacher,True,teacher,False,0.9955,0.9965,0.9965,-0.0010000000000000009
57842,journalist,journalist,F,F→M,4,journalist,journalist,True,journalist,False,0.9987,0.9981,0.9981,0.0006000000000000449
58704,model,model,M,M→F,5,model,model,True,model,False,0.9976,0.999,0.999,-0.0013999999999999568
85426,dentist,dentist,M,M→F,3,dentist,dentist,True,dentist,False,0.9988,0.9988,0.9988,0.0
19544,professor,professor,M,M→F,2,professor,professor,True,professor,False,0.9978,0.996,0.996,0.0018000000000000238
57092,physician,physician,F,F→M,3,physician,physician,True,physician,False,0.9998,0.9998,0.9998,0.0
69577,physician,physician,M,M→F,5,physician,physician,True,physician,False,0.6172,0.6908,0.6908,-0.0736
7186,psychologist,psychologist,F,F→M,1,psychologist,psychologist,True,professor,True,0.3868,0.3036,0.4251,0.0832
11029,professor,professor,M,M→F,3,professor,professor,True,professor,False,0.9991,0.9991,0.9991,0.0
21034,professor,professor,M,M→F,2,professor,professor,True,professor,False,0.6707,0.6931,0.6931,-0.022400000000000087
77061,attorney,attorney,F,F→M,2,attorney,attorney,True,attorney,False,0.9996,0.9997,0.9997,-9.999999999998899e-05
37903,poet,poet,F,F→M,6,poet,poet,True,poet,False,0.9829,0.9838,0.9838,-0.0009000000000000119
12417,journalist,journalist,F,F→M,3,journalist,journalist,True,journalist,False,0.7824,0.6441,0.6441,0.13829999999999998
83181,professor,professor,M,M→F,1,professor,professor,True,professor,False,0.9974,0.9974,0.9974,0.0
83804,dentist,dentist,M,M→F,1,dentist,dentist,True,dentist,False,0.9866,0.9884,0.9884,-0.0017999999999999128
4283,poet,poet,M,M→F,2,poet,poet,True,journalist,True,0.4389,0.3065,0.3146,0.13240000000000002
17772,professor,professor,F,F→M,2,professor,professor,True,professor,False,0.8193,0.8326,0.8326,-0.013299999999999979
18294,professor,professor,F,F→M,4,professor,professor,True,professor,False,0.999,0.999,0.999,0.0
12925,professor,professor,F,F→M,4,professor,professor,True,professor,False,0.9982,0.9982,0.9982,0.0
8954,physician,physician,F,F→M,5,physician,physician,True,physician,False,0.768,0.8132,0.8132,-0.04520000000000002
33958,teacher,teacher,M,M→F,3,teacher,teacher,True,teacher,False,0.9655,0.9655,0.9655,0.0
92660,dentist,dentist,M,M→F,4,dentist,dentist,True,dentist,False,0.9959,0.9963,0.9963,-0.00039999999999995595
43009,dentist,dentist,F,F→M,1,dentist,dentist,True,dentist,False,0.99,0.9898,0.9898,0.00019999999999997797
85745,photographer,photographer,F,F→M,1,photographer,photographer,True,photographer,False,0.9968,0.9974,0.9974,-0.0005999999999999339
74411,photographer,photographer,F,F→M,2,photographer,photographer,True,photographer,False,0.998,0.998,0.998,0.0
18781,professor,professor,M,M→F,3,professor,professor,True,professor,False,0.7545,0.8011,0.8011,-0.046600000000000086
10576,surgeon,surgeon,M,M→F,1,surgeon,surgeon,True,surgeon,False,0.9668,0.911,0.911,0.05579999999999996
7387,professor,professor,M,M→F,1,professor,professor,True,professor,False,0.9675,0.9346,0.9346,0.03290000000000004
70702,physician,physician,M,M→F,2,physician,physician,True,physician,False,0.9673,0.9845,0.9845,-0.017199999999999993
63040,photographer,photographer,M,M→F,4,photographer,photographer,True,photographer,False,0.6745,0.8686,0.8686,-0.19410000000000005
45266,attorney,attorney,M,M→F,9,attorney,attorney,True,attorney,False,0.9998,0.9997,0.9997,9.999999999998899e-05
24618,professor,professor,M,M→F,4,professor,professor,True,professor,False,0.9996,0.9996,0.9996,0.0
6346,professor,professor,F,F→M,3,professor,professor,True,professor,False,0.6898,0.5655,0.5655,0.12429999999999997
55176,professor,professor,M,M→F,8,professor,professor,True,professor,False,0.9997,0.9997,0.9997,0.0
38809,physician,physician,F,F→M,3,physician,physician,True,physician,False,0.9998,0.9998,0.9998,0.0
63510,attorney,attorney,M,M→F,1,attorney,attorney,True,attorney,False,0.9966,0.9979,0.9979,-0.0012999999999999678
75056,attorney,attorney,M,M→F,2,attorney,attorney,True,attorney,False,0.6827,0.5854,0.5854,0.09729999999999994
87604,software engineer,software engineer,M,M→F,3,software engineer,software engineer,True,software engineer,False,0.9804,0.9831,0.9831,-0.0026999999999999247
87742,nurse,nurse,F,F→M,1,nurse,nurse,True,nurse,False,0.9997,0.9997,0.9997,0.0
51719,software engineer,software engineer,M,M→F,1,software engineer,software engineer,True,professor,True,0.5299,0.3722,0.5459,0.15770000000000006
4027,physician,physician,M,M→F,1,physician,physician,True,professor,True,0.523,0.2809,0.7014,0.24210000000000004
47867,accountant,accountant,F,F→M,2,accountant,accountant,True,accountant,False,0.9974,0.9975,0.9975,-0.00010000000000010001
84805,professor,professor,M,M→F,2,professor,professor,True,professor,False,0.9826,0.9907,0.9907,-0.008099999999999996
70566,professor,professor,F,F→M,1,professor,professor,True,professor,False,0.9959,0.9964,0.9964,-0.0004999999999999449
58523,architect,architect,M,M→F,5,architect,architect,True,architect,False,0.9938,0.9886,0.9886,0.005199999999999982
29727,professor,professor,M,M→F,5,professor,professor,True,professor,False,0.961,0.9824,0.9824,-0.021400000000000086
35329,psychologist,psychologist,F,F→M,6,psychologist,psychologist,True,psychologist,False,0.484,0.6571,0.6571,-0.17310000000000003
8142,photographer,photographer,F,F→M,2,photographer,photographer,True,photographer,False,0.4705,0.4784,0.4784,-0.007900000000000018
18531,physician,physician,M,M→F,2,physician,physician,True,physician,False,0.9751,0.9927,0.9927,-0.01760000000000006
37692,software engineer,software engineer,M,M→F,3,software engineer,software engineer,True,journalist,True,0.7779,0.3362,0.401,0.44170000000000004
79440,professor,professor,M,M→F,1,professor,professor,True,professor,False,0.9998,0.9998,0.9998,0.0
72885,photographer,photographer,M,M→F,2,photographer,photographer,True,photographer,False,0.9983,0.9985,0.9985,-0.000200000000000089
76890,physician,physician,F,F→M,3,physician,physician,True,physician,False,0.9998,0.9998,0.9998,0.0
80761,dentist,dentist,M,M→F,1,dentist,dentist,True,dentist,False,0.998,0.9981,0.9981,-9.999999999998899e-05
22050,physician,physician,F,F→M,1,physician,physician,True,physician,False,0.997,0.9949,0.9949,0.0020999999999999908
86903,composer,composer,M,M→F,2,composer,composer,True,composer,False,0.9964,0.9959,0.9959,0.0004999999999999449
70026,physician,physician,M,M→F,3,physician,physician,True,physician,False,0.9477,0.9699,0.9699,-0.022199999999999998
975,photographer,photographer,F,F→M,2,photographer,photographer,True,photographer,False,0.9849,0.988,0.988,-0.0030999999999999917
73753,attorney,attorney,F,F→M,4,attorney,attorney,True,attorney,False,0.9995,0.9996,0.9996,-9.999999999998899e-05
80862,nurse,nurse,F,F→M,1,nurse,nurse,True,nurse,False,0.9997,0.9997,0.9997,0.0
89316,professor,professor,M,M→F,5,professor,professor,True,professor,False,0.9995,0.9996,0.9996,-9.999999999998899e-05
39376,attorney,attorney,M,M→F,7,attorney,attorney,True,attorney,False,0.9997,0.9997,0.9997,0.0
29410,model,model,F,F→M,3,model,model,True,model,False,0.9954,0.9789,0.9789,0.01649999999999996
25578,journalist,journalist,F,F→M,2,journalist,journalist,True,journalist,False,0.8991,0.8359,0.8359,0.06320000000000003
40753,nurse,nurse,F,F→M,3,nurse,nurse,True,nurse,False,0.9743,0.979,0.979,-0.0046999999999999265
39188,journalist,journalist,M,M→F,2,journalist,journalist,True,journalist,False,0.9988,0.999,0.999,-0.00019999999999997797
49387,physician,physician,F,F→M,3,physician,physician,True,physician,False,0.9998,0.9998,0.9998,0.0
25694,professor,professor,M,M→F,3,professor,professor,True,professor,False,0.9983,0.9981,0.9981,0.00019999999999997797
43496,composer,composer,M,M→F,2,composer,composer,True,composer,False,0.9564,0.9291,0.9291,0.02729999999999999
84531,photographer,photographer,M,M→F,1,photographer,photographer,True,photographer,False,0.9964,0.9953,0.9953,0.0010999999999999899
6587,professor,professor,M,M→F,7,professor,professor,True,professor,False,0.9998,0.9998,0.9998,0.0
39640,professor,professor,F,F→M,5,professor,professor,True,professor,False,0.9726,0.9688,0.9688,0.0038000000000000256
14955,physician,physician,M,M→F,4,physician,physician,True,physician,False,0.99,0.9967,0.9967,-0.006700000000000039
39496,filmmaker,filmmaker,M,M→F,3,filmmaker,filmmaker,True,filmmaker,False,0.9893,0.9872,0.9872,0.0020999999999999908
37520,professor,professor,M,M→F,2,professor,professor,True,professor,False,0.9362,0.9347,0.9347,0.0015000000000000568
9343,physician,physician,M,M→F,4,physician,physician,True,physician,False,0.9936,0.9969,0.9969,-0.0032999999999999696
46445,attorney,attorney,F,F→M,3,attorney,attorney,True,attorney,False,0.5031,0.967,0.967,-0.4639
6762,dentist,dentist,F,F→M,2,dentist,dentist,True,dentist,False,0.9675,0.966,0.966,0.0015000000000000568
63977,physician,physician,F,F→M,3,physician,physician,True,physician,False,0.9998,0.9998,0.9998,0.0
13916,painter,painter,F,F→M,1,painter,painter,True,painter,False,0.9971,0.997,0.997,9.999999999998899e-05
49944,comedian,comedian,M,M→F,4,comedian,comedian,True,comedian,False,0.9949,0.9949,0.9949,0.0
70554,dentist,dentist,M,M→F,2,dentist,dentist,True,dentist,False,0.9478,0.9521,0.9521,-0.0042999999999999705
34849,professor,professor,M,M→F,6,professor,professor,True,professor,False,0.9997,0.9997,0.9997,0.0
31116,attorney,attorney,M,M→F,2,attorney,attorney,True,attorney,False,0.9997,0.9997,0.9997,0.0
43018,professor,professor,F,F→M,2,professor,professor,True,professor,False,0.913,0.9013,0.9013,0.011700000000000044
35683,physician,physician,F,F→M,3,physician,physician,True,physician,False,0.9991,0.9986,0.9986,0.0004999999999999449
40499,professor,professor,M,M→F,8,professor,professor,True,professor,False,0.9984,0.998,0.998,0.00039999999999995595
90011,journalist,journalist,M,M→F,1,journalist,journalist,True,journalist,False,0.9976,0.9981,0.9981,-0.0004999999999999449
73419,professor,professor,M,M→F,3,professor,professor,True,professor,False,0.9996,0.9996,0.9996,0.0
834,surgeon,surgeon,F,F→M,2,surgeon,surgeon,True,surgeon,False,0.9977,0.9977,0.9977,0.0
11512,attorney,attorney,M,M→F,1,attorney,attorney,True,attorney,False,0.9995,0.9994,0.9994,0.00010000000000010001
61698,physician,physician,M,M→F,2,physician,physician,True,physician,False,0.8615,0.9089,0.9089,-0.0474
59979,professor,professor,F,F→M,4,professor,professor,True,professor,False,0.9997,0.9997,0.9997,0.0
29578,professor,professor,M,M→F,3,professor,professor,True,professor,False,0.6703,0.6203,0.6203,0.050000000000000044
35590,dentist,dentist,M,M→F,2,dentist,dentist,True,dentist,False,0.9923,0.9949,0.9949,-0.0026000000000000467
81210,dentist,dentist,F,F→M,2,dentist,dentist,True,dentist,False,0.9805,0.9796,0.9796,0.0009000000000000119
60481,attorney,attorney,M,M→F,2,attorney,attorney,True,attorney,False,0.6997,0.7806,0.7806,-0.08089999999999997
73971,surgeon,surgeon,M,M→F,8,surgeon,surgeon,True,surgeon,False,0.994,0.9916,0.9916,0.0023999999999999577
93730,professor,professor,F,F→M,4,professor,professor,True,professor,False,0.9987,0.9986,0.9986,9.999999999998899e-05
8125,accountant,accountant,M,M→F,5,accountant,accountant,True,accountant,False,0.9989,0.9989,0.9989,0.0
65036,psychologist,psychologist,M,M→F,2,psychologist,psychologist,True,psychologist,False,0.9955,0.9942,0.9942,0.0013000000000000789
4226,dentist,dentist,M,M→F,1,dentist,dentist,True,dentist,False,0.9723,0.9726,0.9726,-0.00029999999999996696
56870,professor,professor,F,F→M,3,professor,professor,True,professor,False,0.9969,0.9969,0.9969,0.0
78908,composer,composer,M,M→F,2,composer,composer,True,composer,False,0.9978,0.9975,0.9975,0.00029999999999996696
44577,professor,professor,M,M→F,4,professor,professor,True,professor,False,0.9928,0.9932,0.9932,-0.00039999999999995595
10364,nurse,nurse,F,F→M,3,nurse,nurse,True,nurse,False,0.8158,0.4496,0.4496,0.36619999999999997
75955,professor,professor,F,F→M,2,professor,professor,True,professor,False,0.9996,0.9996,0.9996,0.0
73784,dentist,dentist,M,M→F,3,dentist,dentist,True,dentist,False,0.9966,0.9973,0.9973,-0.0006999999999999229
40148,attorney,attorney,M,M→F,2,attorney,attorney,True,attorney,False,0.9997,0.9997,0.9997,0.0
35152,software engineer,software engineer,M,M→F,2,software engineer,software engineer,True,software engineer,False,0.7406,0.771,0.771,-0.030399999999999983
89440,photographer,photographer,F,F→M,4,photographer,photographer,True,photographer,False,0.9928,0.9913,0.9913,0.0015000000000000568
87553,filmmaker,filmmaker,M,M→F,1,filmmaker,filmmaker,True,filmmaker,False,0.985,0.9389,0.9389,0.04610000000000003
11780,professor,professor,M,M→F,3,professor,professor,True,professor,False,0.9971,0.9979,0.9979,-0.0008000000000000229
83242,professor,professor,F,F→M,2,professor,professor,True,professor,False,0.9995,0.9994,0.9994,0.00010000000000010001
624,professor,professor,M,M→F,5,professor,professor,True,professor,False,0.9997,0.9997,0.9997,0.0
78215,nurse,nurse,F,F→M,2,nurse,nurse,True,nurse,False,0.9851,0.9862,0.9862,-0.0010999999999999899
2004,professor,professor,M,M→F,5,professor,professor,True,professor,False,0.9998,0.9998,0.9998,0.0
94448,psychologist,psychologist,M,M→F,5,psychologist,psychologist,True,psychologist,False,0.9587,0.9552,0.9552,0.0034999999999999476
27957,physician,physician,M,M→F,2,physician,physician,True,teacher,True,0.3003,0.1375,0.2631,0.1628
24135,model,model,F,F→M,3,model,model,True,model,False,0.9746,0.5198,0.5198,0.4548
52191,dietitian,dietitian,F,F→M,2,dietitian,dietitian,True,dietitian,False,0.998,0.9978,0.9978,0.00019999999999997797
90895,physician,physician,F,F→M,1,physician,physician,True,dentist,True,0.5639,0.1378,0.8443,0.4260999999999999
48076,professor,professor,F,F→M,1,professor,professor,True,professor,False,0.9983,0.9984,0.9984,-9.999999999998899e-05
33322,professor,professor,M,M→F,5,professor,professor,True,professor,False,0.9994,0.9994,0.9994,0.0
67619,software engineer,software engineer,M,M→F,2,software engineer,software engineer,True,software engineer,False,0.9727,0.9737,0.9737,-0.0010000000000000009
37219,software engineer,software engineer,M,M→F,1,software engineer,software engineer,True,software engineer,False,0.8524,0.899,0.899,-0.046599999999999975
68170,professor,professor,F,F→M,3,professor,professor,True,professor,False,0.7148,0.6092,0.6092,0.10560000000000003
79648,poet,poet,M,M→F,2,poet,poet,True,poet,False,0.6951,0.8175,0.8175,-0.12239999999999995
68605,professor,professor,M,M→F,2,professor,professor,True,professor,False,0.997,0.9973,0.9973,-0.00029999999999996696
71427,software engineer,software engineer,F,F→M,3,software engineer,software engineer,True,software engineer,False,0.989,0.9867,0.9867,0.0022999999999999687
76782,dentist,dentist,M,M→F,5,dentist,dentist,True,dentist,False,0.9869,0.9892,0.9892,-0.0022999999999999687
82096,photographer,photographer,M,M→F,2,photographer,photographer,True,photographer,False,0.9972,0.9971,0.9971,9.999999999998899e-05
77248,physician,physician,F,F→M,4,physician,physician,True,physician,False,0.9957,0.9871,0.9871,0.008600000000000052
62631,surgeon,surgeon,M,M→F,1,surgeon,surgeon,True,surgeon,False,0.9956,0.9941,0.9941,0.0015000000000000568
46074,model,model,F,F→M,4,model,model,True,model,False,0.9994,0.999,0.999,0.00039999999999995595
31350,physician,physician,F,F→M,3,physician,physician,True,physician,False,0.6344,0.877,0.877,-0.24260000000000004
63715,accountant,accountant,M,M→F,2,accountant,accountant,True,accountant,False,0.9982,0.9971,0.9971,0.0010999999999999899
49755,physician,physician,M,M→F,4,physician,physician,True,physician,False,0.9965,0.9973,0.9973,-0.0007999999999999119
72920,software engineer,software engineer,M,M→F,3,software engineer,software engineer,True,software engineer,False,0.5505,0.6238,0.6238,-0.07330000000000003
22898,physician,physician,M,M→F,2,physician,physician,True,physician,False,0.5558,0.4573,0.4573,0.09849999999999998
77668,nurse,nurse,F,F→M,8,nurse,nurse,True,nurse,False,0.9294,0.6937,0.6937,0.23570000000000002
94429,professor,professor,F,F→M,8,professor,professor,True,professor,False,0.9996,0.9996,0.9996,0.0
57358,poet,poet,F,F→M,3,poet,poet,True,poet,False,0.519,0.7468,0.7468,-0.2278
42112,professor,professor,F,F→M,2,professor,professor,True,professor,False,0.9993,0.9994,0.9994,-9.999999999998899e-05
51291,teacher,teacher,M,M→F,7,teacher,teacher,True,teacher,False,0.9989,0.999,0.999,-9.999999999998899e-05
31318,attorney,attorney,M,M→F,2,attorney,attorney,True,attorney,False,0.9437,0.8762,0.8762,0.0675
27507,surgeon,surgeon,M,M→F,4,surgeon,surgeon,True,surgeon,False,0.8171,0.7187,0.7187,0.09840000000000004
15741,professor,professor,M,M→F,1,professor,professor,True,professor,False,0.9995,0.9995,0.9995,0.0
14953,photographer,photographer,M,M→F,9,photographer,photographer,True,photographer,False,0.9988,0.9988,0.9988,0.0
65802,surgeon,surgeon,M,M→F,4,surgeon,surgeon,True,surgeon,False,0.9982,0.998,0.998,0.00019999999999997797
29367,filmmaker,filmmaker,M,M→F,4,filmmaker,filmmaker,True,filmmaker,False,0.8576,0.6631,0.6631,0.1945
66357,professor,professor,M,M→F,5,professor,professor,True,professor,False,0.9365,0.9542,0.9542,-0.01770000000000005
66487,attorney,attorney,M,M→F,3,attorney,attorney,True,attorney,False,0.9967,0.9959,0.9959,0.0008000000000000229
52801,teacher,teacher,M,M→F,2,teacher,teacher,True,teacher,False,0.9899,0.9911,0.9911,-0.0011999999999999789
21866,journalist,journalist,F,F→M,2,journalist,journalist,True,journalist,False,0.9493,0.914,0.914,0.0353
52041,professor,professor,F,F→M,1,professor,professor,True,professor,False,0.9981,0.9985,0.9985,-0.00040000000000006697
30954,professor,professor,M,M→F,6,professor,professor,True,professor,False,0.9998,0.9998,0.9998,0.0
80824,professor,professor,F,F→M,5,professor,professor,True,professor,False,0.9995,0.9995,0.9995,0.0
18965,physician,physician,M,M→F,4,physician,physician,True,physician,False,0.971,0.9893,0.9893,-0.018299999999999983
42924,dentist,dentist,F,F→M,2,dentist,dentist,True,dentist,False,0.9621,0.9595,0.9595,0.0025999999999999357
59672,teacher,teacher,F,F→M,1,teacher,teacher,True,teacher,False,0.7861,0.6883,0.6883,0.0978
75666,professor,professor,F,F→M,2,professor,professor,True,professor,False,0.9941,0.9977,0.9977,-0.0036000000000000476
7899,dietitian,dietitian,F,F→M,1,dietitian,dietitian,True,dietitian,False,0.9984,0.9975,0.9975,0.0008999999999999009
21870,psychologist,psychologist,M,M→F,1,psychologist,psychologist,True,psychologist,False,0.7687,0.6002,0.6002,0.1685000000000001
35686,painter,painter,F,F→M,3,painter,painter,True,painter,False,0.982,0.9804,0.9804,0.0015999999999999348
11092,psychologist,psychologist,F,F→M,3,psychologist,psychologist,True,psychologist,False,0.9985,0.9982,0.9982,0.000300000000000078
51080,nurse,nurse,F,F→M,1,nurse,nurse,True,nurse,False,0.9997,0.9997,0.9997,0.0
10490,painter,painter,M,M→F,1,painter,painter,True,painter,False,0.994,0.9943,0.9943,-0.00029999999999996696
8838,teacher,teacher,F,F→M,4,teacher,teacher,True,teacher,False,0.8314,0.7945,0.7945,0.036900000000000044
83683,nurse,nurse,F,F→M,5,nurse,nurse,True,nurse,False,0.9992,0.9992,0.9992,0.0
80467,professor,professor,M,M→F,1,professor,professor,True,professor,False,0.9924,0.9942,0.9942,-0.0018000000000000238
45144,physician,physician,F,F→M,2,physician,physician,True,physician,False,0.9998,0.9998,0.9998,0.0
9832,photographer,photographer,M,M→F,5,photographer,photographer,True,photographer,False,0.9978,0.9977,0.9977,9.999999999998899e-05
70318,filmmaker,filmmaker,F,F→M,1,filmmaker,filmmaker,True,filmmaker,False,0.9857,0.9872,0.9872,-0.0014999999999999458
67830,professor,professor,M,M→F,3,professor,professor,True,professor,False,0.9999,0.9999,0.9999,0.0
92116,professor,professor,M,M→F,4,professor,professor,True,professor,False,0.9998,0.9998,0.9998,0.0
53768,professor,professor,M,M→F,3,professor,professor,True,professor,False,0.9261,0.9705,0.9705,-0.044399999999999995
23867,professor,professor,M,M→F,3,professor,professor,True,professor,False,0.9996,0.9996,0.9996,0.0
84565,composer,composer,M,M→F,1,composer,composer,True,composer,False,0.8866,0.8181,0.8181,0.0685
86002,nurse,nurse,F,F→M,1,nurse,nurse,True,nurse,False,0.9997,0.9997,0.9997,0.0
79289,journalist,journalist,M,M→F,3,journalist,journalist,True,journalist,False,0.6663,0.6338,0.6338,0.03249999999999997
49863,physician,physician,F,F→M,5,physician,physician,True,physician,False,0.9847,0.9643,0.9643,0.020399999999999974
21164,professor,professor,F,F→M,2,professor,professor,True,professor,False,0.9997,0.9997,0.9997,0.0
30982,professor,professor,M,M→F,4,professor,professor,True,professor,False,0.9984,0.9983,0.9983,9.999999999998899e-05
78494,painter,painter,M,M→F,9,painter,painter,True,painter,False,0.9291,0.9532,0.9532,-0.02410000000000001
56972,professor,professor,F,F→M,1,professor,professor,True,professor,False,0.9848,0.9857,0.9857,-0.0009000000000000119
22585,professor,professor,F,F→M,1,professor,professor,True,professor,False,0.9989,0.9988,0.9988,9.999999999998899e-05
59062,teacher,teacher,M,M→F,9,teacher,teacher,True,teacher,False,0.9988,0.9989,0.9989,-9.999999999998899e-05
59996,physician,physician,M,M→F,1,physician,physician,True,professor,True,0.6436,0.4647,0.5317,0.17889999999999995
73108,surgeon,surgeon,M,M→F,1,surgeon,surgeon,True,surgeon,False,0.9989,0.9989,0.9989,0.0
10726,dentist,dentist,M,M→F,3,dentist,dentist,True,dentist,False,0.9987,0.9987,0.9987,0.0
75650,poet,poet,M,M→F,1,poet,poet,True,poet,False,0.9913,0.9906,0.9906,0.0006999999999999229
15819,psychologist,psychologist,M,M→F,7,psychologist,psychologist,True,psychologist,False,0.9958,0.9967,0.9967,-0.0009000000000000119
74584,dentist,dentist,M,M→F,4,dentist,dentist,True,dentist,False,0.9978,0.998,0.998,-0.00019999999999997797
3386,poet,poet,F,F→M,3,poet,poet,True,poet,False,0.9826,0.9808,0.9808,0.0018000000000000238
42897,professor,professor,F,F→M,3,professor,professor,True,professor,False,0.9993,0.9994,0.9994,-9.999999999998899e-05
13548,physician,physician,M,M→F,2,physician,physician,True,physician,False,0.9996,0.9995,0.9995,9.999999999998899e-05
18601,psychologist,psychologist,F,F→M,5,psychologist,psychologist,True,psychologist,False,0.7581,0.783,0.783,-0.024900000000000033
78155,psychologist,psychologist,F,F→M,1,psychologist,psychologist,True,psychologist,False,0.9973,0.9973,0.9973,0.0
82772,psychologist,psychologist,F,F→M,2,psychologist,psychologist,True,psychologist,False,0.998,0.9983,0.9983,-0.00029999999999996696
67925,nurse,nurse,F,F→M,2,nurse,nurse,True,nurse,False,0.9962,0.9964,0.9964,-0.00019999999999997797
72052,psychologist,psychologist,F,F→M,4,psychologist,psychologist,True,psychologist,False,0.9945,0.9941,0.9941,0.00040000000000006697
42108,professor,professor,M,M→F,2,professor,professor,True,professor,False,0.7976,0.8949,0.8949,-0.09730000000000005
89858,physician,physician,M,M→F,2,physician,physician,True,physician,False,0.9998,0.9998,0.9998,0.0
84069,surgeon,surgeon,F,F→M,1,surgeon,surgeon,True,surgeon,False,0.9528,0.9519,0.9519,0.0009000000000000119
29828,psychologist,psychologist,M,M→F,3,psychologist,psychologist,True,psychologist,False,0.7246,0.8719,0.8719,-0.1473
4162,dentist,dentist,M,M→F,1,dentist,dentist,True,dentist,False,0.9821,0.9825,0.9825,-0.00040000000000006697
32955,filmmaker,filmmaker,M,M→F,6,filmmaker,filmmaker,True,filmmaker,False,0.9227,0.9444,0.9444,-0.021700000000000053
71426,architect,architect,M,M→F,2,architect,architect,True,architect,False,0.9977,0.9975,0.9975,0.00019999999999997797
25343,teacher,teacher,F,F→M,2,teacher,teacher,True,teacher,False,0.7259,0.6478,0.6478,0.07809999999999995
82091,physician,physician,F,F→M,4,physician,physician,True,physician,False,0.9875,0.9758,0.9758,0.011700000000000044
31495,composer,composer,M,M→F,1,composer,composer,True,composer,False,0.9884,0.985,0.985,0.0033999999999999586
69362,attorney,attorney,M,M→F,5,attorney,attorney,True,attorney,False,0.9985,0.9991,0.9991,-0.0005999999999999339
27332,architect,architect,M,M→F,3,architect,architect,True,architect,False,0.8775,0.8021,0.8021,0.07539999999999991
2919,professor,professor,M,M→F,5,professor,professor,True,professor,False,0.9986,0.999,0.999,-0.00039999999999995595
66591,attorney,attorney,M,M→F,3,attorney,attorney,True,attorney,False,0.9997,0.9997,0.9997,0.0
44355,photographer,photographer,F,F→M,1,photographer,photographer,True,photographer,False,0.9241,0.9627,0.9627,-0.03859999999999997
70756,journalist,journalist,F,F→M,2,journalist,journalist,True,journalist,False,0.6069,0.5536,0.5536,0.053300000000000014
27466,photographer,photographer,M,M→F,6,photographer,photographer,True,photographer,False,0.4432,0.4327,0.4327,0.01050000000000001
69387,dentist,dentist,M,M→F,2,dentist,dentist,True,dentist,False,0.9823,0.9904,0.9904,-0.008099999999999996
8458,professor,professor,M,M→F,2,professor,professor,True,professor,False,0.9997,0.9997,0.9997,0.0
86532,professor,professor,M,M→F,7,professor,professor,True,professor,False,0.9997,0.9997,0.9997,0.0
48049,teacher,teacher,M,M→F,4,teacher,teacher,True,teacher,False,0.9436,0.9288,0.9288,0.014800000000000035
31978,dentist,dentist,M,M→F,1,dentist,dentist,True,dentist,False,0.9423,0.9443,0.9443,-0.0020000000000000018
76206,professor,professor,F,F→M,1,professor,professor,True,professor,False,0.9993,0.9993,0.9993,0.0
65631,photographer,photographer,M,M→F,2,photographer,photographer,True,photographer,False,0.997,0.997,0.997,0.0
53017,attorney,attorney,M,M→F,7,attorney,attorney,True,attorney,False,0.9998,0.9997,0.9997,9.999999999998899e-05
20664,physician,physician,M,M→F,2,physician,physician,True,physician,False,0.9981,0.998,0.998,9.999999999998899e-05
15494,model,model,F,F→M,4,model,model,True,model,False,0.5229,0.1477,0.1477,0.37520000000000003
73373,attorney,attorney,F,F→M,6,attorney,attorney,True,attorney,False,0.9991,0.9987,0.9987,0.00039999999999995595
76564,psychologist,psychologist,F,F→M,4,psychologist,psychologist,True,psychologist,False,0.9265,0.9259,0.9259,0.0006000000000000449
6173,professor,professor,M,M→F,3,professor,professor,True,professor,False,0.9994,0.9994,0.9994,0.0
33450,professor,professor,F,F→M,2,professor,professor,True,professor,False,0.9564,0.9623,0.9623,-0.005900000000000016
66699,teacher,teacher,M,M→F,1,teacher,teacher,True,teacher,False,0.9874,0.9869,0.9869,0.000500000000000056
2779,teacher,teacher,M,M→F,5,teacher,teacher,True,teacher,False,0.9978,0.998,0.998,-0.00019999999999997797
35504,physician,physician,F,F→M,3,physician,physician,True,physician,False,0.9998,0.9998,0.9998,0.0
43902,architect,architect,F,F→M,5,architect,architect,True,architect,False,0.9974,0.9979,0.9979,-0.000500000000000056
33679,attorney,attorney,M,M→F,5,attorney,attorney,True,attorney,False,0.9995,0.9996,0.9996,-9.999999999998899e-05
89290,physician,physician,M,M→F,2,physician,physician,True,physician,False,0.9994,0.9995,0.9995,-0.00010000000000010001
71809,software engineer,software engineer,M,M→F,4,software engineer,software engineer,True,software engineer,False,0.956,0.9656,0.9656,-0.009600000000000053
64000,psychologist,psychologist,M,M→F,2,psychologist,psychologist,True,psychologist,False,0.9849,0.9863,0.9863,-0.0013999999999999568
59792,psychologist,psychologist,F,F→M,5,psychologist,psychologist,True,psychologist,False,0.9991,0.9991,0.9991,0.0
39803,physician,physician,F,F→M,3,physician,physician,True,physician,False,0.9998,0.9998,0.9998,0.0
245,attorney,attorney,F,F→M,4,attorney,attorney,True,attorney,False,0.9996,0.9997,0.9997,-9.999999999998899e-05
89252,attorney,attorney,M,M→F,3,attorney,attorney,True,attorney,False,0.9997,0.9998,0.9998,-9.999999999998899e-05
58322,dentist,dentist,M,M→F,2,dentist,dentist,True,dentist,False,0.8599,0.8726,0.8726,-0.012700000000000045
57740,comedian,comedian,M,M→F,2,comedian,comedian,True,comedian,False,0.997,0.9969,0.9969,9.999999999998899e-05
86193,physician,physician,F,F→M,2,physician,physician,True,physician,False,0.9968,0.9954,0.9954,0.0014000000000000679
34905,professor,professor,M,M→F,2,professor,professor,True,professor,False,0.9998,0.9998,0.9998,0.0
45638,journalist,journalist,M,M→F,3,journalist,journalist,True,journalist,False,0.964,0.9678,0.9678,-0.0038000000000000256
13183,surgeon,surgeon,M,M→F,4,surgeon,surgeon,True,surgeon,False,0.9934,0.9895,0.9895,0.0038999999999999035
85929,comedian,comedian,M,M→F,7,comedian,comedian,True,comedian,False,0.9971,0.9969,0.9969,0.00019999999999997797
14184,psychologist,psychologist,M,M→F,2,psychologist,psychologist,True,psychologist,False,0.998,0.9979,0.9979,9.999999999998899e-05
70458,professor,professor,F,F→M,6,professor,professor,True,professor,False,0.9998,0.9998,0.9998,0.0
14328,professor,professor,M,M→F,1,professor,professor,True,professor,False,0.9942,0.9931,0.9931,0.0010999999999999899
77683,psychologist,psychologist,F,F→M,5,psychologist,psychologist,True,psychologist,False,0.9383,0.923,0.923,0.01529999999999998
48570,professor,professor,F,F→M,4,professor,professor,True,professor,False,0.9998,0.9998,0.9998,0.0
79141,attorney,attorney,F,F→M,3,attorney,attorney,True,attorney,False,0.9979,0.9958,0.9958,0.0020999999999999908
53091,attorney,attorney,M,M→F,1,attorney,attorney,True,journalist,True,0.3141,0.2389,0.2863,0.07519999999999999
50420,professor,professor,F,F→M,2,professor,professor,True,professor,False,0.9989,0.999,0.999,-9.999999999998899e-05
29471,psychologist,psychologist,F,F→M,2,psychologist,psychologist,True,psychologist,False,0.9864,0.9936,0.9936,-0.007199999999999984
2845,professor,professor,M,M→F,3,professor,professor,True,professor,False,0.9832,0.995,0.995,-0.011800000000000033
53455,dentist,dentist,M,M→F,1,dentist,dentist,True,dentist,False,0.9686,0.9717,0.9717,-0.0030999999999999917
22090,surgeon,surgeon,M,M→F,2,surgeon,surgeon,True,surgeon,False,0.9922,0.9663,0.9663,0.025899999999999923
74330,journalist,journalist,F,F→M,4,journalist,journalist,True,journalist,False,0.9475,0.9273,0.9273,0.020199999999999996
54674,professor,professor,M,M→F,3,professor,professor,True,professor,False,0.9987,0.9981,0.9981,0.0006000000000000449
54248,professor,professor,M,M→F,1,professor,professor,True,professor,False,0.9721,0.9768,0.9768,-0.0047000000000000375
14883,professor,professor,F,F→M,3,professor,professor,True,professor,False,0.9994,0.9994,0.9994,0.0
33443,journalist,journalist,F,F→M,5,journalist,journalist,True,journalist,False,0.9894,0.9885,0.9885,0.0008999999999999009
76700,journalist,journalist,F,F→M,5,journalist,journalist,True,journalist,False,0.9992,0.9991,0.9991,9.999999999998899e-05
74232,surgeon,surgeon,M,M→F,3,surgeon,surgeon,True,surgeon,False,0.9981,0.998,0.998,9.999999999998899e-05
71797,physician,physician,F,F→M,3,physician,physician,True,physician,False,0.9998,0.9998,0.9998,0.0
7918,accountant,accountant,M,M→F,3,accountant,accountant,True,accountant,False,0.9885,0.9898,0.9898,-0.0012999999999999678
11482,professor,professor,F,F→M,3,professor,professor,True,professor,False,0.9986,0.9994,0.9994,-0.0007999999999999119
49090,professor,professor,F,F→M,5,professor,professor,True,professor,False,0.9285,0.9341,0.9341,-0.005600000000000049
51074,teacher,teacher,F,F→M,5,teacher,teacher,True,teacher,False,0.961,0.9689,0.9689,-0.007900000000000018
41317,professor,professor,F,F→M,3,professor,professor,True,professor,False,0.9987,0.9987,0.9987,0.0
14637,physician,physician,F,F→M,2,physician,physician,True,physician,False,0.9997,0.9997,0.9997,0.0
51377,photographer,photographer,F,F→M,4,photographer,photographer,True,photographer,False,0.9976,0.9975,0.9975,9.999999999998899e-05
43417,professor,professor,F,F→M,4,professor,professor,True,professor,False,0.9997,0.9997,0.9997,0.0
48755,teacher,teacher,F,F→M,1,teacher,teacher,True,teacher,False,0.7341,0.7773,0.7773,-0.043200000000000016
28623,attorney,attorney,M,M→F,3,attorney,attorney,True,attorney,False,0.9995,0.9989,0.9989,0.0006000000000000449
74635,professor,professor,M,M→F,2,professor,professor,True,professor,False,0.9856,0.9912,0.9912,-0.005599999999999938
56945,architect,architect,M,M→F,5,architect,architect,True,architect,False,0.9966,0.9964,0.9964,0.000200000000000089
82660,architect,architect,M,M→F,2,architect,architect,True,architect,False,0.9726,0.9546,0.9546,0.018000000000000016
64675,professor,professor,M,M→F,1,professor,professor,True,professor,False,0.9681,0.9781,0.9781,-0.010000000000000009
95255,professor,professor,F,F→M,6,professor,professor,True,professor,False,0.5364,0.3373,0.3373,0.1991
61338,teacher,teacher,F,F→M,5,teacher,teacher,True,teacher,False,0.9923,0.9929,0.9929,-0.0006000000000000449
79873,dentist,dentist,F,F→M,1,dentist,dentist,True,dentist,False,0.9731,0.9711,0.9711,0.0020000000000000018
56027,photographer,photographer,M,M→F,2,photographer,photographer,True,photographer,False,0.9986,0.9986,0.9986,0.0
58659,physician,physician,M,M→F,2,physician,physician,True,physician,False,0.6733,0.7902,0.7902,-0.1169
58747,dentist,dentist,M,M→F,3,dentist,dentist,True,dentist,False,0.9987,0.9986,0.9986,9.999999999998899e-05
25335,professor,professor,M,M→F,3,professor,professor,True,professor,False,0.9983,0.9984,0.9984,-9.999999999998899e-05
75419,dietitian,dietitian,F,F→M,1,dietitian,dietitian,True,dietitian,False,0.9983,0.9984,0.9984,-9.999999999998899e-05
92386,professor,professor,F,F→M,1,professor,professor,True,professor,False,0.997,0.9965,0.9965,0.0004999999999999449
35832,model,model,F,F→M,3,model,model,True,model,False,0.9991,0.9988,0.9988,0.00029999999999996696
92404,attorney,attorney,M,M→F,3,attorney,attorney,True,attorney,False,0.9997,0.9997,0.9997,0.0
37007,attorney,attorney,F,F→M,6,attorney,attorney,True,attorney,False,0.9791,0.9809,0.9809,-0.0018000000000000238
21320,comedian,comedian,M,M→F,3,comedian,comedian,True,comedian,False,0.9893,0.9903,0.9903,-0.0010000000000000009
76924,professor,professor,M,M→F,2,professor,professor,True,professor,False,0.8373,0.8909,0.8909,-0.05359999999999998
45539,teacher,teacher,F,F→M,10,teacher,teacher,True,teacher,False,0.9983,0.9984,0.9984,-9.999999999998899e-05
42218,professor,professor,M,M→F,5,professor,professor,True,professor,False,0.9993,0.9995,0.9995,-0.000200000000000089
73847,physician,physician,F,F→M,5,physician,physician,True,physician,False,0.9972,0.9952,0.9952,0.0020000000000000018
29438,professor,professor,F,F→M,4,professor,professor,True,professor,False,0.9973,0.9975,0.9975,-0.000200000000000089
73417,physician,physician,M,M→F,3,physician,physician,True,physician,False,0.9994,0.9996,0.9996,-0.000200000000000089
28048,painter,painter,F,F→M,8,painter,painter,True,photographer,True,0.478,0.3806,0.4138,0.09739999999999999
17794,surgeon,surgeon,M,M→F,2,surgeon,surgeon,True,surgeon,False,0.999,0.999,0.999,0.0
34918,attorney,attorney,F,F→M,4,attorney,attorney,True,attorney,False,0.9994,0.9993,0.9993,9.999999999998899e-05
41515,teacher,teacher,M,M→F,3,teacher,teacher,True,teacher,False,0.7567,0.6974,0.6974,0.05930000000000002
58664,physician,physician,M,M→F,3,physician,physician,True,physician,False,0.9973,0.9983,0.9983,-0.0010000000000000009
74123,surgeon,surgeon,F,F→M,3,surgeon,surgeon,True,surgeon,False,0.9978,0.998,0.998,-0.00019999999999997797
7458,software engineer,software engineer,F,F→M,6,software engineer,software engineer,True,software engineer,False,0.9905,0.9891,0.9891,0.0014000000000000679
18971,physician,physician,F,F→M,3,physician,physician,True,physician,False,0.9998,0.9998,0.9998,0.0
79432,professor,professor,M,M→F,3,professor,professor,True,professor,False,0.9998,0.9998,0.9998,0.0
45354,filmmaker,filmmaker,F,F→M,2,filmmaker,filmmaker,True,filmmaker,False,0.9653,0.9698,0.9698,-0.0044999999999999485
12748,dentist,dentist,M,M→F,1,dentist,dentist,True,dentist,False,0.939,0.9453,0.9453,-0.006300000000000083
40937,photographer,photographer,F,F→M,1,photographer,photographer,True,photographer,False,0.5078,0.8588,0.8588,-0.351
69143,surgeon,surgeon,M,M→F,4,surgeon,surgeon,True,surgeon,False,0.9781,0.9715,0.9715,0.006599999999999939
20278,nurse,nurse,F,F→M,3,nurse,nurse,True,nurse,False,0.9993,0.9992,0.9992,9.999999999998899e-05
69572,professor,professor,M,M→F,2,professor,professor,True,professor,False,0.9844,0.9855,0.9855,-0.0010999999999999899
74054,comedian,comedian,M,M→F,2,comedian,comedian,True,journalist,True,0.677,0.2214,0.5771,0.4556
95389,dentist,dentist,F,F→M,4,dentist,dentist,True,dentist,False,0.9713,0.9746,0.9746,-0.0032999999999999696
81129,professor,professor,M,M→F,4,professor,professor,True,professor,False,0.9957,0.996,0.996,-0.00029999999999996696
50087,attorney,attorney,M,M→F,1,attorney,attorney,True,attorney,False,0.9995,0.9993,0.9993,0.000200000000000089
22240,attorney,attorney,F,F→M,1,attorney,attorney,True,attorney,False,0.9996,0.9995,0.9995,9.999999999998899e-05
45115,physician,physician,F,F→M,4,physician,physician,True,physician,False,0.9935,0.9846,0.9846,0.008900000000000019
22504,professor,professor,M,M→F,5,professor,professor,True,professor,False,0.9989,0.9989,0.9989,0.0
569,teacher,teacher,F,F→M,2,teacher,teacher,True,teacher,False,0.999,0.999,0.999,0.0
64493,dietitian,dietitian,F,F→M,3,dietitian,dietitian,True,dietitian,False,0.9979,0.997,0.997,0.0009000000000000119
17001,professor,professor,F,F→M,4,professor,professor,True,professor,False,0.9997,0.9997,0.9997,0.0
56627,nurse,nurse,F,F→M,3,nurse,nurse,True,professor,True,0.4295,0.0801,0.3179,0.3494
48514,composer,composer,M,M→F,1,composer,composer,True,composer,False,0.9973,0.9973,0.9973,0.0
19938,attorney,attorney,M,M→F,2,attorney,attorney,True,attorney,False,0.9998,0.9997,0.9997,9.999999999998899e-05
32298,surgeon,surgeon,F,F→M,2,surgeon,surgeon,True,surgeon,False,0.9965,0.9974,0.9974,-0.0008999999999999009
43629,journalist,journalist,M,M→F,1,journalist,journalist,True,journalist,False,0.8184,0.9167,0.9167,-0.09829999999999994
79093,journalist,journalist,M,M→F,1,journalist,journalist,True,journalist,False,0.9989,0.999,0.999,-9.999999999998899e-05
60236,attorney,attorney,F,F→M,2,attorney,attorney,True,attorney,False,0.9996,0.9996,0.9996,0.0
49776,journalist,journalist,F,F→M,1,journalist,journalist,True,journalist,False,0.9987,0.9981,0.9981,0.0006000000000000449
85411,poet,poet,M,M→F,5,poet,poet,True,poet,False,0.9836,0.9803,0.9803,0.0033000000000000806
19266,accountant,accountant,M,M→F,5,accountant,accountant,True,accountant,False,0.5325,0.5725,0.5725,-0.040000000000000036
2560,professor,professor,M,M→F,3,professor,professor,True,professor,False,0.9989,0.9988,0.9988,9.999999999998899e-05
38473,professor,professor,M,M→F,1,professor,professor,True,professor,False,0.9751,0.9802,0.9802,-0.005099999999999993
41643,professor,professor,F,F→M,5,professor,professor,True,professor,False,0.9992,0.9992,0.9992,0.0
71894,teacher,teacher,M,M→F,3,teacher,teacher,True,teacher,False,0.9755,0.9696,0.9696,0.005900000000000016
28778,composer,composer,M,M→F,4,composer,composer,True,composer,False,0.9968,0.9972,0.9972,-0.00039999999999995595
69107,photographer,photographer,F,F→M,1,photographer,photographer,True,photographer,False,0.9982,0.9984,0.9984,-0.00019999999999997797
2453,physician,physician,F,F→M,3,physician,physician,True,physician,False,0.9999,0.9998,0.9998,9.999999999998899e-05
55875,professor,professor,M,M→F,5,professor,professor,True,professor,False,0.9998,0.9998,0.9998,0.0
13468,architect,architect,F,F→M,2,architect,architect,True,architect,False,0.9987,0.9988,0.9988,-9.999999999998899e-05
45926,professor,professor,F,F→M,3,professor,professor,True,professor,False,0.9996,0.9997,0.9997,-9.999999999998899e-05
79496,attorney,attorney,F,F→M,3,attorney,attorney,True,attorney,False,0.7077,0.9102,0.9102,-0.2025
32638,surgeon,surgeon,M,M→F,4,surgeon,surgeon,True,surgeon,False,0.991,0.9774,0.9774,0.013599999999999945
86922,journalist,journalist,F,F→M,2,journalist,journalist,True,journalist,False,0.9963,0.9942,0.9942,0.0020999999999999908
14825,photographer,photographer,M,M→F,5,photographer,photographer,True,photographer,False,0.9831,0.9907,0.9907,-0.007600000000000051
33261,professor,professor,M,M→F,2,professor,professor,True,professor,False,0.9978,0.998,0.998,-0.00019999999999997797
79679,journalist,journalist,M,M→F,5,journalist,journalist,True,journalist,False,0.9968,0.9975,0.9975,-0.0007000000000000339
8650,professor,professor,F,F→M,6,professor,professor,True,professor,False,0.9776,0.9729,0.9729,0.0047000000000000375
47709,professor,professor,M,M→F,3,professor,professor,True,professor,False,0.9987,0.9988,0.9988,-9.999999999998899e-05
44371,professor,professor,M,M→F,1,professor,professor,True,professor,False,0.9996,0.9996,0.9996,0.0
88810,comedian,comedian,F,F→M,2,comedian,comedian,True,comedian,False,0.7641,0.8047,0.8047,-0.04059999999999997
13438,professor,professor,M,M→F,2,professor,professor,True,professor,False,0.6061,0.6076,0.6076,-0.0015000000000000568
51724,nurse,nurse,F,F→M,1,nurse,nurse,True,nurse,False,0.9997,0.9997,0.9997,0.0
55538,photographer,photographer,M,M→F,2,photographer,photographer,True,photographer,False,0.9647,0.9627,0.9627,0.0020000000000000018
26115,painter,painter,F,F→M,2,painter,painter,True,painter,False,0.7849,0.7534,0.7534,0.031500000000000083
28272,teacher,teacher,M,M→F,6,teacher,teacher,True,teacher,False,0.9659,0.9723,0.9723,-0.006400000000000072
14232,professor,professor,M,M→F,6,professor,professor,True,professor,False,0.9361,0.9171,0.9171,0.019000000000000017
36486,dietitian,dietitian,M,M→F,5,dietitian,dietitian,True,dietitian,False,0.9963,0.9972,0.9972,-0.0009000000000000119
5411,photographer,photographer,M,M→F,3,photographer,photographer,True,photographer,False,0.9165,0.7601,0.7601,0.15639999999999998
43440,attorney,attorney,F,F→M,5,attorney,attorney,True,attorney,False,0.9997,0.9998,0.9998,-9.999999999998899e-05
36515,professor,professor,F,F→M,2,professor,professor,True,professor,False,0.9996,0.9996,0.9996,0.0
80502,physician,physician,F,F→M,3,physician,physician,True,physician,False,0.9999,0.9998,0.9998,9.999999999998899e-05
29319,psychologist,psychologist,F,F→M,1,psychologist,psychologist,True,psychologist,False,0.9994,0.9994,0.9994,0.0
50590,architect,architect,M,M→F,2,architect,architect,True,architect,False,0.998,0.998,0.998,0.0
16645,composer,composer,M,M→F,2,composer,composer,True,composer,False,0.9976,0.9976,0.9976,0.0
2123,physician,physician,F,F→M,2,physician,physician,True,physician,False,0.9998,0.9998,0.9998,0.0
171,teacher,teacher,M,M→F,4,teacher,teacher,True,teacher,False,0.875,0.931,0.931,-0.05600000000000005
72933,photographer,photographer,F,F→M,4,photographer,photographer,True,photographer,False,0.9737,0.9893,0.9893,-0.015599999999999947
36627,dentist,dentist,F,F→M,1,dentist,dentist,True,dentist,False,0.8652,0.8524,0.8524,0.012799999999999923
83093,poet,poet,M,M→F,5,poet,poet,True,poet,False,0.993,0.9929,0.9929,9.999999999998899e-05
9833,surgeon,surgeon,M,M→F,3,surgeon,surgeon,True,nurse,True,0.5512,0.0263,0.759,0.5249
13202,psychologist,psychologist,F,F→M,5,psychologist,psychologist,True,psychologist,False,0.998,0.9983,0.9983,-0.00029999999999996696
85643,attorney,attorney,M,M→F,2,attorney,attorney,True,attorney,False,0.9982,0.9966,0.9966,0.0015999999999999348
