id,profession,profession_stored,gender,swap_direction,n_tokens_swapped,pred_label_stored,pred_label_original_fresh,stored_fresh_agree,pred_label_swapped,pred_flipped,pred_prob_original_class_original,pred_prob_original_class_after_swap,pred_prob_swapped_top,prob_drop
12781,nurse,nurse,F,F→M,9,nurse,nurse,True,nurse,False,0.9993,0.9993,0.9993,0.0
34470,photographer,photographer,M,M→F,4,photographer,photographer,True,photographer,False,0.9965,0.9972,0.9972,-0.0006999999999999229
9342,professor,professor,M,M→F,7,professor,professor,True,professor,False,0.998,0.9979,0.9979,9.999999999998899e-05
30362,professor,professor,M,M→F,3,professor,professor,True,professor,False,0.9963,0.9981,0.9981,-0.0018000000000000238
90967,professor,professor,M,M→F,5,professor,professor,True,professor,False,0.9996,0.9996,0.9996,0.0
13344,teacher,teacher,M,M→F,2,teacher,teacher,True,teacher,False,0.2564,0.4403,0.4403,-0.1839
6239,journalist,journalist,M,M→F,2,journalist,journalist,True,journalist,False,0.9975,0.9977,0.9977,-0.00019999999999997797
42028,dietitian,dietitian,F,F→M,2,dietitian,dietitian,True,attorney,True,0.3249,0.0422,0.2774,0.2827
90212,architect,architect,F,F→M,1,architect,architect,True,architect,False,0.9971,0.9968,0.9968,0.00029999999999996696
43953,teacher,teacher,F,F→M,4,teacher,teacher,True,teacher,False,0.9969,0.9964,0.9964,0.000500000000000056
27966,professor,professor,F,F→M,4,professor,professor,True,professor,False,0.9987,0.9986,0.9986,9.999999999998899e-05
41556,photographer,photographer,M,M→F,2,photographer,photographer,True,teacher,True,0.2887,0.1065,0.4272,0.18220000000000003
43148,professor,professor,M,M→F,7,professor,professor,True,professor,False,0.9988,0.9989,0.9989,-9.999999999998899e-05
93200,professor,professor,F,F→M,3,professor,professor,True,professor,False,0.9984,0.9984,0.9984,0.0
46307,physician,physician,F,F→M,9,physician,physician,True,physician,False,0.9989,0.9989,0.9989,0.0
61841,teacher,teacher,F,F→M,2,teacher,teacher,True,teacher,False,0.9896,0.9694,0.9694,0.020199999999999996
23333,teacher,teacher,F,F→M,4,teacher,teacher,True,teacher,False,0.9964,0.9964,0.9964,0.0
15551,attorney,attorney,F,F→M,6,attorney,attorney,True,attorney,False,0.9994,0.9993,0.9993,9.999999999998899e-05
90631,journalist,journalist,F,F→M,1,journalist,journalist,True,journalist,False,0.9972,0.9971,0.9971,9.999999999998899e-05
54445,professor,professor,F,F→M,3,professor,professor,True,professor,False,0.9972,0.9971,0.9971,9.999999999998899e-05
93903,professor,professor,M,M→F,3,professor,professor,True,professor,False,0.7177,0.8197,0.8197,-0.10199999999999998
16348,physician,physician,F,F→M,2,physician,physician,True,physician,False,0.9994,0.9994,0.9994,0.0
46287,professor,professor,F,F→M,4,professor,professor,True,professor,False,0.9535,0.9573,0.9573,-0.0038000000000000256
72503,physician,physician,M,M→F,5,physician,physician,True,physician,False,0.9947,0.9982,0.9982,-0.0034999999999999476
4602,physician,physician,F,F→M,3,physician,physician,True,physician,False,0.9994,0.9994,0.9994,0.0
49360,psychologist,psychologist,M,M→F,2,psychologist,psychologist,True,psychologist,False,0.8107,0.8794,0.8794,-0.06869999999999998
42951,professor,professor,M,M→F,2,professor,professor,True,professor,False,0.977,0.9908,0.9908,-0.013800000000000034
77124,professor,professor,M,M→F,3,professor,professor,True,professor,False,0.9989,0.9989,0.9989,0.0
39711,dentist,dentist,M,M→F,3,dentist,dentist,True,dentist,False,0.9985,0.9985,0.9985,0.0
30282,psychologist,psychologist,M,M→F,2,psychologist,psychologist,True,psychologist,False,0.4372,0.6201,0.6201,-0.1829
33409,professor,professor,M,M→F,1,professor,professor,True,professor,False,0.9945,0.9961,0.9961,-0.0015999999999999348
36561,model,model,M,M→F,3,model,model,True,model,False,0.9988,0.9989,0.9989,-9.999999999998899e-05
10637,poet,poet,M,M→F,2,poet,poet,True,professor,True,0.3981,0.254,0.5528,0.1441
24817,journalist,journalist,F,F→M,5,journalist,journalist,True,journalist,False,0.9383,0.8878,0.8878,0.05049999999999999
31505,software engineer,software engineer,M,M→F,2,software engineer,software engineer,True,software engineer,False,0.9453,0.958,0.958,-0.012699999999999934
58312,journalist,journalist,F,F→M,9,journalist,journalist,True,journalist,False,0.9979,0.9978,0.9978,9.999999999998899e-05
42143,psychologist,psychologist,M,M→F,1,psychologist,psychologist,True,psychologist,False,0.9973,0.9972,0.9972,9.999999999998899e-05
4145,attorney,attorney,F,F→M,2,attorney,attorney,True,attorney,False,0.9777,0.9768,0.9768,0.0009000000000000119
64458,photographer,photographer,M,M→F,3,photographer,photographer,True,photographer,False,0.9828,0.9848,0.9848,-0.0020000000000000018
74377,surgeon,surgeon,M,M→F,4,surgeon,surgeon,True,nurse,True,0.3677,0.0182,0.5188,0.34950000000000003
20281,professor,professor,M,M→F,7,professor,professor,True,professor,False,0.9958,0.9968,0.9968,-0.0010000000000000009
55020,photographer,photographer,M,M→F,4,photographer,photographer,True,photographer,False,0.9222,0.5524,0.5524,0.3698
74809,psychologist,psychologist,F,F→M,1,psychologist,psychologist,True,psychologist,False,0.9951,0.9964,0.9964,-0.0012999999999999678
27933,professor,professor,M,M→F,4,professor,professor,True,professor,False,0.9989,0.9989,0.9989,0.0
11662,professor,professor,F,F→M,2,professor,professor,True,professor,False,0.9994,0.9994,0.9994,0.0
83094,professor,professor,M,M→F,2,professor,professor,True,professor,False,0.9992,0.9991,0.9991,9.999999999998899e-05
42156,physician,physician,M,M→F,4,physician,physician,True,physician,False,0.9374,0.9788,0.9788,-0.04139999999999999
79286,nurse,nurse,F,F→M,5,nurse,nurse,True,nurse,False,0.9915,0.9916,0.9916,-9.999999999998899e-05
43044,photographer,photographer,F,F→M,7,photographer,photographer,True,photographer,False,0.9833,0.9879,0.9879,-0.0046000000000000485
79135,professor,professor,F,F→M,3,professor,professor,True,professor,False,0.9994,0.9994,0.9994,0.0
17636,professor,professor,M,M→F,4,professor,professor,True,professor,False,0.9988,0.9988,0.9988,0.0
54221,poet,poet,M,M→F,3,poet,poet,True,poet,False,0.9797,0.9582,0.9582,0.021499999999999964
73575,photographer,photographer,M,M→F,3,photographer,photographer,True,photographer,False,0.9948,0.9948,0.9948,0.0
13578,journalist,journalist,M,M→F,1,journalist,journalist,True,journalist,False,0.7938,0.8438,0.8438,-0.050000000000000044
5448,professor,professor,F,F→M,1,professor,professor,True,professor,False,0.9977,0.9976,0.9976,9.999999999998899e-05
80601,architect,architect,M,M→F,3,architect,architect,True,architect,False,0.9168,0.8829,0.8829,0.03389999999999993
43877,nurse,nurse,F,F→M,1,nurse,nurse,True,nurse,False,0.9927,0.9901,0.9901,0.0026000000000000467
44557,professor,professor,M,M→F,5,professor,professor,True,professor,False,0.9995,0.9995,0.9995,0.0
61558,architect,architect,M,M→F,2,architect,architect,True,architect,False,0.8377,0.7473,0.7473,0.09040000000000004
12480,professor,professor,M,M→F,3,professor,professor,True,professor,False,0.8168,0.8379,0.8379,-0.021100000000000008
37372,dentist,dentist,F,F→M,2,dentist,dentist,True,dentist,False,0.9878,0.9757,0.9757,0.0121
48225,surgeon,surgeon,F,F→M,4,surgeon,surgeon,True,surgeon,False,0.9023,0.9298,0.9298,-0.02749999999999997
35423,composer,composer,F,F→M,1,composer,composer,True,composer,False,0.7941,0.8154,0.8154,-0.021299999999999986
4598,teacher,teacher,M,M→F,1,teacher,teacher,True,teacher,False,0.9963,0.9969,0.9969,-0.0006000000000000449
76006,journalist,journalist,F,F→M,3,journalist,journalist,True,journalist,False,0.9968,0.9961,0.9961,0.0007000000000000339
52486,physician,physician,F,F→M,2,physician,physician,True,physician,False,0.9993,0.9993,0.9993,0.0
702,professor,professor,M,M→F,4,professor,professor,True,professor,False,0.9835,0.9881,0.9881,-0.0045999999999999375
71994,journalist,journalist,F,F→M,1,journalist,journalist,True,journalist,False,0.9975,0.9972,0.9972,0.000300000000000078
29015,attorney,attorney,F,F→M,1,attorney,attorney,True,attorney,False,0.9994,0.9994,0.9994,0.0
93020,professor,professor,M,M→F,5,professor,professor,True,professor,False,0.9994,0.9994,0.9994,0.0
24289,professor,professor,F,F→M,6,professor,professor,True,professor,False,0.9991,0.9991,0.9991,0.0
85541,professor,professor,F,F→M,2,professor,professor,True,professor,False,0.9989,0.9988,0.9988,9.999999999998899e-05
42719,professor,professor,M,M→F,3,professor,professor,True,professor,False,0.9993,0.9993,0.9993,0.0
50174,architect,architect,F,F→M,4,architect,architect,True,architect,False,0.9948,0.9948,0.9948,0.0
14729,psychologist,psychologist,M,M→F,2,psychologist,psychologist,True,psychologist,False,0.9866,0.9843,0.9843,0.0023000000000000798
84291,physician,physician,M,M→F,2,physician,physician,True,physician,False,0.9491,0.6103,0.6103,0.3388000000000001
11815,journalist,journalist,F,F→M,2,journalist,journalist,True,journalist,False,0.9972,0.9961,0.9961,0.0010999999999999899
65795,professor,professor,F,F→M,5,professor,professor,True,professor,False,0.9992,0.9992,0.9992,0.0
70364,professor,professor,F,F→M,3,professor,professor,True,professor,False,0.9936,0.992,0.992,0.0016000000000000458
22347,journalist,journalist,F,F→M,1,journalist,journalist,True,journalist,False,0.9971,0.995,0.995,0.0020999999999999908
39122,professor,professor,F,F→M,1,professor,professor,True,professor,False,0.9443,0.9046,0.9046,0.03970000000000007
31046,model,model,F,F→M,4,model,model,True,model,False,0.9989,0.9989,0.9989,0.0
33201,professor,professor,F,F→M,4,professor,professor,True,professor,False,0.9977,0.9978,0.9978,-9.999999999998899e-05
34406,physician,physician,M,M→F,4,physician,physician,True,physician,False,0.9128,0.9686,0.9686,-0.05580000000000007
74946,professor,professor,M,M→F,1,professor,professor,True,professor,False,0.9856,0.9859,0.9859,-0.00029999999999996696
84715,architect,architect,F,F→M,6,architect,architect,True,architect,False,0.9967,0.9963,0.9963,0.00040000000000006697
11351,painter,painter,M,M→F,3,painter,painter,True,painter,False,0.8664,0.8924,0.8924,-0.026000000000000023
436,physician,physician,M,M→F,4,physician,physician,True,physician,False,0.9966,0.9986,0.9986,-0.0020000000000000018
6302,physician,physician,M,M→F,1,physician,physician,True,nurse,True,0.6836,0.2006,0.7857,0.483
72269,physician,physician,M,M→F,6,physician,physician,True,physician,False,0.6405,0.5468,0.5468,0.0937
24338,journalist,journalist,F,F→M,1,journalist,journalist,True,journalist,False,0.9865,0.9793,0.9793,0.007200000000000095
55848,dentist,dentist,M,M→F,1,dentist,dentist,True,dentist,False,0.9858,0.9895,0.9895,-0.0037000000000000366
79663,journalist,journalist,F,F→M,2,journalist,journalist,True,journalist,False,0.9911,0.9692,0.9692,0.02190000000000003
50546,nurse,nurse,F,F→M,5,nurse,nurse,True,nurse,False,0.9986,0.9976,0.9976,0.0010000000000000009
19540,physician,physician,M,M→F,3,physician,physician,True,physician,False,0.8882,0.9565,0.9565,-0.06830000000000003
30143,professor,professor,M,M→F,4,professor,professor,True,professor,False,0.9969,0.9966,0.9966,0.00029999999999996696
88326,professor,professor,F,F→M,2,professor,professor,True,professor,False,0.9428,0.945,0.945,-0.0021999999999999797
42175,professor,professor,F,F→M,3,professor,professor,True,professor,False,0.9991,0.9991,0.9991,0.0
16410,nurse,nurse,F,F→M,1,nurse,nurse,True,nurse,False,0.9994,0.9994,0.9994,0.0
16813,accountant,accountant,F,F→M,1,accountant,accountant,True,accountant,False,0.994,0.992,0.992,0.0020000000000000018
2321,architect,architect,F,F→M,1,architect,architect,True,architect,False,0.9865,0.9871,0.9871,-0.0005999999999999339
61142,physician,physician,F,F→M,3,physician,physician,True,physician,False,0.9853,0.9508,0.9508,0.034499999999999975
52916,attorney,attorney,M,M→F,5,attorney,attorney,True,attorney,False,0.9989,0.9988,0.9988,9.999999999998899e-05
53976,professor,professor,M,M→F,1,professor,professor,True,professor,False,0.994,0.9932,0.9932,0.0008000000000000229
51899,photographer,photographer,F,F→M,6,photographer,photographer,True,photographer,False,0.9975,0.9974,0.9974,0.00010000000000010001
47145,surgeon,surgeon,M,M→F,1,surgeon,surgeon,True,surgeon,False,0.6465,0.5084,0.5084,0.1381
94259,professor,professor,M,M→F,5,professor,professor,True,professor,False,0.9992,0.9992,0.9992,0.0
46960,journalist,journalist,M,M→F,3,journalist,journalist,True,journalist,False,0.9963,0.9971,0.9971,-0.0008000000000000229
93000,attorney,attorney,M,M→F,1,attorney,attorney,True,attorney,False,0.9952,0.9957,0.9957,-0.000500000000000056
46505,professor,professor,M,M→F,4,professor,professor,True,professor,False,0.9992,0.9992,0.9992,0.0
68349,physician,physician,F,F→M,4,physician,physician,True,physician,False,0.9567,0.9112,0.9112,0.045499999999999985
42600,physician,physician,F,F→M,2,physician,physician,True,physician,False,0.9994,0.9994,0.9994,0.0
30588,professor,professor,F,F→M,5,professor,professor,True,professor,False,0.7106,0.7821,0.7821,-0.07150000000000001
40257,professor,professor,F,F→M,4,professor,professor,True,professor,False,0.9989,0.9986,0.9986,0.00029999999999996696
66822,accountant,accountant,M,M→F,2,accountant,accountant,True,accountant,False,0.998,0.998,0.998,0.0
41479,physician,physician,M,M→F,2,physician,physician,True,physician,False,0.9993,0.9994,0.9994,-9.999999999998899e-05
22425,accountant,accountant,M,M→F,1,accountant,accountant,True,accountant,False,0.9958,0.9961,0.9961,-0.00029999999999996696
11945,attorney,attorney,M,M→F,2,attorney,attorney,True,attorney,False,0.5404,0.5726,0.5726,-0.032200000000000006
89703,attorney,attorney,F,F→M,4,attorney,attorney,True,attorney,False,0.9991,0.999,0.999,9.999999999998899e-05
85218,filmmaker,filmmaker,M,M→F,2,filmmaker,filmmaker,True,filmmaker,False,0.9868,0.9896,0.9896,-0.0028000000000000247
51511,composer,composer,M,M→F,2,composer,composer,True,composer,False,0.9902,0.9915,0.9915,-0.0013000000000000789
47791,software engineer,software engineer,M,M→F,1,software engineer,software engineer,True,software engineer,False,0.6467,0.795,0.795,-0.1483
45238,attorney,attorney,M,M→F,1,attorney,attorney,True,attorney,False,0.9995,0.9995,0.9995,0.0
79600,filmmaker,filmmaker,M,M→F,5,filmmaker,filmmaker,True,filmmaker,False,0.9862,0.9867,0.9867,-0.000500000000000056
66457,professor,professor,M,M→F,4,professor,professor,True,professor,False,0.9909,0.9927,0.9927,-0.0018000000000000238
19907,physician,physician,F,F→M,2,physician,physician,True,physician,False,0.9994,0.9994,0.9994,0.0
25606,psychologist,psychologist,F,F→M,3,psychologist,psychologist,True,psychologist,False,0.9869,0.9909,0.9909,-0.0040000000000000036
46063,filmmaker,filmmaker,F,F→M,4,filmmaker,filmmaker,True,filmmaker,False,0.9946,0.9949,0.9949,-0.00029999999999996696
82848,attorney,attorney,M,M→F,3,attorney,attorney,True,attorney,False,0.9993,0.9992,0.9992,9.999999999998899e-05
57242,journalist,journalist,M,M→F,4,journalist,journalist,True,journalist,False,0.9968,0.9974,0.9974,-0.0005999999999999339
29759,surgeon,surgeon,M,M→F,5,surgeon,surgeon,True,surgeon,False,0.8775,0.855,0.855,0.022499999999999964
28025,professor,professor,F,F→M,3,professor,professor,True,professor,False,0.9993,0.9993,0.9993,0.0
2878,nurse,nurse,F,F→M,1,nurse,nurse,True,nurse,False,0.9994,0.9994,0.9994,0.0
36532,dietitian,dietitian,F,F→M,1,dietitian,dietitian,True,dietitian,False,0.9988,0.9988,0.9988,0.0
94939,surgeon,surgeon,M,M→F,2,surgeon,surgeon,True,surgeon,False,0.9983,0.9982,0.9982,9.999999999998899e-05
85031,photographer,photographer,F,F→M,2,photographer,photographer,True,photographer,False,0.9937,0.9921,0.9921,0.0016000000000000458
29515,photographer,photographer,M,M→F,3,photographer,photographer,True,photographer,False,0.9972,0.9972,0.9972,0.0
60123,nurse,nurse,M,M→F,2,nurse,nurse,True,nurse,False,0.9647,0.9729,0.9729,-0.008199999999999985
87861,physician,physician,M,M→F,4,physician,physician,True,physician,False,0.8219,0.9037,0.9037,-0.08179999999999998
7856,poet,poet,M,M→F,9,poet,poet,True,poet,False,0.9918,0.9914,0.9914,0.00040000000000006697
6655,physician,physician,M,M→F,4,physician,physician,True,physician,False,0.5079,0.5932,0.5932,-0.08529999999999993
85177,physician,physician,F,F→M,1,physician,physician,True,physician,False,0.6644,0.5642,0.5642,0.10019999999999996
43831,professor,professor,M,M→F,4,professor,professor,True,professor,False,0.9977,0.9977,0.9977,0.0
30012,dentist,dentist,M,M→F,4,dentist,dentist,True,dentist,False,0.9981,0.9984,0.9984,-0.00029999999999996696
56328,physician,physician,M,M→F,2,physician,physician,True,nurse,True,0.8493,0.3001,0.6274,0.5492000000000001
29403,professor,professor,F,F→M,6,professor,professor,True,professor,False,0.8892,0.8891,0.8891,9.999999999998899e-05
95197,photographer,photographer,M,M→F,6,photographer,photographer,True,photographer,False,0.9944,0.9948,0.9948,-0.00040000000000006697
89401,professor,professor,M,M→F,1,professor,professor,True,professor,False,0.9989,0.9989,0.9989,0.0
51435,professor,professor,M,M→F,3,professor,professor,True,professor,False,0.9992,0.9992,0.9992,0.0
52937,psychologist,psychologist,M,M→F,2,psychologist,psychologist,True,psychologist,False,0.9985,0.9986,0.9986,-9.999999999998899e-05
29236,professor,professor,M,M→F,4,professor,professor,True,professor,False,0.999,0.9991,0.9991,-9.999999999998899e-05
34825,dentist,dentist,M,M→F,1,dentist,dentist,True,dentist,False,0.99,0.9883,0.9883,0.0017000000000000348
78327,attorney,attorney,M,M→F,2,attorney,attorney,True,attorney,False,0.9966,0.996,0.996,0.0006000000000000449
93723,professor,professor,M,M→F,3,professor,professor,True,professor,False,0.9974,0.9977,0.9977,-0.000300000000000078
75691,professor,professor,M,M→F,5,professor,professor,True,professor,False,0.9903,0.9896,0.9896,0.0006999999999999229
92636,physician,physician,F,F→M,2,physician,physician,True,physician,False,0.9966,0.9958,0.9958,0.0008000000000000229
31199,dentist,dentist,F,F→M,3,dentist,dentist,True,dentist,False,0.9982,0.998,0.998,0.00019999999999997797
38464,professor,professor,F,F→M,4,professor,professor,True,professor,False,0.4193,0.4436,0.4436,-0.02429999999999999
50763,software engineer,software engineer,M,M→F,3,software engineer,software engineer,True,software engineer,False,0.9767,0.9844,0.9844,-0.00770000000000004
18312,physician,physician,F,F→M,2,physician,physician,True,physician,False,0.647,0.9386,0.9386,-0.29159999999999997
71970,professor,professor,M,M→F,4,professor,professor,True,professor,False,0.9139,0.9239,0.9239,-0.010000000000000009
78380,professor,professor,M,M→F,1,professor,professor,True,professor,False,0.9949,0.9963,0.9963,-0.0013999999999999568
60161,journalist,journalist,F,F→M,3,journalist,journalist,True,journalist,False,0.9978,0.9975,0.9975,0.00029999999999996696
82402,professor,professor,M,M→F,5,professor,professor,True,professor,False,0.9988,0.999,0.999,-0.00019999999999997797
14691,poet,poet,M,M→F,2,poet,poet,True,poet,False,0.9771,0.9612,0.9612,0.015899999999999914
91561,teacher,teacher,F,F→M,7,teacher,teacher,True,teacher,False,0.7809,0.7681,0.7681,0.012800000000000034
6664,photographer,photographer,M,M→F,1,photographer,photographer,True,photographer,False,0.9947,0.9949,0.9949,-0.00019999999999997797
13852,professor,professor,F,F→M,4,professor,professor,True,professor,False,0.9994,0.9994,0.9994,0.0
84153,psychologist,psychologist,F,F→M,2,psychologist,psychologist,True,psychologist,False,0.9958,0.9969,0.9969,-0.0010999999999999899
52651,surgeon,surgeon,M,M→F,2,surgeon,surgeon,True,surgeon,False,0.8492,0.7092,0.7092,0.1399999999999999
22417,professor,professor,M,M→F,2,professor,professor,True,professor,False,0.9993,0.9993,0.9993,0.0
84895,professor,professor,F,F→M,4,professor,professor,True,professor,False,0.9284,0.9125,0.9125,0.015900000000000025
11717,attorney,attorney,M,M→F,2,attorney,attorney,True,attorney,False,0.9993,0.9993,0.9993,0.0
59641,nurse,nurse,F,F→M,2,nurse,nurse,True,nurse,False,0.9972,0.9968,0.9968,0.00039999999999995595
52246,professor,professor,M,M→F,2,professor,professor,True,professor,False,0.9966,0.9954,0.9954,0.0012000000000000899
94896,professor,professor,M,M→F,1,professor,professor,True,professor,False,0.6579,0.8584,0.8584,-0.2005
39234,professor,professor,F,F→M,1,professor,professor,True,professor,False,0.9983,0.9984,0.9984,-9.999999999998899e-05
78969,teacher,teacher,F,F→M,6,teacher,teacher,True,teacher,False,0.9685,0.9517,0.9517,0.016800000000000037
86259,psychologist,psychologist,F,F→M,3,psychologist,psychologist,True,psychologist,False,0.5136,0.6621,0.6621,-0.14850000000000008
85634,architect,architect,M,M→F,2,architect,architect,True,architect,False,0.9967,0.997,0.997,-0.00029999999999996696
82926,professor,professor,F,F→M,4,professor,professor,True,professor,False,0.828,0.6125,0.6125,0.2154999999999999
32501,professor,professor,F,F→M,2,professor,professor,True,professor,False,0.999,0.999,0.999,0.0
34205,poet,poet,F,F→M,5,poet,poet,True,poet,False,0.9875,0.9899,0.9899,-0.0023999999999999577
65797,journalist,journalist,M,M→F,3,journalist,journalist,True,journalist,False,0.9825,0.9909,0.9909,-0.008399999999999963
58689,photographer,photographer,M,M→F,10,photographer,photographer,True,photographer,False,0.9971,0.9968,0.9968,0.00029999999999996696
86967,journalist,journalist,M,M→F,2,journalist,journalist,True,journalist,False,0.9865,0.9907,0.9907,-0.0041999999999999815
86329,physician,physician,F,F→M,2,physician,physician,True,physician,False,0.7213,0.9382,0.9382,-0.21689999999999998
26151,professor,professor,F,F→M,2,professor,professor,True,professor,False,0.9951,0.9951,0.9951,0.0
60167,nurse,nurse,F,F→M,1,nurse,nurse,True,nurse,False,0.9994,0.9994,0.9994,0.0
25483,software engineer,software engineer,M,M→F,2,software engineer,software engineer,True,teacher,True,0.5226,0.0234,0.7834,0.4992
23270,nurse,nurse,F,F→M,2,nurse,nurse,True,nurse,False,0.9873,0.9915,0.9915,-0.0042000000000000925
52297,physician,physician,M,M→F,3,physician,physician,True,physician,False,0.9994,0.9994,0.9994,0.0
6860,nurse,nurse,F,F→M,1,nurse,nurse,True,nurse,False,0.9994,0.9994,0.9994,0.0
199,professor,professor,F,F→M,5,professor,professor,True,professor,False,0.9938,0.9932,0.9932,0.0006000000000000449
76157,nurse,nurse,F,F→M,3,nurse,nurse,True,photographer,True,0.9925,0.0676,0.8694,0.9249
7540,professor,professor,F,F→M,4,professor,professor,True,professor,False,0.9993,0.9993,0.9993,0.0
3207,physician,physician,M,M→F,4,physician,physician,True,physician,False,0.9944,0.9983,0.9983,-0.0039000000000000146
38122,physician,physician,M,M→F,3,physician,physician,True,physician,False,0.9995,0.9995,0.9995,0.0
53129,nurse,nurse,M,M→F,3,nurse,nurse,True,nurse,False,0.9935,0.9962,0.9962,-0.0026999999999999247
72555,professor,professor,M,M→F,2,professor,professor,True,professor,False,0.9995,0.9995,0.9995,0.0
72583,architect,architect,M,M→F,3,architect,architect,True,architect,False,0.9888,0.9854,0.9854,0.0033999999999999586
79884,physician,physician,F,F→M,3,physician,physician,True,physician,False,0.9994,0.9994,0.9994,0.0
76575,teacher,teacher,M,M→F,1,teacher,teacher,True,teacher,False,0.9895,0.9934,0.9934,-0.0038999999999999035
83665,attorney,attorney,F,F→M,1,attorney,attorney,True,attorney,False,0.9994,0.9994,0.9994,0.0
10587,composer,composer,F,F→M,3,composer,composer,True,composer,False,0.9801,0.9821,0.9821,-0.0020000000000000018
47866,nurse,nurse,F,F→M,1,nurse,nurse,True,nurse,False,0.9994,0.9994,0.9994,0.0
313,professor,professor,M,M→F,1,professor,professor,True,professor,False,0.9994,0.9994,0.9994,0.0
87658,teacher,teacher,F,F→M,3,teacher,teacher,True,teacher,False,0.2935,0.2136,0.2136,0.07989999999999997
527,professor,professor,F,F→M,5,professor,professor,True,professor,False,0.9995,0.9995,0.9995,0.0
27434,professor,professor,F,F→M,3,professor,professor,True,professor,False,0.9993,0.9993,0.9993,0.0
10082,professor,professor,F,F→M,4,professor,professor,True,professor,False,0.8813,0.8369,0.8369,0.044399999999999995
75175,physician,physician,M,M→F,2,physician,physician,True,physician,False,0.9994,0.9994,0.9994,0.0
86883,dentist,dentist,M,M→F,4,dentist,dentist,True,dentist,False,0.6144,0.8414,0.8414,-0.2270000000000001
70995,professor,professor,F,F→M,2,professor,professor,True,professor,False,0.991,0.9927,0.9927,-0.0017000000000000348
37066,attorney,attorney,M,M→F,3,attorney,attorney,True,attorney,False,0.9992,0.9992,0.9992,0.0
75949,teacher,teacher,M,M→F,3,teacher,teacher,True,teacher,False,0.9971,0.9971,0.9971,0.0
78990,software engineer,software engineer,M,M→F,2,software engineer,software engineer,True,software engineer,False,0.9418,0.9666,0.9666,-0.024800000000000044
82304,dentist,dentist,M,M→F,1,dentist,dentist,True,dentist,False,0.9834,0.9706,0.9706,0.012800000000000034
5058,professor,professor,M,M→F,2,professor,professor,True,professor,False,0.9992,0.9992,0.9992,0.0
57502,psychologist,psychologist,F,F→M,2,psychologist,psychologist,True,psychologist,False,0.734,0.6465,0.6465,0.08750000000000002
41823,model,model,F,F→M,3,model,model,True,model,False,0.9979,0.9954,0.9954,0.0025000000000000577
28206,attorney,attorney,F,F→M,3,attorney,attorney,True,attorney,False,0.9978,0.9978,0.9978,0.0
39579,professor,professor,F,F→M,2,professor,professor,True,professor,False,0.9987,0.9987,0.9987,0.0
69270,physician,physician,M,M→F,2,physician,physician,True,physician,False,0.9509,0.9791,0.9791,-0.028200000000000003
61835,professor,professor,F,F→M,4,professor,professor,True,professor,False,0.9995,0.9995,0.9995,0.0
62639,journalist,journalist,M,M→F,2,journalist,journalist,True,journalist,False,0.9928,0.9939,0.9939,-0.0010999999999999899
93365,professor,professor,M,M→F,2,professor,professor,True,professor,False,0.9991,0.9991,0.9991,0.0
16315,professor,professor,F,F→M,2,professor,professor,True,professor,False,0.982,0.9823,0.9823,-0.00029999999999996696
57070,professor,professor,F,F→M,1,professor,professor,True,professor,False,0.9929,0.9932,0.9932,-0.00029999999999996696
57612,professor,professor,F,F→M,3,professor,professor,True,professor,False,0.9963,0.9957,0.9957,0.0005999999999999339
47862,photographer,photographer,F,F→M,4,photographer,photographer,True,photographer,False,0.9959,0.9951,0.9951,0.0008000000000000229
5869,professor,professor,M,M→F,4,professor,professor,True,professor,False,0.9992,0.9992,0.9992,0.0
79826,photographer,photographer,M,M→F,8,photographer,photographer,True,photographer,False,0.9967,0.997,0.997,-0.00029999999999996696
16505,professor,professor,F,F→M,1,professor,professor,True,professor,False,0.9977,0.9975,0.9975,0.00019999999999997797
55992,attorney,attorney,M,M→F,1,attorney,attorney,True,professor,True,0.4948,0.4429,0.5217,0.0519
39707,nurse,nurse,F,F→M,3,nurse,nurse,True,nurse,False,0.9915,0.9481,0.9481,0.043399999999999994
82386,architect,architect,F,F→M,1,architect,architect,True,architect,False,0.9523,0.9702,0.9702,-0.017899999999999916
31942,dentist,dentist,F,F→M,1,dentist,dentist,True,dentist,False,0.9304,0.9298,0.9298,0.0006000000000000449
14518,photographer,photographer,F,F→M,5,photographer,photographer,True,photographer,False,0.998,0.9978,0.9978,0.00019999999999997797
6952,professor,professor,M,M→F,6,professor,professor,True,professor,False,0.9945,0.9948,0.9948,-0.00029999999999996696
29369,professor,professor,F,F→M,6,professor,professor,True,professor,False,0.998,0.998,0.998,0.0
56991,professor,professor,F,F→M,1,professor,professor,True,professor,False,0.9957,0.9957,0.9957,0.0
45248,professor,professor,M,M→F,3,professor,professor,True,professor,False,0.7665,0.7745,0.7745,-0.008000000000000007
44868,physician,physician,M,M→F,2,physician,physician,True,physician,False,0.9989,0.9988,0.9988,9.999999999998899e-05
89093,professor,professor,M,M→F,2,professor,professor,True,professor,False,0.8903,0.8999,0.8999,-0.009600000000000053
91091,professor,professor,M,M→F,5,professor,professor,True,professor,False,0.9925,0.993,0.993,-0.0004999999999999449
27303,attorney,attorney,F,F→M,3,attorney,attorney,True,attorney,False,0.9994,0.9995,0.9995,-0.00010000000000010001
53371,professor,professor,M,M→F,4,professor,professor,True,professor,False,0.9988,0.9987,0.9987,9.999999999998899e-05
26474,surgeon,surgeon,M,M→F,1,surgeon,surgeon,True,surgeon,False,0.9814,0.9743,0.9743,0.007099999999999995
40556,professor,professor,M,M→F,3,professor,professor,True,professor,False,0.9981,0.9984,0.9984,-0.00029999999999996696
56089,nurse,nurse,F,F→M,4,nurse,nurse,True,nurse,False,0.9601,0.9006,0.9006,0.0595
47268,attorney,attorney,F,F→M,1,attorney,attorney,True,attorney,False,0.9989,0.9988,0.9988,9.999999999998899e-05
89046,psychologist,psychologist,F,F→M,1,psychologist,psychologist,True,psychologist,False,0.9988,0.9988,0.9988,0.0
40636,professor,professor,F,F→M,3,professor,professor,True,professor,False,0.9982,0.9982,0.9982,0.0
4183,journalist,journalist,F,F→M,4,journalist,journalist,True,journalist,False,0.9584,0.9054,0.9054,0.05300000000000005
74029,professor,professor,M,M→F,3,professor,professor,True,professor,False,0.9989,0.9987,0.9987,0.00019999999999997797
36066,journalist,journalist,M,M→F,3,journalist,journalist,True,journalist,False,0.9824,0.9894,0.9894,-0.006999999999999895
14092,professor,professor,M,M→F,3,professor,professor,True,professor,False,0.9949,0.995,0.995,-9.999999999998899e-05
5715,painter,painter,M,M→F,4,painter,painter,True,painter,False,0.996,0.9962,0.9962,-0.00019999999999997797
33429,professor,professor,M,M→F,3,professor,professor,True,professor,False,0.99,0.99,0.99,0.0
67912,physician,physician,M,M→F,4,physician,physician,True,physician,False,0.974,0.9914,0.9914,-0.01739999999999997
2076,professor,professor,F,F→M,4,professor,professor,True,professor,False,0.9914,0.989,0.989,0.0023999999999999577
24607,filmmaker,filmmaker,M,M→F,3,filmmaker,filmmaker,True,filmmaker,False,0.9941,0.9949,0.9949,-0.0008000000000000229
68747,attorney,attorney,M,M→F,5,attorney,attorney,True,attorney,False,0.9993,0.9993,0.9993,0.0
35881,dentist,dentist,F,F→M,1,dentist,dentist,True,dentist,False,0.9834,0.989,0.989,-0.005599999999999938
52567,photographer,photographer,F,F→M,8,photographer,photographer,True,photographer,False,0.9896,0.991,0.991,-0.0013999999999999568
77797,professor,professor,F,F→M,2,professor,professor,True,professor,False,0.9198,0.8665,0.8665,0.0532999999999999
88595,professor,professor,F,F→M,6,professor,professor,True,professor,False,0.9665,0.9612,0.9612,0.005299999999999971
86494,psychologist,psychologist,F,F→M,1,psychologist,psychologist,True,psychologist,False,0.9988,0.9988,0.9988,0.0
90729,professor,professor,M,M→F,4,professor,professor,True,professor,False,0.9988,0.9988,0.9988,0.0
22308,journalist,journalist,F,F→M,2,journalist,journalist,True,journalist,False,0.9838,0.9791,0.9791,0.0047000000000000375
93139,attorney,attorney,F,F→M,4,attorney,attorney,True,attorney,False,0.9994,0.9994,0.9994,0.0
94587,professor,professor,M,M→F,1,professor,professor,True,professor,False,0.9968,0.997,0.997,-0.00019999999999997797
44329,nurse,nurse,F,F→M,1,nurse,nurse,True,nurse,False,0.9994,0.9994,0.9994,0.0
28268,filmmaker,filmmaker,M,M→F,4,filmmaker,filmmaker,True,filmmaker,False,0.9922,0.993,0.993,-0.0008000000000000229
36863,psychologist,psychologist,F,F→M,2,psychologist,psychologist,True,psychologist,False,0.9916,0.9922,0.9922,-0.0005999999999999339
21705,professor,professor,F,F→M,1,professor,professor,True,professor,False,0.7652,0.7422,0.7422,0.02300000000000002
23419,photographer,photographer,M,M→F,7,photographer,photographer,True,photographer,False,0.9915,0.9928,0.9928,-0.0012999999999999678
12822,professor,professor,F,F→M,3,professor,professor,True,professor,False,0.9799,0.9827,0.9827,-0.0028000000000000247
76369,professor,professor,M,M→F,2,professor,professor,True,professor,False,0.9771,0.9774,0.9774,-0.000300000000000078
90580,professor,professor,F,F→M,1,professor,professor,True,surgeon,True,0.7195,0.3006,0.6701,0.41890000000000005
12023,dietitian,dietitian,F,F→M,2,dietitian,dietitian,True,dietitian,False,0.9984,0.9984,0.9984,0.0
36518,physician,physician,M,M→F,2,physician,physician,True,physician,False,0.9993,0.9993,0.9993,0.0
88947,attorney,attorney,F,F→M,3,attorney,attorney,True,attorney,False,0.9513,0.9761,0.9761,-0.024799999999999933
32260,professor,professor,M,M→F,2,professor,professor,True,professor,False,0.9995,0.9994,0.9994,0.00010000000000010001
60193,psychologist,psychologist,F,F→M,1,psychologist,psychologist,True,psychologist,False,0.6302,0.6641,0.6641,-0.03390000000000004
76809,professor,professor,M,M→F,2,professor,professor,True,professor,False,0.9113,0.9323,0.9323,-0.02100000000000002
56521,attorney,attorney,F,F→M,3,attorney,attorney,True,attorney,False,0.9941,0.9956,0.9956,-0.0015000000000000568
53363,professor,professor,M,M→F,6,professor,professor,True,professor,False,0.9989,0.9989,0.9989,0.0
76667,dentist,dentist,M,M→F,3,dentist,dentist,True,dentist,False,0.9857,0.9912,0.9912,-0.005499999999999949
71468,comedian,comedian,M,M→F,9,comedian,comedian,True,comedian,False,0.9968,0.9966,0.9966,0.00019999999999997797
93003,physician,physician,F,F→M,2,physician,physician,True,physician,False,0.9833,0.9803,0.9803,0.0030000000000000027
26758,physician,physician,M,M→F,2,physician,physician,True,psychologist,True,0.4807,0.1774,0.7353,0.3033
33632,nurse,nurse,F,F→M,1,nurse,nurse,True,nurse,False,0.9994,0.9994,0.9994,0.0
21267,physician,physician,F,F→M,3,physician,physician,True,physician,False,0.9994,0.9994,0.9994,0.0
17139,physician,physician,F,F→M,3,physician,physician,True,physician,False,0.9994,0.9994,0.9994,0.0
91255,filmmaker,filmmaker,M,M→F,6,filmmaker,filmmaker,True,filmmaker,False,0.9932,0.9925,0.9925,0.0006999999999999229
4016,filmmaker,filmmaker,M,M→F,1,filmmaker,filmmaker,True,filmmaker,False,0.8193,0.3271,0.3271,0.4922
83781,filmmaker,filmmaker,M,M→F,2,filmmaker,filmmaker,True,filmmaker,False,0.9965,0.9965,0.9965,0.0
60744,journalist,journalist,M,M→F,6,journalist,journalist,True,journalist,False,0.9975,0.9978,0.9978,-0.00029999999999996696
6281,surgeon,surgeon,M,M→F,2,surgeon,surgeon,True,surgeon,False,0.9983,0.9983,0.9983,0.0
41214,attorney,attorney,F,F→M,1,attorney,attorney,True,attorney,False,0.7895,0.8354,0.8354,-0.04590000000000005
33498,surgeon,surgeon,M,M→F,1,surgeon,surgeon,True,surgeon,False,0.9983,0.9983,0.9983,0.0
88467,professor,professor,F,F→M,5,professor,professor,True,professor,False,0.9987,0.9987,0.9987,0.0
17392,professor,professor,F,F→M,2,professor,professor,True,professor,False,0.9993,0.9993,0.9993,0.0
23666,nurse,nurse,F,F→M,4,nurse,nurse,True,nurse,False,0.9989,0.9989,0.9989,0.0
94907,filmmaker,filmmaker,M,M→F,1,filmmaker,filmmaker,True,filmmaker,False,0.8589,0.649,0.649,0.20989999999999998
365,professor,professor,M,M→F,1,professor,professor,True,poet,True,0.3212,0.2844,0.2845,0.0368
83624,dentist,dentist,M,M→F,3,dentist,dentist,True,dentist,False,0.9969,0.9968,0.9968,9.999999999998899e-05
46796,professor,professor,M,M→F,3,professor,professor,True,professor,False,0.9983,0.9983,0.9983,0.0
92257,attorney,attorney,M,M→F,8,attorney,attorney,True,attorney,False,0.999,0.9991,0.9991,-9.999999999998899e-05
49539,dentist,dentist,M,M→F,3,dentist,dentist,True,dentist,False,0.9982,0.9983,0.9983,-9.999999999998899e-05
90617,photographer,photographer,M,M→F,6,photographer,photographer,True,photographer,False,0.9965,0.997,0.997,-0.0004999999999999449
32341,physician,physician,F,F→M,2,physician,physician,True,physician,False,0.9994,0.9994,0.9994,0.0
42652,attorney,attorney,M,M→F,4,attorney,attorney,True,attorney,False,0.9986,0.9983,0.9983,0.000300000000000078
26638,physician,physician,M,M→F,4,physician,physician,True,physician,False,0.9972,0.9978,0.9978,-0.0006000000000000449
65490,physician,physician,M,M→F,5,physician,physician,True,physician,False,0.9952,0.9948,0.9948,0.00039999999999995595
69683,professor,professor,M,M→F,2,professor,professor,True,professor,False,0.9988,0.9988,0.9988,0.0
64609,professor,professor,M,M→F,1,professor,professor,True,professor,False,0.9971,0.9974,0.9974,-0.00029999999999996696
6886,professor,professor,F,F→M,1,professor,professor,True,professor,False,0.9898,0.9909,0.9909,-0.0010999999999999899
54290,photographer,photographer,F,F→M,3,photographer,photographer,True,photographer,False,0.9937,0.9941,0.9941,-0.00039999999999995595
2509,photographer,photographer,M,M→F,6,photographer,photographer,True,photographer,False,0.9976,0.9977,0.9977,-9.999999999998899e-05
90074,physician,physician,M,M→F,5,physician,physician,True,physician,False,0.655,0.7682,0.7682,-0.11319999999999997
51522,professor,professor,M,M→F,5,professor,professor,True,professor,False,0.9989,0.9988,0.9988,9.999999999998899e-05
5242,attorney,attorney,M,M→F,8,attorney,attorney,True,attorney,False,0.999,0.9988,0.9988,0.00019999999999997797
89223,physician,physician,M,M→F,1,physician,physician,True,professor,True,0.5077,0.2014,0.4671,0.3063
59158,professor,professor,M,M→F,3,professor,professor,True,professor,False,0.9995,0.9995,0.9995,0.0
52230,composer,composer,M,M→F,1,composer,composer,True,composer,False,0.9965,0.9965,0.9965,0.0
46126,photographer,photographer,F,F→M,3,photographer,photographer,True,photographer,False,0.9981,0.998,0.998,9.999999999998899e-05
69355,photographer,photographer,M,M→F,7,photographer,photographer,True,photographer,False,0.9982,0.9982,0.9982,0.0
2788,photographer,photographer,F,F→M,15,photographer,photographer,True,photographer,False,0.9542,0.9924,0.9924,-0.0381999999999999
51786,psychologist,psychologist,F,F→M,1,psychologist,psychologist,True,psychologist,False,0.9988,0.9988,0.9988,0.0
77215,photographer,photographer,F,F→M,7,photographer,photographer,True,photographer,False,0.9979,0.9978,0.9978,9.999999999998899e-05
11549,photographer,photographer,F,F→M,10,photographer,photographer,True,photographer,False,0.9977,0.997,0.997,0.0007000000000000339
51662,professor,professor,M,M→F,3,professor,professor,True,professor,False,0.9994,0.9994,0.9994,0.0
92899,physician,physician,M,M→F,1,physician,physician,True,physician,False,0.9336,0.977,0.977,-0.043399999999999994
24261,nurse,nurse,M,M→F,1,nurse,nurse,True,nurse,False,0.9994,0.9994,0.9994,0.0
52753,professor,professor,F,F→M,1,professor,professor,True,professor,False,0.9992,0.9992,0.9992,0.0
6013,photographer,photographer,M,M→F,2,photographer,photographer,True,photographer,False,0.9929,0.9901,0.9901,0.0028000000000000247
21442,professor,professor,M,M→F,4,professor,professor,True,professor,False,0.9994,0.9994,0.9994,0.0
28480,professor,professor,M,M→F,1,professor,professor,True,professor,False,0.953,0.9269,0.9269,0.026100000000000012
11359,attorney,attorney,F,F→M,4,attorney,attorney,True,attorney,False,0.9992,0.999,0.999,0.00019999999999997797
6551,professor,professor,M,M→F,3,professor,professor,True,professor,False,0.9965,0.997,0.997,-0.0004999999999999449
21851,architect,architect,M,M→F,2,architect,architect,True,architect,False,0.8708,0.803,0.803,0.06779999999999997
13697,professor,professor,F,F→M,3,professor,professor,True,professor,False,0.983,0.9824,0.9824,0.0005999999999999339
93111,professor,professor,F,F→M,3,professor,professor,True,professor,False,0.9987,0.9987,0.9987,0.0
8842,professor,professor,M,M→F,4,professor,professor,True,professor,False,0.9981,0.9979,0.9979,0.00019999999999997797
90522,psychologist,psychologist,M,M→F,1,psychologist,psychologist,True,psychologist,False,0.9988,0.9988,0.9988,0.0
36900,dietitian,dietitian,F,F→M,1,dietitian,dietitian,True,dietitian,False,0.9988,0.9987,0.9987,9.999999999998899e-05
36808,physician,physician,F,F→M,2,physician,physician,True,physician,False,0.9993,0.9994,0.9994,-9.999999999998899e-05
32143,nurse,nurse,F,F→M,1,nurse,nurse,True,nurse,False,0.9994,0.9994,0.9994,0.0
91070,attorney,attorney,M,M→F,5,attorney,attorney,True,attorney,False,0.9989,0.999,0.999,-9.999999999998899e-05
40409,professor,professor,M,M→F,1,professor,professor,True,professor,False,0.8391,0.8445,0.8445,-0.005400000000000071
72554,nurse,nurse,F,F→M,2,nurse,nurse,True,nurse,False,0.9977,0.9974,0.9974,0.000300000000000078
71862,professor,professor,M,M→F,3,professor,professor,True,professor,False,0.9995,0.9995,0.9995,0.0
70410,journalist,journalist,F,F→M,1,journalist,journalist,True,journalist,False,0.9477,0.7934,0.7934,0.1543
51306,filmmaker,filmmaker,F,F→M,2,filmmaker,filmmaker,True,filmmaker,False,0.9608,0.969,0.969,-0.008199999999999985
89998,professor,professor,M,M→F,3,professor,professor,True,professor,False,0.9996,0.9996,0.9996,0.0
60351,surgeon,surgeon,M,M→F,1,surgeon,surgeon,True,surgeon,False,0.9982,0.9981,0.9981,9.999999999998899e-05
48840,professor,professor,F,F→M,2,professor,professor,True,professor,False,0.9991,0.9991,0.9991,0.0
23239,psychologist,psychologist,M,M→F,5,psychologist,psychologist,True,psychologist,False,0.965,0.9319,0.9319,0.03310000000000002
8846,professor,professor,F,F→M,5,professor,professor,True,professor,False,0.998,0.9982,0.9982,-0.00019999999999997797
75434,teacher,teacher,F,F→M,2,teacher,teacher,True,teacher,False,0.8235,0.8344,0.8344,-0.01090000000000002
38657,professor,professor,M,M→F,1,professor,professor,True,professor,False,0.998,0.9978,0.9978,0.00019999999999997797
53116,dietitian,dietitian,F,F→M,3,dietitian,dietitian,True,dietitian,False,0.9983,0.9973,0.9973,0.0010000000000000009
12684,nurse,nurse,F,F→M,3,nurse,nurse,True,teacher,True,0.4445,0.0575,0.3908,0.387
10473,physician,physician,F,F→M,2,physician,physician,True,physician,False,0.9995,0.9994,0.9994,0.00010000000000010001
58717,physician,physician,M,M→F,6,physician,physician,True,physician,False,0.8498,0.9264,0.9264,-0.0766
24191,professor,professor,F,F→M,8,professor,professor,True,professor,False,0.9964,0.9949,0.9949,0.0014999999999999458
17997,journalist,journalist,F,F→M,3,journalist,journalist,True,journalist,False,0.9962,0.9948,0.9948,0.0013999999999999568
4740,nurse,nurse,M,M→F,2,nurse,nurse,True,nurse,False,0.9644,0.9641,0.9641,0.000300000000000078
86810,nurse,nurse,F,F→M,2,nurse,nurse,True,nurse,False,0.9228,0.9144,0.9144,0.008399999999999963
29741,professor,professor,F,F→M,3,professor,professor,True,professor,False,0.9916,0.9915,0.9915,9.999999999998899e-05
92639,professor,professor,F,F→M,4,professor,professor,True,professor,False,0.9991,0.9992,0.9992,-9.999999999998899e-05
82485,surgeon,surgeon,M,M→F,1,surgeon,surgeon,True,surgeon,False,0.7982,0.5675,0.5675,0.23070000000000002
55751,composer,composer,M,M→F,3,composer,composer,True,composer,False,0.9962,0.9961,0.9961,9.999999999998899e-05
39398,attorney,attorney,M,M→F,5,attorney,attorney,True,attorney,False,0.9995,0.9994,0.9994,0.00010000000000010001
52336,teacher,teacher,F,F→M,2,teacher,teacher,True,attorney,True,0.3526,0.1871,0.319,0.16550000000000004
6314,psychologist,psychologist,F,F→M,1,psychologist,psychologist,True,teacher,True,0.4773,0.3293,0.4619,0.14800000000000002
84578,photographer,photographer,F,F→M,1,photographer,photographer,True,photographer,False,0.8744,0.925,0.925,-0.05060000000000009
76345,professor,professor,M,M→F,2,professor,professor,True,professor,False,0.9983,0.998,0.998,0.00029999999999996696
62658,photographer,photographer,M,M→F,3,photographer,photographer,True,photographer,False,0.9729,0.9493,0.9493,0.023599999999999954
91491,photographer,photographer,F,F→M,1,photographer,photographer,True,photographer,False,0.631,0.8647,0.8647,-0.23370000000000002
84097,professor,professor,M,M→F,1,professor,professor,True,professor,False,0.9877,0.9878,0.9878,-9.999999999998899e-05
85047,architect,architect,M,M→F,2,architect,architect,True,architect,False,0.9977,0.9978,0.9978,-9.999999999998899e-05
68131,physician,physician,F,F→M,3,physician,physician,True,physician,False,0.9994,0.9994,0.9994,0.0
27881,professor,professor,M,M→F,1,professor,professor,True,professor,False,0.9985,0.9985,0.9985,0.0
68489,journalist,journalist,F,F→M,3,journalist,journalist,True,journalist,False,0.9968,0.9965,0.9965,0.00029999999999996696
33093,comedian,comedian,M,M→F,3,comedian,comedian,True,teacher,True,0.3422,0.0344,0.3078,0.3078
84896,dentist,dentist,M,M→F,2,dentist,dentist,True,dentist,False,0.9265,0.9279,0.9279,-0.0013999999999999568
88437,photographer,photographer,M,M→F,2,photographer,photographer,True,photographer,False,0.9322,0.9289,0.9289,0.0033000000000000806
65579,surgeon,surgeon,M,M→F,2,surgeon,surgeon,True,physician,True,0.5501,0.3536,0.5224,0.1965
50563,physician,physician,F,F→M,1,physician,physician,True,physician,False,0.9991,0.9991,0.9991,0.0
46302,dentist,dentist,F,F→M,2,dentist,dentist,True,dentist,False,0.9937,0.9926,0.9926,0.0010999999999999899
15309,attorney,attorney,M,M→F,2,attorney,attorney,True,attorney,False,0.7451,0.7947,0.7947,-0.04959999999999998
22867,professor,professor,F,F→M,6,professor,professor,True,professor,False,0.9977,0.9974,0.9974,0.000300000000000078
62621,psychologist,psychologist,F,F→M,4,psychologist,psychologist,True,psychologist,False,0.9985,0.9985,0.9985,0.0
15452,composer,composer,M,M→F,2,composer,composer,True,composer,False,0.9961,0.9963,0.9963,-0.00019999999999997797
51695,professor,professor,F,F→M,3,professor,professor,True,professor,False,0.9946,0.9944,0.9944,0.000200000000000089
94756,photographer,photographer,M,M→F,2,photographer,photographer,True,photographer,False,0.665,0.5363,0.5363,0.12870000000000004
57456,filmmaker,filmmaker,M,M→F,3,filmmaker,filmmaker,True,journalist,True,0.6175,0.4098,0.5396,0.20770000000000005
59259,professor,professor,M,M→F,2,professor,professor,True,professor,False,0.9985,0.9986,0.9986,-9.999999999998899e-05
23455,professor,professor,F,F→M,2,professor,professor,True,professor,False,0.9991,0.9992,0.9992,-9.999999999998899e-05
13699,professor,professor,M,M→F,3,professor,professor,True,professor,False,0.9978,0.9978,0.9978,0.0
38984,architect,architect,M,M→F,2,architect,architect,True,architect,False,0.9726,0.957,0.957,0.015600000000000058
86605,professor,professor,M,M→F,8,professor,professor,True,professor,False,0.9994,0.9994,0.9994,0.0
38637,attorney,attorney,F,F→M,5,attorney,attorney,True,attorney,False,0.9995,0.9995,0.9995,0.0
18779,photographer,photographer,M,M→F,2,photographer,photographer,True,photographer,False,0.996,0.9955,0.9955,0.0004999999999999449
85658,dentist,dentist,M,M→F,2,dentist,dentist,True,dentist,False,0.9979,0.9981,0.9981,-0.00019999999999997797
10208,psychologist,psychologist,F,F→M,5,psychologist,psychologist,True,psychologist,False,0.9987,0.9988,0.9988,-9.999999999998899e-05
66909,accountant,accountant,F,F→M,1,accountant,accountant,True,accountant,False,0.8836,0.9617,0.9617,-0.07809999999999995
68771,dentist,dentist,F,F→M,1,dentist,dentist,True,dentist,False,0.9673,0.9672,0.9672,0.00010000000000010001
36766,attorney,attorney,F,F→M,1,attorney,attorney,True,attorney,False,0.6901,0.8387,0.8387,-0.14859999999999995
76580,professor,professor,M,M→F,5,professor,professor,True,professor,False,0.9989,0.999,0.999,-9.999999999998899e-05
13838,model,model,F,F→M,4,model,model,True,model,False,0.9991,0.999,0.999,9.999999999998899e-05
9735,physician,physician,M,M→F,2,physician,physician,True,physician,False,0.9994,0.9994,0.9994,0.0
51513,surgeon,surgeon,M,M→F,3,surgeon,surgeon,True,surgeon,False,0.9159,0.867,0.867,0.048900000000000055
63979,physician,physician,M,M→F,4,physician,physician,True,physician,False,0.9615,0.9875,0.9875,-0.026000000000000023
25862,physician,physician,F,F→M,3,physician,physician,True,physician,False,0.9994,0.9994,0.9994,0.0
57974,surgeon,surgeon,M,M→F,1,surgeon,surgeon,True,surgeon,False,0.9013,0.7982,0.7982,0.10309999999999997
38603,professor,professor,F,F→M,2,professor,professor,True,professor,False,0.9977,0.9977,0.9977,0.0
49942,professor,professor,M,M→F,5,professor,professor,True,professor,False,0.9995,0.9995,0.9995,0.0
65346,software engineer,software engineer,M,M→F,4,software engineer,software engineer,True,software engineer,False,0.9747,0.9818,0.9818,-0.007099999999999995
82854,dentist,dentist,M,M→F,1,dentist,dentist,True,dentist,False,0.9981,0.9982,0.9982,-9.999999999998899e-05
33142,professor,professor,M,M→F,2,professor,professor,True,professor,False,0.9875,0.992,0.992,-0.0044999999999999485
50356,filmmaker,filmmaker,F,F→M,3,filmmaker,filmmaker,True,filmmaker,False,0.9917,0.9907,0.9907,0.0010000000000000009
14592,attorney,attorney,F,F→M,2,attorney,attorney,True,attorney,False,0.9949,0.9891,0.9891,0.005800000000000027
93860,professor,professor,F,F→M,2,professor,professor,True,professor,False,0.9993,0.9993,0.9993,0.0
67756,psychologist,psychologist,M,M→F,2,psychologist,psychologist,True,psychologist,False,0.9978,0.998,0.998,-0.00019999999999997797
4394,journalist,journalist,M,M→F,2,journalist,journalist,True,journalist,False,0.9773,0.9892,0.9892,-0.011900000000000022
64038,physician,physician,F,F→M,2,physician,physician,True,physician,False,0.9971,0.991,0.991,0.006099999999999994
78385,attorney,attorney,M,M→F,6,attorney,attorney,True,attorney,False,0.9989,0.9989,0.9989,0.0
79403,attorney,attorney,M,M→F,6,attorney,attorney,True,attorney,False,0.9995,0.9995,0.9995,0.0
90392,teacher,teacher,F,F→M,1,teacher,teacher,True,teacher,False,0.6403,0.3979,0.3979,0.2424
17588,professor,professor,F,F→M,4,professor,professor,True,professor,False,0.9992,0.9992,0.9992,0.0
24140,nurse,nurse,F,F→M,5,nurse,nurse,True,nurse,False,0.998,0.9972,0.9972,0.0008000000000000229
14646,physician,physician,M,M→F,2,physician,physician,True,physician,False,0.9994,0.9994,0.9994,0.0
17841,photographer,photographer,F,F→M,1,photographer,photographer,True,photographer,False,0.9977,0.9975,0.9975,0.00019999999999997797
65415,professor,professor,M,M→F,2,professor,professor,True,professor,False,0.9993,0.9993,0.9993,0.0
58919,professor,professor,F,F→M,3,professor,professor,True,professor,False,0.9989,0.9989,0.9989,0.0
42060,physician,physician,F,F→M,3,physician,physician,True,physician,False,0.9995,0.9995,0.9995,0.0
83381,professor,professor,M,M→F,1,professor,professor,True,professor,False,0.9948,0.9952,0.9952,-0.00039999999999995595
16917,physician,physician,F,F→M,4,physician,physician,True,physician,False,0.9932,0.9936,0.9936,-0.00040000000000006697
79689,professor,professor,M,M→F,3,professor,professor,True,professor,False,0.9993,0.9993,0.9993,0.0
28718,psychologist,psychologist,M,M→F,1,psychologist,psychologist,True,psychologist,False,0.899,0.76,0.76,0.139
73209,professor,professor,F,F→M,1,professor,professor,True,professor,False,0.9992,0.9992,0.9992,0.0
17265,physician,physician,M,M→F,1,physician,physician,True,physician,False,0.9233,0.8629,0.8629,0.06040000000000001
55102,architect,architect,M,M→F,4,architect,architect,True,architect,False,0.9925,0.9942,0.9942,-0.0016999999999999238
556,professor,professor,M,M→F,6,professor,professor,True,professor,False,0.9993,0.9993,0.9993,0.0
24634,professor,professor,F,F→M,10,professor,professor,True,professor,False,0.9995,0.9995,0.9995,0.0
27305,photographer,photographer,M,M→F,4,photographer,photographer,True,journalist,True,0.661,0.0992,0.8211,0.5618000000000001
11784,physician,physician,M,M→F,4,physician,physician,True,physician,False,0.9924,0.9962,0.9962,-0.0038000000000000256
659,physician,physician,M,M→F,2,physician,physician,True,physician,False,0.9483,0.9523,0.9523,-0.0040000000000000036
7190,physician,physician,M,M→F,2,physician,physician,True,physician,False,0.9715,0.9928,0.9928,-0.021299999999999986
24430,teacher,teacher,M,M→F,6,teacher,teacher,True,teacher,False,0.3918,0.5988,0.5988,-0.20700000000000002
17726,attorney,attorney,M,M→F,1,attorney,attorney,True,attorney,False,0.9994,0.9995,0.9995,-0.00010000000000010001
7550,professor,professor,M,M→F,3,professor,professor,True,professor,False,0.9993,0.9993,0.9993,0.0
25200,attorney,attorney,M,M→F,1,attorney,attorney,True,professor,True,0.6147,0.3967,0.3976,0.21800000000000003
15166,attorney,attorney,M,M→F,1,attorney,attorney,True,attorney,False,0.9983,0.9964,0.9964,0.0019000000000000128
95147,professor,professor,F,F→M,2,professor,professor,True,professor,False,0.9993,0.9993,0.9993,0.0
81678,physician,physician,F,F→M,1,physician,physician,True,physician,False,0.6101,0.6935,0.6935,-0.08340000000000003
81212,physician,physician,F,F→M,2,physician,physician,True,physician,False,0.9977,0.9916,0.9916,0.006099999999999994
79306,photographer,photographer,M,M→F,2,photographer,photographer,True,photographer,False,0.9969,0.9973,0.9973,-0.00039999999999995595
3546,composer,composer,F,F→M,4,composer,composer,True,composer,False,0.9944,0.9949,0.9949,-0.000500000000000056
52495,photographer,photographer,M,M→F,4,photographer,photographer,True,photographer,False,0.9919,0.9934,0.9934,-0.0014999999999999458
53791,professor,professor,F,F→M,1,professor,professor,True,professor,False,0.9991,0.9992,0.9992,-9.999999999998899e-05
81987,journalist,journalist,F,F→M,1,journalist,journalist,True,journalist,False,0.5195,0.3483,0.3483,0.17119999999999996
22627,professor,professor,M,M→F,2,professor,professor,True,professor,False,0.9985,0.9987,0.9987,-0.00019999999999997797
29398,professor,professor,M,M→F,6,professor,professor,True,professor,False,0.9995,0.9995,0.9995,0.0
10165,professor,professor,M,M→F,4,professor,professor,True,professor,False,0.9962,0.9971,0.9971,-0.0009000000000000119
28947,physician,physician,F,F→M,3,physician,physician,True,physician,False,0.9995,0.9995,0.9995,0.0
6696,poet,poet,M,M→F,1,poet,poet,True,poet,False,0.7259,0.8169,0.8169,-0.09099999999999997
5053,architect,architect,M,M→F,2,architect,architect,True,architect,False,0.6918,0.6938,0.6938,-0.0020000000000000018
35842,professor,professor,F,F→M,3,professor,professor,True,professor,False,0.9983,0.998,0.998,0.00029999999999996696
31623,physician,physician,M,M→F,2,physician,physician,True,physician,False,0.9994,0.9994,0.9994,0.0
40083,professor,professor,M,M→F,5,professor,professor,True,professor,False,0.9995,0.9995,0.9995,0.0
19737,journalist,journalist,F,F→M,3,journalist,journalist,True,journalist,False,0.9967,0.9946,0.9946,0.0020999999999999908
75878,architect,architect,M,M→F,4,architect,architect,True,architect,False,0.9714,0.95,0.95,0.021400000000000086
23744,professor,professor,F,F→M,3,professor,professor,True,attorney,True,0.6829,0.2884,0.6959,0.39449999999999996
70198,physician,physician,F,F→M,4,physician,physician,True,physician,False,0.9989,0.9978,0.9978,0.0010999999999999899
22714,professor,professor,F,F→M,1,professor,professor,True,professor,False,0.9963,0.9965,0.9965,-0.000200000000000089
91970,physician,physician,F,F→M,2,physician,physician,True,physician,False,0.678,0.9308,0.9308,-0.2527999999999999
11852,filmmaker,filmmaker,M,M→F,1,filmmaker,filmmaker,True,filmmaker,False,0.9896,0.9905,0.9905,-0.0009000000000000119
85341,professor,professor,M,M→F,1,professor,professor,True,professor,False,0.6686,0.6651,0.6651,0.0034999999999999476
12989,poet,poet,M,M→F,6,poet,poet,True,poet,False,0.9928,0.9924,0.9924,0.00040000000000006697
72533,professor,professor,M,M→F,1,professor,professor,True,professor,False,0.9982,0.9982,0.9982,0.0
66765,professor,professor,M,M→F,3,professor,professor,True,professor,False,0.9968,0.997,0.997,-0.00019999999999997797
58171,dentist,dentist,F,F→M,3,dentist,dentist,True,dentist,False,0.9384,0.9379,0.9379,0.000500000000000056
30463,attorney,attorney,M,M→F,5,attorney,attorney,True,attorney,False,0.9982,0.9969,0.9969,0.0012999999999999678
20226,professor,professor,F,F→M,3,professor,professor,True,professor,False,0.8775,0.856,0.856,0.021499999999999964
49323,filmmaker,filmmaker,M,M→F,2,filmmaker,filmmaker,True,filmmaker,False,0.9966,0.9968,0.9968,-0.00019999999999997797
45080,attorney,attorney,M,M→F,2,attorney,attorney,True,attorney,False,0.9994,0.9994,0.9994,0.0
46062,professor,professor,M,M→F,3,professor,professor,True,professor,False,0.9941,0.9944,0.9944,-0.00029999999999996696
89904,physician,physician,F,F→M,3,physician,physician,True,physician,False,0.9994,0.9994,0.9994,0.0
59741,professor,professor,F,F→M,3,professor,professor,True,professor,False,0.9984,0.9982,0.9982,0.00019999999999997797
78122,nurse,nurse,F,F→M,3,nurse,nurse,True,nurse,False,0.9947,0.9951,0.9951,-0.00039999999999995595
19856,software engineer,software engineer,M,M→F,2,software engineer,software engineer,True,software engineer,False,0.9811,0.9836,0.9836,-0.0025000000000000577
91371,physician,physician,M,M→F,3,physician,physician,True,physician,False,0.9994,0.9994,0.9994,0.0
55854,photographer,photographer,M,M→F,4,photographer,photographer,True,photographer,False,0.9883,0.9907,0.9907,-0.0024000000000000687
88894,comedian,comedian,M,M→F,3,comedian,comedian,True,painter,True,0.5851,0.1563,0.6611,0.42879999999999996
88794,attorney,attorney,F,F→M,3,attorney,attorney,True,attorney,False,0.9113,0.8224,0.8224,0.08889999999999998
27882,professor,professor,M,M→F,1,professor,professor,True,professor,False,0.9891,0.9895,0.9895,-0.00040000000000006697
41261,professor,professor,F,F→M,3,professor,professor,True,professor,False,0.9986,0.9986,0.9986,0.0
804,painter,painter,F,F→M,2,painter,painter,True,painter,False,0.976,0.9445,0.9445,0.03149999999999997
34895,software engineer,software engineer,M,M→F,2,software engineer,software engineer,True,software engineer,False,0.8048,0.8592,0.8592,-0.054400000000000004
44078,photographer,photographer,M,M→F,2,photographer,photographer,True,photographer,False,0.9837,0.9754,0.9754,0.008299999999999974
40146,professor,professor,M,M→F,2,professor,professor,True,professor,False,0.8556,0.8282,0.8282,0.02739999999999998
18559,photographer,photographer,F,F→M,4,photographer,photographer,True,photographer,False,0.9943,0.9956,0.9956,-0.0013000000000000789
60063,psychologist,psychologist,F,F→M,5,psychologist,psychologist,True,psychologist,False,0.8475,0.8761,0.8761,-0.02859999999999996
55905,physician,physician,M,M→F,2,physician,physician,True,physician,False,0.9745,0.9928,0.9928,-0.018299999999999983
13482,teacher,teacher,F,F→M,1,teacher,teacher,True,teacher,False,0.9001,0.9077,0.9077,-0.00759999999999994
51135,surgeon,surgeon,M,M→F,6,surgeon,surgeon,True,physician,True,0.5436,0.4437,0.5544,0.09989999999999999
87508,physician,physician,M,M→F,1,physician,physician,True,physician,False,0.9826,0.7747,0.7747,0.20789999999999997
10650,model,model,F,F→M,1,model,model,True,model,False,0.9987,0.9986,0.9986,9.999999999998899e-05
83149,professor,professor,F,F→M,4,professor,professor,True,professor,False,0.9282,0.9212,0.9212,0.007000000000000006
25348,physician,physician,F,F→M,3,physician,physician,True,physician,False,0.9994,0.9994,0.9994,0.0
20822,physician,physician,F,F→M,2,physician,physician,True,physician,False,0.5928,0.9413,0.9413,-0.34850000000000003
43622,architect,architect,M,M→F,3,architect,architect,True,journalist,True,0.3859,0.0361,0.7478,0.3498
73713,professor,professor,M,M→F,1,professor,professor,True,professor,False,0.9915,0.9912,0.9912,0.000300000000000078
8349,professor,professor,M,M→F,3,professor,professor,True,professor,False,0.9994,0.9994,0.9994,0.0
52335,filmmaker,filmmaker,F,F→M,2,filmmaker,filmmaker,True,filmmaker,False,0.996,0.9961,0.9961,-9.999999999998899e-05
74945,comedian,comedian,M,M→F,1,comedian,comedian,True,comedian,False,0.6938,0.7243,0.7243,-0.030500000000000083
43961,physician,physician,F,F→M,3,physician,physician,True,physician,False,0.9994,0.9994,0.9994,0.0
5299,physician,physician,F,F→M,2,physician,physician,True,physician,False,0.9994,0.9994,0.9994,0.0
14999,professor,professor,M,M→F,3,professor,professor,True,professor,False,0.9991,0.9991,0.9991,0.0
56088,professor,professor,M,M→F,3,professor,professor,True,professor,False,0.9665,0.9685,0.9685,-0.0020000000000000018
39268,filmmaker,filmmaker,F,F→M,4,filmmaker,filmmaker,True,filmmaker,False,0.9954,0.9953,0.9953,9.999999999998899e-05
69189,professor,professor,M,M→F,2,professor,professor,True,professor,False,0.9992,0.9991,0.9991,9.999999999998899e-05
23039,teacher,teacher,F,F→M,6,teacher,teacher,True,teacher,False,0.9957,0.9955,0.9955,0.00019999999999997797
7990,professor,professor,M,M→F,3,professor,professor,True,professor,False,0.9327,0.945,0.945,-0.012299999999999978
11187,professor,professor,M,M→F,4,professor,professor,True,professor,False,0.9985,0.9986,0.9986,-9.999999999998899e-05
44299,professor,professor,M,M→F,4,professor,professor,True,professor,False,0.9995,0.9995,0.9995,0.0
37888,psychologist,psychologist,F,F→M,2,psychologist,psychologist,True,psychologist,False,0.9979,0.9978,0.9978,9.999999999998899e-05
40533,physician,physician,F,F→M,9,physician,physician,True,physician,False,0.9921,0.9987,0.9987,-0.00660000000000005
10913,professor,professor,M,M→F,2,professor,professor,True,professor,False,0.9981,0.9979,0.9979,0.00019999999999997797
60691,nurse,nurse,F,F→M,6,nurse,nurse,True,nurse,False,0.998,0.9983,0.9983,-0.00029999999999996696
34862,professor,professor,F,F→M,8,professor,professor,True,professor,False,0.9995,0.9995,0.9995,0.0
68434,attorney,attorney,M,M→F,1,attorney,attorney,True,attorney,False,0.9995,0.9995,0.9995,0.0
4680,professor,professor,M,M→F,2,professor,professor,True,professor,False,0.9937,0.9947,0.9947,-0.0010000000000000009
51896,poet,poet,F,F→M,2,poet,poet,True,poet,False,0.4088,0.5041,0.5041,-0.0953
43110,physician,physician,F,F→M,3,physician,physician,True,physician,False,0.9995,0.9995,0.9995,0.0
36580,physician,physician,F,F→M,2,physician,physician,True,physician,False,0.6896,0.9178,0.9178,-0.22819999999999996
88684,physician,physician,F,F→M,5,physician,physician,True,physician,False,0.9943,0.9802,0.9802,0.014100000000000001
23742,professor,professor,F,F→M,2,professor,professor,True,professor,False,0.9992,0.9992,0.9992,0.0
91201,professor,professor,F,F→M,3,professor,professor,True,professor,False,0.9993,0.9993,0.9993,0.0
22214,nurse,nurse,F,F→M,6,nurse,nurse,True,physician,True,0.8161,0.0272,0.9674,0.7889
44,professor,professor,F,F→M,6,professor,professor,True,professor,False,0.9981,0.9981,0.9981,0.0
58334,software engineer,software engineer,M,M→F,4,software engineer,software engineer,True,software engineer,False,0.9934,0.9936,0.9936,-0.000200000000000089
66927,physician,physician,M,M→F,1,physician,physician,True,physician,False,0.674,0.5949,0.5949,0.07910000000000006
47567,professor,professor,F,F→M,4,professor,professor,True,professor,False,0.9993,0.9993,0.9993,0.0
90150,professor,professor,F,F→M,2,professor,professor,True,professor,False,0.9982,0.9982,0.9982,0.0
92726,physician,physician,F,F→M,3,physician,physician,True,physician,False,0.9995,0.9995,0.9995,0.0
61193,professor,professor,M,M→F,2,professor,professor,True,professor,False,0.9993,0.9993,0.9993,0.0
62831,poet,poet,F,F→M,3,poet,poet,True,poet,False,0.974,0.9761,0.9761,-0.0020999999999999908
93775,physician,physician,M,M→F,1,physician,physician,True,physician,False,0.9327,0.9724,0.9724,-0.03970000000000007
37255,software engineer,software engineer,M,M→F,1,software engineer,software engineer,True,software engineer,False,0.9528,0.9659,0.9659,-0.0131
79446,attorney,attorney,M,M→F,1,attorney,attorney,True,attorney,False,0.9992,0.9992,0.9992,0.0
43925,professor,professor,F,F→M,3,professor,professor,True,professor,False,0.9918,0.9917,0.9917,9.999999999998899e-05
89663,physician,physician,F,F→M,3,physician,physician,True,physician,False,0.9994,0.9994,0.9994,0.0
35758,physician,physician,F,F→M,2,physician,physician,True,physician,False,0.9994,0.9994,0.9994,0.0
61034,professor,professor,M,M→F,1,professor,professor,True,professor,False,0.9994,0.9994,0.9994,0.0
13527,psychologist,psychologist,F,F→M,1,psychologist,psychologist,True,psychologist,False,0.971,0.9845,0.9845,-0.013500000000000068
35951,dentist,dentist,F,F→M,1,dentist,dentist,True,dentist,False,0.9981,0.9981,0.9981,0.0
62296,architect,architect,M,M→F,2,architect,architect,True,architect,False,0.9647,0.9155,0.9155,0.04920000000000002
26643,professor,professor,M,M→F,3,professor,professor,True,professor,False,0.9947,0.9952,0.9952,-0.0004999999999999449
47029,dentist,dentist,M,M→F,3,dentist,dentist,True,dentist,False,0.9982,0.9982,0.9982,0.0
1941,accountant,accountant,M,M→F,1,accountant,accountant,True,accountant,False,0.9985,0.9985,0.9985,0.0
91298,teacher,teacher,F,F→M,3,teacher,teacher,True,teacher,False,0.7047,0.6287,0.6287,0.07599999999999996
41803,professor,professor,M,M→F,1,professor,professor,True,professor,False,0.9954,0.9966,0.9966,-0.0012000000000000899
19971,photographer,photographer,M,M→F,2,photographer,photographer,True,photographer,False,0.9976,0.9975,0.9975,9.999999999998899e-05
11600,journalist,journalist,M,M→F,1,journalist,journalist,True,journalist,False,0.9945,0.9958,0.9958,-0.0012999999999999678
61710,professor,professor,F,F→M,2,professor,professor,True,professor,False,0.9984,0.9984,0.9984,0.0
64760,professor,professor,F,F→M,1,professor,professor,True,professor,False,0.9993,0.9993,0.9993,0.0
54748,filmmaker,filmmaker,F,F→M,3,filmmaker,filmmaker,True,filmmaker,False,0.9951,0.9951,0.9951,0.0
44498,attorney,attorney,M,M→F,4,attorney,attorney,True,attorney,False,0.9989,0.9989,0.9989,0.0
68474,nurse,nurse,F,F→M,5,nurse,nurse,True,physician,True,0.561,0.1986,0.4334,0.36240000000000006
16218,physician,physician,M,M→F,4,physician,physician,True,physician,False,0.8621,0.9208,0.9208,-0.058699999999999974
22467,physician,physician,F,F→M,2,physician,physician,True,physician,False,0.9994,0.9994,0.9994,0.0
17099,professor,professor,F,F→M,3,professor,professor,True,professor,False,0.9908,0.9899,0.9899,0.0009000000000000119
48852,photographer,photographer,M,M→F,7,photographer,photographer,True,photographer,False,0.9977,0.9978,0.9978,-9.999999999998899e-05
8607,professor,professor,F,F→M,1,professor,professor,True,professor,False,0.9992,0.9992,0.9992,0.0
49710,professor,professor,F,F→M,2,professor,professor,True,professor,False,0.9985,0.9983,0.9983,0.000200000000000089
38611,dentist,dentist,M,M→F,2,dentist,dentist,True,dentist,False,0.9602,0.9561,0.9561,0.0041000000000001036
12083,professor,professor,F,F→M,3,professor,professor,True,professor,False,0.9993,0.9993,0.9993,0.0
70054,physician,physician,F,F→M,2,physician,physician,True,physician,False,0.6854,0.9634,0.9634,-0.278
76239,attorney,attorney,M,M→F,1,attorney,attorney,True,attorney,False,0.9748,0.9839,0.9839,-0.009099999999999997
75866,professor,professor,F,F→M,4,professor,professor,True,professor,False,0.9954,0.9951,0.9951,0.00029999999999996696
20541,attorney,attorney,F,F→M,2,attorney,attorney,True,attorney,False,0.9161,0.9027,0.9027,0.013400000000000079
31598,journalist,journalist,F,F→M,1,journalist,journalist,True,journalist,False,0.997,0.9965,0.9965,0.0004999999999999449
70094,professor,professor,F,F→M,4,professor,professor,True,professor,False,0.9994,0.9994,0.9994,0.0
66486,photographer,photographer,M,M→F,1,photographer,photographer,True,photographer,False,0.983,0.9799,0.9799,0.0030999999999999917
77151,software engineer,software engineer,M,M→F,3,software engineer,software engineer,True,software engineer,False,0.9716,0.9738,0.9738,-0.0021999999999999797
45097,photographer,photographer,M,M→F,4,photographer,photographer,True,photographer,False,0.9974,0.9971,0.9971,0.00029999999999996696
74778,professor,professor,F,F→M,4,professor,professor,True,professor,False,0.9982,0.9982,0.9982,0.0
78276,nurse,nurse,F,F→M,1,nurse,nurse,True,nurse,False,0.999,0.9989,0.9989,9.999999999998899e-05
3712,physician,physician,F,F→M,2,physician,physician,True,physician,False,0.9994,0.9994,0.9994,0.0
23116,professor,professor,M,M→F,5,professor,professor,True,professor,False,0.9991,0.9991,0.9991,0.0
26726,accountant,accountant,F,F→M,5,accountant,accountant,True,accountant,False,0.9986,0.9986,0.9986,0.0
31052,model,model,M,M→F,1,model,model,True,model,False,0.678,0.745,0.745,-0.06699999999999995
5094,composer,composer,F,F→M,1,composer,composer,True,composer,False,0.9636,0.9752,0.9752,-0.011599999999999944
47502,attorney,attorney,M,M→F,2,attorney,attorney,True,attorney,False,0.9644,0.9498,0.9498,0.014600000000000057
80560,poet,poet,F,F→M,2,poet,poet,True,poet,False,0.5516,0.8766,0.8766,-0.32500000000000007
90982,composer,composer,M,M→F,1,composer,composer,True,composer,False,0.9956,0.9958,0.9958,-0.00019999999999997797
59486,professor,professor,M,M→F,3,professor,professor,True,professor,False,0.9992,0.9992,0.9992,0.0
9307,professor,professor,M,M→F,1,professor,professor,True,professor,False,0.8648,0.747,0.747,0.11780000000000002
58861,professor,professor,F,F→M,1,professor,professor,True,professor,False,0.976,0.9752,0.9752,0.0008000000000000229
3342,teacher,teacher,M,M→F,1,teacher,teacher,True,teacher,False,0.6216,0.606,0.606,0.015600000000000058
14098,teacher,teacher,F,F→M,3,teacher,teacher,True,teacher,False,0.5211,0.4576,0.4576,0.0635
74224,physician,physician,F,F→M,2,physician,physician,True,physician,False,0.9902,0.9881,0.9881,0.0020999999999999908
89030,professor,professor,F,F→M,6,professor,professor,True,professor,False,0.9969,0.9968,0.9968,9.999999999998899e-05
78493,psychologist,psychologist,F,F→M,5,psychologist,psychologist,True,psychologist,False,0.9175,0.7498,0.7498,0.16769999999999996
29428,professor,professor,F,F→M,3,professor,professor,True,professor,False,0.9974,0.9978,0.9978,-0.00040000000000006697
52407,attorney,attorney,M,M→F,2,attorney,attorney,True,attorney,False,0.9995,0.9995,0.9995,0.0
42222,physician,physician,F,F→M,3,physician,physician,True,physician,False,0.5442,0.7018,0.7018,-0.15759999999999996
34155,architect,architect,M,M→F,6,architect,architect,True,accountant,True,0.3378,0.0685,0.3712,0.2693
21167,professor,professor,F,F→M,3,professor,professor,True,professor,False,0.8738,0.8807,0.8807,-0.006900000000000017
43208,architect,architect,M,M→F,1,architect,architect,True,architect,False,0.8072,0.7124,0.7124,0.0948
54699,architect,architect,F,F→M,6,architect,architect,True,architect,False,0.9967,0.9967,0.9967,0.0
38674,professor,professor,F,F→M,1,professor,professor,True,professor,False,0.9884,0.9841,0.9841,0.0042999999999999705
48772,professor,professor,F,F→M,14,professor,professor,True,professor,False,0.9984,0.9986,0.9986,-0.000200000000000089
68259,attorney,attorney,M,M→F,3,attorney,attorney,True,attorney,False,0.7567,0.7101,0.7101,0.046600000000000086
86480,physician,physician,M,M→F,3,physician,physician,True,physician,False,0.9931,0.9955,0.9955,-0.0024000000000000687
90130,poet,poet,F,F→M,3,poet,poet,True,poet,False,0.9854,0.9857,0.9857,-0.00029999999999996696
74765,architect,architect,M,M→F,1,architect,architect,True,architect,False,0.9857,0.9785,0.9785,0.007199999999999984
93978,composer,composer,F,F→M,5,composer,composer,True,composer,False,0.997,0.9969,0.9969,9.999999999998899e-05
87867,professor,professor,M,M→F,2,professor,professor,True,professor,False,0.9976,0.9975,0.9975,9.999999999998899e-05
48180,attorney,attorney,M,M→F,4,attorney,attorney,True,attorney,False,0.9995,0.9995,0.9995,0.0
32972,photographer,photographer,F,F→M,3,photographer,photographer,True,photographer,False,0.3789,0.7152,0.7152,-0.33629999999999993
32711,nurse,nurse,F,F→M,3,nurse,nurse,True,surgeon,True,0.9772,0.2522,0.2777,0.725
6673,accountant,accountant,M,M→F,2,accountant,accountant,True,accountant,False,0.9973,0.9977,0.9977,-0.00040000000000006697
80434,attorney,attorney,F,F→M,3,attorney,attorney,True,attorney,False,0.9993,0.9993,0.9993,0.0
38333,professor,professor,M,M→F,2,professor,professor,True,professor,False,0.9994,0.9994,0.9994,0.0
25059,professor,professor,F,F→M,6,professor,professor,True,professor,False,0.9991,0.9989,0.9989,0.00019999999999997797
5645,professor,professor,M,M→F,1,professor,professor,True,professor,False,0.9971,0.9941,0.9941,0.0030000000000000027
92516,journalist,journalist,F,F→M,3,journalist,journalist,True,journalist,False,0.9952,0.991,0.991,0.0041999999999999815
27554,psychologist,psychologist,F,F→M,4,psychologist,psychologist,True,psychologist,False,0.9972,0.9974,0.9974,-0.00019999999999997797
36109,photographer,photographer,M,M→F,3,photographer,photographer,True,photographer,False,0.9882,0.986,0.986,0.0021999999999999797
64205,model,model,F,F→M,6,model,model,True,model,False,0.9896,0.9256,0.9256,0.06400000000000006
53421,architect,architect,F,F→M,3,architect,architect,True,architect,False,0.9976,0.9973,0.9973,0.000300000000000078
26682,physician,physician,F,F→M,5,physician,physician,True,physician,False,0.999,0.9983,0.9983,0.0007000000000000339
26737,attorney,attorney,M,M→F,2,attorney,attorney,True,attorney,False,0.953,0.9546,0.9546,-0.0016000000000000458
7858,professor,professor,F,F→M,2,professor,professor,True,professor,False,0.9566,0.9496,0.9496,0.007000000000000006
61696,professor,professor,F,F→M,2,professor,professor,True,professor,False,0.9989,0.9989,0.9989,0.0
20441,filmmaker,filmmaker,M,M→F,3,filmmaker,filmmaker,True,filmmaker,False,0.9931,0.991,0.991,0.0020999999999999908
42200,professor,professor,M,M→F,5,professor,professor,True,professor,False,0.999,0.9992,0.9992,-0.00019999999999997797
18732,nurse,nurse,F,F→M,9,nurse,nurse,True,nurse,False,0.997,0.997,0.997,0.0
78654,psychologist,psychologist,F,F→M,1,psychologist,psychologist,True,psychologist,False,0.9988,0.9988,0.9988,0.0
11156,physician,physician,F,F→M,4,physician,physician,True,physician,False,0.9783,0.938,0.938,0.0403
77846,attorney,attorney,F,F→M,4,attorney,attorney,True,attorney,False,0.9874,0.9902,0.9902,-0.0027999999999999137
48658,professor,professor,M,M→F,3,professor,professor,True,professor,False,0.999,0.9989,0.9989,9.999999999998899e-05
30942,psychologist,psychologist,M,M→F,1,psychologist,psychologist,True,psychologist,False,0.7619,0.628,0.628,0.13390000000000002
43983,attorney,attorney,M,M→F,5,attorney,attorney,True,attorney,False,0.9158,0.7185,0.7185,0.19729999999999992
44544,attorney,attorney,M,M→F,1,attorney,attorney,True,attorney,False,0.9995,0.9995,0.9995,0.0
85952,professor,professor,M,M→F,2,professor,professor,True,professor,False,0.9971,0.9971,0.9971,0.0
62170,journalist,journalist,M,M→F,5,journalist,journalist,True,journalist,False,0.4139,0.5232,0.5232,-0.10930000000000001
89370,filmmaker,filmmaker,F,F→M,3,filmmaker,filmmaker,True,filmmaker,False,0.9868,0.9855,0.9855,0.0012999999999999678
18158,attorney,attorney,M,M→F,2,attorney,attorney,True,attorney,False,0.9991,0.9991,0.9991,0.0
77201,professor,professor,M,M→F,5,professor,professor,True,professor,False,0.9995,0.9995,0.9995,0.0
52820,psychologist,psychologist,M,M→F,7,psychologist,psychologist,True,psychologist,False,0.9978,0.9977,0.9977,9.999999999998899e-05
45176,professor,professor,M,M→F,2,professor,professor,True,professor,False,0.9992,0.9992,0.9992,0.0
58044,physician,physician,M,M→F,3,physician,physician,True,physician,False,0.9995,0.9994,0.9994,0.00010000000000010001
56744,professor,professor,M,M→F,4,professor,professor,True,professor,False,0.9994,0.9994,0.9994,0.0
28898,composer,composer,M,M→F,5,composer,composer,True,composer,False,0.9652,0.935,0.935,0.030199999999999894
16998,professor,professor,M,M→F,4,professor,professor,True,professor,False,0.9985,0.9984,0.9984,0.00010000000000010001
3594,dentist,dentist,M,M→F,1,dentist,dentist,True,dentist,False,0.9701,0.9706,0.9706,-0.000500000000000056
13086,professor,professor,F,F→M,2,professor,professor,True,professor,False,0.9988,0.998,0.998,0.0008000000000000229
53396,physician,physician,F,F→M,2,physician,physician,True,physician,False,0.9994,0.9994,0.9994,0.0
77747,professor,professor,F,F→M,2,professor,professor,True,professor,False,0.9883,0.9855,0.9855,0.0027999999999999137
33641,journalist,journalist,F,F→M,3,journalist,journalist,True,architect,True,0.2332,0.0565,0.3155,0.1767
85216,nurse,nurse,F,F→M,1,nurse,nurse,True,nurse,False,0.9994,0.9994,0.9994,0.0
75410,professor,professor,F,F→M,2,professor,professor,True,professor,False,0.9991,0.9991,0.9991,0.0
40115,professor,professor,F,F→M,6,professor,professor,True,professor,False,0.9994,0.9994,0.9994,0.0
7580,professor,professor,M,M→F,3,professor,professor,True,professor,False,0.9995,0.9995,0.9995,0.0
93321,professor,professor,M,M→F,2,professor,professor,True,professor,False,0.9246,0.917,0.917,0.00759999999999994
63339,physician,physician,F,F→M,2,physician,physician,True,physician,False,0.9994,0.9994,0.9994,0.0
63073,nurse,nurse,M,M→F,1,nurse,nurse,True,nurse,False,0.9994,0.9994,0.9994,0.0
34254,dietitian,dietitian,F,F→M,3,dietitian,dietitian,True,dietitian,False,0.998,0.998,0.998,0.0
7648,teacher,teacher,F,F→M,1,teacher,teacher,True,teacher,False,0.9972,0.997,0.997,0.00019999999999997797
55753,professor,professor,F,F→M,2,professor,professor,True,professor,False,0.9989,0.999,0.999,-9.999999999998899e-05
28785,physician,physician,M,M→F,1,physician,physician,True,physician,False,0.973,0.9802,0.9802,-0.007199999999999984
79050,accountant,accountant,M,M→F,4,accountant,accountant,True,accountant,False,0.9971,0.9971,0.9971,0.0
11919,physician,physician,F,F→M,4,physician,physician,True,physician,False,0.9989,0.998,0.998,0.0009000000000000119
45556,professor,professor,F,F→M,2,professor,professor,True,professor,False,0.9995,0.9995,0.9995,0.0
8066,dentist,dentist,M,M→F,1,dentist,dentist,True,dentist,False,0.9568,0.9579,0.9579,-0.0010999999999999899
76638,attorney,attorney,F,F→M,1,attorney,attorney,True,psychologist,True,0.441,0.3964,0.5608,0.04460000000000003
65408,professor,professor,F,F→M,2,professor,professor,True,professor,False,0.9899,0.9914,0.9914,-0.0014999999999999458
6324,psychologist,psychologist,F,F→M,2,psychologist,psychologist,True,psychologist,False,0.9983,0.9983,0.9983,0.0
31209,professor,professor,M,M→F,5,professor,professor,True,professor,False,0.8799,0.901,0.901,-0.021100000000000008
80536,software engineer,software engineer,F,F→M,1,software engineer,software engineer,True,software engineer,False,0.92,0.888,0.888,0.03200000000000003
35655,accountant,accountant,F,F→M,4,accountant,accountant,True,accountant,False,0.9986,0.9985,0.9985,9.999999999998899e-05
38095,dentist,dentist,M,M→F,3,dentist,dentist,True,dentist,False,0.9981,0.9982,0.9982,-9.999999999998899e-05
59230,software engineer,software engineer,M,M→F,2,software engineer,software engineer,True,software engineer,False,0.9645,0.9696,0.9696,-0.005099999999999993
382,physician,physician,F,F→M,2,physician,physician,True,physician,False,0.9987,0.9989,0.9989,-0.00019999999999997797
56052,photographer,photographer,F,F→M,4,photographer,photographer,True,photographer,False,0.9981,0.9981,0.9981,0.0
29029,physician,physician,F,F→M,2,physician,physician,True,physician,False,0.9994,0.9994,0.9994,0.0
64880,poet,poet,F,F→M,1,poet,poet,True,poet,False,0.6866,0.6606,0.6606,0.026000000000000023
28007,professor,professor,M,M→F,9,professor,professor,True,professor,False,0.9992,0.9993,0.9993,-9.999999999998899e-05
7715,professor,professor,M,M→F,1,professor,professor,True,professor,False,0.9963,0.998,0.998,-0.0017000000000000348
83057,surgeon,surgeon,M,M→F,1,surgeon,surgeon,True,physician,True,0.6534,0.2452,0.5403,0.4082
31656,nurse,nurse,F,F→M,2,nurse,nurse,True,nurse,False,0.998,0.9971,0.9971,0.0009000000000000119
24198,journalist,journalist,M,M→F,4,journalist,journalist,True,journalist,False,0.9973,0.9975,0.9975,-0.000200000000000089
75006,nurse,nurse,F,F→M,5,nurse,nurse,True,nurse,False,0.9993,0.9993,0.9993,0.0
85460,surgeon,surgeon,M,M→F,2,surgeon,surgeon,True,surgeon,False,0.9983,0.9984,0.9984,-9.999999999998899e-05
85436,photographer,photographer,F,F→M,9,photographer,photographer,True,photographer,False,0.9934,0.9901,0.9901,0.0032999999999999696
46201,photographer,photographer,M,M→F,5,photographer,photographer,True,photographer,False,0.2959,0.2926,0.2926,0.0032999999999999696
16118,physician,physician,M,M→F,4,physician,physician,True,physician,False,0.583,0.7726,0.7726,-0.1896
78796,professor,professor,M,M→F,5,professor,professor,True,professor,False,0.9864,0.9881,0.9881,-0.0016999999999999238
8643,journalist,journalist,M,M→F,3,journalist,journalist,True,journalist,False,0.9969,0.9973,0.9973,-0.00039999999999995595
22362,architect,architect,M,M→F,2,architect,architect,True,architect,False,0.6173,0.399,0.399,0.21829999999999994
69278,psychologist,psychologist,M,M→F,3,psychologist,psychologist,True,psychologist,False,0.711,0.8048,0.8048,-0.0938
9803,professor,professor,M,M→F,3,professor,professor,True,professor,False,0.9995,0.9994,0.9994,0.00010000000000010001
63303,psychologist,psychologist,F,F→M,2,psychologist,psychologist,True,psychologist,False,0.9955,0.9965,0.9965,-0.0010000000000000009
69772,software engineer,software engineer,M,M→F,4,software engineer,software engineer,True,nurse,True,0.2953,0.0175,0.6429,0.2778
80465,journalist,journalist,M,M→F,4,journalist,journalist,True,journalist,False,0.9854,0.9945,0.9945,-0.009099999999999997
32928,physician,physician,F,F→M,3,physician,physician,True,physician,False,0.7669,0.7209,0.7209,0.04600000000000004
38052,professor,professor,M,M→F,1,professor,professor,True,professor,False,0.999,0.999,0.999,0.0
56174,nurse,nurse,F,F→M,1,nurse,nurse,True,nurse,False,0.9994,0.9994,0.9994,0.0
7564,attorney,attorney,M,M→F,3,attorney,attorney,True,attorney,False,0.9994,0.9994,0.9994,0.0
45840,physician,physician,M,M→F,2,physician,physician,True,physician,False,0.9757,0.9525,0.9525,0.0232
41134,professor,professor,M,M→F,5,professor,professor,True,professor,False,0.9992,0.9992,0.9992,0.0
56216,physician,physician,M,M→F,4,physician,physician,True,physician,False,0.5378,0.5944,0.5944,-0.056600000000000095
63796,psychologist,psychologist,F,F→M,3,psychologist,psychologist,True,psychologist,False,0.5536,0.5346,0.5346,0.019000000000000017
59833,attorney,attorney,M,M→F,2,attorney,attorney,True,attorney,False,0.9992,0.9992,0.9992,0.0
24281,professor,professor,F,F→M,3,professor,professor,True,professor,False,0.993,0.9924,0.9924,0.0006000000000000449
84369,professor,professor,M,M→F,2,professor,professor,True,professor,False,0.9994,0.9994,0.9994,0.0
65064,professor,professor,F,F→M,1,professor,professor,True,professor,False,0.9988,0.9988,0.9988,0.0
61172,teacher,teacher,F,F→M,7,teacher,teacher,True,teacher,False,0.7278,0.6105,0.6105,0.11729999999999996
9792,photographer,photographer,F,F→M,1,photographer,photographer,True,photographer,False,0.9422,0.9454,0.9454,-0.0031999999999999806
26220,professor,professor,F,F→M,3,professor,professor,True,professor,False,0.9992,0.9992,0.9992,0.0
21266,professor,professor,M,M→F,3,professor,professor,True,professor,False,0.999,0.999,0.999,0.0
11550,professor,professor,M,M→F,1,professor,professor,True,professor,False,0.9534,0.9614,0.9614,-0.008000000000000007
49347,professor,professor,F,F→M,6,professor,professor,True,professor,False,0.9983,0.9984,0.9984,-9.999999999998899e-05
5419,journalist,journalist,M,M→F,3,journalist,journalist,True,journalist,False,0.5488,0.5619,0.5619,-0.0131
63833,attorney,attorney,F,F→M,7,attorney,attorney,True,attorney,False,0.992,0.9919,0.9919,9.999999999998899e-05
87350,attorney,attorney,M,M→F,3,attorney,attorney,True,attorney,False,0.5162,0.5539,0.5539,-0.037699999999999956
15937,photographer,photographer,M,M→F,2,photographer,photographer,True,photographer,False,0.9953,0.9947,0.9947,0.0005999999999999339
7490,teacher,teacher,F,F→M,6,teacher,teacher,True,psychologist,True,0.3838,0.1902,0.601,0.19359999999999997
70964,nurse,nurse,F,F→M,4,nurse,nurse,True,nurse,False,0.9983,0.9983,0.9983,0.0
8246,dentist,dentist,M,M→F,3,dentist,dentist,True,dentist,False,0.9981,0.9982,0.9982,-9.999999999998899e-05
349,professor,professor,M,M→F,4,professor,professor,True,professor,False,0.9992,0.9992,0.9992,0.0
30395,physician,physician,M,M→F,5,physician,physician,True,physician,False,0.7517,0.8689,0.8689,-0.11719999999999997
32124,attorney,attorney,F,F→M,7,attorney,attorney,True,attorney,False,0.9994,0.9994,0.9994,0.0
4087,attorney,attorney,M,M→F,2,attorney,attorney,True,attorney,False,0.9995,0.9995,0.9995,0.0
87967,dentist,dentist,F,F→M,2,dentist,dentist,True,dentist,False,0.9945,0.9932,0.9932,0.0013000000000000789
8815,nurse,nurse,F,F→M,1,nurse,nurse,True,nurse,False,0.9994,0.9994,0.9994,0.0
56005,photographer,photographer,M,M→F,1,photographer,photographer,True,photographer,False,0.9977,0.9973,0.9973,0.00040000000000006697
64139,professor,professor,M,M→F,3,professor,professor,True,professor,False,0.9987,0.9988,0.9988,-9.999999999998899e-05
7668,professor,professor,M,M→F,3,professor,professor,True,professor,False,0.9991,0.9992,0.9992,-9.999999999998899e-05
23866,professor,professor,M,M→F,3,professor,professor,True,professor,False,0.9991,0.9991,0.9991,0.0
12173,architect,architect,F,F→M,2,architect,architect,True,architect,False,0.9743,0.9841,0.9841,-0.00979999999999992
84415,photographer,photographer,M,M→F,1,photographer,photographer,True,photographer,False,0.9964,0.9965,0.9965,-0.00010000000000010001
15028,physician,physician,F,F→M,2,physician,physician,True,physician,False,0.9994,0.9994,0.9994,0.0
56990,professor,professor,M,M→F,4,professor,professor,True,professor,False,0.9995,0.9995,0.9995,0.0
6244,teacher,teacher,F,F→M,7,teacher,teacher,True,teacher,False,0.9956,0.9956,0.9956,0.0
28254,surgeon,surgeon,M,M→F,3,surgeon,surgeon,True,surgeon,False,0.9841,0.979,0.979,0.005099999999999993
9193,attorney,attorney,F,F→M,3,attorney,attorney,True,attorney,False,0.9975,0.9973,0.9973,0.000200000000000089
56651,psychologist,psychologist,F,F→M,2,psychologist,psychologist,True,psychologist,False,0.5017,0.5321,0.5321,-0.030399999999999983
50008,teacher,teacher,F,F→M,6,teacher,teacher,True,teacher,False,0.8585,0.9226,0.9226,-0.06409999999999993
83557,physician,physician,F,F→M,2,physician,physician,True,surgeon,True,0.5916,0.2239,0.7654,0.3677
21282,surgeon,surgeon,M,M→F,2,surgeon,surgeon,True,surgeon,False,0.9983,0.9983,0.9983,0.0
42003,physician,physician,M,M→F,3,physician,physician,True,physician,False,0.9994,0.9994,0.9994,0.0
49062,accountant,accountant,F,F→M,2,accountant,accountant,True,accountant,False,0.8542,0.516,0.516,0.33819999999999995
64719,journalist,journalist,F,F→M,2,journalist,journalist,True,journalist,False,0.9981,0.9978,0.9978,0.00029999999999996696
67616,attorney,attorney,F,F→M,3,attorney,attorney,True,attorney,False,0.9994,0.9994,0.9994,0.0
69080,nurse,nurse,F,F→M,1,nurse,nurse,True,nurse,False,0.9994,0.9994,0.9994,0.0
91850,professor,professor,F,F→M,3,professor,professor,True,professor,False,0.9101,0.7551,0.7551,0.15500000000000003
41795,accountant,accountant,M,M→F,6,accountant,accountant,True,accountant,False,0.4615,0.4396,0.4396,0.02190000000000003
75906,professor,professor,F,F→M,1,professor,professor,True,professor,False,0.9966,0.9968,0.9968,-0.00019999999999997797
94457,professor,professor,F,F→M,3,professor,professor,True,professor,False,0.9977,0.9979,0.9979,-0.00019999999999997797
57688,physician,physician,M,M→F,3,physician,physician,True,physician,False,0.9505,0.9318,0.9318,0.01870000000000005
11490,photographer,photographer,M,M→F,1,photographer,photographer,True,photographer,False,0.9936,0.9793,0.9793,0.01430000000000009
95328,attorney,attorney,M,M→F,2,attorney,attorney,True,attorney,False,0.9994,0.9994,0.9994,0.0
73785,attorney,attorney,M,M→F,2,attorney,attorney,True,attorney,False,0.9851,0.9878,0.9878,-0.0027000000000000357
94573,composer,composer,M,M→F,4,composer,composer,True,composer,False,0.9974,0.9972,0.9972,0.00019999999999997797
62660,model,model,F,F→M,1,model,model,True,model,False,0.9989,0.9989,0.9989,0.0
86393,psychologist,psychologist,M,M→F,6,psychologist,psychologist,True,psychologist,False,0.9977,0.9982,0.9982,-0.0004999999999999449
43557,psychologist,psychologist,F,F→M,8,psychologist,psychologist,True,psychologist,False,0.9982,0.9982,0.9982,0.0
75997,attorney,attorney,M,M→F,1,attorney,attorney,True,attorney,False,0.9993,0.9993,0.9993,0.0
20208,professor,professor,F,F→M,2,professor,professor,True,professor,False,0.9913,0.9902,0.9902,0.0010999999999999899
24872,psychologist,psychologist,M,M→F,3,psychologist,psychologist,True,psychologist,False,0.978,0.9777,0.9777,0.00029999999999996696
71137,physician,physician,F,F→M,3,physician,physician,True,physician,False,0.987,0.9577,0.9577,0.029299999999999993
45700,physician,physician,M,M→F,5,physician,physician,True,physician,False,0.8588,0.9281,0.9281,-0.06930000000000003
57717,professor,professor,F,F→M,5,professor,professor,True,professor,False,0.9571,0.9236,0.9236,0.033499999999999974
62117,architect,architect,F,F→M,2,architect,architect,True,architect,False,0.9739,0.9777,0.9777,-0.0038000000000000256
6330,professor,professor,F,F→M,1,professor,professor,True,professor,False,0.9953,0.9927,0.9927,0.0025999999999999357
91861,professor,professor,M,M→F,1,professor,professor,True,professor,False,0.9082,0.8578,0.8578,0.0504
87153,dietitian,dietitian,F,F→M,1,dietitian,dietitian,True,dietitian,False,0.9972,0.9937,0.9937,0.0034999999999999476
20681,professor,professor,M,M→F,5,professor,professor,True,professor,False,0.9995,0.9995,0.9995,0.0
40725,professor,professor,M,M→F,4,professor,professor,True,professor,False,0.9947,0.9941,0.9941,0.0006000000000000449
4070,professor,professor,F,F→M,2,professor,professor,True,professor,False,0.9517,0.9358,0.9358,0.015900000000000025
46750,professor,professor,F,F→M,5,professor,professor,True,professor,False,0.9977,0.998,0.998,-0.00029999999999996696
51309,dentist,dentist,M,M→F,7,dentist,dentist,True,dentist,False,0.9867,0.9911,0.9911,-0.0043999999999999595
13748,professor,professor,M,M→F,1,professor,professor,True,professor,False,0.9944,0.9959,0.9959,-0.0015000000000000568
46471,nurse,nurse,F,F→M,2,nurse,nurse,True,nurse,False,0.9956,0.9938,0.9938,0.0018000000000000238
45131,journalist,journalist,M,M→F,1,journalist,journalist,True,journalist,False,0.9944,0.9958,0.9958,-0.0014000000000000679
10612,journalist,journalist,M,M→F,1,journalist,journalist,True,journalist,False,0.9927,0.9966,0.9966,-0.0039000000000000146
69809,physician,physician,F,F→M,2,physician,physician,True,physician,False,0.9908,0.9726,0.9726,0.018199999999999994
80915,journalist,journalist,F,F→M,6,journalist,journalist,True,software engineer,True,0.8261,0.1879,0.4542,0.6381999999999999
38659,surgeon,surgeon,M,M→F,3,surgeon,surgeon,True,surgeon,False,0.9935,0.985,0.985,0.008500000000000063
11242,professor,professor,M,M→F,3,professor,professor,True,professor,False,0.883,0.9116,0.9116,-0.02859999999999996
18948,dentist,dentist,M,M→F,1,dentist,dentist,True,dentist,False,0.9558,0.9566,0.9566,-0.0008000000000000229
57573,teacher,teacher,M,M→F,3,teacher,teacher,True,teacher,False,0.9919,0.9925,0.9925,-0.0006000000000000449
47849,dentist,dentist,M,M→F,3,dentist,dentist,True,dentist,False,0.9982,0.9983,0.9983,-9.999999999998899e-05
31195,attorney,attorney,M,M→F,8,attorney,attorney,True,attorney,False,0.7313,0.3982,0.3982,0.33309999999999995
55492,surgeon,surgeon,M,M→F,2,surgeon,surgeon,True,surgeon,False,0.9981,0.9982,0.9982,-9.999999999998899e-05
74262,architect,architect,M,M→F,5,architect,architect,True,architect,False,0.9981,0.9981,0.9981,0.0
67093,attorney,attorney,M,M→F,6,attorney,attorney,True,attorney,False,0.971,0.98,0.98,-0.009000000000000008
86895,psychologist,psychologist,M,M→F,4,psychologist,psychologist,True,psychologist,False,0.9646,0.9626,0.9626,0.0020000000000000018
69250,teacher,teacher,F,F→M,2,teacher,teacher,True,teacher,False,0.9948,0.9946,0.9946,0.00019999999999997797
3094,psychologist,psychologist,M,M→F,1,psychologist,psychologist,True,psychologist,False,0.6826,0.6363,0.6363,0.04630000000000001
86240,photographer,photographer,M,M→F,3,photographer,photographer,True,photographer,False,0.9893,0.9431,0.9431,0.04619999999999991
64821,attorney,attorney,M,M→F,2,attorney,attorney,True,attorney,False,0.9925,0.9878,0.9878,0.0047000000000000375
81106,professor,professor,M,M→F,5,professor,professor,True,professor,False,0.9991,0.999,0.999,9.999999999998899e-05
61438,psychologist,psychologist,F,F→M,4,psychologist,psychologist,True,psychologist,False,0.8242,0.751,0.751,0.07320000000000004
94318,professor,professor,F,F→M,5,professor,professor,True,professor,False,0.6302,0.8312,0.8312,-0.20100000000000007
9403,psychologist,psychologist,F,F→M,1,psychologist,psychologist,True,psychologist,False,0.9986,0.9985,0.9985,9.999999999998899e-05
4979,dentist,dentist,M,M→F,1,dentist,dentist,True,dentist,False,0.9902,0.9929,0.9929,-0.0027000000000000357
6454,dentist,dentist,M,M→F,2,dentist,dentist,True,dentist,False,0.9948,0.9955,0.9955,-0.0007000000000000339
65450,psychologist,psychologist,M,M→F,2,psychologist,psychologist,True,psychologist,False,0.9928,0.9903,0.9903,0.0025000000000000577
23595,nurse,nurse,F,F→M,1,nurse,nurse,True,nurse,False,0.9994,0.9994,0.9994,0.0
39166,professor,professor,M,M→F,3,professor,professor,True,professor,False,0.9476,0.9595,0.9595,-0.011900000000000022
80720,professor,professor,M,M→F,4,professor,professor,True,professor,False,0.9986,0.9988,0.9988,-0.00019999999999997797
33130,professor,professor,F,F→M,2,professor,professor,True,professor,False,0.9607,0.9553,0.9553,0.00539999999999996
82211,professor,professor,F,F→M,4,professor,professor,True,professor,False,0.9991,0.9991,0.9991,0.0
45411,poet,poet,M,M→F,4,poet,poet,True,poet,False,0.9904,0.9882,0.9882,0.0021999999999999797
16879,professor,professor,M,M→F,4,professor,professor,True,professor,False,0.9994,0.9994,0.9994,0.0
57041,surgeon,surgeon,M,M→F,1,surgeon,surgeon,True,professor,True,0.6832,0.1583,0.8177,0.5249
32301,teacher,teacher,M,M→F,3,teacher,teacher,True,teacher,False,0.474,0.7006,0.7006,-0.22660000000000002
77310,software engineer,software engineer,M,M→F,5,software engineer,software engineer,True,software engineer,False,0.9925,0.9932,0.9932,-0.0006999999999999229
78686,painter,painter,F,F→M,7,painter,painter,True,painter,False,0.9954,0.9954,0.9954,0.0
39046,painter,painter,M,M→F,1,painter,painter,True,painter,False,0.987,0.9905,0.9905,-0.0035000000000000586
57330,journalist,journalist,F,F→M,2,journalist,journalist,True,journalist,False,0.9907,0.9916,0.9916,-0.0009000000000000119
91347,attorney,attorney,M,M→F,4,attorney,attorney,True,attorney,False,0.9992,0.9991,0.9991,9.999999999998899e-05
67845,professor,professor,M,M→F,3,professor,professor,True,professor,False,0.9929,0.9919,0.9919,0.0010000000000000009
6653,nurse,nurse,F,F→M,2,nurse,nurse,True,nurse,False,0.8432,0.4782,0.4782,0.36499999999999994
11831,professor,professor,M,M→F,6,professor,professor,True,professor,False,0.9666,0.9641,0.9641,0.0025000000000000577
31133,teacher,teacher,F,F→M,6,teacher,teacher,True,teacher,False,0.9957,0.9947,0.9947,0.0010000000000000009
9141,professor,professor,M,M→F,8,professor,professor,True,professor,False,0.9994,0.9994,0.9994,0.0
34992,teacher,teacher,M,M→F,2,teacher,teacher,True,teacher,False,0.9704,0.9555,0.9555,0.014900000000000024
88564,journalist,journalist,F,F→M,4,journalist,journalist,True,journalist,False,0.6972,0.4308,0.4308,0.2664
76312,attorney,attorney,M,M→F,2,attorney,attorney,True,attorney,False,0.9974,0.9944,0.9944,0.0030000000000000027
11348,teacher,teacher,F,F→M,5,teacher,teacher,True,teacher,False,0.9948,0.9952,0.9952,-0.00039999999999995595
20332,attorney,attorney,M,M→F,3,attorney,attorney,True,attorney,False,0.995,0.9954,0.9954,-0.00039999999999995595
4715,professor,professor,F,F→M,2,professor,professor,True,professor,False,0.9987,0.9986,0.9986,9.999999999998899e-05
2010,professor,professor,M,M→F,5,professor,professor,True,professor,False,0.9994,0.9994,0.9994,0.0
11117,photographer,photographer,M,M→F,3,photographer,photographer,True,photographer,False,0.9897,0.9899,0.9899,-0.00019999999999997797
84579,professor,professor,F,F→M,1,professor,professor,True,professor,False,0.4991,0.4149,0.4149,0.0842
57891,filmmaker,filmmaker,M,M→F,2,filmmaker,filmmaker,True,filmmaker,False,0.9965,0.9965,0.9965,0.0
37802,physician,physician,M,M→F,2,physician,physician,True,physician,False,0.6942,0.8176,0.8176,-0.12339999999999995
32697,professor,professor,M,M→F,2,professor,professor,True,professor,False,0.9992,0.9993,0.9993,-9.999999999998899e-05
48213,professor,professor,M,M→F,3,professor,professor,True,professor,False,0.9989,0.9989,0.9989,0.0
1387,teacher,teacher,F,F→M,3,teacher,teacher,True,teacher,False,0.9952,0.9951,0.9951,9.999999999998899e-05
10391,poet,poet,F,F→M,4,poet,poet,True,poet,False,0.9111,0.9083,0.9083,0.0028000000000000247
12097,photographer,photographer,M,M→F,4,photographer,photographer,True,photographer,False,0.9912,0.9897,0.9897,0.0014999999999999458
79091,professor,professor,M,M→F,1,professor,professor,True,professor,False,0.9991,0.9991,0.9991,0.0
37338,physician,physician,F,F→M,3,physician,physician,True,physician,False,0.9994,0.9994,0.9994,0.0
57964,journalist,journalist,F,F→M,1,journalist,journalist,True,journalist,False,0.9668,0.8946,0.8946,0.07220000000000004
72950,accountant,accountant,M,M→F,3,accountant,accountant,True,accountant,False,0.8914,0.9593,0.9593,-0.06790000000000007
16247,photographer,photographer,M,M→F,2,photographer,photographer,True,photographer,False,0.9695,0.9714,0.9714,-0.0019000000000000128
25115,psychologist,psychologist,M,M→F,3,psychologist,psychologist,True,psychologist,False,0.9986,0.9987,0.9987,-9.999999999998899e-05
45909,professor,professor,F,F→M,2,professor,professor,True,professor,False,0.9896,0.9886,0.9886,0.0010000000000000009
48644,attorney,attorney,M,M→F,2,attorney,attorney,True,attorney,False,0.9994,0.9995,0.9995,-0.00010000000000010001
65372,nurse,nurse,F,F→M,2,nurse,nurse,True,nurse,False,0.9986,0.9986,0.9986,0.0
26272,professor,professor,F,F→M,3,professor,professor,True,professor,False,0.9986,0.9986,0.9986,0.0
61375,physician,physician,F,F→M,3,physician,physician,True,physician,False,0.9994,0.9994,0.9994,0.0
33140,attorney,attorney,M,M→F,5,attorney,attorney,True,nurse,True,0.4094,0.1443,0.269,0.2651
88253,model,model,F,F→M,4,model,model,True,model,False,0.9989,0.9987,0.9987,0.00019999999999997797
49653,professor,professor,F,F→M,3,professor,professor,True,professor,False,0.9994,0.9994,0.9994,0.0
65947,composer,composer,M,M→F,4,composer,composer,True,composer,False,0.992,0.99,0.99,0.0020000000000000018
2854,professor,professor,F,F→M,1,professor,professor,True,professor,False,0.9963,0.9943,0.9943,0.0020000000000000018
82139,nurse,nurse,F,F→M,1,nurse,nurse,True,nurse,False,0.9994,0.9994,0.9994,0.0
37671,software engineer,software engineer,M,M→F,4,software engineer,software engineer,True,software engineer,False,0.4698,0.4684,0.4684,0.0014000000000000123
7084,photographer,photographer,M,M→F,5,photographer,photographer,True,photographer,False,0.9906,0.992,0.992,-0.0013999999999999568
71189,attorney,attorney,M,M→F,6,attorney,attorney,True,attorney,False,0.9993,0.9993,0.9993,0.0
26071,journalist,journalist,F,F→M,2,journalist,journalist,True,journalist,False,0.9793,0.923,0.923,0.056299999999999906
79348,model,model,F,F→M,4,model,model,True,model,False,0.999,0.999,0.999,0.0
86781,photographer,photographer,M,M→F,4,photographer,photographer,True,photographer,False,0.9614,0.9621,0.9621,-0.0006999999999999229
27634,professor,professor,M,M→F,1,professor,professor,True,professor,False,0.9988,0.999,0.999,-0.00019999999999997797
37370,surgeon,surgeon,M,M→F,3,surgeon,surgeon,True,surgeon,False,0.9963,0.9961,0.9961,0.00019999999999997797
1417,teacher,teacher,F,F→M,8,teacher,teacher,True,teacher,False,0.9959,0.9949,0.9949,0.0010000000000000009
83374,photographer,photographer,M,M→F,1,photographer,photographer,True,photographer,False,0.3078,0.4276,0.4276,-0.11979999999999996
82987,journalist,journalist,M,M→F,6,journalist,journalist,True,journalist,False,0.9893,0.9924,0.9924,-0.0030999999999999917
51213,physician,physician,F,F→M,3,physician,physician,True,physician,False,0.9936,0.9761,0.9761,0.01750000000000007
87481,painter,painter,F,F→M,1,painter,painter,True,painter,False,0.7807,0.7575,0.7575,0.0232
94981,physician,physician,M,M→F,2,physician,physician,True,psychologist,True,0.4193,0.1635,0.427,0.2558
67490,psychologist,psychologist,M,M→F,2,psychologist,psychologist,True,psychologist,False,0.6084,0.5678,0.5678,0.04060000000000008
91163,journalist,journalist,F,F→M,3,journalist,journalist,True,journalist,False,0.9941,0.9916,0.9916,0.0024999999999999467
78130,dentist,dentist,M,M→F,2,dentist,dentist,True,dentist,False,0.952,0.9527,0.9527,-0.0007000000000000339
62471,filmmaker,filmmaker,F,F→M,4,filmmaker,filmmaker,True,filmmaker,False,0.9696,0.9627,0.9627,0.006900000000000017
84529,dentist,dentist,M,M→F,1,dentist,dentist,True,dentist,False,0.9967,0.9967,0.9967,0.0
18793,attorney,attorney,M,M→F,1,attorney,attorney,True,attorney,False,0.7241,0.6941,0.6941,0.029999999999999916
64410,professor,professor,M,M→F,5,professor,professor,True,professor,False,0.9995,0.9995,0.9995,0.0
50844,software engineer,software engineer,F,F→M,3,software engineer,software engineer,True,software engineer,False,0.9705,0.9641,0.9641,0.006400000000000072
13425,professor,professor,M,M→F,4,professor,professor,True,professor,False,0.9994,0.9994,0.9994,0.0
48553,psychologist,psychologist,F,F→M,6,psychologist,psychologist,True,psychologist,False,0.9952,0.9942,0.9942,0.0010000000000000009
12352,photographer,photographer,M,M→F,3,photographer,photographer,True,journalist,True,0.6851,0.1195,0.8747,0.5656000000000001
84228,journalist,journalist,M,M→F,2,journalist,journalist,True,journalist,False,0.9937,0.9911,0.9911,0.0026000000000000467
86148,journalist,journalist,F,F→M,4,journalist,journalist,True,journalist,False,0.9957,0.9945,0.9945,0.0011999999999999789
57774,attorney,attorney,M,M→F,5,attorney,attorney,True,attorney,False,0.6529,0.6927,0.6927,-0.03979999999999995
91025,attorney,attorney,M,M→F,1,attorney,attorney,True,attorney,False,0.9842,0.9589,0.9589,0.02529999999999999
35496,professor,professor,M,M→F,1,professor,professor,True,professor,False,0.9892,0.9857,0.9857,0.0034999999999999476
29376,professor,professor,F,F→M,2,professor,professor,True,professor,False,0.9983,0.9981,0.9981,0.00019999999999997797
11657,model,model,M,M→F,3,model,model,True,model,False,0.5907,0.9602,0.9602,-0.36950000000000005
23327,professor,professor,F,F→M,1,professor,professor,True,professor,False,0.4874,0.5765,0.5765,-0.08910000000000001
85519,architect,architect,F,F→M,3,architect,architect,True,architect,False,0.9943,0.9934,0.9934,0.0009000000000000119
48435,professor,professor,F,F→M,2,professor,professor,True,professor,False,0.9102,0.9009,0.9009,0.009299999999999975
16838,professor,professor,M,M→F,8,professor,professor,True,professor,False,0.9993,0.9993,0.9993,0.0
49754,attorney,attorney,M,M→F,1,attorney,attorney,True,attorney,False,0.9995,0.9995,0.9995,0.0
20309,surgeon,surgeon,M,M→F,4,surgeon,surgeon,True,surgeon,False,0.956,0.9572,0.9572,-0.0012000000000000899
43066,professor,professor,M,M→F,4,professor,professor,True,professor,False,0.9727,0.9852,0.9852,-0.012499999999999956
65961,filmmaker,filmmaker,F,F→M,2,filmmaker,filmmaker,True,filmmaker,False,0.8361,0.8553,0.8553,-0.019199999999999995
83021,professor,professor,M,M→F,2,professor,professor,True,professor,False,0.746,0.7087,0.7087,0.0373
62957,painter,painter,M,M→F,3,painter,painter,True,painter,False,0.9927,0.9932,0.9932,-0.0004999999999999449
83135,attorney,attorney,F,F→M,4,attorney,attorney,True,attorney,False,0.9897,0.992,0.992,-0.0022999999999999687
51702,professor,professor,F,F→M,4,professor,professor,True,professor,False,0.9992,0.9992,0.9992,0.0
36195,professor,professor,M,M→F,4,professor,professor,True,professor,False,0.8898,0.9326,0.9326,-0.04279999999999995
9024,teacher,teacher,F,F→M,1,teacher,teacher,True,teacher,False,0.9962,0.995,0.995,0.0011999999999999789
24391,professor,professor,M,M→F,2,professor,professor,True,professor,False,0.9964,0.9966,0.9966,-0.000200000000000089
78248,poet,poet,F,F→M,3,poet,poet,True,poet,False,0.9861,0.9856,0.9856,0.0004999999999999449
61546,software engineer,software engineer,M,M→F,5,software engineer,software engineer,True,software engineer,False,0.7971,0.8322,0.8322,-0.03510000000000002
83798,physician,physician,M,M→F,2,physician,physician,True,physician,False,0.8581,0.939,0.939,-0.08089999999999997
35096,photographer,photographer,F,F→M,2,photographer,photographer,True,photographer,False,0.9963,0.9959,0.9959,0.00039999999999995595
73473,professor,professor,M,M→F,2,professor,professor,True,professor,False,0.9992,0.9992,0.9992,0.0
36810,software engineer,software engineer,M,M→F,2,software engineer,software engineer,True,software engineer,False,0.6962,0.7396,0.7396,-0.043399999999999994
16319,professor,professor,F,F→M,3,professor,professor,True,professor,False,0.9844,0.9904,0.9904,-0.005999999999999894
6583,psychologist,psychologist,M,M→F,3,psychologist,psychologist,True,psychologist,False,0.9961,0.9965,0.9965,-0.00040000000000006697
45741,photographer,photographer,M,M→F,2,photographer,photographer,True,photographer,False,0.9968,0.9946,0.9946,0.0021999999999999797
29212,journalist,journalist,F,F→M,2,journalist,journalist,True,attorney,True,0.3679,0.2506,0.2734,0.11730000000000002
38598,photographer,photographer,F,F→M,3,photographer,photographer,True,photographer,False,0.4914,0.8101,0.8101,-0.31870000000000004
63768,professor,professor,M,M→F,3,professor,professor,True,professor,False,0.961,0.9736,0.9736,-0.012600000000000056
68503,painter,painter,F,F→M,1,painter,painter,True,painter,False,0.816,0.6238,0.6238,0.19219999999999993
15032,physician,physician,F,F→M,2,physician,physician,True,physician,False,0.9995,0.9995,0.9995,0.0
90520,photographer,photographer,M,M→F,2,photographer,photographer,True,photographer,False,0.9626,0.9721,0.9721,-0.009499999999999953
78317,professor,professor,M,M→F,2,professor,professor,True,professor,False,0.9989,0.9989,0.9989,0.0
89764,professor,professor,M,M→F,6,professor,professor,True,professor,False,0.9986,0.9986,0.9986,0.0
27550,professor,professor,M,M→F,2,professor,professor,True,professor,False,0.9983,0.9983,0.9983,0.0
19987,model,model,F,F→M,5,model,model,True,model,False,0.9986,0.9986,0.9986,0.0
93414,professor,professor,M,M→F,4,professor,professor,True,professor,False,0.9991,0.9992,0.9992,-9.999999999998899e-05
48079,dentist,dentist,M,M→F,2,dentist,dentist,True,dentist,False,0.9972,0.9974,0.9974,-0.00019999999999997797
23447,physician,physician,M,M→F,4,physician,physician,True,physician,False,0.9991,0.9988,0.9988,0.00029999999999996696
15205,psychologist,psychologist,F,F→M,1,psychologist,psychologist,True,psychologist,False,0.9988,0.9988,0.9988,0.0
80166,attorney,attorney,F,F→M,2,attorney,attorney,True,attorney,False,0.999,0.9988,0.9988,0.00019999999999997797
76081,professor,professor,M,M→F,4,professor,professor,True,professor,False,0.9995,0.9995,0.9995,0.0
70032,journalist,journalist,M,M→F,7,journalist,journalist,True,journalist,False,0.9539,0.971,0.971,-0.017100000000000004
93786,model,model,M,M→F,3,model,model,True,model,False,0.9962,0.9984,0.9984,-0.0021999999999999797
52286,attorney,attorney,M,M→F,1,attorney,attorney,True,attorney,False,0.9992,0.9992,0.9992,0.0
54051,surgeon,surgeon,F,F→M,1,surgeon,surgeon,True,surgeon,False,0.9813,0.9798,0.9798,0.0014999999999999458
58078,professor,professor,F,F→M,1,professor,professor,True,professor,False,0.9959,0.996,0.996,-9.999999999998899e-05
48893,physician,physician,F,F→M,3,physician,physician,True,physician,False,0.9994,0.9994,0.9994,0.0
15227,architect,architect,F,F→M,4,architect,architect,True,architect,False,0.9932,0.9946,0.9946,-0.0014000000000000679
25267,professor,professor,M,M→F,3,professor,professor,True,professor,False,0.9994,0.9994,0.9994,0.0
37621,surgeon,surgeon,M,M→F,3,surgeon,surgeon,True,surgeon,False,0.8617,0.7335,0.7335,0.12819999999999998
63007,professor,professor,F,F→M,4,professor,professor,True,professor,False,0.9965,0.9969,0.9969,-0.00039999999999995595
8914,physician,physician,F,F→M,6,physician,physician,True,physician,False,0.9809,0.947,0.947,0.03390000000000004
75787,physician,physician,F,F→M,1,physician,physician,True,physician,False,0.9838,0.9364,0.9364,0.0474
88425,professor,professor,M,M→F,1,professor,professor,True,professor,False,0.9992,0.9992,0.9992,0.0
49788,attorney,attorney,F,F→M,3,attorney,attorney,True,attorney,False,0.9994,0.9994,0.9994,0.0
58638,attorney,attorney,F,F→M,4,attorney,attorney,True,attorney,False,0.9983,0.9969,0.9969,0.0013999999999999568
61987,physician,physician,F,F→M,6,physician,physician,True,physician,False,0.9777,0.9425,0.9425,0.03520000000000001
81868,journalist,journalist,F,F→M,1,journalist,journalist,True,journalist,False,0.997,0.9962,0.9962,0.0008000000000000229
38356,surgeon,surgeon,M,M→F,5,surgeon,surgeon,True,surgeon,False,0.9645,0.9379,0.9379,0.026600000000000068
66696,accountant,accountant,M,M→F,3,accountant,accountant,True,accountant,False,0.9978,0.998,0.998,-0.00019999999999997797
81401,professor,professor,M,M→F,2,professor,professor,True,professor,False,0.9991,0.9991,0.9991,0.0
93520,painter,painter,F,F→M,5,painter,painter,True,painter,False,0.8773,0.8412,0.8412,0.03610000000000002
47694,nurse,nurse,F,F→M,3,nurse,nurse,True,nurse,False,0.9848,0.5661,0.5661,0.41869999999999996
91173,nurse,nurse,F,F→M,3,nurse,nurse,True,nurse,False,0.9991,0.999,0.999,9.999999999998899e-05
61576,professor,professor,M,M→F,3,professor,professor,True,professor,False,0.9994,0.9994,0.9994,0.0
63793,psychologist,psychologist,F,F→M,1,psychologist,psychologist,True,psychologist,False,0.9814,0.9815,0.9815,-9.999999999998899e-05
56743,physician,physician,F,F→M,2,physician,physician,True,physician,False,0.9994,0.9993,0.9993,9.999999999998899e-05
70060,professor,professor,F,F→M,3,professor,professor,True,professor,False,0.9773,0.9769,0.9769,0.00039999999999995595
94502,professor,professor,F,F→M,1,professor,professor,True,professor,False,0.9949,0.9926,0.9926,0.0022999999999999687
85452,model,model,F,F→M,3,model,model,True,model,False,0.9907,0.9662,0.9662,0.024500000000000077
76104,professor,professor,F,F→M,4,professor,professor,True,professor,False,0.9859,0.9884,0.9884,-0.0024999999999999467
18534,journalist,journalist,F,F→M,2,journalist,journalist,True,journalist,False,0.9971,0.9963,0.9963,0.0008000000000000229
82038,dietitian,dietitian,F,F→M,1,dietitian,dietitian,True,dietitian,False,0.9988,0.9988,0.9988,0.0
22877,professor,professor,M,M→F,2,professor,professor,True,professor,False,0.9983,0.9985,0.9985,-0.000200000000000089
79524,professor,professor,M,M→F,2,professor,professor,True,professor,False,0.5374,0.5137,0.5137,0.023699999999999943
43975,teacher,teacher,F,F→M,4,teacher,teacher,True,professor,True,0.5529,0.4822,0.5124,0.07069999999999993
42132,journalist,journalist,F,F→M,4,journalist,journalist,True,journalist,False,0.9866,0.9794,0.9794,0.007199999999999984
94052,attorney,attorney,M,M→F,1,attorney,attorney,True,attorney,False,0.9995,0.9995,0.9995,0.0
36186,professor,professor,F,F→M,2,professor,professor,True,professor,False,0.9966,0.9953,0.9953,0.0013000000000000789
15649,surgeon,surgeon,M,M→F,1,surgeon,surgeon,True,surgeon,False,0.9984,0.9984,0.9984,0.0
24896,photographer,photographer,M,M→F,1,photographer,photographer,True,photographer,False,0.908,0.9237,0.9237,-0.015699999999999936
58389,attorney,attorney,M,M→F,5,attorney,attorney,True,attorney,False,0.9994,0.9993,0.9993,9.999999999998899e-05
60975,journalist,journalist,F,F→M,5,journalist,journalist,True,photographer,True,0.2759,0.1481,0.2422,0.12779999999999997
43795,professor,professor,F,F→M,4,professor,professor,True,professor,False,0.9508,0.9391,0.9391,0.011699999999999933
48300,photographer,photographer,M,M→F,3,photographer,photographer,True,photographer,False,0.7848,0.8123,0.8123,-0.02749999999999997
5417,professor,professor,M,M→F,1,professor,professor,True,professor,False,0.9967,0.9967,0.9967,0.0
17379,physician,physician,F,F→M,2,physician,physician,True,physician,False,0.6824,0.6248,0.6248,0.057599999999999985
57152,physician,physician,F,F→M,3,physician,physician,True,physician,False,0.9995,0.9995,0.9995,0.0
74032,professor,professor,M,M→F,5,professor,professor,True,professor,False,0.9985,0.9985,0.9985,0.0
73636,attorney,attorney,M,M→F,4,attorney,attorney,True,attorney,False,0.9928,0.9913,0.9913,0.0015000000000000568
1506,surgeon,surgeon,M,M→F,2,surgeon,surgeon,True,surgeon,False,0.9852,0.9814,0.9814,0.0037999999999999146
95080,professor,professor,M,M→F,6,professor,professor,True,professor,False,0.9985,0.9985,0.9985,0.0
26395,attorney,attorney,F,F→M,4,attorney,attorney,True,attorney,False,0.9981,0.9979,0.9979,0.00019999999999997797
49445,teacher,teacher,M,M→F,2,teacher,teacher,True,journalist,True,0.2747,0.2279,0.3061,0.04680000000000001
72750,model,model,M,M→F,5,model,model,True,model,False,0.9986,0.9986,0.9986,0.0
75972,surgeon,surgeon,M,M→F,2,surgeon,surgeon,True,surgeon,False,0.9976,0.9977,0.9977,-9.999999999998899e-05
44113,nurse,nurse,F,F→M,1,nurse,nurse,True,nurse,False,0.9994,0.9994,0.9994,0.0
8413,dentist,dentist,M,M→F,2,dentist,dentist,True,dentist,False,0.9485,0.9491,0.9491,-0.0006000000000000449
35477,professor,professor,M,M→F,2,professor,professor,True,professor,False,0.9993,0.9993,0.9993,0.0
28765,professor,professor,F,F→M,4,professor,professor,True,professor,False,0.9985,0.9984,0.9984,0.00010000000000010001
53745,photographer,photographer,M,M→F,4,photographer,photographer,True,photographer,False,0.9978,0.9975,0.9975,0.00029999999999996696
32835,nurse,nurse,F,F→M,9,nurse,nurse,True,physician,True,0.8684,0.3552,0.3648,0.5131999999999999
26051,professor,professor,F,F→M,7,professor,professor,True,professor,False,0.9959,0.9954,0.9954,0.000500000000000056
67020,professor,professor,F,F→M,2,professor,professor,True,professor,False,0.9935,0.9947,0.9947,-0.0011999999999999789
90358,poet,poet,F,F→M,5,poet,poet,True,poet,False,0.9866,0.9881,0.9881,-0.0014999999999999458
44241,professor,professor,M,M→F,6,professor,professor,True,professor,False,0.9994,0.9994,0.9994,0.0
42646,composer,composer,M,M→F,4,composer,composer,True,composer,False,0.993,0.9937,0.9937,-0.0007000000000000339
56344,physician,physician,M,M→F,1,physician,physician,True,physician,False,0.9269,0.972,0.972,-0.04510000000000003
3542,photographer,photographer,M,M→F,2,photographer,photographer,True,photographer,False,0.9935,0.9927,0.9927,0.0008000000000000229
48103,professor,professor,M,M→F,3,professor,professor,True,professor,False,0.999,0.9989,0.9989,9.999999999998899e-05
49986,professor,professor,M,M→F,6,professor,professor,True,professor,False,0.9984,0.9983,0.9983,9.999999999998899e-05
92854,professor,professor,M,M→F,4,professor,professor,True,professor,False,0.6505,0.6481,0.6481,0.0023999999999999577
31729,poet,poet,M,M→F,3,poet,poet,True,poet,False,0.9857,0.9852,0.9852,0.000500000000000056
20249,professor,professor,M,M→F,2,professor,professor,True,professor,False,0.9994,0.9994,0.9994,0.0
88575,professor,professor,M,M→F,4,professor,professor,True,professor,False,0.9839,0.9853,0.9853,-0.0013999999999999568
1824,comedian,comedian,F,F→M,3,comedian,comedian,True,comedian,False,0.988,0.9942,0.9942,-0.006199999999999983
86371,professor,professor,M,M→F,5,professor,professor,True,professor,False,0.9987,0.9987,0.9987,0.0
73968,nurse,nurse,F,F→M,1,nurse,nurse,True,nurse,False,0.9994,0.9994,0.9994,0.0
11229,attorney,attorney,F,F→M,3,attorney,attorney,True,attorney,False,0.856,0.8573,0.8573,-0.0012999999999999678
24830,professor,professor,M,M→F,5,professor,professor,True,professor,False,0.9914,0.992,0.992,-0.0006000000000000449
94999,physician,physician,M,M→F,1,physician,physician,True,physician,False,0.5398,0.4522,0.4522,0.08759999999999996
86993,accountant,accountant,M,M→F,2,accountant,accountant,True,accountant,False,0.997,0.9976,0.9976,-0.0006000000000000449
19416,poet,poet,F,F→M,6,poet,poet,True,poet,False,0.9752,0.9792,0.9792,-0.0040000000000000036
85089,physician,physician,M,M→F,6,physician,physician,True,physician,False,0.905,0.964,0.964,-0.05899999999999994
39934,journalist,journalist,M,M→F,5,journalist,journalist,True,journalist,False,0.6498,0.782,0.782,-0.13219999999999998
26468,dentist,dentist,M,M→F,1,dentist,dentist,True,dentist,False,0.9932,0.9954,0.9954,-0.0021999999999999797
6570,model,model,F,F→M,4,model,model,True,model,False,0.999,0.999,0.999,0.0
45269,professor,professor,M,M→F,2,professor,professor,True,professor,False,0.9992,0.9992,0.9992,0.0
29227,photographer,photographer,F,F→M,2,photographer,photographer,True,photographer,False,0.9889,0.9886,0.9886,0.00029999999999996696
27005,journalist,journalist,F,F→M,1,journalist,journalist,True,journalist,False,0.9973,0.9967,0.9967,0.0005999999999999339
8152,painter,painter,F,F→M,3,painter,painter,True,painter,False,0.9164,0.9726,0.9726,-0.05620000000000003
1431,nurse,nurse,F,F→M,7,nurse,nurse,True,nurse,False,0.5854,0.5959,0.5959,-0.010499999999999954
48761,teacher,teacher,F,F→M,7,teacher,teacher,True,teacher,False,0.8555,0.879,0.879,-0.023499999999999965
85569,nurse,nurse,F,F→M,3,nurse,nurse,True,nurse,False,0.9798,0.9514,0.9514,0.02839999999999998
81414,professor,professor,M,M→F,3,professor,professor,True,professor,False,0.853,0.8545,0.8545,-0.0015000000000000568
92176,psychologist,psychologist,M,M→F,2,psychologist,psychologist,True,psychologist,False,0.9977,0.9973,0.9973,0.00040000000000006697
20218,journalist,journalist,F,F→M,2,journalist,journalist,True,journalist,False,0.9785,0.9815,0.9815,-0.0030000000000000027
64102,professor,professor,F,F→M,7,professor,professor,True,professor,False,0.9986,0.9988,0.9988,-0.00019999999999997797
25902,professor,professor,M,M→F,1,professor,professor,True,professor,False,0.9967,0.9962,0.9962,0.000500000000000056
58979,attorney,attorney,M,M→F,8,attorney,attorney,True,attorney,False,0.9993,0.9994,0.9994,-9.999999999998899e-05
54552,photographer,photographer,F,F→M,5,photographer,photographer,True,photographer,False,0.9948,0.9945,0.9945,0.00029999999999996696
56561,architect,architect,M,M→F,1,architect,architect,True,architect,False,0.988,0.9892,0.9892,-0.0011999999999999789
92810,professor,professor,M,M→F,3,professor,professor,True,professor,False,0.9993,0.9993,0.9993,0.0
72082,professor,professor,F,F→M,2,professor,professor,True,professor,False,0.9937,0.9938,0.9938,-9.999999999998899e-05
34181,software engineer,software engineer,F,F→M,4,software engineer,software engineer,True,software engineer,False,0.8599,0.8213,0.8213,0.03859999999999997
59375,physician,physician,M,M→F,3,physician,physician,True,dietitian,True,0.6728,0.1271,0.7965,0.5457
2439,professor,professor,F,F→M,3,professor,professor,True,professor,False,0.999,0.999,0.999,0.0
16283,filmmaker,filmmaker,M,M→F,2,filmmaker,filmmaker,True,filmmaker,False,0.9286,0.9473,0.9473,-0.01870000000000005
57383,professor,professor,F,F→M,1,professor,professor,True,professor,False,0.9995,0.9995,0.9995,0.0
58249,professor,professor,F,F→M,5,professor,professor,True,professor,False,0.9983,0.9982,0.9982,9.999999999998899e-05
20245,surgeon,surgeon,M,M→F,1,surgeon,surgeon,True,surgeon,False,0.9983,0.9983,0.9983,0.0
35822,journalist,journalist,F,F→M,3,journalist,journalist,True,journalist,False,0.9876,0.9879,0.9879,-0.00029999999999996696
1667,accountant,accountant,M,M→F,2,accountant,accountant,True,accountant,False,0.9056,0.9546,0.9546,-0.049000000000000044
12694,photographer,photographer,M,M→F,2,photographer,photographer,True,photographer,False,0.9978,0.998,0.998,-0.00019999999999997797
14215,professor,professor,M,M→F,6,professor,professor,True,professor,False,0.9993,0.9993,0.9993,0.0
4189,architect,architect,M,M→F,2,architect,architect,True,architect,False,0.8869,0.8729,0.8729,0.014000000000000012
63241,professor,professor,M,M→F,2,professor,professor,True,professor,False,0.9995,0.9995,0.9995,0.0
41735,attorney,attorney,F,F→M,1,attorney,attorney,True,attorney,False,0.9994,0.9994,0.9994,0.0
18024,surgeon,surgeon,M,M→F,1,surgeon,surgeon,True,surgeon,False,0.9957,0.9957,0.9957,0.0
25906,professor,professor,F,F→M,2,professor,professor,True,professor,False,0.9977,0.9977,0.9977,0.0
9016,journalist,journalist,F,F→M,3,journalist,journalist,True,journalist,False,0.9974,0.9965,0.9965,0.0008999999999999009
86076,physician,physician,M,M→F,1,physician,physician,True,physician,False,0.9026,0.9303,0.9303,-0.027700000000000058
20721,painter,painter,M,M→F,5,painter,painter,True,painter,False,0.7689,0.9004,0.9004,-0.13149999999999995
25635,psychologist,psychologist,F,F→M,2,psychologist,psychologist,True,psychologist,False,0.9577,0.759,0.759,0.1987
37285,photographer,photographer,F,F→M,3,photographer,photographer,True,photographer,False,0.9978,0.9977,0.9977,9.999999999998899e-05
69828,professor,professor,F,F→M,3,professor,professor,True,professor,False,0.9988,0.9988,0.9988,0.0
71062,professor,professor,M,M→F,3,professor,professor,True,professor,False,0.9995,0.9995,0.9995,0.0
86741,photographer,photographer,M,M→F,2,photographer,photographer,True,photographer,False,0.9961,0.9963,0.9963,-0.00019999999999997797
57269,psychologist,psychologist,F,F→M,2,psychologist,psychologist,True,psychologist,False,0.9193,0.963,0.963,-0.04369999999999996
11509,teacher,teacher,F,F→M,2,teacher,teacher,True,teacher,False,0.9963,0.996,0.996,0.00029999999999996696
13738,photographer,photographer,M,M→F,5,photographer,photographer,True,photographer,False,0.9981,0.9981,0.9981,0.0
56172,psychologist,psychologist,M,M→F,4,psychologist,psychologist,True,psychologist,False,0.6722,0.6781,0.6781,-0.005900000000000016
58345,professor,professor,F,F→M,1,professor,professor,True,professor,False,0.9994,0.9994,0.9994,0.0
56085,professor,professor,M,M→F,5,professor,professor,True,professor,False,0.9995,0.9995,0.9995,0.0
50387,professor,professor,F,F→M,4,professor,professor,True,professor,False,0.9988,0.9988,0.9988,0.0
52874,software engineer,software engineer,M,M→F,1,software engineer,software engineer,True,software engineer,False,0.9157,0.9389,0.9389,-0.0232
64391,professor,professor,M,M→F,1,professor,professor,True,professor,False,0.9803,0.9823,0.9823,-0.0020000000000000018
88120,professor,professor,M,M→F,1,professor,professor,True,professor,False,0.9935,0.9937,0.9937,-0.00019999999999997797
53160,teacher,teacher,F,F→M,8,teacher,teacher,True,teacher,False,0.6493,0.7359,0.7359,-0.08660000000000001
77353,photographer,photographer,M,M→F,3,photographer,photographer,True,photographer,False,0.9895,0.9907,0.9907,-0.0011999999999999789
20376,journalist,journalist,M,M→F,1,journalist,journalist,True,journalist,False,0.9869,0.9899,0.9899,-0.0030000000000000027
36370,physician,physician,F,F→M,6,physician,physician,True,physician,False,0.6389,0.8469,0.8469,-0.20799999999999996
45290,attorney,attorney,M,M→F,2,attorney,attorney,True,attorney,False,0.9993,0.9993,0.9993,0.0
61676,teacher,teacher,F,F→M,6,teacher,teacher,True,teacher,False,0.765,0.8429,0.8429,-0.07789999999999997
71901,professor,professor,M,M→F,3,professor,professor,True,professor,False,0.9988,0.9989,0.9989,-9.999999999998899e-05
48593,physician,physician,M,M→F,3,physician,physician,True,physician,False,0.9976,0.999,0.999,-0.0013999999999999568
77029,physician,physician,F,F→M,2,physician,physician,True,physician,False,0.9985,0.9989,0.9989,-0.00039999999999995595
62420,poet,poet,M,M→F,4,poet,poet,True,poet,False,0.9858,0.9837,0.9837,0.0020999999999999908
37155,professor,professor,M,M→F,6,professor,professor,True,professor,False,0.9956,0.9971,0.9971,-0.0014999999999999458
23315,psychologist,psychologist,M,M→F,5,psychologist,psychologist,True,psychologist,False,0.9972,0.9965,0.9965,0.0006999999999999229
47360,painter,painter,F,F→M,3,painter,painter,True,painter,False,0.9959,0.9954,0.9954,0.000500000000000056
49966,professor,professor,F,F→M,3,professor,professor,True,professor,False,0.9867,0.9899,0.9899,-0.0031999999999999806
2931,professor,professor,M,M→F,1,professor,professor,True,professor,False,0.7633,0.8767,0.8767,-0.11340000000000006
81661,professor,professor,F,F→M,1,professor,professor,True,professor,False,0.9936,0.9938,0.9938,-0.00019999999999997797
30135,filmmaker,filmmaker,M,M→F,1,filmmaker,filmmaker,True,filmmaker,False,0.8994,0.9706,0.9706,-0.07120000000000004
14051,teacher,teacher,F,F→M,5,teacher,teacher,True,teacher,False,0.309,0.2719,0.2719,0.03710000000000002
39889,nurse,nurse,F,F→M,2,nurse,nurse,True,nurse,False,0.9807,0.9683,0.9683,0.012399999999999967
72222,attorney,attorney,F,F→M,5,attorney,attorney,True,attorney,False,0.9994,0.9994,0.9994,0.0
18097,nurse,nurse,F,F→M,1,nurse,nurse,True,nurse,False,0.9994,0.9994,0.9994,0.0
26318,psychologist,psychologist,M,M→F,1,psychologist,psychologist,True,psychologist,False,0.9988,0.9988,0.9988,0.0
44430,professor,professor,M,M→F,5,professor,professor,True,professor,False,0.7145,0.7731,0.7731,-0.058599999999999985
12765,teacher,teacher,F,F→M,5,teacher,teacher,True,teacher,False,0.7932,0.703,0.703,0.09020000000000006
55981,professor,professor,M,M→F,2,professor,professor,True,professor,False,0.7056,0.9077,0.9077,-0.20209999999999995
70712,professor,professor,F,F→M,1,professor,professor,True,professor,False,0.9988,0.9988,0.9988,0.0
32146,dentist,dentist,M,M→F,2,dentist,dentist,True,dentist,False,0.9982,0.9983,0.9983,-9.999999999998899e-05
46712,professor,professor,M,M→F,2,professor,professor,True,professor,False,0.9905,0.985,0.985,0.00550000000000006
46382,physician,physician,M,M→F,1,physician,physician,True,physician,False,0.9132,0.9701,0.9701,-0.05689999999999995
14767,physician,physician,M,M→F,4,physician,physician,True,physician,False,0.9971,0.9988,0.9988,-0.0017000000000000348
73514,professor,professor,M,M→F,2,professor,professor,True,professor,False,0.9994,0.9994,0.9994,0.0
69652,professor,professor,M,M→F,2,professor,professor,True,professor,False,0.9992,0.9993,0.9993,-9.999999999998899e-05
62460,nurse,nurse,F,F→M,1,nurse,nurse,True,nurse,False,0.9994,0.9994,0.9994,0.0
36774,surgeon,surgeon,M,M→F,2,surgeon,surgeon,True,surgeon,False,0.9983,0.9983,0.9983,0.0
1118,surgeon,surgeon,M,M→F,2,surgeon,surgeon,True,surgeon,False,0.9984,0.9984,0.9984,0.0
14153,attorney,attorney,F,F→M,2,attorney,attorney,True,attorney,False,0.9994,0.9994,0.9994,0.0
32929,professor,professor,F,F→M,4,professor,professor,True,professor,False,0.9994,0.9994,0.9994,0.0
56801,professor,professor,M,M→F,2,professor,professor,True,professor,False,0.9763,0.9743,0.9743,0.0019999999999998908
94873,journalist,journalist,F,F→M,3,journalist,journalist,True,journalist,False,0.9979,0.9976,0.9976,0.00029999999999996696
85006,model,model,F,F→M,4,model,model,True,model,False,0.9988,0.9988,0.9988,0.0
45844,teacher,teacher,F,F→M,3,teacher,teacher,True,teacher,False,0.9796,0.9851,0.9851,-0.005499999999999949
89542,physician,physician,F,F→M,3,physician,physician,True,physician,False,0.9994,0.9994,0.9994,0.0
9002,attorney,attorney,F,F→M,3,attorney,attorney,True,attorney,False,0.99,0.9912,0.9912,-0.0011999999999999789
13398,professor,professor,M,M→F,1,professor,professor,True,professor,False,0.9979,0.9982,0.9982,-0.00029999999999996696
43562,architect,architect,M,M→F,4,architect,architect,True,architect,False,0.8261,0.6432,0.6432,0.18289999999999995
67658,teacher,teacher,M,M→F,2,teacher,teacher,True,teacher,False,0.4916,0.6531,0.6531,-0.16150000000000003
54613,teacher,teacher,M,M→F,2,teacher,teacher,True,teacher,False,0.5385,0.7759,0.7759,-0.23740000000000006
95378,nurse,nurse,F,F→M,5,nurse,nurse,True,nurse,False,0.999,0.9988,0.9988,0.00019999999999997797
49302,surgeon,surgeon,M,M→F,2,surgeon,surgeon,True,surgeon,False,0.9983,0.9983,0.9983,0.0
36911,surgeon,surgeon,F,F→M,2,surgeon,surgeon,True,surgeon,False,0.6737,0.76,0.76,-0.08630000000000004
34097,architect,architect,M,M→F,4,architect,architect,True,architect,False,0.9941,0.9934,0.9934,0.0007000000000000339
2782,composer,composer,M,M→F,8,composer,composer,True,composer,False,0.9963,0.9964,0.9964,-9.999999999998899e-05
23671,professor,professor,M,M→F,4,professor,professor,True,professor,False,0.9993,0.9993,0.9993,0.0
34655,professor,professor,F,F→M,2,professor,professor,True,professor,False,0.9968,0.9957,0.9957,0.0010999999999999899
88367,professor,professor,M,M→F,2,professor,professor,True,professor,False,0.9987,0.9987,0.9987,0.0
44175,journalist,journalist,F,F→M,3,journalist,journalist,True,journalist,False,0.9921,0.988,0.988,0.0040999999999999925
37239,physician,physician,F,F→M,3,physician,physician,True,physician,False,0.9994,0.9994,0.9994,0.0
92911,professor,professor,M,M→F,5,professor,professor,True,professor,False,0.9939,0.9947,0.9947,-0.0008000000000000229
55575,nurse,nurse,F,F→M,3,nurse,nurse,True,nurse,False,0.9904,0.9859,0.9859,0.0044999999999999485
87432,attorney,attorney,F,F→M,1,attorney,attorney,True,attorney,False,0.998,0.998,0.998,0.0
53618,professor,professor,M,M→F,3,professor,professor,True,professor,False,0.9989,0.9992,0.9992,-0.00029999999999996696
77143,professor,professor,M,M→F,1,professor,professor,True,professor,False,0.9993,0.9993,0.9993,0.0
46105,professor,professor,M,M→F,3,professor,professor,True,professor,False,0.9995,0.9995,0.9995,0.0
47692,journalist,journalist,M,M→F,6,journalist,journalist,True,journalist,False,0.9912,0.9934,0.9934,-0.0021999999999999797
40338,physician,physician,M,M→F,2,physician,physician,True,physician,False,0.9073,0.9492,0.9492,-0.04190000000000005
5476,professor,professor,M,M→F,4,professor,professor,True,professor,False,0.9786,0.9805,0.9805,-0.0019000000000000128
77851,professor,professor,F,F→M,3,professor,professor,True,professor,False,0.9863,0.9846,0.9846,0.0016999999999999238
85834,professor,professor,F,F→M,1,professor,professor,True,professor,False,0.996,0.9957,0.9957,0.00029999999999996696
84466,painter,painter,F,F→M,7,painter,painter,True,painter,False,0.9862,0.987,0.987,-0.0008000000000000229
18723,accountant,accountant,M,M→F,3,accountant,accountant,True,accountant,False,0.9964,0.997,0.997,-0.0006000000000000449
70746,professor,professor,M,M→F,8,professor,professor,True,professor,False,0.999,0.999,0.999,0.0
68572,professor,professor,M,M→F,4,professor,professor,True,professor,False,0.7173,0.7996,0.7996,-0.08229999999999993
82476,professor,professor,M,M→F,2,professor,professor,True,professor,False,0.9985,0.9984,0.9984,0.00010000000000010001
22722,teacher,teacher,F,F→M,4,teacher,teacher,True,teacher,False,0.9971,0.9969,0.9969,0.00019999999999997797
40192,accountant,accountant,M,M→F,3,accountant,accountant,True,accountant,False,0.998,0.998,0.998,0.0
40975,photographer,photographer,M,M→F,6,photographer,photographer,True,photographer,False,0.9975,0.9978,0.9978,-0.00029999999999996696
56887,attorney,attorney,M,M→F,2,attorney,attorney,True,attorney,False,0.9993,0.9993,0.9993,0.0
33525,professor,professor,M,M→F,3,professor,professor,True,professor,False,0.9991,0.9992,0.9992,-9.999999999998899e-05
80223,teacher,teacher,F,F→M,1,teacher,teacher,True,teacher,False,0.9703,0.9812,0.9812,-0.01089999999999991
70546,professor,professor,M,M→F,2,professor,professor,True,professor,False,0.9975,0.9975,0.9975,0.0
38181,dentist,dentist,M,M→F,2,dentist,dentist,True,dentist,False,0.9472,0.9478,0.9478,-0.0005999999999999339
24109,journalist,journalist,F,F→M,2,journalist,journalist,True,journalist,False,0.987,0.98,0.98,0.007000000000000006
56995,model,model,F,F→M,4,model,model,True,model,False,0.999,0.999,0.999,0.0
72762,professor,professor,F,F→M,3,professor,professor,True,professor,False,0.9993,0.9993,0.9993,0.0
7487,filmmaker,filmmaker,M,M→F,3,filmmaker,filmmaker,True,filmmaker,False,0.9921,0.9925,0.9925,-0.00040000000000006697
81186,poet,poet,M,M→F,7,poet,poet,True,poet,False,0.9929,0.9925,0.9925,0.00039999999999995595
49308,professor,professor,F,F→M,2,professor,professor,True,professor,False,0.9988,0.9987,0.9987,9.999999999998899e-05
40864,teacher,teacher,M,M→F,4,teacher,teacher,True,teacher,False,0.992,0.9901,0.9901,0.0019000000000000128
72314,nurse,nurse,M,M→F,1,nurse,nurse,True,nurse,False,0.9994,0.9994,0.9994,0.0
92655,professor,professor,M,M→F,3,professor,professor,True,professor,False,0.9965,0.9945,0.9945,0.0020000000000000018
53989,psychologist,psychologist,F,F→M,2,psychologist,psychologist,True,psychologist,False,0.9983,0.9983,0.9983,0.0
11073,professor,professor,M,M→F,2,professor,professor,True,professor,False,0.9986,0.9986,0.9986,0.0
70018,dentist,dentist,F,F→M,2,dentist,dentist,True,dentist,False,0.9491,0.9485,0.9485,0.0006000000000000449
54003,professor,professor,F,F→M,3,professor,professor,True,professor,False,0.9947,0.9937,0.9937,0.0010000000000000009
1498,psychologist,psychologist,F,F→M,1,psychologist,psychologist,True,psychologist,False,0.7453,0.5317,0.5317,0.2136
69008,nurse,nurse,F,F→M,8,nurse,nurse,True,nurse,False,0.9921,0.9945,0.9945,-0.0024000000000000687
91725,architect,architect,F,F→M,7,architect,architect,True,architect,False,0.9933,0.9904,0.9904,0.0029000000000000137
79902,professor,professor,M,M→F,3,professor,professor,True,professor,False,0.9988,0.9988,0.9988,0.0
51401,professor,professor,F,F→M,5,professor,professor,True,professor,False,0.9967,0.9965,0.9965,0.00019999999999997797
34108,dentist,dentist,M,M→F,7,dentist,dentist,True,dentist,False,0.9251,0.7944,0.7944,0.13070000000000004
7325,professor,professor,F,F→M,1,professor,professor,True,professor,False,0.9993,0.9993,0.9993,0.0
78732,dentist,dentist,M,M→F,1,dentist,dentist,True,dentist,False,0.9496,0.9506,0.9506,-0.0010000000000000009
22560,attorney,attorney,F,F→M,4,attorney,attorney,True,attorney,False,0.9985,0.9983,0.9983,0.000200000000000089
61736,psychologist,psychologist,F,F→M,2,psychologist,psychologist,True,psychologist,False,0.7702,0.6021,0.6021,0.16810000000000003
64977,painter,painter,M,M→F,4,painter,painter,True,painter,False,0.9629,0.9683,0.9683,-0.005400000000000071
42882,teacher,teacher,M,M→F,4,teacher,teacher,True,teacher,False,0.9644,0.9815,0.9815,-0.017100000000000004
40916,photographer,photographer,F,F→M,5,photographer,photographer,True,photographer,False,0.998,0.9979,0.9979,9.999999999998899e-05
26182,psychologist,psychologist,F,F→M,3,psychologist,psychologist,True,psychologist,False,0.9966,0.9971,0.9971,-0.0004999999999999449
60149,nurse,nurse,F,F→M,4,nurse,nurse,True,nurse,False,0.5337,0.6911,0.6911,-0.1574000000000001
15067,composer,composer,F,F→M,2,composer,composer,True,composer,False,0.9943,0.9945,0.9945,-0.000200000000000089
57496,software engineer,software engineer,M,M→F,2,software engineer,software engineer,True,software engineer,False,0.9843,0.9891,0.9891,-0.0048000000000000265
47310,dentist,dentist,M,M→F,3,dentist,dentist,True,dentist,False,0.9981,0.9981,0.9981,0.0
45220,physician,physician,M,M→F,5,physician,physician,True,physician,False,0.9978,0.9989,0.9989,-0.0010999999999999899
30249,psychologist,psychologist,F,F→M,2,psychologist,psychologist,True,psychologist,False,0.9962,0.9959,0.9959,0.00029999999999996696
1409,architect,architect,M,M→F,3,architect,architect,True,architect,False,0.9974,0.9975,0.9975,-0.00010000000000010001
77777,professor,professor,M,M→F,2,professor,professor,True,professor,False,0.9988,0.9989,0.9989,-9.999999999998899e-05
17307,composer,composer,M,M→F,1,composer,composer,True,composer,False,0.9956,0.9957,0.9957,-9.999999999998899e-05
15316,professor,professor,F,F→M,1,professor,professor,True,professor,False,0.9918,0.9917,0.9917,9.999999999998899e-05
21780,attorney,attorney,F,F→M,7,attorney,attorney,True,attorney,False,0.9984,0.9987,0.9987,-0.000300000000000078
5532,nurse,nurse,F,F→M,1,nurse,nurse,True,nurse,False,0.9994,0.9994,0.9994,0.0
7709,physician,physician,F,F→M,2,physician,physician,True,physician,False,0.5713,0.9342,0.9342,-0.3629
34890,composer,composer,M,M→F,1,composer,composer,True,composer,False,0.9971,0.9969,0.9969,0.00019999999999997797
8454,professor,professor,F,F→M,3,professor,professor,True,professor,False,0.9985,0.9985,0.9985,0.0
64487,nurse,nurse,F,F→M,1,nurse,nurse,True,nurse,False,0.9994,0.9994,0.9994,0.0
84265,professor,professor,F,F→M,3,professor,professor,True,professor,False,0.9991,0.9992,0.9992,-9.999999999998899e-05
29824,attorney,attorney,M,M→F,3,attorney,attorney,True,attorney,False,0.994,0.9919,0.9919,0.0020999999999999908
57659,professor,professor,M,M→F,4,professor,professor,True,professor,False,0.9992,0.9992,0.9992,0.0
91175,professor,professor,F,F→M,5,professor,professor,True,psychologist,True,0.3809,0.4087,0.5347,-0.02779999999999999
53327,physician,physician,F,F→M,6,physician,physician,True,physician,False,0.9983,0.9971,0.9971,0.0011999999999999789
90361,professor,professor,M,M→F,5,professor,professor,True,professor,False,0.9941,0.9954,0.9954,-0.0012999999999999678
9399,physician,physician,M,M→F,1,physician,physician,True,physician,False,0.8469,0.7537,0.7537,0.09319999999999995
72448,photographer,photographer,M,M→F,5,photographer,photographer,True,photographer,False,0.9906,0.9918,0.9918,-0.0011999999999999789
21794,nurse,nurse,F,F→M,3,nurse,nurse,True,nurse,False,0.9977,0.9977,0.9977,0.0
81832,surgeon,surgeon,M,M→F,2,surgeon,surgeon,True,nurse,True,0.7922,0.0104,0.9368,0.7818
88791,attorney,attorney,M,M→F,3,attorney,attorney,True,attorney,False,0.9985,0.9987,0.9987,-0.00019999999999997797
91329,physician,physician,M,M→F,2,physician,physician,True,physician,False,0.9994,0.9994,0.9994,0.0
33727,software engineer,software engineer,M,M→F,2,software engineer,software engineer,True,software engineer,False,0.9576,0.9683,0.9683,-0.010700000000000043
9703,attorney,attorney,F,F→M,1,attorney,attorney,True,attorney,False,0.9994,0.9994,0.9994,0.0
26066,filmmaker,filmmaker,F,F→M,2,filmmaker,filmmaker,True,filmmaker,False,0.9929,0.9923,0.9923,0.0006000000000000449
56982,professor,professor,M,M→F,3,professor,professor,True,professor,False,0.8511,0.9616,0.9616,-0.11050000000000004
72927,photographer,photographer,M,M→F,1,photographer,photographer,True,photographer,False,0.9924,0.9911,0.9911,0.0012999999999999678
71674,poet,poet,M,M→F,7,poet,poet,True,poet,False,0.9919,0.9916,0.9916,0.00029999999999996696
86954,professor,professor,M,M→F,2,professor,professor,True,professor,False,0.851,0.8436,0.8436,0.007399999999999962
50925,professor,professor,F,F→M,6,professor,professor,True,professor,False,0.9993,0.9993,0.9993,0.0
71711,attorney,attorney,F,F→M,1,attorney,attorney,True,attorney,False,0.9994,0.9994,0.9994,0.0
63125,physician,physician,M,M→F,3,physician,physician,True,physician,False,0.9461,0.9864,0.9864,-0.0403
60230,filmmaker,filmmaker,M,M→F,4,filmmaker,filmmaker,True,filmmaker,False,0.9353,0.9712,0.9712,-0.03589999999999993
45751,architect,architect,M,M→F,3,architect,architect,True,architect,False,0.994,0.9924,0.9924,0.0016000000000000458
80716,comedian,comedian,M,M→F,3,comedian,comedian,True,attorney,True,0.2958,0.0508,0.2023,0.245
51423,comedian,comedian,F,F→M,6,comedian,comedian,True,comedian,False,0.997,0.9971,0.9971,-9.999999999998899e-05
86382,surgeon,surgeon,M,M→F,4,surgeon,surgeon,True,surgeon,False,0.9948,0.9928,0.9928,0.0020000000000000018
19101,journalist,journalist,M,M→F,2,journalist,journalist,True,journalist,False,0.8974,0.9474,0.9474,-0.050000000000000044
61275,professor,professor,M,M→F,2,professor,professor,True,professor,False,0.9992,0.9992,0.9992,0.0
58728,professor,professor,F,F→M,3,professor,professor,True,professor,False,0.9994,0.9994,0.9994,0.0
78975,physician,physician,M,M→F,6,physician,physician,True,physician,False,0.9555,0.9884,0.9884,-0.03289999999999993
13943,attorney,attorney,F,F→M,10,attorney,attorney,True,attorney,False,0.9995,0.9995,0.9995,0.0
93798,professor,professor,F,F→M,6,professor,professor,True,professor,False,0.9994,0.9994,0.9994,0.0
47841,journalist,journalist,M,M→F,1,journalist,journalist,True,journalist,False,0.9978,0.9979,0.9979,-9.999999999998899e-05
18289,professor,professor,M,M→F,3,professor,professor,True,professor,False,0.736,0.7647,0.7647,-0.02870000000000006
35401,surgeon,surgeon,M,M→F,1,surgeon,surgeon,True,surgeon,False,0.9537,0.9292,0.9292,0.024499999999999966
72876,professor,professor,M,M→F,5,professor,professor,True,professor,False,0.9995,0.9995,0.9995,0.0
23724,professor,professor,M,M→F,7,professor,professor,True,professor,False,0.9823,0.9886,0.9886,-0.006300000000000083
40048,accountant,accountant,F,F→M,8,accountant,accountant,True,accountant,False,0.2152,0.3316,0.3316,-0.1164
47520,physician,physician,F,F→M,3,physician,physician,True,physician,False,0.9994,0.9994,0.9994,0.0
91375,photographer,photographer,F,F→M,1,photographer,photographer,True,photographer,False,0.9977,0.9977,0.9977,0.0
20563,teacher,teacher,F,F→M,5,teacher,teacher,True,teacher,False,0.9947,0.9952,0.9952,-0.0004999999999999449
16121,professor,professor,M,M→F,5,professor,professor,True,professor,False,0.9976,0.9975,0.9975,9.999999999998899e-05
41721,painter,painter,F,F→M,1,painter,painter,True,painter,False,0.9515,0.9597,0.9597,-0.008199999999999985
72599,professor,professor,M,M→F,1,professor,professor,True,professor,False,0.9984,0.9984,0.9984,0.0
78503,professor,professor,M,M→F,2,professor,professor,True,professor,False,0.9965,0.9954,0.9954,0.001100000000000101
76583,nurse,nurse,F,F→M,1,nurse,nurse,True,nurse,False,0.9994,0.9994,0.9994,0.0
93485,professor,professor,M,M→F,2,professor,professor,True,professor,False,0.7352,0.885,0.885,-0.14980000000000004
92804,nurse,nurse,F,F→M,4,nurse,nurse,True,nurse,False,0.9938,0.9932,0.9932,0.0006000000000000449
31756,attorney,attorney,M,M→F,8,attorney,attorney,True,attorney,False,0.9993,0.9993,0.9993,0.0
5339,physician,physician,F,F→M,2,physician,physician,True,physician,False,0.6786,0.9513,0.9513,-0.27270000000000005
17369,professor,professor,F,F→M,2,professor,professor,True,professor,False,0.999,0.999,0.999,0.0
29215,painter,painter,M,M→F,1,painter,painter,True,painter,False,0.9373,0.9424,0.9424,-0.005099999999999993
91621,professor,professor,M,M→F,1,professor,professor,True,professor,False,0.9971,0.9968,0.9968,0.00029999999999996696
21564,journalist,journalist,F,F→M,6,journalist,journalist,True,journalist,False,0.767,0.559,0.559,0.20799999999999996
42365,professor,professor,M,M→F,2,professor,professor,True,professor,False,0.9953,0.9961,0.9961,-0.0008000000000000229
65751,comedian,comedian,M,M→F,2,comedian,comedian,True,comedian,False,0.9969,0.9966,0.9966,0.00029999999999996696
45725,dentist,dentist,F,F→M,1,dentist,dentist,True,dentist,False,0.9567,0.9561,0.9561,0.0006000000000000449
64298,poet,poet,M,M→F,3,poet,poet,True,poet,False,0.6138,0.8264,0.8264,-0.2126
43483,professor,professor,F,F→M,3,professor,professor,True,professor,False,0.9993,0.9994,0.9994,-9.999999999998899e-05
63424,physician,physician,F,F→M,3,physician,physician,True,physician,False,0.9994,0.9994,0.9994,0.0
58878,attorney,attorney,F,F→M,3,attorney,attorney,True,attorney,False,0.9959,0.9958,0.9958,9.999999999998899e-05
20692,attorney,attorney,F,F→M,2,attorney,attorney,True,attorney,False,0.9995,0.9995,0.9995,0.0
4196,nurse,nurse,F,F→M,5,nurse,nurse,True,nurse,False,0.9993,0.9993,0.9993,0.0
81725,architect,architect,M,M→F,1,architect,architect,True,architect,False,0.9644,0.9573,0.9573,0.007099999999999995
62396,poet,poet,F,F→M,2,poet,poet,True,poet,False,0.4929,0.5027,0.5027,-0.009800000000000031
19034,professor,professor,F,F→M,1,professor,professor,True,professor,False,0.9978,0.9981,0.9981,-0.00029999999999996696
47719,poet,poet,F,F→M,7,poet,poet,True,poet,False,0.976,0.9806,0.9806,-0.0046000000000000485
58574,physician,physician,F,F→M,3,physician,physician,True,physician,False,0.9994,0.9994,0.9994,0.0
90188,architect,architect,M,M→F,3,architect,architect,True,software engineer,True,0.6163,0.4946,0.5005,0.12169999999999997
74328,composer,composer,M,M→F,5,composer,composer,True,composer,False,0.5854,0.52,0.52,0.06540000000000001
10987,physician,physician,F,F→M,2,physician,physician,True,physician,False,0.9994,0.9994,0.9994,0.0
80873,composer,composer,F,F→M,2,composer,composer,True,composer,False,0.9956,0.9964,0.9964,-0.0007999999999999119
14097,professor,professor,M,M→F,1,professor,professor,True,professor,False,0.9994,0.9994,0.9994,0.0
94832,attorney,attorney,M,M→F,3,attorney,attorney,True,attorney,False,0.9956,0.996,0.996,-0.00039999999999995595
37993,dietitian,dietitian,F,F→M,1,dietitian,dietitian,True,dietitian,False,0.9988,0.9987,0.9987,9.999999999998899e-05
93135,journalist,journalist,F,F→M,5,journalist,journalist,True,journalist,False,0.9933,0.9721,0.9721,0.021199999999999997
49083,professor,professor,M,M→F,4,professor,professor,True,professor,False,0.9994,0.9994,0.9994,0.0
68179,physician,physician,M,M→F,2,physician,physician,True,physician,False,0.9991,0.9992,0.9992,-9.999999999998899e-05
28123,photographer,photographer,M,M→F,3,photographer,photographer,True,photographer,False,0.9791,0.9815,0.9815,-0.0024000000000000687
1733,teacher,teacher,F,F→M,4,teacher,teacher,True,teacher,False,0.9844,0.9767,0.9767,0.00770000000000004
73699,attorney,attorney,M,M→F,2,attorney,attorney,True,attorney,False,0.9992,0.9991,0.9991,9.999999999998899e-05
35213,professor,professor,M,M→F,3,professor,professor,True,professor,False,0.9973,0.9976,0.9976,-0.000300000000000078
7907,psychologist,psychologist,M,M→F,2,psychologist,psychologist,True,psychologist,False,0.9812,0.9717,0.9717,0.009499999999999953
3350,professor,professor,F,F→M,1,professor,professor,True,professor,False,0.9991,0.9991,0.9991,0.0
32931,journalist,journalist,F,F→M,1,journalist,journalist,True,journalist,False,0.5335,0.4386,0.4386,0.09489999999999998
8265,physician,physician,M,M→F,1,physician,physician,True,physician,False,0.9422,0.9851,0.9851,-0.04289999999999994
80341,teacher,teacher,F,F→M,2,teacher,teacher,True,composer,True,0.6879,0.1907,0.4503,0.4972
43631,journalist,journalist,F,F→M,3,journalist,journalist,True,professor,True,0.8646,0.058,0.9071,0.8066
48054,journalist,journalist,M,M→F,4,journalist,journalist,True,journalist,False,0.4288,0.8879,0.8879,-0.4591
20787,dentist,dentist,M,M→F,3,dentist,dentist,True,dentist,False,0.9942,0.9948,0.9948,-0.0006000000000000449
57761,psychologist,psychologist,F,F→M,3,psychologist,psychologist,True,psychologist,False,0.9981,0.9981,0.9981,0.0
13539,physician,physician,M,M→F,3,physician,physician,True,physician,False,0.9012,0.9573,0.9573,-0.05610000000000004
66096,nurse,nurse,F,F→M,8,nurse,nurse,True,dentist,True,0.4827,0.0039,0.5831,0.4788
5722,physician,physician,F,F→M,1,physician,physician,True,physician,False,0.9991,0.9992,0.9992,-9.999999999998899e-05
69531,physician,physician,M,M→F,3,physician,physician,True,physician,False,0.9994,0.9994,0.9994,0.0
927,professor,professor,M,M→F,6,professor,professor,True,professor,False,0.9897,0.9913,0.9913,-0.0015999999999999348
25023,nurse,nurse,F,F→M,1,nurse,nurse,True,nurse,False,0.9994,0.9994,0.9994,0.0
6341,physician,physician,M,M→F,4,physician,physician,True,physician,False,0.9272,0.9662,0.9662,-0.038999999999999924
59804,professor,professor,F,F→M,2,professor,professor,True,professor,False,0.8756,0.9077,0.9077,-0.032099999999999906
25092,physician,physician,F,F→M,4,physician,physician,True,physician,False,0.9977,0.997,0.997,0.0007000000000000339
94484,professor,professor,F,F→M,4,professor,professor,True,professor,False,0.9993,0.9993,0.9993,0.0
28177,teacher,teacher,F,F→M,4,teacher,teacher,True,teacher,False,0.9715,0.9769,0.9769,-0.00539999999999996
85950,professor,professor,F,F→M,1,professor,professor,True,professor,False,0.9985,0.9984,0.9984,0.00010000000000010001
12597,psychologist,psychologist,M,M→F,4,psychologist,psychologist,True,psychologist,False,0.9947,0.9913,0.9913,0.0034000000000000696
8126,composer,composer,F,F→M,3,composer,composer,True,composer,False,0.8947,0.9087,0.9087,-0.013999999999999901
76993,professor,professor,F,F→M,3,professor,professor,True,professor,False,0.9992,0.9992,0.9992,0.0
34022,professor,professor,F,F→M,1,professor,professor,True,professor,False,0.9987,0.9985,0.9985,0.00019999999999997797
18155,professor,professor,F,F→M,3,professor,professor,True,professor,False,0.9969,0.9962,0.9962,0.0007000000000000339
85547,dietitian,dietitian,F,F→M,1,dietitian,dietitian,True,dietitian,False,0.9988,0.9987,0.9987,9.999999999998899e-05
27946,poet,poet,M,M→F,3,poet,poet,True,poet,False,0.779,0.8812,0.8812,-0.10219999999999996
74006,composer,composer,M,M→F,4,composer,composer,True,composer,False,0.9969,0.9971,0.9971,-0.00019999999999997797
73994,dentist,dentist,F,F→M,1,dentist,dentist,True,dentist,False,0.9977,0.9977,0.9977,0.0
53811,photographer,photographer,M,M→F,3,photographer,photographer,True,photographer,False,0.9963,0.9963,0.9963,0.0
36142,teacher,teacher,M,M→F,5,teacher,teacher,True,teacher,False,0.9916,0.9924,0.9924,-0.0007999999999999119
43655,physician,physician,M,M→F,5,physician,physician,True,physician,False,0.7332,0.8411,0.8411,-0.1079
75082,physician,physician,M,M→F,4,physician,physician,True,physician,False,0.9602,0.9816,0.9816,-0.021399999999999975
29736,professor,professor,M,M→F,4,professor,professor,True,professor,False,0.9994,0.9994,0.9994,0.0
78512,software engineer,software engineer,M,M→F,5,software engineer,software engineer,True,software engineer,False,0.5924,0.533,0.533,0.05940000000000001
50243,psychologist,psychologist,F,F→M,7,psychologist,psychologist,True,psychologist,False,0.8312,0.8215,0.8215,0.009700000000000042
39940,attorney,attorney,F,F→M,1,attorney,attorney,True,attorney,False,0.9995,0.9995,0.9995,0.0
66166,professor,professor,F,F→M,3,professor,professor,True,professor,False,0.9987,0.9987,0.9987,0.0
8363,nurse,nurse,F,F→M,2,nurse,nurse,True,nurse,False,0.9982,0.998,0.998,0.00019999999999997797
84273,filmmaker,filmmaker,M,M→F,3,filmmaker,filmmaker,True,filmmaker,False,0.9934,0.9935,0.9935,-0.00010000000000010001
29595,filmmaker,filmmaker,F,F→M,7,filmmaker,filmmaker,True,filmmaker,False,0.9934,0.9947,0.9947,-0.0013000000000000789
24552,teacher,teacher,F,F→M,5,teacher,teacher,True,teacher,False,0.991,0.9882,0.9882,0.0028000000000000247
26685,journalist,journalist,M,M→F,6,journalist,journalist,True,journalist,False,0.9932,0.9959,0.9959,-0.0027000000000000357
19334,surgeon,surgeon,F,F→M,3,surgeon,surgeon,True,surgeon,False,0.9962,0.9965,0.9965,-0.000300000000000078
10387,surgeon,surgeon,F,F→M,2,surgeon,surgeon,True,surgeon,False,0.9984,0.9984,0.9984,0.0
32201,software engineer,software engineer,M,M→F,3,software engineer,software engineer,True,software engineer,False,0.8059,0.8569,0.8569,-0.051000000000000045
58282,professor,professor,M,M→F,4,professor,professor,True,professor,False,0.999,0.9991,0.9991,-9.999999999998899e-05
49035,photographer,photographer,F,F→M,1,photographer,photographer,True,photographer,False,0.9924,0.9939,0.9939,-0.0015000000000000568
23352,professor,professor,F,F→M,2,professor,professor,True,professor,False,0.9772,0.9619,0.9619,0.01529999999999998
90291,model,model,M,M→F,4,model,model,True,model,False,0.8417,0.9451,0.9451,-0.10340000000000005
25358,physician,physician,F,F→M,2,physician,physician,True,physician,False,0.5186,0.801,0.801,-0.2824000000000001
76803,psychologist,psychologist,M,M→F,2,psychologist,psychologist,True,psychologist,False,0.9927,0.9912,0.9912,0.0015000000000000568
85590,professor,professor,F,F→M,7,professor,professor,True,professor,False,0.9976,0.9977,0.9977,-9.999999999998899e-05
28576,attorney,attorney,M,M→F,2,attorney,attorney,True,attorney,False,0.9995,0.9995,0.9995,0.0
74893,teacher,teacher,M,M→F,2,teacher,teacher,True,teacher,False,0.9935,0.9953,0.9953,-0.0017999999999999128
26200,professor,professor,M,M→F,5,professor,professor,True,professor,False,0.9994,0.9994,0.9994,0.0
14885,professor,professor,M,M→F,2,professor,professor,True,professor,False,0.9987,0.9985,0.9985,0.00019999999999997797
14442,architect,architect,M,M→F,4,architect,architect,True,architect,False,0.7187,0.532,0.532,0.18669999999999998
83310,professor,professor,F,F→M,3,professor,professor,True,professor,False,0.9978,0.9978,0.9978,0.0
21822,painter,painter,M,M→F,6,painter,painter,True,painter,False,0.9595,0.9802,0.9802,-0.02069999999999994
91539,professor,professor,F,F→M,2,professor,professor,True,professor,False,0.9936,0.9948,0.9948,-0.0011999999999999789
47824,architect,architect,M,M→F,2,architect,architect,True,software engineer,True,0.54,0.3928,0.6024,0.14720000000000005
94091,photographer,photographer,F,F→M,6,photographer,photographer,True,photographer,False,0.9967,0.9962,0.9962,0.000500000000000056
8694,nurse,nurse,F,F→M,1,nurse,nurse,True,nurse,False,0.9994,0.9994,0.9994,0.0
786,journalist,journalist,M,M→F,2,journalist,journalist,True,journalist,False,0.6142,0.9516,0.9516,-0.33740000000000003
22750,professor,professor,F,F→M,1,professor,professor,True,professor,False,0.9991,0.9991,0.9991,0.0
44270,professor,professor,F,F→M,2,professor,professor,True,professor,False,0.9702,0.9644,0.9644,0.005799999999999916
34573,professor,professor,M,M→F,1,professor,professor,True,professor,False,0.9989,0.9989,0.9989,0.0
44670,professor,professor,M,M→F,1,professor,professor,True,professor,False,0.9843,0.9867,0.9867,-0.0024000000000000687
26558,professor,professor,F,F→M,2,professor,professor,True,professor,False,0.9984,0.9982,0.9982,0.00019999999999997797
987,photographer,photographer,F,F→M,5,photographer,photographer,True,photographer,False,0.9926,0.993,0.993,-0.00039999999999995595
2171,attorney,attorney,F,F→M,7,attorney,attorney,True,attorney,False,0.9994,0.9994,0.9994,0.0
60868,professor,professor,M,M→F,2,professor,professor,True,professor,False,0.9984,0.9982,0.9982,0.00019999999999997797
22353,professor,professor,F,F→M,3,professor,professor,True,professor,False,0.9985,0.9985,0.9985,0.0
78455,professor,professor,M,M→F,1,professor,professor,True,professor,False,0.9993,0.9994,0.9994,-9.999999999998899e-05
34535,professor,professor,M,M→F,4,professor,professor,True,professor,False,0.9988,0.9987,0.9987,9.999999999998899e-05
29494,professor,professor,M,M→F,1,professor,professor,True,professor,False,0.9992,0.9992,0.9992,0.0
6970,journalist,journalist,F,F→M,6,journalist,journalist,True,journalist,False,0.9928,0.9769,0.9769,0.015900000000000025
81777,journalist,journalist,F,F→M,2,journalist,journalist,True,journalist,False,0.9982,0.9978,0.9978,0.00039999999999995595
47944,professor,professor,F,F→M,2,professor,professor,True,professor,False,0.9154,0.9057,0.9057,0.009700000000000042
76092,surgeon,surgeon,M,M→F,1,surgeon,surgeon,True,surgeon,False,0.9982,0.9983,0.9983,-9.999999999998899e-05
54765,professor,professor,M,M→F,1,professor,professor,True,professor,False,0.9126,0.9114,0.9114,0.0011999999999999789
67872,teacher,teacher,F,F→M,5,teacher,teacher,True,teacher,False,0.9962,0.9928,0.9928,0.0033999999999999586
49259,teacher,teacher,F,F→M,6,teacher,teacher,True,teacher,False,0.9889,0.9732,0.9732,0.015700000000000047
60181,professor,professor,M,M→F,2,professor,professor,True,professor,False,0.9135,0.9506,0.9506,-0.03710000000000002
75421,physician,physician,M,M→F,1,physician,physician,True,physician,False,0.917,0.9082,0.9082,0.00880000000000003
51571,photographer,photographer,M,M→F,1,photographer,photographer,True,photographer,False,0.9974,0.9976,0.9976,-0.000200000000000089
46365,physician,physician,M,M→F,3,physician,physician,True,physician,False,0.9995,0.9994,0.9994,0.00010000000000010001
92126,comedian,comedian,M,M→F,1,comedian,comedian,True,comedian,False,0.9966,0.9962,0.9962,0.00040000000000006697
52908,psychologist,psychologist,M,M→F,5,psychologist,psychologist,True,psychologist,False,0.9378,0.9388,0.9388,-0.0010000000000000009
22107,poet,poet,F,F→M,8,poet,poet,True,poet,False,0.9827,0.9843,0.9843,-0.0015999999999999348
58186,psychologist,psychologist,F,F→M,3,psychologist,psychologist,True,psychologist,False,0.9936,0.9948,0.9948,-0.0011999999999999789
4910,professor,professor,F,F→M,2,professor,professor,True,professor,False,0.9991,0.9992,0.9992,-9.999999999998899e-05
61132,nurse,nurse,M,M→F,1,nurse,nurse,True,nurse,False,0.9994,0.9994,0.9994,0.0
73112,attorney,attorney,M,M→F,7,attorney,attorney,True,attorney,False,0.9933,0.992,0.992,0.0012999999999999678
62780,teacher,teacher,F,F→M,3,teacher,teacher,True,teacher,False,0.9894,0.988,0.988,0.0013999999999999568
3296,professor,professor,F,F→M,3,professor,professor,True,professor,False,0.9992,0.9992,0.9992,0.0
8700,professor,professor,M,M→F,5,professor,professor,True,professor,False,0.9994,0.9994,0.9994,0.0
31704,journalist,journalist,F,F→M,3,journalist,journalist,True,journalist,False,0.998,0.998,0.998,0.0
46846,professor,professor,F,F→M,3,professor,professor,True,professor,False,0.9989,0.999,0.999,-9.999999999998899e-05
20452,professor,professor,F,F→M,1,professor,professor,True,professor,False,0.9991,0.9991,0.9991,0.0
79309,composer,composer,M,M→F,1,composer,composer,True,composer,False,0.9974,0.9973,0.9973,9.999999999998899e-05
93036,surgeon,surgeon,M,M→F,2,surgeon,surgeon,True,surgeon,False,0.9983,0.9983,0.9983,0.0
82716,attorney,attorney,M,M→F,4,attorney,attorney,True,attorney,False,0.9995,0.9995,0.9995,0.0
28452,nurse,nurse,F,F→M,5,nurse,nurse,True,nurse,False,0.9993,0.9993,0.9993,0.0
87947,professor,professor,M,M→F,5,professor,professor,True,professor,False,0.9183,0.9386,0.9386,-0.020299999999999985
93024,photographer,photographer,M,M→F,3,photographer,photographer,True,photographer,False,0.9969,0.9945,0.9945,0.0023999999999999577
60324,teacher,teacher,M,M→F,5,teacher,teacher,True,teacher,False,0.9939,0.9948,0.9948,-0.0009000000000000119
13325,dietitian,dietitian,M,M→F,3,dietitian,dietitian,True,dietitian,False,0.9662,0.9804,0.9804,-0.014200000000000101
23984,physician,physician,F,F→M,3,physician,physician,True,physician,False,0.9994,0.9994,0.9994,0.0
26531,nurse,nurse,F,F→M,1,nurse,nurse,True,nurse,False,0.9994,0.9994,0.9994,0.0
67454,dietitian,dietitian,F,F→M,4,dietitian,dietitian,True,dietitian,False,0.9982,0.9983,0.9983,-9.999999999998899e-05
49420,physician,physician,M,M→F,2,physician,physician,True,physician,False,0.8829,0.9505,0.9505,-0.0676
8062,attorney,attorney,M,M→F,1,attorney,attorney,True,attorney,False,0.9982,0.9967,0.9967,0.0014999999999999458
12469,psychologist,psychologist,F,F→M,2,psychologist,psychologist,True,psychologist,False,0.9671,0.9864,0.9864,-0.019300000000000095
72346,photographer,photographer,M,M→F,2,photographer,photographer,True,photographer,False,0.995,0.9942,0.9942,0.0008000000000000229
18331,nurse,nurse,F,F→M,1,nurse,nurse,True,nurse,False,0.9994,0.9994,0.9994,0.0
88767,attorney,attorney,M,M→F,1,attorney,attorney,True,attorney,False,0.9988,0.9984,0.9984,0.00040000000000006697
39400,attorney,attorney,M,M→F,3,attorney,attorney,True,attorney,False,0.9994,0.9994,0.9994,0.0
48409,filmmaker,filmmaker,M,M→F,1,filmmaker,filmmaker,True,filmmaker,False,0.7824,0.7924,0.7924,-0.010000000000000009
76478,professor,professor,F,F→M,6,professor,professor,True,professor,False,0.9974,0.9971,0.9971,0.00029999999999996696
67165,painter,painter,F,F→M,3,painter,painter,True,painter,False,0.9909,0.9914,0.9914,-0.0004999999999999449
12136,professor,professor,F,F→M,1,professor,professor,True,professor,False,0.9961,0.9967,0.9967,-0.0006000000000000449
9522,photographer,photographer,M,M→F,2,photographer,photographer,True,photographer,False,0.998,0.9981,0.9981,-9.999999999998899e-05
73719,software engineer,software engineer,M,M→F,6,software engineer,software engineer,True,software engineer,False,0.965,0.9755,0.9755,-0.010500000000000065
54836,attorney,attorney,M,M→F,7,attorney,attorney,True,attorney,False,0.9995,0.9995,0.9995,0.0
63994,attorney,attorney,M,M→F,1,attorney,attorney,True,attorney,False,0.9993,0.9993,0.9993,0.0
59317,professor,professor,F,F→M,4,professor,professor,True,professor,False,0.9981,0.9978,0.9978,0.00029999999999996696
78957,journalist,journalist,F,F→M,1,journalist,journalist,True,journalist,False,0.9032,0.8994,0.8994,0.0038000000000000256
37861,software engineer,software engineer,M,M→F,2,software engineer,software engineer,True,software engineer,False,0.8307,0.8881,0.8881,-0.05740000000000001
25082,professor,professor,M,M→F,2,professor,professor,True,professor,False,0.9977,0.9975,0.9975,0.00019999999999997797
33162,professor,professor,M,M→F,1,professor,professor,True,professor,False,0.993,0.9941,0.9941,-0.0010999999999999899
49786,nurse,nurse,F,F→M,4,nurse,nurse,True,professor,True,0.766,0.4749,0.5185,0.2911
25316,professor,professor,M,M→F,2,professor,professor,True,professor,False,0.9985,0.9986,0.9986,-9.999999999998899e-05
20348,dentist,dentist,M,M→F,3,dentist,dentist,True,dentist,False,0.9862,0.9885,0.9885,-0.0023000000000000798
87988,professor,professor,M,M→F,4,professor,professor,True,professor,False,0.9935,0.9928,0.9928,0.0007000000000000339
40392,psychologist,psychologist,M,M→F,4,psychologist,psychologist,True,psychologist,False,0.7769,0.6323,0.6323,0.14460000000000006
43962,dietitian,dietitian,F,F→M,1,dietitian,dietitian,True,dietitian,False,0.9988,0.9988,0.9988,0.0
10189,physician,physician,F,F→M,2,physician,physician,True,physician,False,0.9994,0.9994,0.9994,0.0
976,professor,professor,M,M→F,2,professor,professor,True,professor,False,0.999,0.9989,0.9989,9.999999999998899e-05
48882,journalist,journalist,F,F→M,4,journalist,journalist,True,journalist,False,0.9979,0.9978,0.9978,9.999999999998899e-05
39983,nurse,nurse,F,F→M,1,nurse,nurse,True,nurse,False,0.9994,0.9994,0.9994,0.0
8780,attorney,attorney,F,F→M,2,attorney,attorney,True,attorney,False,0.9978,0.9981,0.9981,-0.00029999999999996696
90459,dietitian,dietitian,F,F→M,3,dietitian,dietitian,True,dietitian,False,0.6573,0.2424,0.2424,0.4149
59603,professor,professor,F,F→M,2,professor,professor,True,professor,False,0.9986,0.9987,0.9987,-9.999999999998899e-05
36635,photographer,photographer,F,F→M,6,photographer,photographer,True,photographer,False,0.7567,0.7741,0.7741,-0.01739999999999997
23311,professor,professor,F,F→M,4,professor,professor,True,professor,False,0.9995,0.9995,0.9995,0.0
45869,journalist,journalist,F,F→M,2,journalist,journalist,True,journalist,False,0.6826,0.5746,0.5746,0.10799999999999998
7300,psychologist,psychologist,F,F→M,3,psychologist,psychologist,True,psychologist,False,0.9982,0.9983,0.9983,-9.999999999998899e-05
92406,professor,professor,M,M→F,3,professor,professor,True,professor,False,0.9995,0.9995,0.9995,0.0
82327,surgeon,surgeon,F,F→M,3,surgeon,surgeon,True,surgeon,False,0.6658,0.8133,0.8133,-0.14750000000000008
73807,nurse,nurse,F,F→M,3,nurse,nurse,True,nurse,False,0.9958,0.9948,0.9948,0.0010000000000000009
87485,teacher,teacher,M,M→F,1,teacher,teacher,True,teacher,False,0.9852,0.9694,0.9694,0.015799999999999925
91256,professor,professor,M,M→F,5,professor,professor,True,professor,False,0.9994,0.9994,0.9994,0.0
34057,journalist,journalist,F,F→M,1,journalist,journalist,True,journalist,False,0.9891,0.9837,0.9837,0.00539999999999996
7523,professor,professor,F,F→M,1,professor,professor,True,professor,False,0.9955,0.9956,0.9956,-9.999999999998899e-05
92758,model,model,F,F→M,2,model,model,True,model,False,0.9988,0.9988,0.9988,0.0
4538,dentist,dentist,M,M→F,1,dentist,dentist,True,dentist,False,0.9252,0.9262,0.9262,-0.0010000000000000009
82363,physician,physician,M,M→F,3,physician,physician,True,physician,False,0.994,0.9983,0.9983,-0.0042999999999999705
60958,software engineer,software engineer,M,M→F,3,software engineer,software engineer,True,software engineer,False,0.8891,0.9286,0.9286,-0.03949999999999998
18222,photographer,photographer,M,M→F,5,photographer,photographer,True,photographer,False,0.9396,0.8704,0.8704,0.06920000000000004
27732,journalist,journalist,M,M→F,6,journalist,journalist,True,journalist,False,0.9706,0.9729,0.9729,-0.0022999999999999687
40468,photographer,photographer,M,M→F,2,photographer,photographer,True,photographer,False,0.9961,0.9966,0.9966,-0.000500000000000056
65339,professor,professor,F,F→M,6,professor,professor,True,professor,False,0.9929,0.9923,0.9923,0.0006000000000000449
27545,physician,physician,M,M→F,2,physician,physician,True,physician,False,0.9994,0.9994,0.9994,0.0
63096,photographer,photographer,M,M→F,9,photographer,photographer,True,photographer,False,0.9825,0.9861,0.9861,-0.0035999999999999366
69990,model,model,F,F→M,4,model,model,True,model,False,0.999,0.999,0.999,0.0
67260,surgeon,surgeon,M,M→F,1,surgeon,surgeon,True,surgeon,False,0.9886,0.9691,0.9691,0.019500000000000073
7782,comedian,comedian,M,M→F,9,comedian,comedian,True,comedian,False,0.997,0.9968,0.9968,0.00019999999999997797
87017,journalist,journalist,F,F→M,5,journalist,journalist,True,journalist,False,0.9971,0.9964,0.9964,0.0007000000000000339
43715,attorney,attorney,F,F→M,5,attorney,attorney,True,attorney,False,0.9987,0.9986,0.9986,9.999999999998899e-05
58782,comedian,comedian,M,M→F,1,comedian,comedian,True,comedian,False,0.9963,0.9962,0.9962,9.999999999998899e-05
24866,nurse,nurse,F,F→M,5,nurse,nurse,True,nurse,False,0.9991,0.9975,0.9975,0.0015999999999999348
59109,accountant,accountant,M,M→F,2,accountant,accountant,True,accountant,False,0.997,0.9971,0.9971,-9.999999999998899e-05
37253,professor,professor,F,F→M,6,professor,professor,True,professor,False,0.9993,0.9993,0.9993,0.0
92515,architect,architect,M,M→F,2,architect,architect,True,architect,False,0.997,0.9968,0.9968,0.00019999999999997797
53310,professor,professor,M,M→F,3,professor,professor,True,professor,False,0.7871,0.9003,0.9003,-0.11319999999999997
57561,photographer,photographer,M,M→F,3,photographer,photographer,True,photographer,False,0.9816,0.9762,0.9762,0.005400000000000071
82790,attorney,attorney,F,F→M,4,attorney,attorney,True,attorney,False,0.9993,0.9993,0.9993,0.0
7482,professor,professor,F,F→M,6,professor,professor,True,professor,False,0.9991,0.999,0.999,9.999999999998899e-05
12281,attorney,attorney,F,F→M,5,attorney,attorney,True,attorney,False,0.9994,0.9994,0.9994,0.0
51055,journalist,journalist,F,F→M,5,journalist,journalist,True,journalist,False,0.9976,0.9973,0.9973,0.000300000000000078
86059,attorney,attorney,M,M→F,1,attorney,attorney,True,attorney,False,0.9994,0.9994,0.9994,0.0
45785,photographer,photographer,M,M→F,1,photographer,photographer,True,photographer,False,0.8344,0.765,0.765,0.06940000000000002
57924,attorney,attorney,M,M→F,1,attorney,attorney,True,attorney,False,0.9992,0.9992,0.9992,0.0
62994,professor,professor,M,M→F,8,professor,professor,True,professor,False,0.9948,0.9953,0.9953,-0.0004999999999999449
67749,physician,physician,M,M→F,5,physician,physician,True,physician,False,0.9975,0.9988,0.9988,-0.0012999999999999678
18422,attorney,attorney,F,F→M,6,attorney,attorney,True,attorney,False,0.9993,0.9993,0.9993,0.0
4673,journalist,journalist,M,M→F,2,journalist,journalist,True,journalist,False,0.9979,0.998,0.998,-9.999999999998899e-05
39686,dentist,dentist,M,M→F,1,dentist,dentist,True,dentist,False,0.9885,0.9924,0.9924,-0.0038999999999999035
55857,photographer,photographer,M,M→F,1,photographer,photographer,True,psychologist,True,0.3809,0.1187,0.2437,0.2622
17084,attorney,attorney,M,M→F,3,attorney,attorney,True,attorney,False,0.9993,0.9993,0.9993,0.0
37889,professor,professor,F,F→M,3,professor,professor,True,professor,False,0.9969,0.9971,0.9971,-0.00019999999999997797
71400,journalist,journalist,F,F→M,4,journalist,journalist,True,journalist,False,0.9969,0.9968,0.9968,9.999999999998899e-05
41070,teacher,teacher,M,M→F,2,teacher,teacher,True,teacher,False,0.4409,0.6587,0.6587,-0.21779999999999994
81236,composer,composer,M,M→F,3,composer,composer,True,composer,False,0.9951,0.9952,0.9952,-9.999999999998899e-05
19356,teacher,teacher,F,F→M,3,teacher,teacher,True,teacher,False,0.8005,0.8358,0.8358,-0.0353
15812,journalist,journalist,M,M→F,1,journalist,journalist,True,journalist,False,0.7634,0.7753,0.7753,-0.011900000000000022
47910,professor,professor,F,F→M,1,professor,professor,True,professor,False,0.9964,0.9961,0.9961,0.00029999999999996696
79540,professor,professor,M,M→F,5,professor,professor,True,professor,False,0.9981,0.9982,0.9982,-9.999999999998899e-05
83317,dentist,dentist,M,M→F,4,dentist,dentist,True,dentist,False,0.9982,0.9983,0.9983,-9.999999999998899e-05
69265,professor,professor,F,F→M,3,professor,professor,True,professor,False,0.9987,0.9988,0.9988,-9.999999999998899e-05
70434,professor,professor,M,M→F,3,professor,professor,True,professor,False,0.999,0.9989,0.9989,9.999999999998899e-05
94550,professor,professor,F,F→M,2,professor,professor,True,professor,False,0.9922,0.9927,0.9927,-0.000500000000000056
82129,model,model,F,F→M,3,model,model,True,model,False,0.9987,0.9987,0.9987,0.0
45088,professor,professor,F,F→M,4,professor,professor,True,professor,False,0.9985,0.9986,0.9986,-9.999999999998899e-05
89508,teacher,teacher,F,F→M,4,teacher,teacher,True,teacher,False,0.9761,0.9448,0.9448,0.031299999999999994
26093,attorney,attorney,M,M→F,2,attorney,attorney,True,attorney,False,0.9813,0.9797,0.9797,0.0015999999999999348
86974,teacher,teacher,M,M→F,2,teacher,teacher,True,teacher,False,0.5855,0.7153,0.7153,-0.12980000000000003
78801,psychologist,psychologist,F,F→M,6,psychologist,psychologist,True,psychologist,False,0.9961,0.9974,0.9974,-0.0012999999999999678
48721,attorney,attorney,F,F→M,5,attorney,attorney,True,attorney,False,0.9994,0.9994,0.9994,0.0
95337,professor,professor,M,M→F,2,professor,professor,True,professor,False,0.9871,0.985,0.985,0.0020999999999999908
14426,composer,composer,M,M→F,5,composer,composer,True,composer,False,0.9965,0.9967,0.9967,-0.00019999999999997797
29014,poet,poet,M,M→F,3,poet,poet,True,poet,False,0.9788,0.9674,0.9674,0.011399999999999966
54899,psychologist,psychologist,M,M→F,2,psychologist,psychologist,True,psychologist,False,0.9962,0.9949,0.9949,0.0012999999999999678
59387,model,model,F,F→M,4,model,model,True,model,False,0.999,0.999,0.999,0.0
5205,composer,composer,F,F→M,3,composer,composer,True,composer,False,0.9909,0.9926,0.9926,-0.0017000000000000348
91238,professor,professor,F,F→M,5,professor,professor,True,professor,False,0.9993,0.9993,0.9993,0.0
58540,psychologist,psychologist,M,M→F,1,psychologist,psychologist,True,psychologist,False,0.9988,0.9988,0.9988,0.0
46231,nurse,nurse,M,M→F,2,nurse,nurse,True,nurse,False,0.9983,0.9979,0.9979,0.00039999999999995595
26404,professor,professor,F,F→M,4,professor,professor,True,professor,False,0.7882,0.7677,0.7677,0.020499999999999963
67573,nurse,nurse,F,F→M,1,nurse,nurse,True,nurse,False,0.9994,0.9994,0.9994,0.0
40201,professor,professor,M,M→F,1,professor,professor,True,professor,False,0.9822,0.9848,0.9848,-0.0026000000000000467
50966,dentist,dentist,M,M→F,3,dentist,dentist,True,dentist,False,0.998,0.9982,0.9982,-0.00019999999999997797
82737,nurse,nurse,F,F→M,2,nurse,nurse,True,nurse,False,0.9969,0.9955,0.9955,0.0013999999999999568
59702,comedian,comedian,F,F→M,8,comedian,comedian,True,comedian,False,0.7783,0.889,0.889,-0.11070000000000002
12758,journalist,journalist,M,M→F,3,journalist,journalist,True,journalist,False,0.9977,0.9979,0.9979,-0.00019999999999997797
73412,attorney,attorney,M,M→F,2,attorney,attorney,True,attorney,False,0.9986,0.9976,0.9976,0.0010000000000000009
14734,professor,professor,M,M→F,1,professor,professor,True,professor,False,0.4976,0.3817,0.3817,0.1159
21593,teacher,teacher,F,F→M,6,teacher,teacher,True,teacher,False,0.9961,0.9953,0.9953,0.0008000000000000229
73654,photographer,photographer,M,M→F,2,photographer,photographer,True,photographer,False,0.9972,0.9977,0.9977,-0.000500000000000056
3040,professor,professor,M,M→F,2,professor,professor,True,professor,False,0.9984,0.9984,0.9984,0.0
14990,professor,professor,M,M→F,3,professor,professor,True,professor,False,0.9994,0.9994,0.9994,0.0
50231,professor,professor,M,M→F,1,professor,professor,True,professor,False,0.9991,0.9991,0.9991,0.0
17483,professor,professor,M,M→F,1,professor,professor,True,professor,False,0.9529,0.9596,0.9596,-0.006700000000000039
85630,professor,professor,F,F→M,3,professor,professor,True,professor,False,0.9992,0.9992,0.9992,0.0
37689,architect,architect,M,M→F,2,architect,architect,True,dietitian,True,0.7114,0.1966,0.405,0.5148
60107,poet,poet,M,M→F,2,poet,poet,True,poet,False,0.9681,0.9625,0.9625,0.005599999999999938
68047,attorney,attorney,M,M→F,8,attorney,attorney,True,attorney,False,0.9946,0.9913,0.9913,0.0033000000000000806
81110,psychologist,psychologist,M,M→F,1,psychologist,psychologist,True,psychologist,False,0.9988,0.9988,0.9988,0.0
74091,professor,professor,M,M→F,3,professor,professor,True,professor,False,0.9954,0.9965,0.9965,-0.001100000000000101
35918,professor,professor,M,M→F,5,professor,professor,True,professor,False,0.9992,0.9992,0.9992,0.0
93030,professor,professor,M,M→F,4,professor,professor,True,professor,False,0.9994,0.9994,0.9994,0.0
864,professor,professor,F,F→M,3,professor,professor,True,professor,False,0.9909,0.9917,0.9917,-0.0008000000000000229
35077,professor,professor,M,M→F,2,professor,professor,True,professor,False,0.999,0.999,0.999,0.0
74373,model,model,F,F→M,4,model,model,True,model,False,0.999,0.999,0.999,0.0
69715,professor,professor,M,M→F,2,professor,professor,True,professor,False,0.582,0.7718,0.7718,-0.18980000000000008
10642,accountant,accountant,M,M→F,5,accountant,accountant,True,accountant,False,0.9984,0.9985,0.9985,-0.00010000000000010001
74063,physician,physician,F,F→M,3,physician,physician,True,physician,False,0.9994,0.9994,0.9994,0.0
1459,physician,physician,M,M→F,3,physician,physician,True,physician,False,0.9994,0.9994,0.9994,0.0
17811,teacher,teacher,F,F→M,1,teacher,teacher,True,teacher,False,0.9718,0.9812,0.9812,-0.009399999999999964
40242,psychologist,psychologist,M,M→F,1,psychologist,psychologist,True,psychologist,False,0.9942,0.9948,0.9948,-0.0006000000000000449
57302,professor,professor,F,F→M,4,professor,professor,True,professor,False,0.9928,0.9913,0.9913,0.0015000000000000568
7707,nurse,nurse,F,F→M,1,nurse,nurse,True,nurse,False,0.9994,0.9994,0.9994,0.0
90933,surgeon,surgeon,M,M→F,3,surgeon,surgeon,True,surgeon,False,0.9965,0.9966,0.9966,-9.999999999998899e-05
50361,model,model,M,M→F,3,model,model,True,model,False,0.8196,0.9134,0.9134,-0.0938
81786,professor,professor,F,F→M,4,professor,professor,True,professor,False,0.5098,0.5195,0.5195,-0.009699999999999931
24370,painter,painter,M,M→F,1,painter,painter,True,painter,False,0.9946,0.9942,0.9942,0.00040000000000006697
90408,painter,painter,M,M→F,5,painter,painter,True,painter,False,0.9901,0.9916,0.9916,-0.0015000000000000568
49212,teacher,teacher,F,F→M,4,teacher,teacher,True,teacher,False,0.7785,0.7732,0.7732,0.005299999999999971
55566,attorney,attorney,F,F→M,2,attorney,attorney,True,attorney,False,0.997,0.9965,0.9965,0.0004999999999999449
24744,teacher,teacher,M,M→F,5,teacher,teacher,True,teacher,False,0.9659,0.9849,0.9849,-0.019000000000000017
73269,teacher,teacher,M,M→F,3,teacher,teacher,True,teacher,False,0.9971,0.9972,0.9972,-9.999999999998899e-05
10380,teacher,teacher,F,F→M,2,teacher,teacher,True,teacher,False,0.996,0.9961,0.9961,-9.999999999998899e-05
19688,journalist,journalist,M,M→F,2,journalist,journalist,True,journalist,False,0.9961,0.9974,0.9974,-0.0012999999999999678
20392,surgeon,surgeon,M,M→F,1,surgeon,surgeon,True,surgeon,False,0.9101,0.6,0.6,0.31010000000000004
59969,comedian,comedian,M,M→F,7,comedian,comedian,True,model,True,0.8197,0.0674,0.7896,0.7523
47561,painter,painter,F,F→M,4,painter,painter,True,painter,False,0.9473,0.9221,0.9221,0.0252
52066,attorney,attorney,M,M→F,3,attorney,attorney,True,attorney,False,0.9995,0.9995,0.9995,0.0
31828,professor,professor,F,F→M,8,professor,professor,True,professor,False,0.9992,0.9993,0.9993,-9.999999999998899e-05
24002,psychologist,psychologist,M,M→F,1,psychologist,psychologist,True,psychologist,False,0.9988,0.9988,0.9988,0.0
40216,attorney,attorney,M,M→F,6,attorney,attorney,True,attorney,False,0.9991,0.9991,0.9991,0.0
49616,photographer,photographer,F,F→M,1,photographer,photographer,True,photographer,False,0.9974,0.9973,0.9973,9.999999999998899e-05
65820,physician,physician,M,M→F,3,physician,physician,True,physician,False,0.9994,0.9993,0.9993,9.999999999998899e-05
68988,professor,professor,F,F→M,2,professor,professor,True,professor,False,0.9994,0.9994,0.9994,0.0
82424,photographer,photographer,F,F→M,6,photographer,photographer,True,photographer,False,0.9857,0.9812,0.9812,0.0045000000000000595
95395,nurse,nurse,F,F→M,1,nurse,nurse,True,physician,True,0.376,0.0033,0.5415,0.3727
45431,professor,professor,M,M→F,4,professor,professor,True,professor,False,0.999,0.999,0.999,0.0
56953,professor,professor,F,F→M,1,professor,professor,True,professor,False,0.9315,0.9324,0.9324,-0.0009000000000000119
31513,professor,professor,F,F→M,1,professor,professor,True,professor,False,0.9985,0.9985,0.9985,0.0
17901,psychologist,psychologist,F,F→M,3,psychologist,psychologist,True,psychologist,False,0.8532,0.8757,0.8757,-0.022500000000000075
54890,professor,professor,F,F→M,1,professor,professor,True,professor,False,0.9976,0.998,0.998,-0.00039999999999995595
17066,professor,professor,F,F→M,1,professor,professor,True,professor,False,0.9988,0.9989,0.9989,-9.999999999998899e-05
65009,physician,physician,F,F→M,7,physician,physician,True,physician,False,0.9993,0.9992,0.9992,9.999999999998899e-05
29506,teacher,teacher,F,F→M,6,teacher,teacher,True,teacher,False,0.9952,0.9952,0.9952,0.0
82437,nurse,nurse,F,F→M,6,nurse,nurse,True,nurse,False,0.9989,0.9988,0.9988,9.999999999998899e-05
23830,professor,professor,M,M→F,3,professor,professor,True,professor,False,0.998,0.9979,0.9979,9.999999999998899e-05
42543,professor,professor,M,M→F,1,professor,professor,True,professor,False,0.9585,0.9534,0.9534,0.005099999999999993
46013,dentist,dentist,F,F→M,3,dentist,dentist,True,dentist,False,0.9892,0.9867,0.9867,0.0024999999999999467
78915,dentist,dentist,M,M→F,3,dentist,dentist,True,dentist,False,0.9984,0.9984,0.9984,0.0
60842,physician,physician,M,M→F,1,physician,physician,True,physician,False,0.9286,0.9387,0.9387,-0.010099999999999998
53065,attorney,attorney,M,M→F,1,attorney,attorney,True,attorney,False,0.9995,0.9995,0.9995,0.0
10290,painter,painter,F,F→M,5,painter,painter,True,painter,False,0.8433,0.7097,0.7097,0.13360000000000005
11528,photographer,photographer,F,F→M,5,photographer,photographer,True,photographer,False,0.9922,0.9842,0.9842,0.008000000000000007
52893,professor,professor,F,F→M,1,professor,professor,True,professor,False,0.9995,0.9995,0.9995,0.0
85243,psychologist,psychologist,F,F→M,1,psychologist,psychologist,True,psychologist,False,0.6551,0.7331,0.7331,-0.07799999999999996
53654,attorney,attorney,M,M→F,5,attorney,attorney,True,attorney,False,0.9958,0.9944,0.9944,0.0014000000000000679
68777,teacher,teacher,M,M→F,2,teacher,teacher,True,teacher,False,0.9034,0.9285,0.9285,-0.02510000000000001
89847,professor,professor,F,F→M,5,professor,professor,True,professor,False,0.9674,0.9656,0.9656,0.0018000000000000238
91005,software engineer,software engineer,M,M→F,1,software engineer,software engineer,True,software engineer,False,0.8849,0.9369,0.9369,-0.051999999999999935
48497,dentist,dentist,M,M→F,1,dentist,dentist,True,dentist,False,0.9444,0.947,0.947,-0.0025999999999999357
20401,professor,professor,M,M→F,4,professor,professor,True,professor,False,0.9995,0.9995,0.9995,0.0
55783,attorney,attorney,F,F→M,3,attorney,attorney,True,attorney,False,0.5513,0.789,0.789,-0.23770000000000002
26982,nurse,nurse,F,F→M,8,nurse,nurse,True,nurse,False,0.9982,0.998,0.998,0.00019999999999997797
14561,professor,professor,M,M→F,1,professor,professor,True,professor,False,0.8841,0.9047,0.9047,-0.02059999999999995
76071,professor,professor,M,M→F,5,professor,professor,True,professor,False,0.9992,0.9992,0.9992,0.0
22292,professor,professor,F,F→M,1,professor,professor,True,professor,False,0.9948,0.9944,0.9944,0.00040000000000006697
87534,software engineer,software engineer,M,M→F,4,software engineer,software engineer,True,software engineer,False,0.9776,0.9802,0.9802,-0.0025999999999999357
87841,professor,professor,M,M→F,5,professor,professor,True,professor,False,0.9582,0.9781,0.9781,-0.019899999999999918
17263,professor,professor,F,F→M,4,professor,professor,True,professor,False,0.9991,0.999,0.999,9.999999999998899e-05
74549,professor,professor,M,M→F,5,professor,professor,True,professor,False,0.9994,0.9994,0.9994,0.0
74895,teacher,teacher,M,M→F,2,teacher,teacher,True,teacher,False,0.757,0.8096,0.8096,-0.05259999999999998
29205,journalist,journalist,M,M→F,3,journalist,journalist,True,journalist,False,0.3335,0.5652,0.5652,-0.23170000000000002
2371,physician,physician,F,F→M,4,physician,physician,True,physician,False,0.9895,0.9648,0.9648,0.024700000000000055
42684,photographer,photographer,M,M→F,2,photographer,photographer,True,photographer,False,0.9953,0.9959,0.9959,-0.0006000000000000449
4212,professor,professor,M,M→F,3,professor,professor,True,professor,False,0.9994,0.9994,0.9994,0.0
58758,dentist,dentist,F,F→M,2,dentist,dentist,True,dentist,False,0.998,0.9979,0.9979,9.999999999998899e-05
63624,professor,professor,M,M→F,3,professor,professor,True,professor,False,0.9977,0.9982,0.9982,-0.0004999999999999449
86794,filmmaker,filmmaker,F,F→M,1,filmmaker,filmmaker,True,filmmaker,False,0.9688,0.9709,0.9709,-0.0020999999999999908
71446,architect,architect,M,M→F,2,architect,architect,True,architect,False,0.7977,0.7992,0.7992,-0.0015000000000000568
59152,physician,physician,F,F→M,3,physician,physician,True,physician,False,0.9994,0.9994,0.9994,0.0
47905,attorney,attorney,M,M→F,1,attorney,attorney,True,attorney,False,0.9985,0.9982,0.9982,0.000300000000000078
40649,teacher,teacher,F,F→M,2,teacher,teacher,True,teacher,False,0.9689,0.9716,0.9716,-0.0027000000000000357
13922,dietitian,dietitian,F,F→M,1,dietitian,dietitian,True,dietitian,False,0.9988,0.9988,0.9988,0.0
48089,nurse,nurse,F,F→M,2,nurse,nurse,True,attorney,True,0.5153,0.0373,0.3775,0.478
17491,teacher,teacher,F,F→M,3,teacher,teacher,True,teacher,False,0.3458,0.4745,0.4745,-0.12869999999999998
47421,professor,professor,F,F→M,4,professor,professor,True,professor,False,0.9883,0.9924,0.9924,-0.0040999999999999925
56896,professor,professor,F,F→M,1,professor,professor,True,professor,False,0.798,0.8298,0.8298,-0.03179999999999994
22711,surgeon,surgeon,M,M→F,3,surgeon,surgeon,True,surgeon,False,0.9837,0.9745,0.9745,0.009199999999999986
34105,dentist,dentist,F,F→M,1,dentist,dentist,True,dentist,False,0.9316,0.9309,0.9309,0.0007000000000000339
38376,professor,professor,M,M→F,2,professor,professor,True,professor,False,0.9993,0.9993,0.9993,0.0
19826,physician,physician,F,F→M,1,physician,physician,True,physician,False,0.8012,0.9884,0.9884,-0.18719999999999992
42516,professor,professor,F,F→M,5,professor,professor,True,professor,False,0.9984,0.9984,0.9984,0.0
7674,professor,professor,M,M→F,4,professor,professor,True,professor,False,0.9994,0.9994,0.9994,0.0
76486,photographer,photographer,M,M→F,3,photographer,photographer,True,photographer,False,0.9949,0.9948,0.9948,9.999999999998899e-05
66021,professor,professor,F,F→M,3,professor,professor,True,professor,False,0.9973,0.9966,0.9966,0.0006999999999999229
44460,photographer,photographer,F,F→M,2,photographer,photographer,True,photographer,False,0.9979,0.9978,0.9978,9.999999999998899e-05
7836,professor,professor,F,F→M,1,professor,professor,True,professor,False,0.9823,0.9861,0.9861,-0.0038000000000000256
88173,attorney,attorney,M,M→F,3,attorney,attorney,True,attorney,False,0.9995,0.9994,0.9994,0.00010000000000010001
86739,poet,poet,M,M→F,4,poet,poet,True,poet,False,0.326,0.3372,0.3372,-0.011199999999999988
51004,professor,professor,F,F→M,2,professor,professor,True,professor,False,0.2245,0.2987,0.2987,-0.07420000000000002
91623,teacher,teacher,F,F→M,2,teacher,teacher,True,teacher,False,0.8336,0.719,0.719,0.11460000000000004
55356,dentist,dentist,M,M→F,2,dentist,dentist,True,dentist,False,0.9861,0.9865,0.9865,-0.00040000000000006697
56236,photographer,photographer,M,M→F,2,photographer,photographer,True,photographer,False,0.9944,0.9942,0.9942,0.00019999999999997797
6581,physician,physician,M,M→F,4,physician,physician,True,physician,False,0.8934,0.9589,0.9589,-0.0655
50156,professor,professor,M,M→F,7,professor,professor,True,professor,False,0.9988,0.999,0.999,-0.00019999999999997797
90445,teacher,teacher,F,F→M,2,teacher,teacher,True,teacher,False,0.7102,0.8764,0.8764,-0.1661999999999999
94275,physician,physician,M,M→F,2,physician,physician,True,physician,False,0.9994,0.9994,0.9994,0.0
78408,professor,professor,F,F→M,7,professor,professor,True,professor,False,0.9991,0.9991,0.9991,0.0
30526,surgeon,surgeon,M,M→F,5,surgeon,surgeon,True,professor,True,0.5862,0.093,0.5025,0.4932000000000001
90427,photographer,photographer,M,M→F,1,photographer,photographer,True,photographer,False,0.9899,0.9919,0.9919,-0.0020000000000000018
44681,professor,professor,M,M→F,2,professor,professor,True,professor,False,0.995,0.9956,0.9956,-0.0006000000000000449
92309,professor,professor,M,M→F,6,professor,professor,True,professor,False,0.9677,0.9503,0.9503,0.01739999999999997
56324,poet,poet,F,F→M,2,poet,poet,True,poet,False,0.9675,0.9635,0.9635,0.0040000000000000036
3301,physician,physician,F,F→M,2,physician,physician,True,physician,False,0.9994,0.9994,0.9994,0.0
19025,professor,professor,M,M→F,6,professor,professor,True,professor,False,0.9983,0.9982,0.9982,9.999999999998899e-05
26346,professor,professor,M,M→F,6,professor,professor,True,professor,False,0.998,0.998,0.998,0.0
54997,photographer,photographer,M,M→F,4,photographer,photographer,True,photographer,False,0.9977,0.9974,0.9974,0.000300000000000078
42389,attorney,attorney,F,F→M,1,attorney,attorney,True,attorney,False,0.9771,0.984,0.984,-0.006900000000000017
37278,model,model,F,F→M,6,model,model,True,model,False,0.9989,0.9989,0.9989,0.0
10792,professor,professor,F,F→M,4,professor,professor,True,professor,False,0.9995,0.9995,0.9995,0.0
32800,professor,professor,M,M→F,1,professor,professor,True,professor,False,0.9927,0.9901,0.9901,0.0026000000000000467
61445,physician,physician,F,F→M,3,physician,physician,True,physician,False,0.9994,0.9995,0.9995,-0.00010000000000010001
42048,professor,professor,M,M→F,2,professor,professor,True,professor,False,0.934,0.9466,0.9466,-0.012599999999999945
25913,attorney,attorney,M,M→F,1,attorney,attorney,True,attorney,False,0.9987,0.999,0.999,-0.00029999999999996696
45873,physician,physician,M,M→F,2,physician,physician,True,physician,False,0.9993,0.9992,0.9992,9.999999999998899e-05
74281,psychologist,psychologist,M,M→F,3,psychologist,psychologist,True,psychologist,False,0.9844,0.9826,0.9826,0.0018000000000000238
74877,professor,professor,M,M→F,6,professor,professor,True,professor,False,0.9203,0.9246,0.9246,-0.0042999999999999705
23306,professor,professor,F,F→M,1,professor,professor,True,professor,False,0.9054,0.8248,0.8248,0.0806
67021,software engineer,software engineer,M,M→F,3,software engineer,software engineer,True,software engineer,False,0.8484,0.8982,0.8982,-0.049799999999999955
60464,attorney,attorney,M,M→F,3,attorney,attorney,True,attorney,False,0.9986,0.9988,0.9988,-0.00019999999999997797
51426,physician,physician,M,M→F,3,physician,physician,True,physician,False,0.8795,0.964,0.964,-0.08450000000000002
9035,professor,professor,M,M→F,3,professor,professor,True,professor,False,0.9703,0.9709,0.9709,-0.0005999999999999339
55478,physician,physician,M,M→F,1,physician,physician,True,physician,False,0.9966,0.9968,0.9968,-0.00019999999999997797
25968,psychologist,psychologist,M,M→F,1,psychologist,psychologist,True,psychologist,False,0.9988,0.9988,0.9988,0.0
6932,professor,professor,M,M→F,6,professor,professor,True,professor,False,0.9995,0.9994,0.9994,0.00010000000000010001
20987,professor,professor,F,F→M,2,professor,professor,True,professor,False,0.9975,0.9973,0.9973,0.000200000000000089
54390,dentist,dentist,M,M→F,2,dentist,dentist,True,dentist,False,0.9822,0.99,0.99,-0.007800000000000029
88993,painter,painter,M,M→F,7,painter,painter,True,painter,False,0.9943,0.9935,0.9935,0.0007999999999999119
27793,professor,professor,F,F→M,3,professor,professor,True,professor,False,0.9974,0.9975,0.9975,-0.00010000000000010001
41574,dentist,dentist,F,F→M,1,dentist,dentist,True,dentist,False,0.9411,0.9397,0.9397,0.0014000000000000679
55022,professor,professor,F,F→M,3,professor,professor,True,professor,False,0.9985,0.9986,0.9986,-9.999999999998899e-05
74088,model,model,F,F→M,4,model,model,True,model,False,0.9988,0.9988,0.9988,0.0
86539,physician,physician,M,M→F,5,physician,physician,True,physician,False,0.8506,0.9253,0.9253,-0.07469999999999999
28579,journalist,journalist,M,M→F,4,journalist,journalist,True,journalist,False,0.9967,0.9969,0.9969,-0.00019999999999997797
26091,professor,professor,M,M→F,3,professor,professor,True,professor,False,0.999,0.999,0.999,0.0
60862,professor,professor,F,F→M,3,professor,professor,True,professor,False,0.999,0.999,0.999,0.0
85552,teacher,teacher,F,F→M,2,teacher,teacher,True,teacher,False,0.9971,0.9969,0.9969,0.00019999999999997797
53127,nurse,nurse,F,F→M,5,nurse,nurse,True,nurse,False,0.9962,0.9959,0.9959,0.00029999999999996696
20493,physician,physician,F,F→M,2,physician,physician,True,physician,False,0.6705,0.9455,0.9455,-0.275
87474,attorney,attorney,F,F→M,1,attorney,attorney,True,attorney,False,0.6902,0.8799,0.8799,-0.18969999999999998
17828,professor,professor,M,M→F,3,professor,professor,True,professor,False,0.9965,0.9965,0.9965,0.0
72464,attorney,attorney,M,M→F,1,attorney,attorney,True,attorney,False,0.9994,0.9995,0.9995,-0.00010000000000010001
75043,nurse,nurse,F,F→M,1,nurse,nurse,True,nurse,False,0.9994,0.9994,0.9994,0.0
17005,photographer,photographer,F,F→M,2,photographer,photographer,True,photographer,False,0.9974,0.9974,0.9974,0.0
52771,software engineer,software engineer,F,F→M,4,software engineer,software engineer,True,software engineer,False,0.687,0.6464,0.6464,0.04060000000000008
45576,professor,professor,F,F→M,4,professor,professor,True,professor,False,0.9993,0.9993,0.9993,0.0
55414,physician,physician,M,M→F,4,physician,physician,True,physician,False,0.9826,0.9954,0.9954,-0.012799999999999923
10077,professor,professor,F,F→M,3,professor,professor,True,professor,False,0.9966,0.9965,0.9965,9.999999999998899e-05
94683,physician,physician,M,M→F,3,physician,physician,True,physician,False,0.9799,0.9794,0.9794,0.0004999999999999449
32125,professor,professor,M,M→F,4,professor,professor,True,professor,False,0.9995,0.9995,0.9995,0.0
59771,photographer,photographer,M,M→F,3,photographer,photographer,True,photographer,False,0.9907,0.9858,0.9858,0.0049000000000000155
71491,dietitian,dietitian,F,F→M,3,dietitian,dietitian,True,dietitian,False,0.9984,0.9983,0.9983,9.999999999998899e-05
53634,professor,professor,M,M→F,4,professor,professor,True,professor,False,0.9973,0.9977,0.9977,-0.00040000000000006697
55169,photographer,photographer,F,F→M,5,photographer,photographer,True,photographer,False,0.9977,0.9977,0.9977,0.0
26560,painter,painter,M,M→F,6,painter,painter,True,painter,False,0.9912,0.9924,0.9924,-0.0011999999999999789
12059,professor,professor,F,F→M,2,professor,professor,True,professor,False,0.9651,0.9376,0.9376,0.02749999999999997
46336,comedian,comedian,M,M→F,4,comedian,comedian,True,comedian,False,0.997,0.9964,0.9964,0.0006000000000000449
42650,attorney,attorney,M,M→F,1,attorney,attorney,True,attorney,False,0.5676,0.3697,0.3697,0.19790000000000002
85433,professor,professor,F,F→M,1,professor,professor,True,professor,False,0.9982,0.9982,0.9982,0.0
78446,photographer,photographer,M,M→F,3,photographer,photographer,True,photographer,False,0.9952,0.9955,0.9955,-0.000300000000000078
65196,attorney,attorney,F,F→M,2,attorney,attorney,True,attorney,False,0.9994,0.9994,0.9994,0.0
40720,nurse,nurse,F,F→M,1,nurse,nurse,True,nurse,False,0.9994,0.9994,0.9994,0.0
67546,professor,professor,F,F→M,10,professor,professor,True,professor,False,0.9876,0.9862,0.9862,0.0014000000000000679
74416,professor,professor,F,F→M,3,professor,professor,True,professor,False,0.5308,0.5383,0.5383,-0.007499999999999951
69366,architect,architect,M,M→F,3,architect,architect,True,architect,False,0.9977,0.9973,0.9973,0.00040000000000006697
68821,professor,professor,M,M→F,2,professor,professor,True,professor,False,0.9995,0.9995,0.9995,0.0
11689,professor,professor,F,F→M,4,professor,professor,True,professor,False,0.9652,0.9544,0.9544,0.01079999999999992
71219,painter,painter,M,M→F,2,painter,painter,True,painter,False,0.8599,0.8569,0.8569,0.0030000000000000027
94572,architect,architect,M,M→F,3,architect,architect,True,architect,False,0.821,0.7892,0.7892,0.03179999999999994
88412,dietitian,dietitian,F,F→M,1,dietitian,dietitian,True,dietitian,False,0.9981,0.9979,0.9979,0.00019999999999997797
21711,attorney,attorney,M,M→F,5,attorney,attorney,True,journalist,True,0.5412,0.1785,0.7591,0.3627
73550,professor,professor,F,F→M,1,professor,professor,True,professor,False,0.9985,0.9985,0.9985,0.0
15447,attorney,attorney,M,M→F,3,attorney,attorney,True,attorney,False,0.9993,0.9993,0.9993,0.0
22029,psychologist,psychologist,F,F→M,4,psychologist,psychologist,True,psychologist,False,0.9971,0.9956,0.9956,0.0014999999999999458
25040,journalist,journalist,M,M→F,1,journalist,journalist,True,journalist,False,0.9676,0.9793,0.9793,-0.011699999999999933
74511,psychologist,psychologist,M,M→F,4,psychologist,psychologist,True,psychologist,False,0.9213,0.9599,0.9599,-0.03859999999999997
54393,professor,professor,M,M→F,4,professor,professor,True,professor,False,0.9991,0.9991,0.9991,0.0
74851,physician,physician,F,F→M,3,physician,physician,True,physician,False,0.9994,0.9995,0.9995,-0.00010000000000010001
43933,physician,physician,F,F→M,1,physician,physician,True,physician,False,0.9732,0.9725,0.9725,0.0006999999999999229
63844,professor,professor,M,M→F,2,professor,professor,True,professor,False,0.9995,0.9995,0.9995,0.0
20289,model,model,F,F→M,4,model,model,True,model,False,0.999,0.999,0.999,0.0
40860,filmmaker,filmmaker,F,F→M,5,filmmaker,filmmaker,True,filmmaker,False,0.9955,0.9948,0.9948,0.0007000000000000339
61380,physician,physician,F,F→M,2,physician,physician,True,physician,False,0.7382,0.9554,0.9554,-0.21720000000000006
78146,dentist,dentist,M,M→F,2,dentist,dentist,True,dentist,False,0.9377,0.9389,0.9389,-0.0011999999999999789
19049,physician,physician,M,M→F,2,physician,physician,True,physician,False,0.9977,0.9942,0.9942,0.0035000000000000586
42320,painter,painter,F,F→M,2,painter,painter,True,painter,False,0.9188,0.955,0.955,-0.03620000000000001
90687,attorney,attorney,F,F→M,3,attorney,attorney,True,attorney,False,0.9992,0.9992,0.9992,0.0
12462,model,model,F,F→M,4,model,model,True,model,False,0.999,0.9991,0.9991,-9.999999999998899e-05
57103,professor,professor,F,F→M,1,professor,professor,True,professor,False,0.6298,0.6436,0.6436,-0.013799999999999923
19390,surgeon,surgeon,F,F→M,1,surgeon,surgeon,True,surgeon,False,0.9983,0.9983,0.9983,0.0
21342,journalist,journalist,F,F→M,1,journalist,journalist,True,journalist,False,0.974,0.8533,0.8533,0.12070000000000003
85401,photographer,photographer,M,M→F,1,photographer,photographer,True,photographer,False,0.9958,0.9969,0.9969,-0.0010999999999999899
86730,professor,professor,M,M→F,5,professor,professor,True,professor,False,0.9982,0.9983,0.9983,-9.999999999998899e-05
35260,photographer,photographer,M,M→F,5,photographer,photographer,True,photographer,False,0.9966,0.997,0.997,-0.00039999999999995595
91229,physician,physician,M,M→F,2,physician,physician,True,physician,False,0.9994,0.9994,0.9994,0.0
29007,software engineer,software engineer,M,M→F,4,software engineer,software engineer,True,software engineer,False,0.9791,0.9837,0.9837,-0.0046000000000000485
60447,attorney,attorney,F,F→M,1,attorney,attorney,True,attorney,False,0.9992,0.9992,0.9992,0.0
48315,professor,professor,F,F→M,3,professor,professor,True,professor,False,0.9986,0.9986,0.9986,0.0
35781,professor,professor,M,M→F,1,professor,professor,True,professor,False,0.8748,0.9269,0.9269,-0.052099999999999924
28492,professor,professor,F,F→M,1,professor,professor,True,professor,False,0.9643,0.9719,0.9719,-0.00759999999999994
76024,physician,physician,M,M→F,4,physician,physician,True,physician,False,0.9244,0.9731,0.9731,-0.048699999999999966
44881,journalist,journalist,M,M→F,8,journalist,journalist,True,journalist,False,0.9912,0.9945,0.9945,-0.0033000000000000806
82975,nurse,nurse,F,F→M,1,nurse,nurse,True,nurse,False,0.9994,0.9994,0.9994,0.0
78727,accountant,accountant,F,F→M,3,accountant,accountant,True,accountant,False,0.9979,0.9978,0.9978,9.999999999998899e-05
94525,teacher,teacher,F,F→M,3,teacher,teacher,True,teacher,False,0.7943,0.8218,0.8218,-0.02749999999999997
62663,dentist,dentist,M,M→F,2,dentist,dentist,True,dentist,False,0.9229,0.9252,0.9252,-0.0022999999999999687
11646,attorney,attorney,F,F→M,5,attorney,attorney,True,attorney,False,0.9991,0.999,0.999,9.999999999998899e-05
26545,professor,professor,F,F→M,1,professor,professor,True,professor,False,0.7756,0.789,0.789,-0.013400000000000079
76100,professor,professor,M,M→F,3,professor,professor,True,professor,False,0.9991,0.999,0.999,9.999999999998899e-05
77060,professor,professor,M,M→F,2,professor,professor,True,professor,False,0.9988,0.9988,0.9988,0.0
64659,professor,professor,M,M→F,1,professor,professor,True,professor,False,0.9898,0.9934,0.9934,-0.0035999999999999366
39811,journalist,journalist,M,M→F,3,journalist,journalist,True,journalist,False,0.996,0.9963,0.9963,-0.00029999999999996696
93129,physician,physician,F,F→M,2,physician,physician,True,physician,False,0.5708,0.9193,0.9193,-0.34850000000000003
85523,professor,professor,M,M→F,4,professor,professor,True,professor,False,0.9993,0.9993,0.9993,0.0
8271,accountant,accountant,M,M→F,1,accountant,accountant,True,accountant,False,0.9986,0.9986,0.9986,0.0
83871,poet,poet,M,M→F,1,poet,poet,True,poet,False,0.6102,0.6853,0.6853,-0.07510000000000006
70609,journalist,journalist,M,M→F,6,journalist,journalist,True,journalist,False,0.706,0.7537,0.7537,-0.047700000000000076
82045,journalist,journalist,F,F→M,6,journalist,journalist,True,journalist,False,0.998,0.9978,0.9978,0.00019999999999997797
77864,professor,professor,F,F→M,4,professor,professor,True,professor,False,0.9916,0.9913,0.9913,0.000300000000000078
14842,physician,physician,M,M→F,3,physician,physician,True,physician,False,0.9699,0.9904,0.9904,-0.020499999999999963
69703,teacher,teacher,F,F→M,6,teacher,teacher,True,painter,True,0.5235,0.2235,0.7479,0.29999999999999993
55971,psychologist,psychologist,F,F→M,5,psychologist,psychologist,True,psychologist,False,0.9954,0.9965,0.9965,-0.001100000000000101
31706,professor,professor,M,M→F,2,professor,professor,True,professor,False,0.9992,0.9992,0.9992,0.0
2731,dietitian,dietitian,F,F→M,2,dietitian,dietitian,True,dietitian,False,0.9665,0.6308,0.6308,0.3357
85516,professor,professor,M,M→F,4,professor,professor,True,professor,False,0.6996,0.8755,0.8755,-0.17589999999999995
10447,professor,professor,M,M→F,1,professor,professor,True,professor,False,0.9981,0.9982,0.9982,-9.999999999998899e-05
42944,psychologist,psychologist,M,M→F,1,psychologist,psychologist,True,nurse,True,0.5614,0.2689,0.4613,0.29250000000000004
26378,professor,professor,F,F→M,2,professor,professor,True,professor,False,0.9996,0.9996,0.9996,0.0
57872,professor,professor,F,F→M,2,professor,professor,True,professor,False,0.9989,0.9989,0.9989,0.0
77931,professor,professor,F,F→M,2,professor,professor,True,professor,False,0.9963,0.9966,0.9966,-0.000300000000000078
37397,architect,architect,M,M→F,1,architect,architect,True,architect,False,0.996,0.9964,0.9964,-0.00039999999999995595
15403,attorney,attorney,M,M→F,2,attorney,attorney,True,attorney,False,0.9781,0.9851,0.9851,-0.007000000000000006
69114,teacher,teacher,F,F→M,3,teacher,teacher,True,teacher,False,0.8969,0.8906,0.8906,0.006300000000000083
63399,nurse,nurse,F,F→M,2,nurse,nurse,True,nurse,False,0.9924,0.9918,0.9918,0.0005999999999999339
12789,professor,professor,M,M→F,1,professor,professor,True,professor,False,0.9928,0.9944,0.9944,-0.0015999999999999348
12844,accountant,accountant,M,M→F,2,accountant,accountant,True,accountant,False,0.6279,0.6118,0.6118,0.016100000000000003
13944,comedian,comedian,M,M→F,3,comedian,comedian,True,comedian,False,0.9969,0.9968,0.9968,9.999999999998899e-05
2514,professor,professor,F,F→M,8,professor,professor,True,professor,False,0.8778,0.8856,0.8856,-0.007800000000000029
63619,physician,physician,F,F→M,4,physician,physician,True,physician,False,0.9989,0.9973,0.9973,0.0016000000000000458
33192,physician,physician,M,M→F,2,physician,physician,True,physician,False,0.9995,0.9994,0.9994,0.00010000000000010001
87259,photographer,photographer,M,M→F,3,photographer,photographer,True,photographer,False,0.9977,0.9976,0.9976,9.999999999998899e-05
11641,journalist,journalist,M,M→F,3,journalist,journalist,True,journalist,False,0.7053,0.9747,0.9747,-0.2694
84649,physician,physician,M,M→F,5,physician,physician,True,physician,False,0.9975,0.9989,0.9989,-0.0013999999999999568
77255,accountant,accountant,M,M→F,1,accountant,accountant,True,accountant,False,0.9985,0.9985,0.9985,0.0
57256,journalist,journalist,F,F→M,2,journalist,journalist,True,journalist,False,0.9744,0.954,0.954,0.020400000000000085
38988,attorney,attorney,M,M→F,5,attorney,attorney,True,attorney,False,0.9992,0.9992,0.9992,0.0
9964,professor,professor,F,F→M,4,professor,professor,True,professor,False,0.9991,0.9991,0.9991,0.0
81140,journalist,journalist,F,F→M,1,journalist,journalist,True,photographer,True,0.222,0.1481,0.1817,0.0739
22301,physician,physician,F,F→M,2,physician,physician,True,physician,False,0.9991,0.999,0.999,9.999999999998899e-05
12931,professor,professor,F,F→M,1,professor,professor,True,psychologist,True,0.5036,0.352,0.5955,0.15160000000000007
90304,professor,professor,M,M→F,3,professor,professor,True,professor,False,0.9994,0.9994,0.9994,0.0
22732,nurse,nurse,F,F→M,1,nurse,nurse,True,nurse,False,0.9994,0.9994,0.9994,0.0
2164,professor,professor,M,M→F,1,professor,professor,True,professor,False,0.9994,0.9994,0.9994,0.0
62876,professor,professor,M,M→F,2,professor,professor,True,professor,False,0.9982,0.9984,0.9984,-0.00019999999999997797
64373,photographer,photographer,F,F→M,6,photographer,photographer,True,photographer,False,0.9841,0.9817,0.9817,0.0023999999999999577
62934,professor,professor,F,F→M,2,professor,professor,True,professor,False,0.9991,0.999,0.999,9.999999999998899e-05
6069,professor,professor,F,F→M,2,professor,professor,True,professor,False,0.9993,0.9993,0.9993,0.0
69674,comedian,comedian,M,M→F,3,comedian,comedian,True,comedian,False,0.9879,0.9508,0.9508,0.03710000000000002
2131,poet,poet,F,F→M,3,poet,poet,True,poet,False,0.9798,0.9807,0.9807,-0.0009000000000000119
9568,surgeon,surgeon,M,M→F,2,surgeon,surgeon,True,surgeon,False,0.9979,0.998,0.998,-9.999999999998899e-05
88252,professor,professor,M,M→F,5,professor,professor,True,physician,True,0.5145,0.4783,0.4859,0.036199999999999954
92420,architect,architect,M,M→F,4,architect,architect,True,architect,False,0.9924,0.9928,0.9928,-0.00040000000000006697
24167,professor,professor,M,M→F,5,professor,professor,True,professor,False,0.9976,0.9976,0.9976,0.0
64550,dentist,dentist,M,M→F,1,dentist,dentist,True,dentist,False,0.9958,0.9962,0.9962,-0.00039999999999995595
90320,professor,professor,M,M→F,1,professor,professor,True,professor,False,0.9962,0.9963,0.9963,-9.999999999998899e-05
78290,surgeon,surgeon,M,M→F,1,surgeon,surgeon,True,surgeon,False,0.9982,0.9981,0.9981,9.999999999998899e-05
10249,attorney,attorney,F,F→M,2,attorney,attorney,True,attorney,False,0.9994,0.9994,0.9994,0.0
61381,professor,professor,F,F→M,2,professor,professor,True,professor,False,0.7053,0.5619,0.5619,0.14340000000000008
19307,surgeon,surgeon,M,M→F,2,surgeon,surgeon,True,surgeon,False,0.9528,0.9439,0.9439,0.008900000000000019
94496,painter,painter,M,M→F,4,painter,painter,True,painter,False,0.9959,0.9957,0.9957,0.00019999999999997797
76812,photographer,photographer,F,F→M,6,photographer,photographer,True,photographer,False,0.998,0.9979,0.9979,9.999999999998899e-05
88145,professor,professor,F,F→M,7,professor,professor,True,professor,False,0.998,0.9979,0.9979,9.999999999998899e-05
48991,filmmaker,filmmaker,M,M→F,3,filmmaker,filmmaker,True,filmmaker,False,0.9695,0.8961,0.8961,0.07340000000000002
12526,surgeon,surgeon,M,M→F,4,surgeon,surgeon,True,surgeon,False,0.9279,0.9053,0.9053,0.022599999999999953
30184,professor,professor,M,M→F,3,professor,professor,True,professor,False,0.9994,0.9994,0.9994,0.0
21782,professor,professor,M,M→F,2,professor,professor,True,professor,False,0.9962,0.9959,0.9959,0.00029999999999996696
35400,professor,professor,F,F→M,3,professor,professor,True,professor,False,0.9991,0.999,0.999,9.999999999998899e-05
19671,filmmaker,filmmaker,M,M→F,5,filmmaker,filmmaker,True,filmmaker,False,0.9917,0.9938,0.9938,-0.0020999999999999908
28839,professor,professor,F,F→M,4,professor,professor,True,professor,False,0.9991,0.9991,0.9991,0.0
58977,nurse,nurse,F,F→M,1,nurse,nurse,True,physician,True,0.8297,0.0482,0.6842,0.7815
59046,professor,professor,M,M→F,7,professor,professor,True,professor,False,0.9969,0.9973,0.9973,-0.00039999999999995595
4615,professor,professor,F,F→M,6,professor,professor,True,professor,False,0.9992,0.9992,0.9992,0.0
13637,filmmaker,filmmaker,F,F→M,5,filmmaker,filmmaker,True,filmmaker,False,0.9944,0.9941,0.9941,0.00029999999999996696
54584,journalist,journalist,M,M→F,1,journalist,journalist,True,journalist,False,0.9725,0.9824,0.9824,-0.00990000000000002
11015,physician,physician,F,F→M,8,physician,physician,True,physician,False,0.9991,0.9991,0.9991,0.0
22434,physician,physician,M,M→F,2,physician,physician,True,physician,False,0.832,0.8063,0.8063,0.025699999999999945
65733,professor,professor,M,M→F,3,professor,professor,True,professor,False,0.998,0.998,0.998,0.0
22767,attorney,attorney,F,F→M,3,attorney,attorney,True,attorney,False,0.9995,0.9994,0.9994,0.00010000000000010001
15059,professor,professor,F,F→M,4,professor,professor,True,professor,False,0.999,0.9989,0.9989,9.999999999998899e-05
68356,professor,professor,M,M→F,2,professor,professor,True,professor,False,0.9994,0.9994,0.9994,0.0
36540,composer,composer,M,M→F,1,composer,composer,True,composer,False,0.9968,0.9968,0.9968,0.0
91822,professor,professor,M,M→F,4,professor,professor,True,professor,False,0.9991,0.9991,0.9991,0.0
13520,professor,professor,M,M→F,2,professor,professor,True,professor,False,0.9552,0.9422,0.9422,0.013000000000000012
93134,dentist,dentist,M,M→F,4,dentist,dentist,True,dentist,False,0.9982,0.9983,0.9983,-9.999999999998899e-05
72974,physician,physician,F,F→M,2,physician,physician,True,physician,False,0.9994,0.9993,0.9993,9.999999999998899e-05
13224,photographer,photographer,F,F→M,1,photographer,photographer,True,photographer,False,0.9971,0.997,0.997,9.999999999998899e-05
75838,photographer,photographer,M,M→F,2,photographer,photographer,True,photographer,False,0.9976,0.9978,0.9978,-0.00019999999999997797
3774,surgeon,surgeon,M,M→F,3,surgeon,surgeon,True,surgeon,False,0.9967,0.9961,0.9961,0.0006000000000000449
79838,professor,professor,M,M→F,1,professor,professor,True,professor,False,0.9138,0.9272,0.9272,-0.013400000000000079
68822,physician,physician,F,F→M,1,physician,physician,True,physician,False,0.9948,0.9961,0.9961,-0.0012999999999999678
35640,professor,professor,M,M→F,2,professor,professor,True,professor,False,0.9703,0.9664,0.9664,0.0039000000000000146
92403,model,model,M,M→F,2,model,model,True,model,False,0.9964,0.9972,0.9972,-0.0008000000000000229
27618,photographer,photographer,M,M→F,6,photographer,photographer,True,photographer,False,0.992,0.9939,0.9939,-0.0019000000000000128
5403,professor,professor,M,M→F,3,professor,professor,True,professor,False,0.9978,0.9976,0.9976,0.00019999999999997797
4860,journalist,journalist,M,M→F,5,journalist,journalist,True,journalist,False,0.9868,0.9925,0.9925,-0.005700000000000038
35927,professor,professor,M,M→F,3,professor,professor,True,professor,False,0.9848,0.9867,0.9867,-0.0019000000000000128
95167,psychologist,psychologist,M,M→F,2,psychologist,psychologist,True,psychologist,False,0.8961,0.8541,0.8541,0.04200000000000004
33833,physician,physician,M,M→F,3,physician,physician,True,physician,False,0.9765,0.9936,0.9936,-0.017100000000000004
93556,professor,professor,M,M→F,4,professor,professor,True,professor,False,0.999,0.999,0.999,0.0
57404,attorney,attorney,F,F→M,1,attorney,attorney,True,attorney,False,0.9994,0.9994,0.9994,0.0
25995,attorney,attorney,F,F→M,3,attorney,attorney,True,attorney,False,0.9988,0.9992,0.9992,-0.00039999999999995595
83943,professor,professor,F,F→M,4,professor,professor,True,professor,False,0.9869,0.9875,0.9875,-0.0006000000000000449
84790,attorney,attorney,F,F→M,2,attorney,attorney,True,attorney,False,0.9995,0.9995,0.9995,0.0
74528,attorney,attorney,M,M→F,3,attorney,attorney,True,attorney,False,0.9992,0.9992,0.9992,0.0
33996,psychologist,psychologist,F,F→M,3,psychologist,psychologist,True,psychologist,False,0.9916,0.9916,0.9916,0.0
62016,poet,poet,M,M→F,3,poet,poet,True,poet,False,0.9909,0.9907,0.9907,0.00019999999999997797
28689,professor,professor,F,F→M,1,professor,professor,True,professor,False,0.9988,0.9989,0.9989,-9.999999999998899e-05
95374,nurse,nurse,F,F→M,5,nurse,nurse,True,teacher,True,0.7763,0.0378,0.3915,0.7384999999999999
61784,professor,professor,F,F→M,3,professor,professor,True,professor,False,0.9799,0.9782,0.9782,0.0017000000000000348
15444,nurse,nurse,F,F→M,3,nurse,nurse,True,nurse,False,0.9987,0.9986,0.9986,9.999999999998899e-05
65633,professor,professor,M,M→F,2,professor,professor,True,painter,True,0.5711,0.4778,0.479,0.09330000000000005
4764,physician,physician,F,F→M,3,physician,physician,True,physician,False,0.9994,0.9994,0.9994,0.0
14918,photographer,photographer,M,M→F,1,photographer,photographer,True,journalist,True,0.7245,0.4087,0.5383,0.3158
4172,journalist,journalist,F,F→M,9,journalist,journalist,True,journalist,False,0.9972,0.9962,0.9962,0.0010000000000000009
2790,professor,professor,F,F→M,2,professor,professor,True,professor,False,0.9972,0.9974,0.9974,-0.00019999999999997797
56247,professor,professor,M,M→F,5,professor,professor,True,professor,False,0.9989,0.9991,0.9991,-0.00019999999999997797
23413,surgeon,surgeon,M,M→F,4,surgeon,surgeon,True,surgeon,False,0.7811,0.5291,0.5291,0.252
48447,model,model,F,F→M,8,model,model,True,model,False,0.9988,0.9988,0.9988,0.0
49646,physician,physician,F,F→M,2,physician,physician,True,physician,False,0.9992,0.9993,0.9993,-9.999999999998899e-05
80636,professor,professor,F,F→M,1,professor,professor,True,professor,False,0.9992,0.9992,0.9992,0.0
24128,composer,composer,M,M→F,6,composer,composer,True,composer,False,0.9961,0.9965,0.9965,-0.00040000000000006697
28171,professor,professor,F,F→M,2,professor,professor,True,professor,False,0.9964,0.9962,0.9962,0.00019999999999997797
66933,professor,professor,F,F→M,4,professor,professor,True,professor,False,0.6414,0.5567,0.5567,0.0847
74783,attorney,attorney,F,F→M,1,attorney,attorney,True,attorney,False,0.9993,0.9994,0.9994,-9.999999999998899e-05
57020,nurse,nurse,F,F→M,1,nurse,nurse,True,nurse,False,0.9994,0.9994,0.9994,0.0
54800,attorney,attorney,M,M→F,1,attorney,attorney,True,attorney,False,0.9989,0.9989,0.9989,0.0
38171,dentist,dentist,F,F→M,1,dentist,dentist,True,dentist,False,0.9968,0.9973,0.9973,-0.0004999999999999449
45824,photographer,photographer,F,F→M,4,photographer,photographer,True,photographer,False,0.9941,0.994,0.994,9.999999999998899e-05
58662,psychologist,psychologist,F,F→M,1,psychologist,psychologist,True,psychologist,False,0.6257,0.6391,0.6391,-0.013399999999999967
56683,professor,professor,F,F→M,3,professor,professor,True,professor,False,0.9994,0.9995,0.9995,-0.00010000000000010001
64033,journalist,journalist,M,M→F,5,journalist,journalist,True,journalist,False,0.9973,0.9975,0.9975,-0.000200000000000089
26994,psychologist,psychologist,F,F→M,4,psychologist,psychologist,True,psychologist,False,0.9941,0.9957,0.9957,-0.0016000000000000458
15915,professor,professor,F,F→M,1,professor,professor,True,professor,False,0.9738,0.9412,0.9412,0.03259999999999996
91593,professor,professor,F,F→M,2,professor,professor,True,professor,False,0.9994,0.9994,0.9994,0.0
68571,physician,physician,F,F→M,5,physician,physician,True,physician,False,0.9213,0.8075,0.8075,0.11380000000000001
79788,nurse,nurse,F,F→M,2,nurse,nurse,True,nurse,False,0.9976,0.9975,0.9975,9.999999999998899e-05
51415,architect,architect,M,M→F,4,architect,architect,True,architect,False,0.9974,0.9974,0.9974,0.0
51280,professor,professor,M,M→F,3,professor,professor,True,professor,False,0.9983,0.998,0.998,0.00029999999999996696
24881,professor,professor,F,F→M,3,professor,professor,True,professor,False,0.9993,0.9993,0.9993,0.0
33467,dentist,dentist,M,M→F,4,dentist,dentist,True,dentist,False,0.9975,0.9977,0.9977,-0.00019999999999997797
66467,physician,physician,M,M→F,2,physician,physician,True,physician,False,0.9211,0.9746,0.9746,-0.05349999999999999
71724,professor,professor,M,M→F,1,professor,professor,True,professor,False,0.9992,0.9992,0.9992,0.0
22782,professor,professor,M,M→F,3,professor,professor,True,professor,False,0.9994,0.9993,0.9993,9.999999999998899e-05
53423,dentist,dentist,M,M→F,1,dentist,dentist,True,dentist,False,0.9965,0.9968,0.9968,-0.00029999999999996696
27711,photographer,photographer,M,M→F,3,photographer,photographer,True,photographer,False,0.9949,0.9956,0.9956,-0.0007000000000000339
59019,filmmaker,filmmaker,M,M→F,1,filmmaker,filmmaker,True,journalist,True,0.3484,0.171,0.6793,0.17739999999999997
70650,journalist,journalist,F,F→M,2,journalist,journalist,True,journalist,False,0.8808,0.8476,0.8476,0.03320000000000001
81855,teacher,teacher,M,M→F,3,teacher,teacher,True,teacher,False,0.9116,0.9229,0.9229,-0.011300000000000088
32976,surgeon,surgeon,M,M→F,2,surgeon,surgeon,True,surgeon,False,0.988,0.9819,0.9819,0.006099999999999994
57583,journalist,journalist,M,M→F,1,journalist,journalist,True,journalist,False,0.9909,0.9931,0.9931,-0.0021999999999999797
66893,physician,physician,M,M→F,3,physician,physician,True,physician,False,0.9968,0.9958,0.9958,0.0010000000000000009
81089,physician,physician,F,F→M,3,physician,physician,True,physician,False,0.9994,0.9994,0.9994,0.0
34967,professor,professor,F,F→M,4,professor,professor,True,professor,False,0.9953,0.9943,0.9943,0.0010000000000000009
53138,journalist,journalist,M,M→F,1,journalist,journalist,True,journalist,False,0.3782,0.5618,0.5618,-0.18359999999999999
80520,physician,physician,F,F→M,3,physician,physician,True,physician,False,0.9994,0.9994,0.9994,0.0
44725,professor,professor,F,F→M,3,professor,professor,True,professor,False,0.9027,0.913,0.913,-0.010300000000000087
1136,professor,professor,M,M→F,6,professor,professor,True,professor,False,0.998,0.9981,0.9981,-9.999999999998899e-05
86471,professor,professor,M,M→F,2,professor,professor,True,professor,False,0.9993,0.9993,0.9993,0.0
92918,photographer,photographer,F,F→M,2,photographer,photographer,True,photographer,False,0.9971,0.9964,0.9964,0.0007000000000000339
23422,software engineer,software engineer,M,M→F,3,software engineer,software engineer,True,software engineer,False,0.827,0.9043,0.9043,-0.07730000000000004
84801,composer,composer,M,M→F,1,composer,composer,True,composer,False,0.9963,0.996,0.996,0.00029999999999996696
58105,nurse,nurse,M,M→F,1,nurse,nurse,True,nurse,False,0.9923,0.9961,0.9961,-0.0038000000000000256
66721,painter,painter,F,F→M,6,painter,painter,True,painter,False,0.992,0.9916,0.9916,0.00039999999999995595
60260,professor,professor,F,F→M,2,professor,professor,True,professor,False,0.9987,0.9987,0.9987,0.0
6298,psychologist,psychologist,M,M→F,2,psychologist,psychologist,True,psychologist,False,0.9871,0.982,0.982,0.005099999999999993
39899,filmmaker,filmmaker,F,F→M,1,filmmaker,filmmaker,True,filmmaker,False,0.9925,0.9928,0.9928,-0.00029999999999996696
5039,teacher,teacher,F,F→M,7,teacher,teacher,True,architect,True,0.2952,0.1208,0.2405,0.1744
79859,model,model,F,F→M,6,model,model,True,architect,True,0.9574,0.1259,0.7603,0.8315
45488,professor,professor,M,M→F,3,professor,professor,True,professor,False,0.9226,0.9164,0.9164,0.006199999999999983
43535,composer,composer,M,M→F,3,composer,composer,True,composer,False,0.9859,0.9846,0.9846,0.0012999999999999678
64464,nurse,nurse,F,F→M,1,nurse,nurse,True,nurse,False,0.9858,0.9883,0.9883,-0.0024999999999999467
76396,software engineer,software engineer,F,F→M,1,software engineer,software engineer,True,software engineer,False,0.9776,0.9633,0.9633,0.01429999999999998
67435,professor,professor,M,M→F,2,professor,professor,True,professor,False,0.999,0.9989,0.9989,9.999999999998899e-05
10467,professor,professor,F,F→M,1,professor,professor,True,professor,False,0.881,0.8826,0.8826,-0.0016000000000000458
4239,teacher,teacher,M,M→F,6,teacher,teacher,True,teacher,False,0.9958,0.9962,0.9962,-0.00039999999999995595
16304,attorney,attorney,F,F→M,1,attorney,attorney,True,attorney,False,0.9973,0.9974,0.9974,-9.999999999998899e-05
18769,nurse,nurse,F,F→M,3,nurse,nurse,True,nurse,False,0.9977,0.9933,0.9933,0.0044000000000000705
63117,physician,physician,F,F→M,5,physician,physician,True,physician,False,0.9984,0.9963,0.9963,0.0020999999999999908
30885,surgeon,surgeon,M,M→F,1,surgeon,surgeon,True,surgeon,False,0.8932,0.5043,0.5043,0.3889
19751,professor,professor,F,F→M,4,professor,professor,True,professor,False,0.997,0.9954,0.9954,0.0016000000000000458
94584,filmmaker,filmmaker,M,M→F,1,filmmaker,filmmaker,True,filmmaker,False,0.9935,0.9942,0.9942,-0.0006999999999999229
27721,professor,professor,M,M→F,2,professor,professor,True,professor,False,0.999,0.999,0.999,0.0
55862,professor,professor,F,F→M,2,professor,professor,True,professor,False,0.9894,0.9861,0.9861,0.0032999999999999696
37468,professor,professor,M,M→F,5,professor,professor,True,professor,False,0.9991,0.9991,0.9991,0.0
82798,professor,professor,F,F→M,4,professor,professor,True,professor,False,0.9993,0.9993,0.9993,0.0
3623,attorney,attorney,M,M→F,9,attorney,attorney,True,attorney,False,0.9987,0.9988,0.9988,-9.999999999998899e-05
89814,professor,professor,F,F→M,2,professor,professor,True,professor,False,0.9984,0.9986,0.9986,-0.000200000000000089
13824,teacher,teacher,F,F→M,3,teacher,teacher,True,teacher,False,0.9929,0.9949,0.9949,-0.0020000000000000018
9391,journalist,journalist,F,F→M,4,journalist,journalist,True,journalist,False,0.9813,0.8689,0.8689,0.11239999999999994
16087,professor,professor,M,M→F,1,professor,professor,True,professor,False,0.9799,0.9679,0.9679,0.01200000000000001
79514,professor,professor,F,F→M,5,professor,professor,True,professor,False,0.9991,0.9991,0.9991,0.0
3831,physician,physician,M,M→F,5,physician,physician,True,physician,False,0.9969,0.9984,0.9984,-0.0014999999999999458
51714,teacher,teacher,F,F→M,6,teacher,teacher,True,surgeon,True,0.2383,0.1656,0.2583,0.07270000000000001
60965,professor,professor,M,M→F,2,professor,professor,True,professor,False,0.9818,0.9858,0.9858,-0.0040000000000000036
46029,photographer,photographer,F,F→M,3,photographer,photographer,True,photographer,False,0.9971,0.9969,0.9969,0.00019999999999997797
32338,software engineer,software engineer,M,M→F,4,software engineer,software engineer,True,software engineer,False,0.8774,0.9413,0.9413,-0.06390000000000007
47170,nurse,nurse,F,F→M,1,nurse,nurse,True,nurse,False,0.9994,0.9994,0.9994,0.0
70021,professor,professor,M,M→F,2,professor,professor,True,professor,False,0.9956,0.9947,0.9947,0.0009000000000000119
75330,professor,professor,M,M→F,5,professor,professor,True,professor,False,0.999,0.999,0.999,0.0
5581,painter,painter,M,M→F,3,painter,painter,True,painter,False,0.9885,0.9859,0.9859,0.0026000000000000467
62528,professor,professor,F,F→M,3,professor,professor,True,professor,False,0.9943,0.9958,0.9958,-0.0015000000000000568
3380,professor,professor,M,M→F,1,professor,professor,True,professor,False,0.5501,0.528,0.528,0.02210000000000001
57264,attorney,attorney,M,M→F,2,attorney,attorney,True,attorney,False,0.9994,0.9994,0.9994,0.0
38775,attorney,attorney,F,F→M,3,attorney,attorney,True,attorney,False,0.9993,0.9993,0.9993,0.0
79048,professor,professor,F,F→M,2,professor,professor,True,professor,False,0.9983,0.9985,0.9985,-0.000200000000000089
20028,journalist,journalist,F,F→M,2,journalist,journalist,True,journalist,False,0.8756,0.8173,0.8173,0.05830000000000002
11985,physician,physician,F,F→M,2,physician,physician,True,physician,False,0.6229,0.9483,0.9483,-0.3254
48283,poet,poet,F,F→M,6,poet,poet,True,poet,False,0.9881,0.9894,0.9894,-0.0012999999999999678
95315,professor,professor,F,F→M,4,professor,professor,True,professor,False,0.9994,0.9994,0.9994,0.0
68934,software engineer,software engineer,M,M→F,7,software engineer,software engineer,True,software engineer,False,0.879,0.9266,0.9266,-0.047599999999999976
67649,professor,professor,M,M→F,6,professor,professor,True,professor,False,0.9994,0.9994,0.9994,0.0
62575,attorney,attorney,M,M→F,1,attorney,attorney,True,attorney,False,0.9986,0.9987,0.9987,-9.999999999998899e-05
71744,professor,professor,F,F→M,1,professor,professor,True,professor,False,0.9966,0.9963,0.9963,0.000300000000000078
26922,physician,physician,F,F→M,4,physician,physician,True,physician,False,0.9953,0.9883,0.9883,0.007000000000000006
67032,composer,composer,M,M→F,3,composer,composer,True,composer,False,0.9921,0.9916,0.9916,0.0004999999999999449
81542,professor,professor,M,M→F,7,professor,professor,True,professor,False,0.9993,0.9993,0.9993,0.0
87321,photographer,photographer,F,F→M,3,photographer,photographer,True,photographer,False,0.9977,0.9977,0.9977,0.0
82736,physician,physician,M,M→F,2,physician,physician,True,physician,False,0.9262,0.6193,0.6193,0.30690000000000006
30361,architect,architect,M,M→F,1,architect,architect,True,architect,False,0.9973,0.9974,0.9974,-9.999999999998899e-05
48659,photographer,photographer,M,M→F,2,photographer,photographer,True,photographer,False,0.9976,0.9974,0.9974,0.000200000000000089
68589,photographer,photographer,M,M→F,9,photographer,photographer,True,photographer,False,0.9969,0.9969,0.9969,0.0
74271,professor,professor,M,M→F,1,professor,professor,True,professor,False,0.9993,0.9992,0.9992,9.999999999998899e-05
18241,dietitian,dietitian,F,F→M,1,dietitian,dietitian,True,dietitian,False,0.995,0.9691,0.9691,0.025900000000000034
40210,professor,professor,F,F→M,3,professor,professor,True,professor,False,0.9954,0.9954,0.9954,0.0
57244,photographer,photographer,F,F→M,1,photographer,photographer,True,photographer,False,0.6211,0.691,0.691,-0.06989999999999996
92019,teacher,teacher,M,M→F,2,teacher,teacher,True,teacher,False,0.6764,0.6919,0.6919,-0.015499999999999958
25340,software engineer,software engineer,M,M→F,4,software engineer,software engineer,True,software engineer,False,0.9902,0.9908,0.9908,-0.0006000000000000449
6379,photographer,photographer,F,F→M,5,photographer,photographer,True,professor,True,0.6053,0.3807,0.6013,0.22459999999999997
66181,psychologist,psychologist,F,F→M,2,psychologist,psychologist,True,psychologist,False,0.9959,0.997,0.997,-0.0010999999999999899
81388,professor,professor,M,M→F,3,professor,professor,True,professor,False,0.5881,0.5408,0.5408,0.04730000000000001
89321,psychologist,psychologist,F,F→M,4,psychologist,psychologist,True,psychologist,False,0.996,0.9956,0.9956,0.00039999999999995595
88197,architect,architect,M,M→F,2,architect,architect,True,architect,False,0.9947,0.9951,0.9951,-0.00039999999999995595
46791,dentist,dentist,M,M→F,3,dentist,dentist,True,dentist,False,0.9985,0.9985,0.9985,0.0
14423,professor,professor,M,M→F,2,professor,professor,True,professor,False,0.8809,0.9158,0.9158,-0.03489999999999993
75570,accountant,accountant,M,M→F,3,accountant,accountant,True,nurse,True,0.9061,0.2326,0.6789,0.6735
91312,professor,professor,F,F→M,2,professor,professor,True,professor,False,0.9985,0.9986,0.9986,-9.999999999998899e-05
67570,dentist,dentist,F,F→M,1,dentist,dentist,True,dentist,False,0.9891,0.9807,0.9807,0.008399999999999963
61351,professor,professor,F,F→M,5,professor,professor,True,professor,False,0.585,0.4573,0.4573,0.12769999999999998
38051,physician,physician,F,F→M,2,physician,physician,True,physician,False,0.6279,0.9186,0.9186,-0.29069999999999996
53207,painter,painter,M,M→F,1,painter,painter,True,painter,False,0.9953,0.9957,0.9957,-0.00040000000000006697
43190,photographer,photographer,M,M→F,2,photographer,photographer,True,journalist,True,0.62,0.3663,0.6245,0.2537
55934,model,model,F,F→M,2,model,model,True,model,False,0.9987,0.998,0.998,0.0007000000000000339
62577,attorney,attorney,M,M→F,1,attorney,attorney,True,attorney,False,0.9371,0.9292,0.9292,0.007900000000000018
40194,physician,physician,F,F→M,2,physician,physician,True,physician,False,0.6006,0.93,0.93,-0.3294
66406,nurse,nurse,F,F→M,1,nurse,nurse,True,nurse,False,0.9994,0.9994,0.9994,0.0
40125,professor,professor,F,F→M,2,professor,professor,True,professor,False,0.999,0.999,0.999,0.0
27486,painter,painter,M,M→F,7,painter,painter,True,painter,False,0.9948,0.9952,0.9952,-0.00039999999999995595
10119,professor,professor,M,M→F,1,professor,professor,True,professor,False,0.9992,0.9992,0.9992,0.0
12161,photographer,photographer,F,F→M,1,photographer,photographer,True,photographer,False,0.9972,0.9974,0.9974,-0.00019999999999997797
36319,professor,professor,M,M→F,3,professor,professor,True,professor,False,0.7059,0.7785,0.7785,-0.0726
32860,photographer,photographer,M,M→F,2,photographer,photographer,True,photographer,False,0.9976,0.9977,0.9977,-9.999999999998899e-05
5530,attorney,attorney,F,F→M,2,attorney,attorney,True,attorney,False,0.9991,0.9991,0.9991,0.0
47371,journalist,journalist,F,F→M,2,journalist,journalist,True,journalist,False,0.9979,0.9977,0.9977,0.00019999999999997797
95004,accountant,accountant,F,F→M,3,accountant,accountant,True,accountant,False,0.9802,0.9827,0.9827,-0.0025000000000000577
69035,attorney,attorney,F,F→M,2,attorney,attorney,True,attorney,False,0.992,0.9831,0.9831,0.008900000000000019
57334,surgeon,surgeon,M,M→F,1,surgeon,surgeon,True,surgeon,False,0.9685,0.9332,0.9332,0.0353
49219,professor,professor,F,F→M,3,professor,professor,True,professor,False,0.9991,0.9992,0.9992,-9.999999999998899e-05
74339,model,model,F,F→M,4,model,model,True,model,False,0.999,0.999,0.999,0.0
57648,professor,professor,M,M→F,2,professor,professor,True,professor,False,0.6198,0.5355,0.5355,0.08430000000000004
60417,professor,professor,F,F→M,2,professor,professor,True,professor,False,0.9981,0.9979,0.9979,0.00019999999999997797
66922,professor,professor,F,F→M,1,professor,professor,True,professor,False,0.9985,0.9986,0.9986,-9.999999999998899e-05
81825,surgeon,surgeon,M,M→F,2,surgeon,surgeon,True,surgeon,False,0.9983,0.9983,0.9983,0.0
69717,physician,physician,M,M→F,5,physician,physician,True,physician,False,0.994,0.9956,0.9956,-0.0016000000000000458
78780,software engineer,software engineer,M,M→F,5,software engineer,software engineer,True,software engineer,False,0.8754,0.9397,0.9397,-0.06430000000000002
7542,photographer,photographer,M,M→F,4,photographer,photographer,True,photographer,False,0.9956,0.9962,0.9962,-0.0005999999999999339
87975,physician,physician,M,M→F,1,physician,physician,True,physician,False,0.9695,0.964,0.964,0.00550000000000006
62624,software engineer,software engineer,M,M→F,2,software engineer,software engineer,True,software engineer,False,0.9702,0.9765,0.9765,-0.006300000000000083
82597,physician,physician,F,F→M,2,physician,physician,True,physician,False,0.5961,0.943,0.943,-0.3469
17292,physician,physician,F,F→M,5,physician,physician,True,physician,False,0.6327,0.5422,0.5422,0.09050000000000002
49736,nurse,nurse,F,F→M,1,nurse,nurse,True,nurse,False,0.9994,0.9994,0.9994,0.0
59842,psychologist,psychologist,F,F→M,3,psychologist,psychologist,True,psychologist,False,0.9984,0.9985,0.9985,-0.00010000000000010001
67818,attorney,attorney,M,M→F,4,attorney,attorney,True,attorney,False,0.9994,0.9994,0.9994,0.0
25803,professor,professor,M,M→F,3,professor,professor,True,professor,False,0.9975,0.9979,0.9979,-0.00039999999999995595
31326,architect,architect,M,M→F,3,architect,architect,True,architect,False,0.8975,0.8893,0.8893,0.008199999999999985
63957,professor,professor,M,M→F,2,professor,professor,True,professor,False,0.9901,0.9941,0.9941,-0.0040000000000000036
28185,attorney,attorney,F,F→M,1,attorney,attorney,True,attorney,False,0.9995,0.9995,0.9995,0.0
33509,professor,professor,M,M→F,4,professor,professor,True,professor,False,0.8431,0.8963,0.8963,-0.053200000000000025
56678,professor,professor,M,M→F,4,professor,professor,True,professor,False,0.9965,0.9975,0.9975,-0.0010000000000000009
14886,physician,physician,M,M→F,4,physician,physician,True,physician,False,0.7567,0.6192,0.6192,0.13750000000000007
23390,attorney,attorney,F,F→M,4,attorney,attorney,True,attorney,False,0.9993,0.9991,0.9991,0.00019999999999997797
54914,nurse,nurse,F,F→M,1,nurse,nurse,True,nurse,False,0.9994,0.9994,0.9994,0.0
16794,professor,professor,M,M→F,6,professor,professor,True,professor,False,0.999,0.9991,0.9991,-9.999999999998899e-05
92564,nurse,nurse,M,M→F,1,nurse,nurse,True,nurse,False,0.9994,0.9994,0.9994,0.0
23442,filmmaker,filmmaker,M,M→F,4,filmmaker,filmmaker,True,filmmaker,False,0.8564,0.7434,0.7434,0.1130000000000001
56747,photographer,photographer,M,M→F,4,photographer,photographer,True,photographer,False,0.9978,0.9979,0.9979,-9.999999999998899e-05
3813,teacher,teacher,M,M→F,2,teacher,teacher,True,teacher,False,0.853,0.6334,0.6334,0.21960000000000002
56920,model,model,F,F→M,2,model,model,True,model,False,0.9989,0.9988,0.9988,9.999999999998899e-05
39768,attorney,attorney,M,M→F,2,attorney,attorney,True,attorney,False,0.9995,0.9995,0.9995,0.0
53126,attorney,attorney,M,M→F,3,attorney,attorney,True,attorney,False,0.9988,0.999,0.999,-0.00019999999999997797
19720,psychologist,psychologist,F,F→M,5,psychologist,psychologist,True,psychologist,False,0.9926,0.9932,0.9932,-0.0005999999999999339
62153,professor,professor,F,F→M,3,professor,professor,True,attorney,True,0.472,0.1989,0.4693,0.2731
2288,physician,physician,M,M→F,3,physician,physician,True,physician,False,0.9994,0.9994,0.9994,0.0
55771,filmmaker,filmmaker,M,M→F,1,filmmaker,filmmaker,True,filmmaker,False,0.9876,0.9877,0.9877,-9.999999999998899e-05
44516,professor,professor,F,F→M,7,professor,professor,True,professor,False,0.9993,0.9992,0.9992,9.999999999998899e-05
47786,painter,painter,M,M→F,1,painter,painter,True,painter,False,0.9947,0.995,0.995,-0.00029999999999996696
89197,professor,professor,F,F→M,5,professor,professor,True,professor,False,0.999,0.999,0.999,0.0
85648,filmmaker,filmmaker,M,M→F,5,filmmaker,filmmaker,True,filmmaker,False,0.9674,0.9647,0.9647,0.0027000000000000357
81248,attorney,attorney,F,F→M,2,attorney,attorney,True,attorney,False,0.973,0.986,0.986,-0.013000000000000012
13523,physician,physician,F,F→M,2,physician,physician,True,physician,False,0.9994,0.9994,0.9994,0.0
21322,dietitian,dietitian,F,F→M,3,dietitian,dietitian,True,dietitian,False,0.9979,0.9969,0.9969,0.0010000000000000009
22834,accountant,accountant,F,F→M,1,accountant,accountant,True,accountant,False,0.986,0.9836,0.9836,0.0023999999999999577
42590,attorney,attorney,F,F→M,2,attorney,attorney,True,attorney,False,0.9994,0.9994,0.9994,0.0
92863,photographer,photographer,M,M→F,2,photographer,photographer,True,photographer,False,0.9963,0.996,0.996,0.00029999999999996696
54919,teacher,teacher,F,F→M,4,teacher,teacher,True,teacher,False,0.5406,0.6103,0.6103,-0.06969999999999998
28163,attorney,attorney,M,M→F,2,attorney,attorney,True,attorney,False,0.9985,0.9986,0.9986,-9.999999999998899e-05
1991,professor,professor,F,F→M,2,professor,professor,True,surgeon,True,0.6779,0.3667,0.5252,0.3111999999999999
95384,dietitian,dietitian,F,F→M,2,dietitian,dietitian,True,dietitian,False,0.9957,0.981,0.981,0.014700000000000046
48500,professor,professor,F,F→M,1,professor,professor,True,professor,False,0.9979,0.9978,0.9978,9.999999999998899e-05
21188,professor,professor,F,F→M,2,professor,professor,True,professor,False,0.9992,0.9993,0.9993,-9.999999999998899e-05
81882,professor,professor,M,M→F,5,professor,professor,True,professor,False,0.9972,0.9983,0.9983,-0.0010999999999999899
85609,physician,physician,F,F→M,2,physician,physician,True,physician,False,0.976,0.9397,0.9397,0.0363
70044,physician,physician,M,M→F,7,physician,physician,True,physician,False,0.9913,0.997,0.997,-0.005700000000000038
47220,psychologist,psychologist,M,M→F,2,psychologist,psychologist,True,psychologist,False,0.9978,0.9977,0.9977,9.999999999998899e-05
11064,model,model,F,F→M,3,model,model,True,model,False,0.9987,0.9987,0.9987,0.0
28093,teacher,teacher,F,F→M,9,teacher,teacher,True,teacher,False,0.9966,0.9967,0.9967,-9.999999999998899e-05
94619,physician,physician,M,M→F,1,physician,physician,True,nurse,True,0.5284,0.0982,0.8906,0.43019999999999997
49414,professor,professor,M,M→F,7,professor,professor,True,professor,False,0.9863,0.9878,0.9878,-0.0015000000000000568
81729,software engineer,software engineer,M,M→F,3,software engineer,software engineer,True,software engineer,False,0.7936,0.6812,0.6812,0.11239999999999994
88330,professor,professor,F,F→M,6,professor,professor,True,professor,False,0.998,0.9979,0.9979,9.999999999998899e-05
7891,model,model,F,F→M,3,model,model,True,model,False,0.9938,0.9687,0.9687,0.02510000000000001
95305,professor,professor,M,M→F,3,professor,professor,True,professor,False,0.9994,0.9994,0.9994,0.0
1259,physician,physician,F,F→M,3,physician,physician,True,physician,False,0.9994,0.9994,0.9994,0.0
94280,nurse,nurse,F,F→M,3,nurse,nurse,True,nurse,False,0.9989,0.9986,0.9986,0.00029999999999996696
48548,teacher,teacher,F,F→M,4,teacher,teacher,True,teacher,False,0.984,0.9879,0.9879,-0.0039000000000000146
34256,professor,professor,M,M→F,2,professor,professor,True,professor,False,0.8445,0.8549,0.8549,-0.010399999999999965
38595,physician,physician,M,M→F,4,physician,physician,True,physician,False,0.9738,0.9724,0.9724,0.0013999999999999568
58496,journalist,journalist,F,F→M,1,journalist,journalist,True,journalist,False,0.9467,0.9287,0.9287,0.018000000000000016
72718,photographer,photographer,F,F→M,1,photographer,photographer,True,photographer,False,0.9955,0.9955,0.9955,0.0
74832,filmmaker,filmmaker,F,F→M,2,filmmaker,filmmaker,True,filmmaker,False,0.9938,0.993,0.993,0.0008000000000000229
84387,nurse,nurse,M,M→F,1,nurse,nurse,True,nurse,False,0.9994,0.9994,0.9994,0.0
26171,accountant,accountant,M,M→F,2,accountant,accountant,True,accountant,False,0.9984,0.9984,0.9984,0.0
22517,professor,professor,M,M→F,2,professor,professor,True,professor,False,0.999,0.9989,0.9989,9.999999999998899e-05
42732,accountant,accountant,M,M→F,1,accountant,accountant,True,accountant,False,0.9985,0.9984,0.9984,0.00010000000000010001
54506,nurse,nurse,F,F→M,3,nurse,nurse,True,nurse,False,0.9949,0.994,0.994,0.0009000000000000119
13402,attorney,attorney,M,M→F,3,attorney,attorney,True,attorney,False,0.9985,0.9984,0.9984,0.00010000000000010001
34277,professor,professor,M,M→F,1,professor,professor,True,professor,False,0.9986,0.9987,0.9987,-9.999999999998899e-05
31629,professor,professor,F,F→M,4,professor,professor,True,professor,False,0.9985,0.9987,0.9987,-0.00019999999999997797
85805,dentist,dentist,M,M→F,2,dentist,dentist,True,dentist,False,0.9283,0.9301,0.9301,-0.0018000000000000238
18759,model,model,F,F→M,4,model,model,True,model,False,0.9991,0.999,0.999,9.999999999998899e-05
86661,dentist,dentist,M,M→F,1,dentist,dentist,True,dentist,False,0.92,0.9201,0.9201,-9.999999999998899e-05
85575,professor,professor,M,M→F,1,professor,professor,True,professor,False,0.9973,0.9978,0.9978,-0.000500000000000056
18154,software engineer,software engineer,M,M→F,1,software engineer,software engineer,True,software engineer,False,0.544,0.6308,0.6308,-0.08679999999999999
21831,physician,physician,M,M→F,3,physician,physician,True,physician,False,0.9663,0.9858,0.9858,-0.019499999999999962
80642,filmmaker,filmmaker,M,M→F,4,filmmaker,filmmaker,True,filmmaker,False,0.9727,0.9546,0.9546,0.018100000000000005
95364,professor,professor,M,M→F,9,professor,professor,True,professor,False,0.9423,0.9617,0.9617,-0.019399999999999973
16552,professor,professor,M,M→F,1,professor,professor,True,professor,False,0.9928,0.9923,0.9923,0.000500000000000056
65562,professor,professor,M,M→F,1,professor,professor,True,professor,False,0.996,0.9972,0.9972,-0.0011999999999999789
10011,professor,professor,M,M→F,2,professor,professor,True,professor,False,0.9985,0.9987,0.9987,-0.00019999999999997797
12460,professor,professor,F,F→M,3,professor,professor,True,professor,False,0.9993,0.9993,0.9993,0.0
29989,professor,professor,F,F→M,2,professor,professor,True,professor,False,0.9987,0.9986,0.9986,9.999999999998899e-05
31044,attorney,attorney,M,M→F,2,attorney,attorney,True,attorney,False,0.9988,0.9989,0.9989,-9.999999999998899e-05
57,professor,professor,M,M→F,5,professor,professor,True,professor,False,0.9992,0.9993,0.9993,-9.999999999998899e-05
22647,photographer,photographer,F,F→M,4,photographer,photographer,True,photographer,False,0.9973,0.9974,0.9974,-9.999999999998899e-05
72227,journalist,journalist,M,M→F,2,journalist,journalist,True,journalist,False,0.7584,0.8258,0.8258,-0.06740000000000002
3875,photographer,photographer,F,F→M,7,photographer,photographer,True,photographer,False,0.9969,0.9961,0.9961,0.0008000000000000229
85687,professor,professor,M,M→F,2,professor,professor,True,professor,False,0.9449,0.9779,0.9779,-0.03300000000000003
38032,software engineer,software engineer,M,M→F,5,software engineer,software engineer,True,software engineer,False,0.9805,0.9863,0.9863,-0.005799999999999916
6275,professor,professor,M,M→F,1,professor,professor,True,professor,False,0.9983,0.9983,0.9983,0.0
45977,poet,poet,F,F→M,3,poet,poet,True,poet,False,0.7929,0.8191,0.8191,-0.0262
52150,painter,painter,F,F→M,1,painter,painter,True,painter,False,0.7735,0.6942,0.6942,0.07929999999999993
15721,attorney,attorney,M,M→F,1,attorney,attorney,True,attorney,False,0.999,0.9989,0.9989,9.999999999998899e-05
57060,physician,physician,M,M→F,3,physician,physician,True,physician,False,0.9837,0.994,0.994,-0.010299999999999976
21776,attorney,attorney,F,F→M,10,attorney,attorney,True,architect,True,0.225,0.2626,0.3792,-0.037599999999999995
77013,professor,professor,F,F→M,4,professor,professor,True,professor,False,0.9982,0.9977,0.9977,0.0004999999999999449
41393,surgeon,surgeon,M,M→F,2,surgeon,surgeon,True,surgeon,False,0.9984,0.9983,0.9983,9.999999999998899e-05
21337,journalist,journalist,M,M→F,3,journalist,journalist,True,journalist,False,0.4721,0.5831,0.5831,-0.11099999999999993
49352,poet,poet,M,M→F,3,poet,poet,True,poet,False,0.4669,0.5565,0.5565,-0.08960000000000001
82517,attorney,attorney,F,F→M,3,attorney,attorney,True,attorney,False,0.9994,0.9994,0.9994,0.0
56691,professor,professor,M,M→F,4,professor,professor,True,professor,False,0.9992,0.9992,0.9992,0.0
41260,attorney,attorney,M,M→F,2,attorney,attorney,True,attorney,False,0.9993,0.9993,0.9993,0.0
12456,professor,professor,F,F→M,3,professor,professor,True,professor,False,0.9785,0.9757,0.9757,0.0028000000000000247
13991,dentist,dentist,F,F→M,1,dentist,dentist,True,dentist,False,0.9978,0.9977,0.9977,9.999999999998899e-05
85198,poet,poet,F,F→M,4,poet,poet,True,poet,False,0.9389,0.947,0.947,-0.008099999999999996
8310,photographer,photographer,F,F→M,6,photographer,photographer,True,photographer,False,0.9979,0.9977,0.9977,0.00019999999999997797
74964,filmmaker,filmmaker,F,F→M,4,filmmaker,filmmaker,True,filmmaker,False,0.9863,0.9853,0.9853,0.0010000000000000009
7156,attorney,attorney,M,M→F,4,attorney,attorney,True,attorney,False,0.9989,0.9989,0.9989,0.0
82487,nurse,nurse,F,F→M,6,nurse,nurse,True,physician,True,0.5419,0.0846,0.3673,0.45730000000000004
32959,surgeon,surgeon,M,M→F,1,surgeon,surgeon,True,surgeon,False,0.8848,0.5248,0.5248,0.36
73404,surgeon,surgeon,M,M→F,2,surgeon,surgeon,True,nurse,True,0.8369,0.0169,0.7026,0.82
52160,professor,professor,F,F→M,4,professor,professor,True,professor,False,0.929,0.9521,0.9521,-0.0230999999999999
17632,physician,physician,M,M→F,3,physician,physician,True,physician,False,0.6919,0.8645,0.8645,-0.1726000000000001
27723,attorney,attorney,M,M→F,5,attorney,attorney,True,attorney,False,0.9927,0.9932,0.9932,-0.0004999999999999449
36313,accountant,accountant,M,M→F,4,accountant,accountant,True,accountant,False,0.8881,0.8222,0.8222,0.06589999999999996
13028,professor,professor,M,M→F,2,professor,professor,True,professor,False,0.9883,0.9898,0.9898,-0.0015000000000000568
90630,surgeon,surgeon,F,F→M,5,surgeon,surgeon,True,surgeon,False,0.9459,0.9805,0.9805,-0.034600000000000075
83219,model,model,F,F→M,10,model,model,True,model,False,0.9979,0.9966,0.9966,0.0012999999999999678
79718,psychologist,psychologist,F,F→M,1,psychologist,psychologist,True,psychologist,False,0.9364,0.9015,0.9015,0.03490000000000004
46704,professor,professor,M,M→F,1,professor,professor,True,professor,False,0.7712,0.8809,0.8809,-0.10970000000000002
36275,physician,physician,M,M→F,1,physician,physician,True,physician,False,0.902,0.7428,0.7428,0.1592
82255,physician,physician,M,M→F,5,physician,physician,True,physician,False,0.9451,0.9832,0.9832,-0.03809999999999991
22004,dentist,dentist,F,F→M,4,dentist,dentist,True,dentist,False,0.9875,0.9878,0.9878,-0.00029999999999996696
80,attorney,attorney,M,M→F,1,attorney,attorney,True,attorney,False,0.9986,0.9986,0.9986,0.0
83880,nurse,nurse,F,F→M,1,nurse,nurse,True,nurse,False,0.9994,0.9994,0.9994,0.0
35544,professor,professor,M,M→F,1,professor,professor,True,professor,False,0.976,0.9736,0.9736,0.0023999999999999577
59926,painter,painter,F,F→M,6,painter,painter,True,painter,False,0.9885,0.9892,0.9892,-0.0006999999999999229
70146,dentist,dentist,M,M→F,1,dentist,dentist,True,dentist,False,0.9966,0.9969,0.9969,-0.00029999999999996696
90382,filmmaker,filmmaker,M,M→F,9,filmmaker,filmmaker,True,filmmaker,False,0.9938,0.9939,0.9939,-9.999999999998899e-05
87825,surgeon,surgeon,M,M→F,1,surgeon,surgeon,True,surgeon,False,0.9962,0.9897,0.9897,0.00649999999999995
53422,professor,professor,M,M→F,2,professor,professor,True,professor,False,0.9993,0.9993,0.9993,0.0
46773,physician,physician,M,M→F,3,physician,physician,True,physician,False,0.9995,0.9995,0.9995,0.0
26415,surgeon,surgeon,M,M→F,2,surgeon,surgeon,True,surgeon,False,0.9983,0.9983,0.9983,0.0
66964,model,model,M,M→F,6,model,model,True,model,False,0.9989,0.9989,0.9989,0.0
82512,professor,professor,M,M→F,4,professor,professor,True,professor,False,0.9987,0.9987,0.9987,0.0
26369,nurse,nurse,F,F→M,1,nurse,nurse,True,nurse,False,0.9985,0.9986,0.9986,-9.999999999998899e-05
36120,physician,physician,F,F→M,2,physician,physician,True,physician,False,0.9994,0.9993,0.9993,9.999999999998899e-05
63662,dietitian,dietitian,F,F→M,1,dietitian,dietitian,True,dietitian,False,0.9989,0.9988,0.9988,9.999999999998899e-05
49814,teacher,teacher,F,F→M,4,teacher,teacher,True,teacher,False,0.9957,0.9953,0.9953,0.00040000000000006697
13724,professor,professor,M,M→F,3,professor,professor,True,professor,False,0.8093,0.9825,0.9825,-0.17320000000000002
6748,professor,professor,M,M→F,2,professor,professor,True,professor,False,0.9849,0.9905,0.9905,-0.005600000000000049
55449,attorney,attorney,F,F→M,2,attorney,attorney,True,attorney,False,0.9989,0.9989,0.9989,0.0
77069,professor,professor,F,F→M,2,professor,professor,True,professor,False,0.9994,0.9994,0.9994,0.0
28170,attorney,attorney,M,M→F,4,attorney,attorney,True,attorney,False,0.9995,0.9995,0.9995,0.0
26595,physician,physician,F,F→M,4,physician,physician,True,surgeon,True,0.7072,0.3805,0.5958,0.32670000000000005
44554,professor,professor,F,F→M,5,professor,professor,True,professor,False,0.9995,0.9995,0.9995,0.0
56806,attorney,attorney,M,M→F,5,attorney,attorney,True,attorney,False,0.9991,0.9989,0.9989,0.00019999999999997797
28500,architect,architect,M,M→F,1,architect,architect,True,architect,False,0.9967,0.9956,0.9956,0.0010999999999999899
43560,professor,professor,M,M→F,6,professor,professor,True,teacher,True,0.6416,0.3568,0.6349,0.28479999999999994
13843,journalist,journalist,M,M→F,2,journalist,journalist,True,journalist,False,0.9956,0.9965,0.9965,-0.0009000000000000119
73255,dentist,dentist,M,M→F,2,dentist,dentist,True,dentist,False,0.9944,0.9956,0.9956,-0.0012000000000000899
35919,physician,physician,F,F→M,1,physician,physician,True,physician,False,0.9939,0.9946,0.9946,-0.0007000000000000339
77756,journalist,journalist,M,M→F,4,journalist,journalist,True,journalist,False,0.5771,0.6702,0.6702,-0.09310000000000007
27849,professor,professor,M,M→F,2,professor,professor,True,professor,False,0.9993,0.9993,0.9993,0.0
40757,painter,painter,M,M→F,8,painter,painter,True,painter,False,0.9775,0.9832,0.9832,-0.005699999999999927
6157,professor,professor,F,F→M,3,professor,professor,True,professor,False,0.9992,0.9992,0.9992,0.0
90642,professor,professor,M,M→F,2,professor,professor,True,professor,False,0.9989,0.9989,0.9989,0.0
44473,psychologist,psychologist,M,M→F,3,psychologist,psychologist,True,psychologist,False,0.5547,0.7701,0.7701,-0.21540000000000004
20250,painter,painter,F,F→M,3,painter,painter,True,painter,False,0.8077,0.7104,0.7104,0.09729999999999994
95322,physician,physician,M,M→F,9,physician,physician,True,physician,False,0.988,0.9965,0.9965,-0.008500000000000063
71658,professor,professor,F,F→M,2,professor,professor,True,professor,False,0.9956,0.9959,0.9959,-0.00029999999999996696
23325,professor,professor,M,M→F,3,professor,professor,True,professor,False,0.9996,0.9995,0.9995,9.999999999998899e-05
10176,physician,physician,M,M→F,5,physician,physician,True,physician,False,0.989,0.9976,0.9976,-0.008600000000000052
44619,photographer,photographer,M,M→F,1,photographer,photographer,True,photographer,False,0.9977,0.9976,0.9976,9.999999999998899e-05
31752,professor,professor,F,F→M,3,professor,professor,True,professor,False,0.9991,0.9992,0.9992,-9.999999999998899e-05
62242,professor,professor,F,F→M,5,professor,professor,True,professor,False,0.954,0.94,0.94,0.014000000000000012
55410,poet,poet,M,M→F,4,poet,poet,True,poet,False,0.8641,0.8358,0.8358,0.028299999999999992
35723,professor,professor,M,M→F,4,professor,professor,True,professor,False,0.9938,0.9941,0.9941,-0.00029999999999996696
28165,photographer,photographer,M,M→F,2,photographer,photographer,True,professor,True,0.5499,0.0792,0.9036,0.47070000000000006
95258,professor,professor,M,M→F,5,professor,professor,True,professor,False,0.9994,0.9994,0.9994,0.0
94661,physician,physician,M,M→F,3,physician,physician,True,physician,False,0.9985,0.9991,0.9991,-0.0005999999999999339
42943,professor,professor,M,M→F,3,professor,professor,True,professor,False,0.9984,0.9984,0.9984,0.0
72940,teacher,teacher,F,F→M,1,teacher,teacher,True,composer,True,0.3954,0.0918,0.4902,0.3036
41816,physician,physician,F,F→M,2,physician,physician,True,physician,False,0.9994,0.9994,0.9994,0.0
50274,journalist,journalist,M,M→F,4,journalist,journalist,True,journalist,False,0.8387,0.7815,0.7815,0.05720000000000003
42660,professor,professor,F,F→M,3,professor,professor,True,professor,False,0.9984,0.9984,0.9984,0.0
69340,journalist,journalist,M,M→F,1,journalist,journalist,True,journalist,False,0.7651,0.9381,0.9381,-0.17300000000000004
89890,professor,professor,M,M→F,3,professor,professor,True,professor,False,0.9993,0.9993,0.9993,0.0
50484,physician,physician,F,F→M,3,physician,physician,True,physician,False,0.9994,0.9994,0.9994,0.0
18373,composer,composer,M,M→F,3,composer,composer,True,composer,False,0.9916,0.9918,0.9918,-0.00019999999999997797
66567,professor,professor,M,M→F,7,professor,professor,True,professor,False,0.999,0.999,0.999,0.0
25632,psychologist,psychologist,F,F→M,1,psychologist,psychologist,True,psychologist,False,0.9988,0.9988,0.9988,0.0
13729,professor,professor,F,F→M,2,professor,professor,True,professor,False,0.9986,0.9987,0.9987,-9.999999999998899e-05
12883,photographer,photographer,M,M→F,4,photographer,photographer,True,photographer,False,0.9951,0.9957,0.9957,-0.0006000000000000449
16551,professor,professor,M,M→F,8,professor,professor,True,professor,False,0.9974,0.9972,0.9972,0.00019999999999997797
34061,painter,painter,M,M→F,7,painter,painter,True,painter,False,0.9939,0.9931,0.9931,0.0008000000000000229
47475,professor,professor,F,F→M,5,professor,professor,True,professor,False,0.9842,0.9915,0.9915,-0.007300000000000084
23393,painter,painter,M,M→F,1,painter,painter,True,painter,False,0.9942,0.9942,0.9942,0.0
78137,photographer,photographer,F,F→M,3,photographer,photographer,True,photographer,False,0.9977,0.9977,0.9977,0.0
67230,teacher,teacher,F,F→M,2,teacher,teacher,True,teacher,False,0.9968,0.9968,0.9968,0.0
7467,professor,professor,F,F→M,3,professor,professor,True,professor,False,0.9714,0.9718,0.9718,-0.00039999999999995595
19443,dentist,dentist,M,M→F,1,dentist,dentist,True,dentist,False,0.9977,0.9978,0.9978,-9.999999999998899e-05
69582,professor,professor,F,F→M,3,professor,professor,True,professor,False,0.9994,0.9995,0.9995,-0.00010000000000010001
54653,psychologist,psychologist,F,F→M,1,psychologist,psychologist,True,psychologist,False,0.9988,0.9988,0.9988,0.0
46048,professor,professor,M,M→F,1,professor,professor,True,professor,False,0.9968,0.9961,0.9961,0.0007000000000000339
29071,professor,professor,M,M→F,3,professor,professor,True,professor,False,0.9995,0.9995,0.9995,0.0
69868,professor,professor,M,M→F,6,professor,professor,True,professor,False,0.9994,0.9994,0.9994,0.0
42356,professor,professor,F,F→M,5,professor,professor,True,professor,False,0.9991,0.9991,0.9991,0.0
29006,photographer,photographer,F,F→M,6,photographer,photographer,True,photographer,False,0.9923,0.9908,0.9908,0.0014999999999999458
6984,journalist,journalist,M,M→F,7,journalist,journalist,True,journalist,False,0.7134,0.8204,0.8204,-0.10699999999999998
42592,attorney,attorney,F,F→M,5,attorney,attorney,True,attorney,False,0.9992,0.9992,0.9992,0.0
18919,physician,physician,F,F→M,4,physician,physician,True,physician,False,0.9949,0.9814,0.9814,0.013499999999999956
92234,professor,professor,M,M→F,3,professor,professor,True,professor,False,0.9992,0.9992,0.9992,0.0
34481,professor,professor,M,M→F,3,professor,professor,True,professor,False,0.9991,0.9991,0.9991,0.0
4821,physician,physician,F,F→M,3,physician,physician,True,physician,False,0.9994,0.9994,0.9994,0.0
91297,professor,professor,M,M→F,2,professor,professor,True,professor,False,0.9991,0.9991,0.9991,0.0
79721,software engineer,software engineer,M,M→F,4,software engineer,software engineer,True,software engineer,False,0.9368,0.9458,0.9458,-0.009000000000000008
70538,physician,physician,F,F→M,3,physician,physician,True,physician,False,0.9995,0.9995,0.9995,0.0
53000,surgeon,surgeon,M,M→F,4,surgeon,surgeon,True,surgeon,False,0.9945,0.9945,0.9945,0.0
57530,attorney,attorney,F,F→M,2,attorney,attorney,True,attorney,False,0.9683,0.9687,0.9687,-0.00039999999999995595
164,professor,professor,M,M→F,6,professor,professor,True,professor,False,0.9995,0.9995,0.9995,0.0
63980,poet,poet,M,M→F,3,poet,poet,True,poet,False,0.983,0.9776,0.9776,0.00539999999999996
45422,professor,professor,M,M→F,4,professor,professor,True,professor,False,0.9993,0.9993,0.9993,0.0
24481,professor,professor,F,F→M,1,professor,professor,True,professor,False,0.9906,0.991,0.991,-0.00039999999999995595
74779,photographer,photographer,M,M→F,1,photographer,photographer,True,photographer,False,0.9893,0.9879,0.9879,0.0013999999999999568
2585,professor,professor,F,F→M,10,professor,professor,True,professor,False,0.9978,0.9977,0.9977,9.999999999998899e-05
5609,photographer,photographer,M,M→F,4,photographer,photographer,True,photographer,False,0.998,0.998,0.998,0.0
37614,psychologist,psychologist,F,F→M,1,psychologist,psychologist,True,psychologist,False,0.621,0.6615,0.6615,-0.04049999999999998
26875,professor,professor,M,M→F,2,professor,professor,True,professor,False,0.9991,0.9991,0.9991,0.0
89608,professor,professor,F,F→M,3,professor,professor,True,professor,False,0.9993,0.9993,0.9993,0.0
37642,surgeon,surgeon,M,M→F,2,surgeon,surgeon,True,surgeon,False,0.9957,0.9956,0.9956,9.999999999998899e-05
15017,photographer,photographer,F,F→M,4,photographer,photographer,True,photographer,False,0.998,0.998,0.998,0.0
53095,professor,professor,M,M→F,3,professor,professor,True,professor,False,0.9986,0.9986,0.9986,0.0
12380,professor,professor,F,F→M,3,professor,professor,True,professor,False,0.9887,0.99,0.99,-0.0012999999999999678
83515,physician,physician,M,M→F,5,physician,physician,True,physician,False,0.8199,0.9239,0.9239,-0.10400000000000009
23074,physician,physician,F,F→M,4,physician,physician,True,physician,False,0.9985,0.9957,0.9957,0.0028000000000000247
56672,psychologist,psychologist,M,M→F,4,psychologist,psychologist,True,psychologist,False,0.9942,0.9953,0.9953,-0.0010999999999999899
3781,professor,professor,M,M→F,1,professor,professor,True,professor,False,0.987,0.9883,0.9883,-0.0012999999999999678
19794,dentist,dentist,F,F→M,1,dentist,dentist,True,dentist,False,0.9436,0.9429,0.9429,0.0007000000000000339
88720,physician,physician,M,M→F,3,physician,physician,True,physician,False,0.9994,0.9994,0.9994,0.0
66631,attorney,attorney,M,M→F,2,attorney,attorney,True,attorney,False,0.6658,0.753,0.753,-0.08720000000000006
46622,attorney,attorney,F,F→M,2,attorney,attorney,True,attorney,False,0.9993,0.9992,0.9992,9.999999999998899e-05
68666,nurse,nurse,M,M→F,2,nurse,nurse,True,nurse,False,0.9528,0.9593,0.9593,-0.006500000000000061
31094,poet,poet,F,F→M,4,poet,poet,True,poet,False,0.6903,0.501,0.501,0.18930000000000002
46957,model,model,F,F→M,4,model,model,True,comedian,True,0.8502,0.0828,0.8616,0.7674
94188,painter,painter,F,F→M,1,painter,painter,True,painter,False,0.9945,0.9947,0.9947,-0.00019999999999997797
69997,professor,professor,M,M→F,5,professor,professor,True,professor,False,0.9995,0.9994,0.9994,0.00010000000000010001
89783,surgeon,surgeon,M,M→F,1,surgeon,surgeon,True,physician,True,0.6478,0.108,0.8537,0.5398000000000001
93670,teacher,teacher,F,F→M,4,teacher,teacher,True,teacher,False,0.9957,0.9952,0.9952,0.000500000000000056
60505,nurse,nurse,M,M→F,1,nurse,nurse,True,nurse,False,0.9994,0.9994,0.9994,0.0
58910,physician,physician,F,F→M,3,physician,physician,True,physician,False,0.9994,0.9995,0.9995,-0.00010000000000010001
74352,photographer,photographer,M,M→F,3,photographer,photographer,True,photographer,False,0.9899,0.9879,0.9879,0.0020000000000000018
94925,model,model,F,F→M,2,model,model,True,model,False,0.9989,0.9989,0.9989,0.0
71383,professor,professor,M,M→F,1,professor,professor,True,professor,False,0.9963,0.9965,0.9965,-0.000200000000000089
80993,attorney,attorney,M,M→F,2,attorney,attorney,True,attorney,False,0.9993,0.9993,0.9993,0.0
89679,psychologist,psychologist,M,M→F,1,psychologist,psychologist,True,psychologist,False,0.9625,0.912,0.912,0.05049999999999999
29769,photographer,photographer,F,F→M,1,photographer,photographer,True,photographer,False,0.9929,0.9934,0.9934,-0.0004999999999999449
35120,physician,physician,F,F→M,2,physician,physician,True,physician,False,0.9446,0.8336,0.8336,0.11099999999999999
60096,attorney,attorney,M,M→F,2,attorney,attorney,True,attorney,False,0.7777,0.5135,0.5135,0.2642
2914,teacher,teacher,F,F→M,1,teacher,teacher,True,teacher,False,0.9959,0.996,0.996,-9.999999999998899e-05
7696,physician,physician,M,M→F,2,physician,physician,True,physician,False,0.8905,0.9623,0.9623,-0.07180000000000009
51919,physician,physician,M,M→F,2,physician,physician,True,nurse,True,0.7517,0.1469,0.7878,0.6048
60927,professor,professor,M,M→F,3,professor,professor,True,professor,False,0.9989,0.9989,0.9989,0.0
37455,photographer,photographer,M,M→F,2,photographer,photographer,True,photographer,False,0.9499,0.9609,0.9609,-0.01100000000000001
81165,physician,physician,M,M→F,3,physician,physician,True,physician,False,0.9994,0.9994,0.9994,0.0
77874,photographer,photographer,M,M→F,3,photographer,photographer,True,photographer,False,0.9969,0.9962,0.9962,0.0007000000000000339
36396,accountant,accountant,M,M→F,3,accountant,accountant,True,accountant,False,0.9979,0.9981,0.9981,-0.00019999999999997797
77709,professor,professor,M,M→F,3,professor,professor,True,professor,False,0.991,0.9932,0.9932,-0.0021999999999999797
71458,photographer,photographer,F,F→M,1,photographer,photographer,True,photographer,False,0.9564,0.9828,0.9828,-0.02639999999999998
83209,physician,physician,F,F→M,3,physician,physician,True,physician,False,0.9994,0.9994,0.9994,0.0
95325,journalist,journalist,M,M→F,2,journalist,journalist,True,journalist,False,0.9947,0.9956,0.9956,-0.0009000000000000119
42326,attorney,attorney,M,M→F,6,attorney,attorney,True,attorney,False,0.9994,0.9994,0.9994,0.0
36977,professor,professor,M,M→F,4,professor,professor,True,professor,False,0.999,0.9991,0.9991,-9.999999999998899e-05
43157,painter,painter,M,M→F,1,painter,painter,True,painter,False,0.7766,0.8698,0.8698,-0.09320000000000006
32590,professor,professor,M,M→F,2,professor,professor,True,professor,False,0.9992,0.9992,0.9992,0.0
67243,professor,professor,M,M→F,1,professor,professor,True,professor,False,0.9965,0.9966,0.9966,-9.999999999998899e-05
95066,attorney,attorney,F,F→M,1,attorney,attorney,True,attorney,False,0.9985,0.9986,0.9986,-9.999999999998899e-05
9225,photographer,photographer,F,F→M,2,photographer,photographer,True,photographer,False,0.6535,0.7397,0.7397,-0.08620000000000005
41884,physician,physician,M,M→F,3,physician,physician,True,physician,False,0.9972,0.9988,0.9988,-0.0016000000000000458
11099,professor,professor,F,F→M,5,professor,professor,True,professor,False,0.997,0.9969,0.9969,9.999999999998899e-05
24149,painter,painter,M,M→F,4,painter,painter,True,painter,False,0.9962,0.9964,0.9964,-0.00019999999999997797
37303,teacher,teacher,M,M→F,1,teacher,teacher,True,teacher,False,0.7185,0.576,0.576,0.14250000000000007
64984,accountant,accountant,M,M→F,1,accountant,accountant,True,accountant,False,0.9975,0.9975,0.9975,0.0
40979,attorney,attorney,F,F→M,4,attorney,attorney,True,attorney,False,0.9991,0.9988,0.9988,0.00029999999999996696
76479,attorney,attorney,F,F→M,4,attorney,attorney,True,attorney,False,0.9632,0.9873,0.9873,-0.02410000000000001
93412,attorney,attorney,M,M→F,2,attorney,attorney,True,attorney,False,0.9995,0.9994,0.9994,0.00010000000000010001
21390,professor,professor,M,M→F,3,professor,professor,True,professor,False,0.539,0.6189,0.6189,-0.07989999999999997
37381,professor,professor,F,F→M,2,professor,professor,True,professor,False,0.8624,0.5771,0.5771,0.2853000000000001
63763,attorney,attorney,M,M→F,1,attorney,attorney,True,attorney,False,0.9982,0.9984,0.9984,-0.00019999999999997797
34156,teacher,teacher,F,F→M,7,teacher,teacher,True,teacher,False,0.9935,0.9928,0.9928,0.0007000000000000339
65604,dentist,dentist,M,M→F,1,dentist,dentist,True,dentist,False,0.9978,0.998,0.998,-0.00019999999999997797
77368,professor,professor,M,M→F,1,professor,professor,True,professor,False,0.9994,0.9994,0.9994,0.0
64905,model,model,F,F→M,8,model,model,True,model,False,0.9988,0.9988,0.9988,0.0
81521,professor,professor,M,M→F,1,professor,professor,True,professor,False,0.999,0.999,0.999,0.0
73816,surgeon,surgeon,M,M→F,6,surgeon,surgeon,True,physician,True,0.5009,0.3797,0.6185,0.12120000000000003
73620,professor,professor,M,M→F,8,professor,professor,True,professor,False,0.9988,0.9987,0.9987,9.999999999998899e-05
65883,photographer,photographer,F,F→M,3,photographer,photographer,True,painter,True,0.5887,0.4621,0.5126,0.1266
5187,physician,physician,F,F→M,1,physician,physician,True,physician,False,0.9136,0.897,0.897,0.016599999999999948
79683,professor,professor,M,M→F,3,professor,professor,True,professor,False,0.927,0.9502,0.9502,-0.0232
8480,poet,poet,M,M→F,4,poet,poet,True,poet,False,0.9003,0.8737,0.8737,0.026599999999999957
49065,physician,physician,F,F→M,7,physician,physician,True,physician,False,0.6723,0.8549,0.8549,-0.18259999999999998
28068,journalist,journalist,F,F→M,2,journalist,journalist,True,journalist,False,0.8664,0.867,0.867,-0.0006000000000000449
58117,professor,professor,F,F→M,2,professor,professor,True,professor,False,0.9962,0.9962,0.9962,0.0
95153,physician,physician,M,M→F,2,physician,physician,True,physician,False,0.9994,0.9994,0.9994,0.0
49846,accountant,accountant,M,M→F,7,accountant,accountant,True,accountant,False,0.998,0.9981,0.9981,-9.999999999998899e-05
54789,model,model,F,F→M,4,model,model,True,model,False,0.9974,0.9964,0.9964,0.0010000000000000009
7173,professor,professor,F,F→M,4,professor,professor,True,professor,False,0.9971,0.9964,0.9964,0.0007000000000000339
7984,attorney,attorney,M,M→F,1,attorney,attorney,True,attorney,False,0.998,0.9979,0.9979,9.999999999998899e-05
52999,dietitian,dietitian,F,F→M,1,dietitian,dietitian,True,dietitian,False,0.9836,0.9868,0.9868,-0.0031999999999999806
71249,professor,professor,M,M→F,3,professor,professor,True,professor,False,0.9959,0.9958,0.9958,9.999999999998899e-05
53249,photographer,photographer,F,F→M,5,photographer,photographer,True,photographer,False,0.8671,0.9352,0.9352,-0.06810000000000005
14858,surgeon,surgeon,M,M→F,6,surgeon,surgeon,True,surgeon,False,0.9974,0.9974,0.9974,0.0
50260,dentist,dentist,M,M→F,1,dentist,dentist,True,dentist,False,0.9328,0.9318,0.9318,0.0010000000000000009
42634,photographer,photographer,M,M→F,1,photographer,photographer,True,photographer,False,0.9947,0.9949,0.9949,-0.00019999999999997797
66259,professor,professor,M,M→F,2,professor,professor,True,professor,False,0.9994,0.9994,0.9994,0.0
59391,surgeon,surgeon,M,M→F,1,surgeon,surgeon,True,surgeon,False,0.9979,0.9979,0.9979,0.0
45155,physician,physician,M,M→F,1,physician,physician,True,physician,False,0.9731,0.9601,0.9601,0.013000000000000012
53990,painter,painter,F,F→M,4,painter,painter,True,painter,False,0.9967,0.9966,0.9966,9.999999999998899e-05
80526,software engineer,software engineer,M,M→F,2,software engineer,software engineer,True,software engineer,False,0.9648,0.9709,0.9709,-0.006099999999999994
64571,journalist,journalist,F,F→M,3,journalist,journalist,True,journalist,False,0.9812,0.9647,0.9647,0.01649999999999996
89357,journalist,journalist,F,F→M,1,journalist,journalist,True,journalist,False,0.9973,0.9972,0.9972,9.999999999998899e-05
36910,professor,professor,F,F→M,2,professor,professor,True,professor,False,0.9988,0.9987,0.9987,9.999999999998899e-05
78230,journalist,journalist,F,F→M,1,journalist,journalist,True,journalist,False,0.9942,0.9874,0.9874,0.006799999999999917
4487,dentist,dentist,M,M→F,1,dentist,dentist,True,dentist,False,0.9967,0.9969,0.9969,-0.00019999999999997797
74474,psychologist,psychologist,F,F→M,3,psychologist,psychologist,True,psychologist,False,0.9969,0.9969,0.9969,0.0
17846,dentist,dentist,M,M→F,2,dentist,dentist,True,dentist,False,0.9228,0.9254,0.9254,-0.0026000000000000467
10556,photographer,photographer,M,M→F,5,photographer,photographer,True,photographer,False,0.9955,0.9963,0.9963,-0.0007999999999999119
79155,professor,professor,M,M→F,4,professor,professor,True,professor,False,0.9971,0.9969,0.9969,0.00019999999999997797
77488,attorney,attorney,M,M→F,1,attorney,attorney,True,attorney,False,0.9995,0.9994,0.9994,0.00010000000000010001
84467,teacher,teacher,M,M→F,3,teacher,teacher,True,teacher,False,0.8897,0.8948,0.8948,-0.005099999999999993
79232,professor,professor,M,M→F,3,professor,professor,True,professor,False,0.9966,0.9967,0.9967,-9.999999999998899e-05
3744,surgeon,surgeon,M,M→F,3,surgeon,surgeon,True,surgeon,False,0.9251,0.8214,0.8214,0.10370000000000001
22449,professor,professor,M,M→F,4,professor,professor,True,professor,False,0.9994,0.9994,0.9994,0.0
6120,attorney,attorney,F,F→M,2,attorney,attorney,True,attorney,False,0.9992,0.9992,0.9992,0.0
40124,professor,professor,F,F→M,2,professor,professor,True,professor,False,0.9921,0.9907,0.9907,0.0013999999999999568
87081,professor,professor,M,M→F,2,professor,professor,True,professor,False,0.9994,0.9994,0.9994,0.0
45879,dentist,dentist,M,M→F,3,dentist,dentist,True,dentist,False,0.9982,0.9984,0.9984,-0.00019999999999997797
22685,painter,painter,M,M→F,1,painter,painter,True,painter,False,0.9354,0.9535,0.9535,-0.018100000000000005
70188,professor,professor,F,F→M,3,professor,professor,True,professor,False,0.9992,0.9992,0.9992,0.0
46951,dentist,dentist,F,F→M,1,dentist,dentist,True,dentist,False,0.9769,0.9766,0.9766,0.00029999999999996696
57666,nurse,nurse,F,F→M,5,nurse,nurse,True,accountant,True,0.2308,0.0037,0.386,0.2271
83645,photographer,photographer,M,M→F,3,photographer,photographer,True,photographer,False,0.9975,0.9975,0.9975,0.0
12952,psychologist,psychologist,F,F→M,5,psychologist,psychologist,True,psychologist,False,0.9979,0.9982,0.9982,-0.00029999999999996696
6712,nurse,nurse,F,F→M,1,nurse,nurse,True,nurse,False,0.9994,0.9994,0.9994,0.0
28399,psychologist,psychologist,F,F→M,1,psychologist,psychologist,True,psychologist,False,0.9988,0.9988,0.9988,0.0
4761,filmmaker,filmmaker,M,M→F,3,filmmaker,filmmaker,True,filmmaker,False,0.9902,0.9879,0.9879,0.0022999999999999687
64529,dentist,dentist,M,M→F,4,dentist,dentist,True,dentist,False,0.9983,0.9983,0.9983,0.0
83008,composer,composer,M,M→F,1,composer,composer,True,composer,False,0.9775,0.9784,0.9784,-0.0009000000000000119
78626,professor,professor,M,M→F,5,professor,professor,True,professor,False,0.9993,0.9993,0.9993,0.0
93657,professor,professor,M,M→F,2,professor,professor,True,professor,False,0.9986,0.9986,0.9986,0.0
48718,psychologist,psychologist,F,F→M,3,psychologist,psychologist,True,psychologist,False,0.9974,0.9976,0.9976,-0.000200000000000089
80265,professor,professor,M,M→F,4,professor,professor,True,professor,False,0.942,0.9748,0.9748,-0.03280000000000005
76232,physician,physician,F,F→M,4,physician,physician,True,physician,False,0.9856,0.9539,0.9539,0.03170000000000006
75806,software engineer,software engineer,M,M→F,5,software engineer,software engineer,True,software engineer,False,0.5388,0.541,0.541,-0.0022000000000000908
39269,photographer,photographer,M,M→F,2,photographer,photographer,True,photographer,False,0.9977,0.9975,0.9975,0.00019999999999997797
76216,painter,painter,F,F→M,5,painter,painter,True,painter,False,0.9896,0.9922,0.9922,-0.0025999999999999357
23263,teacher,teacher,M,M→F,1,teacher,teacher,True,teacher,False,0.8581,0.8245,0.8245,0.03359999999999996
19118,professor,professor,M,M→F,3,professor,professor,True,professor,False,0.9989,0.9989,0.9989,0.0
89848,attorney,attorney,F,F→M,4,attorney,attorney,True,attorney,False,0.9994,0.9994,0.9994,0.0
52698,psychologist,psychologist,F,F→M,1,psychologist,psychologist,True,psychologist,False,0.9949,0.9961,0.9961,-0.0011999999999999789
20421,professor,professor,F,F→M,5,professor,professor,True,professor,False,0.9982,0.9983,0.9983,-9.999999999998899e-05
82680,software engineer,software engineer,M,M→F,1,software engineer,software engineer,True,software engineer,False,0.8634,0.8112,0.8112,0.05219999999999991
71272,professor,professor,M,M→F,2,professor,professor,True,professor,False,0.9972,0.9971,0.9971,9.999999999998899e-05
37931,teacher,teacher,F,F→M,1,teacher,teacher,True,teacher,False,0.9824,0.9744,0.9744,0.008000000000000007
14258,teacher,teacher,F,F→M,3,teacher,teacher,True,teacher,False,0.9948,0.9935,0.9935,0.0012999999999999678
27075,painter,painter,M,M→F,2,painter,painter,True,painter,False,0.9879,0.9871,0.9871,0.0008000000000000229
17055,photographer,photographer,M,M→F,3,photographer,photographer,True,photographer,False,0.9975,0.9975,0.9975,0.0
33809,physician,physician,F,F→M,4,physician,physician,True,physician,False,0.9989,0.9977,0.9977,0.0011999999999999789
90235,journalist,journalist,F,F→M,4,journalist,journalist,True,journalist,False,0.9961,0.9938,0.9938,0.0022999999999999687
16487,professor,professor,M,M→F,1,professor,professor,True,professor,False,0.9987,0.9987,0.9987,0.0
76633,nurse,nurse,F,F→M,3,nurse,nurse,True,nurse,False,0.9515,0.5949,0.5949,0.35660000000000003
19692,journalist,journalist,M,M→F,4,journalist,journalist,True,journalist,False,0.5947,0.8906,0.8906,-0.29589999999999994
91150,teacher,teacher,F,F→M,11,teacher,teacher,True,teacher,False,0.9871,0.9884,0.9884,-0.0012999999999999678
84983,teacher,teacher,F,F→M,2,teacher,teacher,True,teacher,False,0.9908,0.9789,0.9789,0.011900000000000022
50241,physician,physician,F,F→M,3,physician,physician,True,physician,False,0.9994,0.9995,0.9995,-0.00010000000000010001
75946,professor,professor,M,M→F,2,professor,professor,True,professor,False,0.9982,0.9977,0.9977,0.0004999999999999449
783,professor,professor,M,M→F,3,professor,professor,True,professor,False,0.9993,0.9993,0.9993,0.0
62927,attorney,attorney,M,M→F,2,attorney,attorney,True,attorney,False,0.9993,0.9993,0.9993,0.0
90892,comedian,comedian,M,M→F,5,comedian,comedian,True,comedian,False,0.9971,0.9961,0.9961,0.0010000000000000009
58601,professor,professor,M,M→F,2,professor,professor,True,professor,False,0.9985,0.9983,0.9983,0.000200000000000089
3790,attorney,attorney,M,M→F,2,attorney,attorney,True,attorney,False,0.9983,0.9983,0.9983,0.0
4233,professor,professor,F,F→M,2,professor,professor,True,professor,False,0.9944,0.9914,0.9914,0.0030000000000000027
29434,professor,professor,F,F→M,6,professor,professor,True,professor,False,0.9652,0.9574,0.9574,0.007799999999999918
42298,attorney,attorney,F,F→M,7,attorney,attorney,True,attorney,False,0.9948,0.9981,0.9981,-0.0032999999999999696
49119,professor,professor,F,F→M,1,professor,professor,True,professor,False,0.9471,0.9547,0.9547,-0.00759999999999994
85310,nurse,nurse,F,F→M,1,nurse,nurse,True,nurse,False,0.9994,0.9994,0.9994,0.0
34688,physician,physician,F,F→M,3,physician,physician,True,physician,False,0.9995,0.9995,0.9995,0.0
40299,physician,physician,F,F→M,3,physician,physician,True,physician,False,0.9861,0.9596,0.9596,0.026499999999999968
25837,professor,professor,F,F→M,4,professor,professor,True,professor,False,0.9784,0.9728,0.9728,0.005600000000000049
44703,architect,architect,M,M→F,1,architect,architect,True,architect,False,0.4794,0.5232,0.5232,-0.043800000000000006
56534,physician,physician,M,M→F,2,physician,physician,True,physician,False,0.8757,0.9579,0.9579,-0.08219999999999994
89896,physician,physician,F,F→M,3,physician,physician,True,physician,False,0.9994,0.9994,0.9994,0.0
43777,attorney,attorney,M,M→F,1,attorney,attorney,True,attorney,False,0.9992,0.9992,0.9992,0.0
44566,teacher,teacher,M,M→F,5,teacher,teacher,True,teacher,False,0.9851,0.9768,0.9768,0.008299999999999974
61556,professor,professor,M,M→F,2,professor,professor,True,professor,False,0.9638,0.9662,0.9662,-0.0023999999999999577
41558,accountant,accountant,F,F→M,3,accountant,accountant,True,accountant,False,0.9986,0.9984,0.9984,0.000200000000000089
92577,nurse,nurse,F,F→M,2,nurse,nurse,True,nurse,False,0.9972,0.9844,0.9844,0.012799999999999923
41013,photographer,photographer,M,M→F,3,photographer,photographer,True,photographer,False,0.9969,0.9972,0.9972,-0.00029999999999996696
67299,architect,architect,M,M→F,2,architect,architect,True,architect,False,0.7126,0.5253,0.5253,0.18730000000000002
53168,attorney,attorney,M,M→F,1,attorney,attorney,True,attorney,False,0.9692,0.9855,0.9855,-0.016300000000000092
87511,physician,physician,F,F→M,5,physician,physician,True,physician,False,0.9859,0.9624,0.9624,0.023499999999999965
44911,professor,professor,F,F→M,2,professor,professor,True,professor,False,0.9984,0.9985,0.9985,-0.00010000000000010001
31571,nurse,nurse,F,F→M,1,nurse,nurse,True,nurse,False,0.9994,0.9994,0.9994,0.0
7453,comedian,comedian,M,M→F,1,comedian,comedian,True,comedian,False,0.9615,0.824,0.824,0.13750000000000007
29251,journalist,journalist,F,F→M,6,journalist,journalist,True,journalist,False,0.9948,0.9912,0.9912,0.0036000000000000476
27958,professor,professor,F,F→M,2,professor,professor,True,professor,False,0.9072,0.8179,0.8179,0.08930000000000005
6198,attorney,attorney,F,F→M,2,attorney,attorney,True,attorney,False,0.9994,0.9995,0.9995,-0.00010000000000010001
22015,professor,professor,M,M→F,3,professor,professor,True,professor,False,0.9944,0.9946,0.9946,-0.000200000000000089
71617,professor,professor,M,M→F,8,professor,professor,True,professor,False,0.9981,0.9982,0.9982,-9.999999999998899e-05
3136,professor,professor,F,F→M,5,professor,professor,True,professor,False,0.6063,0.571,0.571,0.0353
23468,physician,physician,M,M→F,2,physician,physician,True,physician,False,0.962,0.9818,0.9818,-0.01980000000000004
14326,photographer,photographer,M,M→F,1,photographer,photographer,True,photographer,False,0.9968,0.9963,0.9963,0.000500000000000056
65840,nurse,nurse,M,M→F,2,nurse,nurse,True,nurse,False,0.9985,0.9988,0.9988,-0.00029999999999996696
28615,photographer,photographer,F,F→M,2,photographer,photographer,True,photographer,False,0.9493,0.9598,0.9598,-0.010499999999999954
29309,professor,professor,F,F→M,3,professor,professor,True,professor,False,0.9993,0.9993,0.9993,0.0
72211,professor,professor,F,F→M,2,professor,professor,True,professor,False,0.9956,0.9963,0.9963,-0.0006999999999999229
55093,nurse,nurse,F,F→M,1,nurse,nurse,True,nurse,False,0.9994,0.9994,0.9994,0.0
78862,photographer,photographer,M,M→F,4,photographer,photographer,True,photographer,False,0.995,0.996,0.996,-0.0010000000000000009
11504,professor,professor,F,F→M,5,professor,professor,True,professor,False,0.9938,0.9923,0.9923,0.0015000000000000568
15761,professor,professor,M,M→F,2,professor,professor,True,professor,False,0.9992,0.9992,0.9992,0.0
78708,physician,physician,M,M→F,6,physician,physician,True,physician,False,0.6379,0.7656,0.7656,-0.12769999999999992
23431,composer,composer,M,M→F,3,composer,composer,True,composer,False,0.995,0.9953,0.9953,-0.00029999999999996696
41414,surgeon,surgeon,M,M→F,5,surgeon,surgeon,True,teacher,True,0.1596,0.0196,0.253,0.13999999999999999
6856,journalist,journalist,F,F→M,1,journalist,journalist,True,journalist,False,0.9151,0.8219,0.8219,0.09320000000000006
29136,dentist,dentist,F,F→M,2,dentist,dentist,True,dentist,False,0.9969,0.9964,0.9964,0.000500000000000056
26818,attorney,attorney,F,F→M,2,attorney,attorney,True,attorney,False,0.9442,0.914,0.914,0.030200000000000005
72465,professor,professor,F,F→M,1,professor,professor,True,professor,False,0.9976,0.9974,0.9974,0.000200000000000089
87037,dentist,dentist,M,M→F,3,dentist,dentist,True,dentist,False,0.9653,0.959,0.959,0.006300000000000083
84344,professor,professor,F,F→M,4,professor,professor,True,professor,False,0.997,0.9971,0.9971,-9.999999999998899e-05
89515,teacher,teacher,M,M→F,1,teacher,teacher,True,teacher,False,0.9177,0.8908,0.8908,0.026899999999999924
41751,architect,architect,F,F→M,6,architect,architect,True,architect,False,0.9701,0.9707,0.9707,-0.0006000000000000449
53572,professor,professor,F,F→M,4,professor,professor,True,attorney,True,0.6206,0.4161,0.578,0.20450000000000002
54462,physician,physician,F,F→M,2,physician,physician,True,physician,False,0.6828,0.957,0.957,-0.2742
19963,architect,architect,F,F→M,3,architect,architect,True,architect,False,0.5728,0.6603,0.6603,-0.08750000000000002
67083,professor,professor,M,M→F,5,professor,professor,True,professor,False,0.994,0.9942,0.9942,-0.00019999999999997797
46299,professor,professor,F,F→M,7,professor,professor,True,professor,False,0.9939,0.9942,0.9942,-0.00029999999999996696
58434,professor,professor,F,F→M,3,professor,professor,True,professor,False,0.9994,0.9994,0.9994,0.0
9004,attorney,attorney,F,F→M,2,attorney,attorney,True,attorney,False,0.9995,0.9995,0.9995,0.0
89722,dietitian,dietitian,F,F→M,2,dietitian,dietitian,True,dietitian,False,0.9985,0.9984,0.9984,0.00010000000000010001
7208,poet,poet,M,M→F,8,poet,poet,True,poet,False,0.9382,0.9131,0.9131,0.02510000000000001
15906,photographer,photographer,F,F→M,8,photographer,photographer,True,photographer,False,0.9911,0.9918,0.9918,-0.0007000000000000339
81148,photographer,photographer,M,M→F,3,photographer,photographer,True,photographer,False,0.9916,0.992,0.992,-0.00039999999999995595
57251,professor,professor,M,M→F,2,professor,professor,True,professor,False,0.9881,0.9873,0.9873,0.0008000000000000229
6833,psychologist,psychologist,F,F→M,6,psychologist,psychologist,True,psychologist,False,0.9925,0.995,0.995,-0.0024999999999999467
64024,journalist,journalist,M,M→F,1,journalist,journalist,True,journalist,False,0.8498,0.8737,0.8737,-0.023900000000000032
56889,psychologist,psychologist,M,M→F,1,psychologist,psychologist,True,psychologist,False,0.9988,0.9988,0.9988,0.0
32202,surgeon,surgeon,M,M→F,5,surgeon,surgeon,True,surgeon,False,0.802,0.6499,0.6499,0.1521
61766,professor,professor,F,F→M,1,professor,professor,True,professor,False,0.9992,0.9993,0.9993,-9.999999999998899e-05
85810,photographer,photographer,M,M→F,3,photographer,photographer,True,photographer,False,0.9926,0.9922,0.9922,0.00040000000000006697
58694,physician,physician,M,M→F,3,physician,physician,True,physician,False,0.9995,0.9995,0.9995,0.0
90889,attorney,attorney,F,F→M,4,attorney,attorney,True,attorney,False,0.9961,0.9963,0.9963,-0.00019999999999997797
52252,physician,physician,M,M→F,1,physician,physician,True,physician,False,0.8595,0.6505,0.6505,0.20900000000000007
70681,professor,professor,M,M→F,6,professor,professor,True,professor,False,0.9987,0.9987,0.9987,0.0
32000,professor,professor,F,F→M,3,professor,professor,True,professor,False,0.99,0.9905,0.9905,-0.000500000000000056
55747,painter,painter,F,F→M,8,painter,painter,True,painter,False,0.9966,0.9964,0.9964,0.000200000000000089
71791,painter,painter,M,M→F,1,painter,painter,True,painter,False,0.3168,0.6911,0.6911,-0.3743
29589,attorney,attorney,F,F→M,1,attorney,attorney,True,attorney,False,0.9967,0.9965,0.9965,0.00019999999999997797
62787,professor,professor,F,F→M,3,professor,professor,True,professor,False,0.9996,0.9996,0.9996,0.0
8575,professor,professor,M,M→F,6,professor,professor,True,professor,False,0.6967,0.7498,0.7498,-0.053100000000000036
28190,professor,professor,F,F→M,5,professor,professor,True,professor,False,0.9989,0.9989,0.9989,0.0
90290,physician,physician,F,F→M,3,physician,physician,True,physician,False,0.9649,0.9331,0.9331,0.03179999999999994
67700,professor,professor,F,F→M,4,professor,professor,True,professor,False,0.9917,0.9926,0.9926,-0.0009000000000000119
93357,filmmaker,filmmaker,M,M→F,4,filmmaker,filmmaker,True,filmmaker,False,0.9934,0.9942,0.9942,-0.0008000000000000229
10416,journalist,journalist,M,M→F,1,journalist,journalist,True,professor,True,0.672,0.3763,0.497,0.2957
55877,model,model,F,F→M,5,model,model,True,model,False,0.9987,0.9985,0.9985,0.00019999999999997797
68114,physician,physician,F,F→M,2,physician,physician,True,physician,False,0.9993,0.9993,0.9993,0.0
30770,physician,physician,F,F→M,2,physician,physician,True,physician,False,0.9994,0.9994,0.9994,0.0
35251,photographer,photographer,M,M→F,1,photographer,photographer,True,photographer,False,0.9973,0.996,0.996,0.0012999999999999678
90743,poet,poet,F,F→M,3,poet,poet,True,poet,False,0.9129,0.9434,0.9434,-0.03049999999999997
83698,journalist,journalist,M,M→F,8,journalist,journalist,True,journalist,False,0.9796,0.99,0.99,-0.010399999999999965
19330,professor,professor,M,M→F,1,professor,professor,True,professor,False,0.8998,0.9264,0.9264,-0.026599999999999957
36656,dentist,dentist,F,F→M,3,dentist,dentist,True,dentist,False,0.9159,0.6227,0.6227,0.2932
8374,teacher,teacher,F,F→M,2,teacher,teacher,True,teacher,False,0.9951,0.995,0.995,9.999999999998899e-05
80564,professor,professor,F,F→M,1,professor,professor,True,professor,False,0.9994,0.9994,0.9994,0.0
30619,architect,architect,M,M→F,4,architect,architect,True,architect,False,0.9982,0.9981,0.9981,9.999999999998899e-05
6770,physician,physician,M,M→F,6,physician,physician,True,physician,False,0.9508,0.98,0.98,-0.029200000000000004
44620,professor,professor,M,M→F,4,professor,professor,True,professor,False,0.9994,0.9995,0.9995,-0.00010000000000010001
69417,professor,professor,M,M→F,4,professor,professor,True,professor,False,0.9319,0.9378,0.9378,-0.005900000000000016
84312,nurse,nurse,F,F→M,1,nurse,nurse,True,nurse,False,0.9994,0.9994,0.9994,0.0
35604,painter,painter,M,M→F,3,painter,painter,True,painter,False,0.9954,0.9954,0.9954,0.0
21923,professor,professor,M,M→F,2,professor,professor,True,professor,False,0.7911,0.8538,0.8538,-0.06269999999999998
10631,dentist,dentist,M,M→F,2,dentist,dentist,True,dentist,False,0.9942,0.9944,0.9944,-0.00019999999999997797
71180,poet,poet,F,F→M,2,poet,poet,True,poet,False,0.9891,0.9893,0.9893,-0.00019999999999997797
16426,physician,physician,F,F→M,3,physician,physician,True,physician,False,0.9866,0.9749,0.9749,0.011700000000000044
58582,professor,professor,F,F→M,3,professor,professor,True,professor,False,0.9008,0.8781,0.8781,0.022700000000000053
55426,physician,physician,F,F→M,2,physician,physician,True,physician,False,0.5927,0.9189,0.9189,-0.32620000000000005
33363,architect,architect,F,F→M,4,architect,architect,True,architect,False,0.9868,0.9912,0.9912,-0.0043999999999999595
68107,professor,professor,M,M→F,2,professor,professor,True,professor,False,0.9993,0.9992,0.9992,9.999999999998899e-05
48894,professor,professor,F,F→M,2,professor,professor,True,professor,False,0.9834,0.9822,0.9822,0.0012000000000000899
53018,nurse,nurse,F,F→M,1,nurse,nurse,True,nurse,False,0.9994,0.9994,0.9994,0.0
53616,teacher,teacher,F,F→M,6,teacher,teacher,True,teacher,False,0.9955,0.9954,0.9954,0.00010000000000010001
21619,physician,physician,F,F→M,3,physician,physician,True,physician,False,0.9961,0.996,0.996,9.999999999998899e-05
59328,professor,professor,M,M→F,4,professor,professor,True,professor,False,0.9994,0.9993,0.9993,9.999999999998899e-05
13754,dentist,dentist,M,M→F,2,dentist,dentist,True,dentist,False,0.9672,0.9799,0.9799,-0.012700000000000045
54052,photographer,photographer,M,M→F,6,photographer,photographer,True,photographer,False,0.9803,0.9829,0.9829,-0.0026000000000000467
9490,filmmaker,filmmaker,M,M→F,3,filmmaker,filmmaker,True,filmmaker,False,0.9955,0.9957,0.9957,-0.00019999999999997797
50882,teacher,teacher,M,M→F,1,teacher,teacher,True,teacher,False,0.9918,0.9946,0.9946,-0.0028000000000000247
19877,physician,physician,F,F→M,3,physician,physician,True,physician,False,0.9994,0.9994,0.9994,0.0
50605,journalist,journalist,F,F→M,3,journalist,journalist,True,journalist,False,0.9979,0.9974,0.9974,0.000500000000000056
64584,nurse,nurse,F,F→M,3,nurse,nurse,True,nurse,False,0.998,0.998,0.998,0.0
3338,nurse,nurse,F,F→M,1,nurse,nurse,True,nurse,False,0.9994,0.9994,0.9994,0.0
40310,photographer,photographer,M,M→F,4,photographer,photographer,True,photographer,False,0.9963,0.9963,0.9963,0.0
51386,professor,professor,F,F→M,2,professor,professor,True,professor,False,0.5326,0.5033,0.5033,0.029299999999999993
73295,painter,painter,F,F→M,4,painter,painter,True,painter,False,0.9721,0.9674,0.9674,0.0046999999999999265
72374,photographer,photographer,M,M→F,3,photographer,photographer,True,painter,True,0.3433,0.2745,0.4158,0.06879999999999997
59743,architect,architect,M,M→F,1,architect,architect,True,architect,False,0.6369,0.3987,0.3987,0.23820000000000002
75273,architect,architect,M,M→F,3,architect,architect,True,architect,False,0.9916,0.9936,0.9936,-0.0020000000000000018
90941,comedian,comedian,M,M→F,6,comedian,comedian,True,comedian,False,0.9956,0.9941,0.9941,0.0015000000000000568
64996,attorney,attorney,M,M→F,2,attorney,attorney,True,attorney,False,0.9994,0.9992,0.9992,0.00019999999999997797
18885,professor,professor,F,F→M,2,professor,professor,True,professor,False,0.9842,0.984,0.984,0.00019999999999997797
46390,surgeon,surgeon,M,M→F,2,surgeon,surgeon,True,surgeon,False,0.9983,0.9984,0.9984,-9.999999999998899e-05
16030,physician,physician,M,M→F,2,physician,physician,True,physician,False,0.9642,0.9855,0.9855,-0.021300000000000097
58517,professor,professor,M,M→F,4,professor,professor,True,professor,False,0.9994,0.9994,0.9994,0.0
90439,nurse,nurse,F,F→M,1,nurse,nurse,True,nurse,False,0.9982,0.9979,0.9979,0.00029999999999996696
4144,photographer,photographer,M,M→F,3,photographer,photographer,True,photographer,False,0.9673,0.9684,0.9684,-0.0010999999999999899
31527,professor,professor,F,F→M,2,professor,professor,True,professor,False,0.9992,0.9992,0.9992,0.0
74370,psychologist,psychologist,F,F→M,1,psychologist,psychologist,True,psychologist,False,0.9974,0.9974,0.9974,0.0
25900,professor,professor,M,M→F,4,professor,professor,True,professor,False,0.9994,0.9994,0.9994,0.0
21855,dentist,dentist,M,M→F,1,dentist,dentist,True,dentist,False,0.9226,0.9215,0.9215,0.0010999999999999899
4954,professor,professor,M,M→F,2,professor,professor,True,professor,False,0.9994,0.9995,0.9995,-0.00010000000000010001
88811,dentist,dentist,M,M→F,6,dentist,dentist,True,dentist,False,0.9926,0.9933,0.9933,-0.0006999999999999229
54214,journalist,journalist,M,M→F,4,journalist,journalist,True,journalist,False,0.9918,0.9944,0.9944,-0.0025999999999999357
30222,professor,professor,M,M→F,1,professor,professor,True,professor,False,0.9926,0.9928,0.9928,-0.00019999999999997797
4878,photographer,photographer,F,F→M,1,photographer,photographer,True,photographer,False,0.5272,0.4638,0.4638,0.06340000000000001
93162,professor,professor,M,M→F,4,professor,professor,True,professor,False,0.9992,0.9992,0.9992,0.0
15877,physician,physician,M,M→F,3,physician,physician,True,physician,False,0.9974,0.9988,0.9988,-0.0014000000000000679
55444,physician,physician,F,F→M,3,physician,physician,True,physician,False,0.9994,0.9995,0.9995,-0.00010000000000010001
27462,painter,painter,F,F→M,2,painter,painter,True,photographer,True,0.7454,0.4495,0.484,0.29589999999999994
39062,surgeon,surgeon,M,M→F,4,surgeon,surgeon,True,surgeon,False,0.996,0.9961,0.9961,-9.999999999998899e-05
1429,attorney,attorney,F,F→M,1,attorney,attorney,True,attorney,False,0.9994,0.9994,0.9994,0.0
36348,comedian,comedian,F,F→M,6,comedian,comedian,True,comedian,False,0.9967,0.9977,0.9977,-0.0010000000000000009
62632,professor,professor,M,M→F,1,professor,professor,True,professor,False,0.9387,0.9345,0.9345,0.0041999999999999815
38544,psychologist,psychologist,F,F→M,1,psychologist,psychologist,True,psychologist,False,0.9988,0.9988,0.9988,0.0
79665,attorney,attorney,M,M→F,3,attorney,attorney,True,attorney,False,0.999,0.999,0.999,0.0
73120,attorney,attorney,M,M→F,3,attorney,attorney,True,attorney,False,0.9993,0.9993,0.9993,0.0
64975,surgeon,surgeon,M,M→F,2,surgeon,surgeon,True,surgeon,False,0.9982,0.9982,0.9982,0.0
79461,professor,professor,F,F→M,3,professor,professor,True,professor,False,0.999,0.999,0.999,0.0
24612,attorney,attorney,F,F→M,3,attorney,attorney,True,attorney,False,0.9985,0.9992,0.9992,-0.0006999999999999229
85939,psychologist,psychologist,F,F→M,1,psychologist,psychologist,True,psychologist,False,0.998,0.9979,0.9979,9.999999999998899e-05
33734,professor,professor,F,F→M,1,professor,professor,True,professor,False,0.9991,0.9991,0.9991,0.0
89990,journalist,journalist,F,F→M,6,journalist,journalist,True,journalist,False,0.9975,0.9973,0.9973,0.000200000000000089
5412,poet,poet,F,F→M,3,poet,poet,True,poet,False,0.9773,0.9869,0.9869,-0.009600000000000053
43130,poet,poet,F,F→M,3,poet,poet,True,poet,False,0.9904,0.9908,0.9908,-0.00040000000000006697
82664,professor,professor,F,F→M,1,professor,professor,True,professor,False,0.966,0.9743,0.9743,-0.008300000000000085
19498,journalist,journalist,F,F→M,2,journalist,journalist,True,journalist,False,0.9969,0.9967,0.9967,0.00019999999999997797
84253,physician,physician,M,M→F,1,physician,physician,True,physician,False,0.9184,0.8138,0.8138,0.10460000000000003
84686,attorney,attorney,M,M→F,6,attorney,attorney,True,attorney,False,0.9982,0.9969,0.9969,0.0012999999999999678
20508,photographer,photographer,M,M→F,6,photographer,photographer,True,photographer,False,0.9979,0.9978,0.9978,9.999999999998899e-05
75755,software engineer,software engineer,M,M→F,2,software engineer,software engineer,True,software engineer,False,0.9914,0.9924,0.9924,-0.0010000000000000009
88358,psychologist,psychologist,F,F→M,1,psychologist,psychologist,True,psychologist,False,0.9726,0.9897,0.9897,-0.017100000000000004
45443,attorney,attorney,F,F→M,6,attorney,attorney,True,attorney,False,0.9757,0.9894,0.9894,-0.013699999999999934
7455,physician,physician,F,F→M,2,physician,physician,True,physician,False,0.6229,0.909,0.909,-0.2861
3825,surgeon,surgeon,M,M→F,2,surgeon,surgeon,True,surgeon,False,0.9981,0.9981,0.9981,0.0
17237,attorney,attorney,M,M→F,3,attorney,attorney,True,attorney,False,0.9991,0.9991,0.9991,0.0
70373,surgeon,surgeon,M,M→F,6,surgeon,surgeon,True,surgeon,False,0.9647,0.959,0.959,0.005700000000000038
25960,physician,physician,F,F→M,4,physician,physician,True,physician,False,0.5611,0.5059,0.5059,0.05520000000000003
74562,photographer,photographer,F,F→M,3,photographer,photographer,True,photographer,False,0.9929,0.9946,0.9946,-0.0017000000000000348
91273,professor,professor,M,M→F,1,professor,professor,True,professor,False,0.6433,0.8189,0.8189,-0.17559999999999998
11998,surgeon,surgeon,F,F→M,2,surgeon,surgeon,True,surgeon,False,0.7019,0.9409,0.9409,-0.239
86920,dietitian,dietitian,F,F→M,4,dietitian,dietitian,True,dietitian,False,0.9276,0.922,0.922,0.005599999999999938
49883,poet,poet,F,F→M,4,poet,poet,True,poet,False,0.964,0.9635,0.9635,0.0004999999999999449
83414,nurse,nurse,F,F→M,1,nurse,nurse,True,nurse,False,0.9994,0.9994,0.9994,0.0
52180,professor,professor,M,M→F,1,professor,professor,True,professor,False,0.8826,0.9282,0.9282,-0.045599999999999974
74890,journalist,journalist,M,M→F,1,journalist,journalist,True,journalist,False,0.8274,0.9755,0.9755,-0.1481
71299,physician,physician,F,F→M,6,physician,physician,True,physician,False,0.9901,0.9885,0.9885,0.0015999999999999348
8040,painter,painter,F,F→M,2,painter,painter,True,painter,False,0.9873,0.9834,0.9834,0.0038999999999999035
65329,professor,professor,F,F→M,3,professor,professor,True,professor,False,0.993,0.9934,0.9934,-0.00039999999999995595
24428,attorney,attorney,M,M→F,1,attorney,attorney,True,attorney,False,0.9978,0.9978,0.9978,0.0
9155,photographer,photographer,M,M→F,1,photographer,photographer,True,photographer,False,0.997,0.9972,0.9972,-0.00019999999999997797
87433,attorney,attorney,M,M→F,2,attorney,attorney,True,attorney,False,0.9991,0.9991,0.9991,0.0
23283,photographer,photographer,M,M→F,1,photographer,photographer,True,photographer,False,0.9532,0.9924,0.9924,-0.0391999999999999
44398,professor,professor,M,M→F,1,professor,professor,True,professor,False,0.925,0.9378,0.9378,-0.012799999999999923
64134,professor,professor,M,M→F,4,professor,professor,True,professor,False,0.9993,0.9994,0.9994,-9.999999999998899e-05
34768,surgeon,surgeon,F,F→M,5,surgeon,surgeon,True,surgeon,False,0.9952,0.9952,0.9952,0.0
89700,psychologist,psychologist,F,F→M,8,psychologist,psychologist,True,psychologist,False,0.9985,0.9985,0.9985,0.0
71790,nurse,nurse,F,F→M,3,nurse,nurse,True,model,True,0.4671,0.0657,0.1946,0.40140000000000003
80529,attorney,attorney,M,M→F,2,attorney,attorney,True,attorney,False,0.8263,0.7072,0.7072,0.11909999999999998
64808,accountant,accountant,M,M→F,2,accountant,accountant,True,accountant,False,0.9981,0.998,0.998,9.999999999998899e-05
84750,professor,professor,F,F→M,2,professor,professor,True,professor,False,0.9991,0.9991,0.9991,0.0
37775,nurse,nurse,M,M→F,2,nurse,nurse,True,nurse,False,0.6318,0.9346,0.9346,-0.30279999999999996
80432,painter,painter,F,F→M,4,painter,painter,True,painter,False,0.9268,0.9039,0.9039,0.02289999999999992
57875,professor,professor,M,M→F,3,professor,professor,True,professor,False,0.9319,0.9437,0.9437,-0.011800000000000033
59739,teacher,teacher,M,M→F,2,teacher,teacher,True,teacher,False,0.9924,0.9937,0.9937,-0.0013000000000000789
57842,journalist,journalist,F,F→M,4,journalist,journalist,True,journalist,False,0.9947,0.9885,0.9885,0.006199999999999983
58704,model,model,M,M→F,5,model,model,True,model,False,0.9981,0.9983,0.9983,-0.00019999999999997797
85426,dentist,dentist,M,M→F,3,dentist,dentist,True,dentist,False,0.9984,0.9983,0.9983,9.999999999998899e-05
19544,professor,professor,M,M→F,2,professor,professor,True,professor,False,0.9942,0.9927,0.9927,0.0014999999999999458
57092,physician,physician,F,F→M,3,physician,physician,True,physician,False,0.9994,0.9994,0.9994,0.0
69577,physician,physician,M,M→F,5,physician,physician,True,physician,False,0.7587,0.8469,0.8469,-0.08819999999999995
7186,nurse,nurse,F,F→M,1,nurse,nurse,True,psychologist,True,0.3017,0.0433,0.3574,0.2584
11029,professor,professor,M,M→F,3,professor,professor,True,professor,False,0.999,0.999,0.999,0.0
21034,professor,professor,M,M→F,2,professor,professor,True,professor,False,0.6371,0.6983,0.6983,-0.06120000000000003
77061,attorney,attorney,F,F→M,2,attorney,attorney,True,attorney,False,0.9995,0.9995,0.9995,0.0
37903,poet,poet,F,F→M,6,poet,poet,True,poet,False,0.9812,0.9806,0.9806,0.0005999999999999339
12417,journalist,journalist,F,F→M,3,journalist,journalist,True,journalist,False,0.5261,0.479,0.479,0.04710000000000003
83181,professor,professor,M,M→F,1,professor,professor,True,professor,False,0.9896,0.99,0.99,-0.00039999999999995595
83804,dentist,dentist,M,M→F,1,dentist,dentist,True,dentist,False,0.9923,0.9931,0.9931,-0.0008000000000000229
4283,journalist,journalist,M,M→F,2,journalist,journalist,True,journalist,False,0.8531,0.9198,0.9198,-0.06669999999999998
17772,professor,professor,F,F→M,2,professor,professor,True,professor,False,0.991,0.9866,0.9866,0.0043999999999999595
18294,professor,professor,F,F→M,4,professor,professor,True,professor,False,0.9987,0.9988,0.9988,-9.999999999998899e-05
12925,professor,professor,F,F→M,4,professor,professor,True,professor,False,0.9989,0.999,0.999,-9.999999999998899e-05
8954,professor,professor,F,F→M,5,professor,professor,True,professor,False,0.993,0.9929,0.9929,9.999999999998899e-05
33958,teacher,teacher,M,M→F,3,teacher,teacher,True,teacher,False,0.9918,0.9917,0.9917,9.999999999998899e-05
92660,dentist,dentist,M,M→F,4,dentist,dentist,True,dentist,False,0.9936,0.993,0.993,0.0006000000000000449
43009,dentist,dentist,F,F→M,1,dentist,dentist,True,dentist,False,0.9604,0.9596,0.9596,0.0008000000000000229
85745,photographer,photographer,F,F→M,1,photographer,photographer,True,photographer,False,0.9963,0.9971,0.9971,-0.0008000000000000229
74411,photographer,photographer,F,F→M,2,photographer,photographer,True,photographer,False,0.9954,0.9956,0.9956,-0.000200000000000089
18781,professor,professor,M,M→F,3,professor,professor,True,professor,False,0.9929,0.9939,0.9939,-0.0010000000000000009
10576,surgeon,surgeon,M,M→F,1,surgeon,surgeon,True,surgeon,False,0.7522,0.574,0.574,0.17820000000000003
7387,professor,professor,M,M→F,1,professor,professor,True,professor,False,0.9817,0.9737,0.9737,0.008000000000000007
70702,physician,physician,M,M→F,2,physician,physician,True,physician,False,0.9973,0.9986,0.9986,-0.0013000000000000789
63040,photographer,photographer,M,M→F,4,photographer,photographer,True,photographer,False,0.9908,0.9902,0.9902,0.0006000000000000449
45266,attorney,attorney,M,M→F,9,attorney,attorney,True,attorney,False,0.9995,0.9995,0.9995,0.0
24618,professor,professor,M,M→F,4,professor,professor,True,professor,False,0.9993,0.9994,0.9994,-9.999999999998899e-05
6346,professor,professor,F,F→M,3,professor,professor,True,professor,False,0.7161,0.7206,0.7206,-0.0045000000000000595
55176,professor,professor,M,M→F,8,professor,professor,True,professor,False,0.9992,0.9992,0.9992,0.0
38809,physician,physician,F,F→M,3,physician,physician,True,physician,False,0.9995,0.9995,0.9995,0.0
63510,attorney,attorney,M,M→F,1,attorney,attorney,True,attorney,False,0.9978,0.9979,0.9979,-9.999999999998899e-05
75056,physician,physician,M,M→F,2,physician,physician,True,nurse,True,0.5002,0.2801,0.4253,0.22009999999999996
87604,software engineer,software engineer,M,M→F,3,software engineer,software engineer,True,software engineer,False,0.9853,0.9875,0.9875,-0.0022000000000000908
87742,nurse,nurse,F,F→M,1,nurse,nurse,True,nurse,False,0.9994,0.9994,0.9994,0.0
51719,architect,architect,M,M→F,1,architect,architect,True,architect,False,0.4839,0.3924,0.3924,0.09149999999999997
4027,professor,professor,M,M→F,1,professor,professor,True,professor,False,0.9288,0.9246,0.9246,0.0041999999999999815
47867,accountant,accountant,F,F→M,2,accountant,accountant,True,accountant,False,0.9984,0.9985,0.9985,-0.00010000000000010001
84805,professor,professor,M,M→F,2,professor,professor,True,professor,False,0.99,0.9949,0.9949,-0.0049000000000000155
70566,professor,professor,F,F→M,1,professor,professor,True,professor,False,0.9906,0.9924,0.9924,-0.0017999999999999128
58523,architect,architect,M,M→F,5,architect,architect,True,architect,False,0.9859,0.9133,0.9133,0.0726
29727,professor,professor,M,M→F,5,professor,professor,True,professor,False,0.7285,0.9148,0.9148,-0.1862999999999999
35329,nurse,nurse,F,F→M,6,nurse,nurse,True,poet,True,0.4229,0.0147,0.5089,0.4082
8142,painter,painter,F,F→M,2,painter,painter,True,painter,False,0.4558,0.3115,0.3115,0.14429999999999998
18531,physician,physician,M,M→F,2,physician,physician,True,physician,False,0.9493,0.9791,0.9791,-0.029799999999999938
37692,teacher,teacher,M,M→F,3,teacher,teacher,True,teacher,False,0.5808,0.7976,0.7976,-0.2168
79440,professor,professor,M,M→F,1,professor,professor,True,professor,False,0.9995,0.9995,0.9995,0.0
72885,photographer,photographer,M,M→F,2,photographer,photographer,True,photographer,False,0.9981,0.9981,0.9981,0.0
76890,physician,physician,F,F→M,3,physician,physician,True,physician,False,0.9994,0.9994,0.9994,0.0
80761,dentist,dentist,M,M→F,1,dentist,dentist,True,dentist,False,0.9973,0.9975,0.9975,-0.000200000000000089
22050,physician,physician,F,F→M,1,physician,physician,True,physician,False,0.9964,0.9879,0.9879,0.008499999999999952
86903,composer,composer,M,M→F,2,composer,composer,True,composer,False,0.9942,0.9936,0.9936,0.0005999999999999339
70026,physician,physician,M,M→F,3,physician,physician,True,physician,False,0.9809,0.9956,0.9956,-0.014700000000000046
975,photographer,photographer,F,F→M,2,photographer,photographer,True,photographer,False,0.9944,0.9937,0.9937,0.0006999999999999229
73753,attorney,attorney,F,F→M,4,attorney,attorney,True,attorney,False,0.9992,0.9993,0.9993,-9.999999999998899e-05
80862,nurse,nurse,F,F→M,1,nurse,nurse,True,nurse,False,0.9994,0.9994,0.9994,0.0
89316,professor,professor,M,M→F,5,professor,professor,True,professor,False,0.999,0.9989,0.9989,9.999999999998899e-05
39376,attorney,attorney,M,M→F,7,attorney,attorney,True,attorney,False,0.9994,0.9994,0.9994,0.0
29410,model,model,F,F→M,3,model,model,True,model,False,0.9942,0.9198,0.9198,0.07440000000000002
25578,journalist,journalist,F,F→M,2,journalist,journalist,True,journalist,False,0.641,0.7194,0.7194,-0.07840000000000003
40753,nurse,nurse,F,F→M,3,nurse,nurse,True,nurse,False,0.9769,0.9672,0.9672,0.009700000000000042
39188,journalist,journalist,M,M→F,2,journalist,journalist,True,journalist,False,0.9966,0.9974,0.9974,-0.0007999999999999119
49387,physician,physician,F,F→M,3,physician,physician,True,physician,False,0.9995,0.9994,0.9994,0.00010000000000010001
25694,professor,professor,M,M→F,3,professor,professor,True,professor,False,0.9992,0.9992,0.9992,0.0
43496,composer,composer,M,M→F,2,composer,composer,True,composer,False,0.9955,0.9946,0.9946,0.0009000000000000119
84531,photographer,photographer,M,M→F,1,photographer,photographer,True,photographer,False,0.9939,0.9938,0.9938,9.999999999998899e-05
6587,professor,professor,M,M→F,7,professor,professor,True,professor,False,0.9994,0.9994,0.9994,0.0
39640,professor,professor,F,F→M,5,professor,professor,True,professor,False,0.9888,0.9939,0.9939,-0.005099999999999993
14955,physician,physician,M,M→F,4,physician,physician,True,physician,False,0.9433,0.9805,0.9805,-0.03720000000000001
39496,filmmaker,filmmaker,M,M→F,3,filmmaker,filmmaker,True,filmmaker,False,0.9813,0.9762,0.9762,0.005099999999999993
37520,professor,professor,M,M→F,2,professor,professor,True,professor,False,0.9735,0.9725,0.9725,0.0010000000000000009
9343,physician,physician,M,M→F,4,physician,physician,True,physician,False,0.9961,0.9988,0.9988,-0.0027000000000000357
46445,attorney,attorney,F,F→M,3,attorney,attorney,True,attorney,False,0.7921,0.9773,0.9773,-0.18519999999999992
6762,dentist,dentist,F,F→M,2,dentist,dentist,True,dentist,False,0.9429,0.9418,0.9418,0.0010999999999999899
63977,physician,physician,F,F→M,3,physician,physician,True,physician,False,0.9994,0.9994,0.9994,0.0
13916,painter,painter,F,F→M,1,painter,painter,True,painter,False,0.9963,0.9963,0.9963,0.0
49944,comedian,comedian,M,M→F,4,comedian,comedian,True,comedian,False,0.9951,0.9908,0.9908,0.0042999999999999705
70554,dentist,dentist,M,M→F,2,dentist,dentist,True,dentist,False,0.9371,0.9376,0.9376,-0.0004999999999999449
34849,professor,professor,M,M→F,6,professor,professor,True,professor,False,0.9994,0.9994,0.9994,0.0
31116,attorney,attorney,M,M→F,2,attorney,attorney,True,attorney,False,0.9994,0.9993,0.9993,9.999999999998899e-05
43018,professor,professor,F,F→M,2,professor,professor,True,professor,False,0.9951,0.9958,0.9958,-0.0007000000000000339
35683,physician,physician,F,F→M,3,physician,physician,True,physician,False,0.9983,0.9976,0.9976,0.0006999999999999229
40499,professor,professor,M,M→F,8,professor,professor,True,professor,False,0.9964,0.9959,0.9959,0.0004999999999999449
90011,journalist,journalist,M,M→F,1,journalist,journalist,True,journalist,False,0.993,0.9956,0.9956,-0.0026000000000000467
73419,professor,professor,M,M→F,3,professor,professor,True,professor,False,0.9988,0.9989,0.9989,-9.999999999998899e-05
834,surgeon,surgeon,F,F→M,2,surgeon,surgeon,True,surgeon,False,0.9979,0.998,0.998,-9.999999999998899e-05
11512,attorney,attorney,M,M→F,1,attorney,attorney,True,attorney,False,0.9993,0.9993,0.9993,0.0
61698,surgeon,surgeon,M,M→F,2,surgeon,surgeon,True,surgeon,False,0.8854,0.8826,0.8826,0.0027999999999999137
59979,professor,professor,F,F→M,4,professor,professor,True,professor,False,0.9995,0.9995,0.9995,0.0
29578,professor,professor,M,M→F,3,professor,professor,True,professor,False,0.8144,0.8309,0.8309,-0.01649999999999996
35590,dentist,dentist,M,M→F,2,dentist,dentist,True,dentist,False,0.995,0.9956,0.9956,-0.0006000000000000449
81210,dentist,dentist,F,F→M,2,dentist,dentist,True,dentist,False,0.9538,0.9526,0.9526,0.0011999999999999789
60481,architect,architect,M,M→F,2,architect,architect,True,architect,False,0.6604,0.3969,0.3969,0.2635
73971,surgeon,surgeon,M,M→F,8,surgeon,surgeon,True,surgeon,False,0.9926,0.9897,0.9897,0.0029000000000000137
93730,professor,professor,F,F→M,4,professor,professor,True,professor,False,0.9926,0.9932,0.9932,-0.0005999999999999339
8125,accountant,accountant,M,M→F,5,accountant,accountant,True,accountant,False,0.9986,0.9986,0.9986,0.0
65036,psychologist,psychologist,M,M→F,2,psychologist,psychologist,True,psychologist,False,0.9927,0.9929,0.9929,-0.00019999999999997797
4226,dentist,dentist,M,M→F,1,dentist,dentist,True,dentist,False,0.9776,0.9781,0.9781,-0.0004999999999999449
56870,professor,professor,F,F→M,3,professor,professor,True,professor,False,0.9964,0.9962,0.9962,0.00019999999999997797
78908,composer,composer,M,M→F,2,composer,composer,True,composer,False,0.9967,0.9956,0.9956,0.0010999999999999899
44577,professor,professor,M,M→F,4,professor,professor,True,professor,False,0.9935,0.9956,0.9956,-0.0020999999999999908
10364,attorney,attorney,F,F→M,3,attorney,attorney,True,attorney,False,0.4215,0.7145,0.7145,-0.29300000000000004
75955,professor,professor,F,F→M,2,professor,professor,True,professor,False,0.9993,0.9993,0.9993,0.0
73784,dentist,dentist,M,M→F,3,dentist,dentist,True,dentist,False,0.9868,0.9914,0.9914,-0.0045999999999999375
40148,attorney,attorney,M,M→F,2,attorney,attorney,True,attorney,False,0.9995,0.9995,0.9995,0.0
35152,professor,professor,M,M→F,2,professor,professor,True,professor,False,0.5906,0.7652,0.7652,-0.17459999999999998
89440,photographer,photographer,F,F→M,4,photographer,photographer,True,photographer,False,0.9956,0.9956,0.9956,0.0
87553,filmmaker,filmmaker,M,M→F,1,filmmaker,filmmaker,True,filmmaker,False,0.991,0.9814,0.9814,0.009599999999999942
11780,professor,professor,M,M→F,3,professor,professor,True,professor,False,0.998,0.9978,0.9978,0.00019999999999997797
83242,professor,professor,F,F→M,2,professor,professor,True,professor,False,0.9992,0.999,0.999,0.00019999999999997797
624,professor,professor,M,M→F,5,professor,professor,True,professor,False,0.9992,0.9993,0.9993,-9.999999999998899e-05
78215,nurse,nurse,F,F→M,2,nurse,nurse,True,nurse,False,0.9904,0.9899,0.9899,0.0004999999999999449
2004,professor,professor,M,M→F,5,professor,professor,True,professor,False,0.9995,0.9995,0.9995,0.0
94448,psychologist,psychologist,M,M→F,5,psychologist,psychologist,True,psychologist,False,0.9819,0.9798,0.9798,0.0020999999999999908
27957,professor,professor,M,M→F,2,professor,professor,True,teacher,True,0.2174,0.247,0.3425,-0.029599999999999987
24135,model,model,F,F→M,3,model,model,True,comedian,True,0.919,0.0397,0.9351,0.8793000000000001
52191,dietitian,dietitian,F,F→M,2,dietitian,dietitian,True,dietitian,False,0.9966,0.9939,0.9939,0.0027000000000000357
90895,physician,physician,F,F→M,1,physician,physician,True,physician,False,0.8099,0.9089,0.9089,-0.09900000000000009
48076,professor,professor,F,F→M,1,professor,professor,True,professor,False,0.9972,0.9972,0.9972,0.0
33322,professor,professor,M,M→F,5,professor,professor,True,professor,False,0.9995,0.9994,0.9994,0.00010000000000010001
67619,software engineer,software engineer,M,M→F,2,software engineer,software engineer,True,software engineer,False,0.9706,0.9761,0.9761,-0.005499999999999949
37219,software engineer,software engineer,M,M→F,1,software engineer,software engineer,True,software engineer,False,0.8678,0.8857,0.8857,-0.017900000000000027
68170,professor,professor,F,F→M,3,professor,professor,True,professor,False,0.991,0.9921,0.9921,-0.0010999999999999899
79648,poet,poet,M,M→F,2,poet,poet,True,poet,False,0.8682,0.9195,0.9195,-0.05130000000000001
68605,professor,professor,M,M→F,2,professor,professor,True,professor,False,0.9858,0.9875,0.9875,-0.0017000000000000348
71427,software engineer,software engineer,F,F→M,3,software engineer,software engineer,True,software engineer,False,0.9873,0.9832,0.9832,0.0040999999999999925
76782,dentist,dentist,M,M→F,5,dentist,dentist,True,dentist,False,0.9904,0.9941,0.9941,-0.0037000000000000366
82096,photographer,photographer,M,M→F,2,photographer,photographer,True,photographer,False,0.9966,0.9964,0.9964,0.000200000000000089
77248,physician,physician,F,F→M,4,physician,physician,True,physician,False,0.9914,0.9748,0.9748,0.016599999999999948
62631,surgeon,surgeon,M,M→F,1,surgeon,surgeon,True,surgeon,False,0.9955,0.9945,0.9945,0.0010000000000000009
46074,model,model,F,F→M,4,model,model,True,model,False,0.999,0.999,0.999,0.0
31350,nurse,nurse,F,F→M,3,nurse,nurse,True,physician,True,0.4788,0.0327,0.8427,0.4461
63715,accountant,accountant,M,M→F,2,accountant,accountant,True,accountant,False,0.9973,0.9972,0.9972,9.999999999998899e-05
49755,physician,physician,M,M→F,4,physician,physician,True,physician,False,0.9959,0.9967,0.9967,-0.0008000000000000229
72920,software engineer,software engineer,M,M→F,3,software engineer,software engineer,True,software engineer,False,0.9275,0.942,0.942,-0.014499999999999957
22898,professor,professor,M,M→F,2,professor,professor,True,professor,False,0.8756,0.9019,0.9019,-0.02629999999999999
77668,nurse,nurse,F,F→M,8,nurse,nurse,True,nurse,False,0.9981,0.9975,0.9975,0.0005999999999999339
94429,professor,professor,F,F→M,8,professor,professor,True,professor,False,0.9992,0.9993,0.9993,-9.999999999998899e-05
57358,poet,poet,F,F→M,3,poet,poet,True,poet,False,0.8887,0.9509,0.9509,-0.06219999999999992
42112,professor,professor,F,F→M,2,professor,professor,True,professor,False,0.9978,0.9979,0.9979,-9.999999999998899e-05
51291,teacher,teacher,M,M→F,7,teacher,teacher,True,teacher,False,0.9969,0.9969,0.9969,0.0
31318,professor,professor,M,M→F,2,professor,professor,True,professor,False,0.5058,0.5244,0.5244,-0.01859999999999995
27507,surgeon,surgeon,M,M→F,4,surgeon,surgeon,True,professor,True,0.5123,0.2719,0.7079,0.2404
15741,professor,professor,M,M→F,1,professor,professor,True,professor,False,0.9985,0.9985,0.9985,0.0
14953,photographer,photographer,M,M→F,9,photographer,photographer,True,photographer,False,0.9977,0.9977,0.9977,0.0
65802,surgeon,surgeon,M,M→F,4,surgeon,surgeon,True,surgeon,False,0.9971,0.997,0.997,9.999999999998899e-05
29367,filmmaker,filmmaker,M,M→F,4,filmmaker,filmmaker,True,journalist,True,0.3742,0.1592,0.689,0.21499999999999997
66357,professor,professor,M,M→F,5,professor,professor,True,professor,False,0.9745,0.9893,0.9893,-0.014799999999999924
66487,attorney,attorney,M,M→F,3,attorney,attorney,True,attorney,False,0.9979,0.9983,0.9983,-0.00039999999999995595
52801,teacher,teacher,M,M→F,2,teacher,teacher,True,teacher,False,0.9208,0.9909,0.9909,-0.07010000000000005
21866,journalist,journalist,F,F→M,2,journalist,journalist,True,journalist,False,0.9947,0.9942,0.9942,0.000500000000000056
52041,professor,professor,F,F→M,1,professor,professor,True,professor,False,0.9951,0.9953,0.9953,-0.00019999999999997797
30954,professor,professor,M,M→F,6,professor,professor,True,professor,False,0.9994,0.9994,0.9994,0.0
80824,professor,professor,F,F→M,5,professor,professor,True,professor,False,0.9984,0.9983,0.9983,9.999999999998899e-05
18965,physician,physician,M,M→F,4,physician,physician,True,physician,False,0.9505,0.9852,0.9852,-0.03469999999999995
42924,dentist,dentist,F,F→M,2,dentist,dentist,True,dentist,False,0.9225,0.9214,0.9214,0.0010999999999999899
59672,teacher,teacher,F,F→M,1,teacher,teacher,True,teacher,False,0.8653,0.694,0.694,0.1713
75666,professor,professor,F,F→M,2,professor,professor,True,professor,False,0.9925,0.9945,0.9945,-0.0020000000000000018
7899,dietitian,dietitian,F,F→M,1,dietitian,dietitian,True,dietitian,False,0.9971,0.9879,0.9879,0.009199999999999986
21870,psychologist,psychologist,M,M→F,1,psychologist,psychologist,True,psychologist,False,0.5036,0.3679,0.3679,0.13570000000000004
35686,painter,painter,F,F→M,3,painter,painter,True,painter,False,0.9842,0.9828,0.9828,0.0013999999999999568
11092,psychologist,psychologist,F,F→M,3,psychologist,psychologist,True,psychologist,False,0.9984,0.9984,0.9984,0.0
51080,nurse,nurse,F,F→M,1,nurse,nurse,True,nurse,False,0.9994,0.9994,0.9994,0.0
10490,painter,painter,M,M→F,1,painter,painter,True,painter,False,0.9919,0.9933,0.9933,-0.0013999999999999568
8838,nurse,nurse,F,F→M,4,nurse,nurse,True,teacher,True,0.4799,0.034,0.441,0.44589999999999996
83683,nurse,nurse,F,F→M,5,nurse,nurse,True,nurse,False,0.9985,0.9984,0.9984,0.00010000000000010001
80467,professor,professor,M,M→F,1,professor,professor,True,professor,False,0.9971,0.9975,0.9975,-0.00040000000000006697
45144,physician,physician,F,F→M,2,physician,physician,True,physician,False,0.9994,0.9994,0.9994,0.0
9832,photographer,photographer,M,M→F,5,photographer,photographer,True,photographer,False,0.9979,0.998,0.998,-9.999999999998899e-05
70318,filmmaker,filmmaker,F,F→M,1,filmmaker,filmmaker,True,filmmaker,False,0.9574,0.9654,0.9654,-0.008000000000000007
67830,professor,professor,M,M→F,3,professor,professor,True,professor,False,0.9995,0.9995,0.9995,0.0
92116,professor,professor,M,M→F,4,professor,professor,True,professor,False,0.9994,0.9994,0.9994,0.0
53768,professor,professor,M,M→F,3,professor,professor,True,professor,False,0.77,0.8905,0.8905,-0.12049999999999994
23867,professor,professor,M,M→F,3,professor,professor,True,professor,False,0.9994,0.9994,0.9994,0.0
84565,composer,composer,M,M→F,1,composer,composer,True,composer,False,0.9732,0.9225,0.9225,0.05069999999999997
86002,nurse,nurse,F,F→M,1,nurse,nurse,True,nurse,False,0.9994,0.9994,0.9994,0.0
79289,professor,professor,M,M→F,3,professor,professor,True,professor,False,0.9694,0.9707,0.9707,-0.0012999999999999678
49863,physician,physician,F,F→M,5,physician,physician,True,physician,False,0.9846,0.9521,0.9521,0.032500000000000084
21164,professor,professor,F,F→M,2,professor,professor,True,professor,False,0.9993,0.9993,0.9993,0.0
30982,professor,professor,M,M→F,4,professor,professor,True,professor,False,0.9971,0.9971,0.9971,0.0
78494,painter,painter,M,M→F,9,painter,painter,True,painter,False,0.9836,0.9847,0.9847,-0.0010999999999999899
56972,professor,professor,F,F→M,1,professor,professor,True,professor,False,0.9832,0.983,0.983,0.00019999999999997797
22585,professor,professor,F,F→M,1,professor,professor,True,professor,False,0.9968,0.9967,0.9967,9.999999999998899e-05
59062,teacher,teacher,M,M→F,9,teacher,teacher,True,teacher,False,0.9959,0.9962,0.9962,-0.00029999999999996696
59996,professor,professor,M,M→F,1,professor,professor,True,professor,False,0.5597,0.655,0.655,-0.09530000000000005
73108,surgeon,surgeon,M,M→F,1,surgeon,surgeon,True,surgeon,False,0.9984,0.9984,0.9984,0.0
10726,dentist,dentist,M,M→F,3,dentist,dentist,True,dentist,False,0.9977,0.998,0.998,-0.00029999999999996696
75650,poet,poet,M,M→F,1,poet,poet,True,poet,False,0.9903,0.99,0.99,0.00029999999999996696
15819,psychologist,psychologist,M,M→F,7,psychologist,psychologist,True,psychologist,False,0.9948,0.9964,0.9964,-0.0015999999999999348
74584,dentist,dentist,M,M→F,4,dentist,dentist,True,dentist,False,0.998,0.9981,0.9981,-9.999999999998899e-05
3386,poet,poet,F,F→M,3,poet,poet,True,poet,False,0.9765,0.9792,0.9792,-0.0026999999999999247
42897,professor,professor,F,F→M,3,professor,professor,True,professor,False,0.9985,0.9984,0.9984,0.00010000000000010001
13548,physician,physician,M,M→F,2,physician,physician,True,physician,False,0.9992,0.9991,0.9991,9.999999999998899e-05
18601,psychologist,psychologist,F,F→M,5,psychologist,psychologist,True,psychologist,False,0.8565,0.8714,0.8714,-0.014899999999999913
78155,psychologist,psychologist,F,F→M,1,psychologist,psychologist,True,psychologist,False,0.9826,0.9826,0.9826,0.0
82772,psychologist,psychologist,F,F→M,2,psychologist,psychologist,True,psychologist,False,0.9982,0.9982,0.9982,0.0
67925,nurse,nurse,F,F→M,2,nurse,nurse,True,nurse,False,0.9987,0.9987,0.9987,0.0
72052,psychologist,psychologist,F,F→M,4,psychologist,psychologist,True,psychologist,False,0.9971,0.9972,0.9972,-9.999999999998899e-05
42108,software engineer,software engineer,M,M→F,2,software engineer,software engineer,True,software engineer,False,0.6891,0.6917,0.6917,-0.0025999999999999357
89858,physician,physician,M,M→F,2,physician,physician,True,physician,False,0.9994,0.9994,0.9994,0.0
84069,surgeon,surgeon,F,F→M,1,surgeon,surgeon,True,surgeon,False,0.9863,0.9854,0.9854,0.0008999999999999009
29828,software engineer,software engineer,M,M→F,3,software engineer,software engineer,True,software engineer,False,0.8832,0.8418,0.8418,0.04139999999999999
4162,dentist,dentist,M,M→F,1,dentist,dentist,True,dentist,False,0.9398,0.9439,0.9439,-0.0040999999999999925
32955,filmmaker,filmmaker,M,M→F,6,filmmaker,filmmaker,True,filmmaker,False,0.9932,0.9923,0.9923,0.0009000000000000119
71426,architect,architect,M,M→F,2,architect,architect,True,architect,False,0.9971,0.9968,0.9968,0.00029999999999996696
25343,teacher,teacher,F,F→M,2,teacher,teacher,True,teacher,False,0.9699,0.9814,0.9814,-0.011500000000000066
82091,physician,physician,F,F→M,4,physician,physician,True,physician,False,0.991,0.9729,0.9729,0.018100000000000005
31495,composer,composer,M,M→F,1,composer,composer,True,composer,False,0.9971,0.9969,0.9969,0.00019999999999997797
69362,attorney,attorney,M,M→F,5,attorney,attorney,True,attorney,False,0.8804,0.8286,0.8286,0.05179999999999996
27332,attorney,attorney,M,M→F,3,attorney,attorney,True,attorney,False,0.9763,0.9853,0.9853,-0.009000000000000008
2919,professor,professor,M,M→F,5,professor,professor,True,professor,False,0.9976,0.9979,0.9979,-0.00029999999999996696
66591,attorney,attorney,M,M→F,3,attorney,attorney,True,attorney,False,0.9995,0.9994,0.9994,0.00010000000000010001
44355,photographer,photographer,F,F→M,1,photographer,photographer,True,photographer,False,0.9866,0.9933,0.9933,-0.006699999999999928
70756,poet,poet,F,F→M,2,poet,poet,True,poet,False,0.8997,0.9321,0.9321,-0.032399999999999984
27466,comedian,comedian,M,M→F,6,comedian,comedian,True,comedian,False,0.5892,0.5002,0.5002,0.08899999999999997
69387,dentist,dentist,M,M→F,2,dentist,dentist,True,dentist,False,0.9795,0.9886,0.9886,-0.009099999999999997
8458,professor,professor,M,M→F,2,professor,professor,True,professor,False,0.9987,0.9987,0.9987,0.0
86532,professor,professor,M,M→F,7,professor,professor,True,professor,False,0.999,0.999,0.999,0.0
48049,professor,professor,M,M→F,4,professor,professor,True,teacher,True,0.5303,0.4581,0.537,0.07219999999999999
31978,dentist,dentist,M,M→F,1,dentist,dentist,True,dentist,False,0.9425,0.9437,0.9437,-0.0011999999999999789
76206,professor,professor,F,F→M,1,professor,professor,True,professor,False,0.9992,0.9991,0.9991,9.999999999998899e-05
65631,photographer,photographer,M,M→F,2,photographer,photographer,True,photographer,False,0.9965,0.9963,0.9963,0.000200000000000089
53017,attorney,attorney,M,M→F,7,attorney,attorney,True,attorney,False,0.9994,0.9994,0.9994,0.0
20664,physician,physician,M,M→F,2,physician,physician,True,physician,False,0.9965,0.9965,0.9965,0.0
15494,model,model,F,F→M,4,model,model,True,model,False,0.8604,0.2885,0.2885,0.5719000000000001
73373,attorney,attorney,F,F→M,6,attorney,attorney,True,attorney,False,0.9965,0.9961,0.9961,0.00040000000000006697
76564,teacher,teacher,F,F→M,4,teacher,teacher,True,psychologist,True,0.3918,0.3278,0.366,0.064
6173,professor,professor,M,M→F,3,professor,professor,True,professor,False,0.9991,0.9991,0.9991,0.0
33450,professor,professor,F,F→M,2,professor,professor,True,professor,False,0.9699,0.9735,0.9735,-0.0036000000000000476
66699,psychologist,psychologist,M,M→F,1,psychologist,psychologist,True,psychologist,False,0.8324,0.762,0.762,0.07040000000000002
2779,teacher,teacher,M,M→F,5,teacher,teacher,True,teacher,False,0.997,0.997,0.997,0.0
35504,physician,physician,F,F→M,3,physician,physician,True,physician,False,0.9994,0.9994,0.9994,0.0
43902,architect,architect,F,F→M,5,architect,architect,True,architect,False,0.9938,0.9942,0.9942,-0.00039999999999995595
33679,attorney,attorney,M,M→F,5,attorney,attorney,True,attorney,False,0.999,0.9991,0.9991,-9.999999999998899e-05
89290,physician,physician,M,M→F,2,physician,physician,True,physician,False,0.9994,0.9994,0.9994,0.0
71809,software engineer,software engineer,M,M→F,4,software engineer,software engineer,True,software engineer,False,0.9735,0.9793,0.9793,-0.005799999999999916
64000,psychologist,psychologist,M,M→F,2,psychologist,psychologist,True,psychologist,False,0.6077,0.6867,0.6867,-0.07899999999999996
59792,psychologist,psychologist,F,F→M,5,psychologist,psychologist,True,psychologist,False,0.9982,0.9979,0.9979,0.00029999999999996696
39803,physician,physician,F,F→M,3,physician,physician,True,physician,False,0.9994,0.9994,0.9994,0.0
245,attorney,attorney,F,F→M,4,attorney,attorney,True,attorney,False,0.9994,0.9995,0.9995,-0.00010000000000010001
89252,attorney,attorney,M,M→F,3,attorney,attorney,True,attorney,False,0.9995,0.9995,0.9995,0.0
58322,dentist,dentist,M,M→F,2,dentist,dentist,True,dentist,False,0.9333,0.9343,0.9343,-0.0010000000000000009
57740,comedian,comedian,M,M→F,2,comedian,comedian,True,comedian,False,0.9968,0.9967,0.9967,9.999999999998899e-05
86193,physician,physician,F,F→M,2,physician,physician,True,physician,False,0.9945,0.993,0.993,0.0015000000000000568
34905,professor,professor,M,M→F,2,professor,professor,True,professor,False,0.9994,0.9994,0.9994,0.0
45638,journalist,journalist,M,M→F,3,journalist,journalist,True,journalist,False,0.9644,0.9731,0.9731,-0.00869999999999993
13183,surgeon,surgeon,M,M→F,4,surgeon,surgeon,True,surgeon,False,0.989,0.9854,0.9854,0.0035999999999999366
85929,comedian,comedian,M,M→F,7,comedian,comedian,True,comedian,False,0.997,0.9967,0.9967,0.00029999999999996696
14184,psychologist,psychologist,M,M→F,2,psychologist,psychologist,True,psychologist,False,0.9971,0.9969,0.9969,0.00019999999999997797
70458,professor,professor,F,F→M,6,professor,professor,True,professor,False,0.9993,0.9993,0.9993,0.0
14328,professor,professor,M,M→F,1,professor,professor,True,professor,False,0.9965,0.9966,0.9966,-9.999999999998899e-05
77683,professor,professor,F,F→M,5,professor,professor,True,professor,False,0.7229,0.7817,0.7817,-0.05879999999999996
48570,professor,professor,F,F→M,4,professor,professor,True,professor,False,0.9995,0.9995,0.9995,0.0
79141,attorney,attorney,F,F→M,3,attorney,attorney,True,attorney,False,0.9971,0.9968,0.9968,0.00029999999999996696
53091,attorney,attorney,M,M→F,1,attorney,attorney,True,attorney,False,0.9144,0.8056,0.8056,0.10880000000000001
50420,professor,professor,F,F→M,2,professor,professor,True,professor,False,0.9984,0.9983,0.9983,9.999999999998899e-05
29471,psychologist,psychologist,F,F→M,2,psychologist,psychologist,True,psychologist,False,0.966,0.9895,0.9895,-0.023500000000000076
2845,professor,professor,M,M→F,3,professor,professor,True,professor,False,0.9815,0.9921,0.9921,-0.010599999999999943
53455,dentist,dentist,M,M→F,1,dentist,dentist,True,dentist,False,0.9756,0.9753,0.9753,0.000300000000000078
22090,surgeon,surgeon,M,M→F,2,surgeon,surgeon,True,surgeon,False,0.9845,0.9777,0.9777,0.006800000000000028
74330,journalist,journalist,F,F→M,4,journalist,journalist,True,journalist,False,0.8159,0.8879,0.8879,-0.07200000000000006
54674,professor,professor,M,M→F,3,professor,professor,True,professor,False,0.9982,0.9982,0.9982,0.0
54248,professor,professor,M,M→F,1,professor,professor,True,professor,False,0.7129,0.9486,0.9486,-0.23570000000000002
14883,professor,professor,F,F→M,3,professor,professor,True,professor,False,0.9994,0.9994,0.9994,0.0
33443,journalist,journalist,F,F→M,5,journalist,journalist,True,journalist,False,0.9918,0.9903,0.9903,0.0015000000000000568
76700,journalist,journalist,F,F→M,5,journalist,journalist,True,journalist,False,0.9982,0.9981,0.9981,9.999999999998899e-05
74232,surgeon,surgeon,M,M→F,3,surgeon,surgeon,True,surgeon,False,0.9968,0.9961,0.9961,0.0007000000000000339
71797,physician,physician,F,F→M,3,physician,physician,True,physician,False,0.9994,0.9994,0.9994,0.0
7918,accountant,accountant,M,M→F,3,accountant,accountant,True,accountant,False,0.9983,0.9984,0.9984,-9.999999999998899e-05
11482,professor,professor,F,F→M,3,professor,professor,True,professor,False,0.9983,0.9986,0.9986,-0.000300000000000078
49090,professor,professor,F,F→M,5,professor,professor,True,professor,False,0.9424,0.9188,0.9188,0.023600000000000065
51074,teacher,teacher,F,F→M,5,teacher,teacher,True,teacher,False,0.9823,0.9791,0.9791,0.0031999999999999806
41317,professor,professor,F,F→M,3,professor,professor,True,professor,False,0.9981,0.9983,0.9983,-0.00019999999999997797
14637,physician,physician,F,F→M,2,physician,physician,True,physician,False,0.9994,0.9994,0.9994,0.0
51377,photographer,photographer,F,F→M,4,photographer,photographer,True,photographer,False,0.9977,0.9976,0.9976,9.999999999998899e-05
43417,professor,professor,F,F→M,4,professor,professor,True,professor,False,0.9987,0.9987,0.9987,0.0
48755,teacher,teacher,F,F→M,1,teacher,teacher,True,teacher,False,0.3746,0.4286,0.4286,-0.05399999999999999
28623,attorney,attorney,M,M→F,3,attorney,attorney,True,attorney,False,0.9993,0.9993,0.9993,0.0
74635,professor,professor,M,M→F,2,professor,professor,True,professor,False,0.9921,0.9958,0.9958,-0.0037000000000000366
56945,architect,architect,M,M→F,5,architect,architect,True,architect,False,0.9304,0.9092,0.9092,0.021199999999999997
82660,architect,architect,M,M→F,2,architect,architect,True,architect,False,0.9592,0.9539,0.9539,0.005300000000000082
64675,professor,professor,M,M→F,1,professor,professor,True,professor,False,0.8384,0.8647,0.8647,-0.02629999999999999
95255,professor,professor,F,F→M,6,professor,professor,True,professor,False,0.653,0.562,0.562,0.09099999999999997
61338,teacher,teacher,F,F→M,5,teacher,teacher,True,teacher,False,0.993,0.9924,0.9924,0.0006000000000000449
79873,dentist,dentist,F,F→M,1,dentist,dentist,True,dentist,False,0.9456,0.9443,0.9443,0.0012999999999999678
56027,photographer,photographer,M,M→F,2,photographer,photographer,True,photographer,False,0.9979,0.9979,0.9979,0.0
58659,physician,physician,M,M→F,2,physician,physician,True,physician,False,0.7039,0.7902,0.7902,-0.08630000000000004
58747,dentist,dentist,M,M→F,3,dentist,dentist,True,dentist,False,0.9983,0.9983,0.9983,0.0
25335,professor,professor,M,M→F,3,professor,professor,True,professor,False,0.9987,0.9986,0.9986,9.999999999998899e-05
75419,dietitian,dietitian,F,F→M,1,dietitian,dietitian,True,dietitian,False,0.9988,0.9988,0.9988,0.0
92386,professor,professor,F,F→M,1,professor,professor,True,professor,False,0.9944,0.9946,0.9946,-0.000200000000000089
35832,model,model,F,F→M,3,model,model,True,model,False,0.9982,0.9975,0.9975,0.0006999999999999229
92404,attorney,attorney,M,M→F,3,attorney,attorney,True,attorney,False,0.9994,0.9994,0.9994,0.0
37007,attorney,attorney,F,F→M,6,attorney,attorney,True,attorney,False,0.7625,0.7693,0.7693,-0.006800000000000028
21320,comedian,comedian,M,M→F,3,comedian,comedian,True,comedian,False,0.9968,0.9963,0.9963,0.000500000000000056
76924,professor,professor,M,M→F,2,professor,professor,True,professor,False,0.9667,0.9684,0.9684,-0.0017000000000000348
45539,teacher,teacher,F,F→M,10,teacher,teacher,True,teacher,False,0.9952,0.9944,0.9944,0.0008000000000000229
42218,professor,professor,M,M→F,5,professor,professor,True,professor,False,0.999,0.9989,0.9989,9.999999999998899e-05
73847,physician,physician,F,F→M,5,physician,physician,True,physician,False,0.9988,0.9973,0.9973,0.0015000000000000568
29438,professor,professor,F,F→M,4,professor,professor,True,professor,False,0.9946,0.9949,0.9949,-0.00029999999999996696
73417,physician,physician,M,M→F,3,physician,physician,True,physician,False,0.9984,0.9992,0.9992,-0.0008000000000000229
28048,photographer,photographer,F,F→M,8,photographer,photographer,True,photographer,False,0.7086,0.7875,0.7875,-0.07889999999999997
17794,surgeon,surgeon,M,M→F,2,surgeon,surgeon,True,surgeon,False,0.9983,0.9983,0.9983,0.0
34918,attorney,attorney,F,F→M,4,attorney,attorney,True,attorney,False,0.9994,0.9993,0.9993,9.999999999998899e-05
41515,teacher,teacher,M,M→F,3,teacher,teacher,True,teacher,False,0.988,0.9909,0.9909,-0.0029000000000000137
58664,physician,physician,M,M→F,3,physician,physician,True,physician,False,0.9962,0.9985,0.9985,-0.0023000000000000798
74123,surgeon,surgeon,F,F→M,3,surgeon,surgeon,True,surgeon,False,0.9964,0.997,0.997,-0.0006000000000000449
7458,software engineer,software engineer,F,F→M,6,software engineer,software engineer,True,software engineer,False,0.993,0.9925,0.9925,0.0004999999999999449
18971,physician,physician,F,F→M,3,physician,physician,True,physician,False,0.9994,0.9994,0.9994,0.0
79432,professor,professor,M,M→F,3,professor,professor,True,professor,False,0.9995,0.9995,0.9995,0.0
45354,filmmaker,filmmaker,F,F→M,2,filmmaker,filmmaker,True,filmmaker,False,0.937,0.9546,0.9546,-0.01759999999999995
12748,dentist,dentist,M,M→F,1,dentist,dentist,True,dentist,False,0.9298,0.931,0.931,-0.0012000000000000899
40937,photographer,photographer,F,F→M,1,photographer,photographer,True,photographer,False,0.6265,0.9263,0.9263,-0.29980000000000007
69143,surgeon,surgeon,M,M→F,4,surgeon,surgeon,True,surgeon,False,0.9451,0.8201,0.8201,0.125
20278,nurse,nurse,F,F→M,3,nurse,nurse,True,nurse,False,0.999,0.999,0.999,0.0
69572,professor,professor,M,M→F,2,professor,professor,True,professor,False,0.9982,0.9979,0.9979,0.00029999999999996696
74054,journalist,journalist,M,M→F,2,journalist,journalist,True,journalist,False,0.4218,0.622,0.622,-0.2002
95389,dentist,dentist,F,F→M,4,dentist,dentist,True,dentist,False,0.9779,0.9807,0.9807,-0.0028000000000000247
81129,professor,professor,M,M→F,4,professor,professor,True,professor,False,0.9984,0.9984,0.9984,0.0
50087,attorney,attorney,M,M→F,1,attorney,attorney,True,attorney,False,0.9993,0.9993,0.9993,0.0
22240,attorney,attorney,F,F→M,1,attorney,attorney,True,attorney,False,0.9994,0.9994,0.9994,0.0
45115,physician,physician,F,F→M,4,physician,physician,True,physician,False,0.9986,0.9939,0.9939,0.0047000000000000375
22504,professor,professor,M,M→F,5,professor,professor,True,professor,False,0.9989,0.9989,0.9989,0.0
569,teacher,teacher,F,F→M,2,teacher,teacher,True,teacher,False,0.9951,0.9948,0.9948,0.00029999999999996696
64493,dietitian,dietitian,F,F→M,3,dietitian,dietitian,True,dietitian,False,0.9982,0.9971,0.9971,0.0010999999999999899
17001,professor,professor,F,F→M,4,professor,professor,True,professor,False,0.9988,0.9989,0.9989,-9.999999999998899e-05
56627,professor,professor,F,F→M,3,professor,professor,True,attorney,True,0.6148,0.1224,0.8583,0.4924
48514,composer,composer,M,M→F,1,composer,composer,True,composer,False,0.9951,0.995,0.995,9.999999999998899e-05
19938,attorney,attorney,M,M→F,2,attorney,attorney,True,attorney,False,0.9992,0.9992,0.9992,0.0
32298,surgeon,surgeon,F,F→M,2,surgeon,surgeon,True,surgeon,False,0.9952,0.9945,0.9945,0.0006999999999999229
43629,photographer,photographer,M,M→F,1,photographer,photographer,True,journalist,True,0.5888,0.3158,0.6114,0.27299999999999996
79093,journalist,journalist,M,M→F,1,journalist,journalist,True,journalist,False,0.998,0.998,0.998,0.0
60236,attorney,attorney,F,F→M,2,attorney,attorney,True,attorney,False,0.9994,0.9994,0.9994,0.0
49776,journalist,journalist,F,F→M,1,journalist,journalist,True,journalist,False,0.9973,0.9964,0.9964,0.0009000000000000119
85411,poet,poet,M,M→F,5,poet,poet,True,poet,False,0.9911,0.9909,0.9909,0.00019999999999997797
19266,accountant,accountant,M,M→F,5,accountant,accountant,True,accountant,False,0.2669,0.4596,0.4596,-0.19269999999999998
2560,professor,professor,M,M→F,3,professor,professor,True,professor,False,0.9972,0.9968,0.9968,0.00039999999999995595
38473,professor,professor,M,M→F,1,professor,professor,True,professor,False,0.963,0.9731,0.9731,-0.010099999999999998
41643,professor,professor,F,F→M,5,professor,professor,True,professor,False,0.9991,0.9991,0.9991,0.0
71894,teacher,teacher,M,M→F,3,teacher,teacher,True,teacher,False,0.7984,0.8742,0.8742,-0.07579999999999998
28778,composer,composer,M,M→F,4,composer,composer,True,composer,False,0.996,0.9961,0.9961,-9.999999999998899e-05
69107,photographer,photographer,F,F→M,1,photographer,photographer,True,photographer,False,0.9978,0.9977,0.9977,9.999999999998899e-05
2453,physician,physician,F,F→M,3,physician,physician,True,physician,False,0.9994,0.9995,0.9995,-0.00010000000000010001
55875,professor,professor,M,M→F,5,professor,professor,True,professor,False,0.9994,0.9994,0.9994,0.0
13468,architect,architect,F,F→M,2,architect,architect,True,architect,False,0.9981,0.9981,0.9981,0.0
45926,professor,professor,F,F→M,3,professor,professor,True,professor,False,0.9991,0.9991,0.9991,0.0
79496,attorney,attorney,F,F→M,3,attorney,attorney,True,attorney,False,0.9906,0.9954,0.9954,-0.0047999999999999154
32638,surgeon,surgeon,M,M→F,4,surgeon,surgeon,True,surgeon,False,0.9968,0.9947,0.9947,0.0020999999999999908
86922,journalist,journalist,F,F→M,2,journalist,journalist,True,journalist,False,0.9926,0.9889,0.9889,0.0037000000000000366
14825,photographer,photographer,M,M→F,5,photographer,photographer,True,photographer,False,0.9907,0.9925,0.9925,-0.0018000000000000238
33261,professor,professor,M,M→F,2,professor,professor,True,professor,False,0.9966,0.9968,0.9968,-0.00019999999999997797
79679,journalist,journalist,M,M→F,5,journalist,journalist,True,journalist,False,0.9957,0.9968,0.9968,-0.0010999999999999899
8650,professor,professor,F,F→M,6,professor,professor,True,professor,False,0.9835,0.9836,0.9836,-9.999999999998899e-05
47709,professor,professor,M,M→F,3,professor,professor,True,professor,False,0.9987,0.9986,0.9986,9.999999999998899e-05
44371,professor,professor,M,M→F,1,professor,professor,True,professor,False,0.9991,0.9991,0.9991,0.0
88810,journalist,journalist,F,F→M,2,journalist,journalist,True,comedian,True,0.4132,0.0504,0.8583,0.3628
13438,professor,professor,M,M→F,2,professor,professor,True,professor,False,0.9982,0.9983,0.9983,-9.999999999998899e-05
51724,nurse,nurse,F,F→M,1,nurse,nurse,True,nurse,False,0.9994,0.9994,0.9994,0.0
55538,photographer,photographer,M,M→F,2,photographer,photographer,True,photographer,False,0.9774,0.9746,0.9746,0.0028000000000000247
26115,teacher,teacher,F,F→M,2,teacher,teacher,True,photographer,True,0.4015,0.1192,0.4441,0.2823
28272,teacher,teacher,M,M→F,6,teacher,teacher,True,teacher,False,0.581,0.7281,0.7281,-0.1471
14232,professor,professor,M,M→F,6,professor,professor,True,professor,False,0.9968,0.997,0.997,-0.00019999999999997797
36486,dietitian,dietitian,M,M→F,5,dietitian,dietitian,True,dietitian,False,0.9985,0.9985,0.9985,0.0
5411,attorney,attorney,M,M→F,3,attorney,attorney,True,attorney,False,0.9861,0.9842,0.9842,0.0019000000000000128
43440,attorney,attorney,F,F→M,5,attorney,attorney,True,attorney,False,0.9995,0.9995,0.9995,0.0
36515,professor,professor,F,F→M,2,professor,professor,True,professor,False,0.9984,0.9984,0.9984,0.0
80502,physician,physician,F,F→M,3,physician,physician,True,physician,False,0.9995,0.9995,0.9995,0.0
29319,psychologist,psychologist,F,F→M,1,psychologist,psychologist,True,psychologist,False,0.9988,0.9988,0.9988,0.0
50590,architect,architect,M,M→F,2,architect,architect,True,architect,False,0.9981,0.998,0.998,9.999999999998899e-05
16645,composer,composer,M,M→F,2,composer,composer,True,composer,False,0.9973,0.9974,0.9974,-9.999999999998899e-05
2123,physician,physician,F,F→M,2,physician,physician,True,physician,False,0.9994,0.9994,0.9994,0.0
171,teacher,teacher,M,M→F,4,teacher,teacher,True,teacher,False,0.789,0.8397,0.8397,-0.05069999999999997
72933,photographer,photographer,F,F→M,4,photographer,photographer,True,photographer,False,0.9968,0.9964,0.9964,0.00040000000000006697
36627,dentist,dentist,F,F→M,1,dentist,dentist,True,dentist,False,0.9155,0.914,0.914,0.0014999999999999458
83093,poet,poet,M,M→F,5,poet,poet,True,poet,False,0.9928,0.9925,0.9925,0.00029999999999996696
9833,surgeon,surgeon,M,M→F,3,surgeon,surgeon,True,nurse,True,0.7215,0.0149,0.7499,0.7066
13202,psychologist,psychologist,F,F→M,5,psychologist,psychologist,True,psychologist,False,0.9793,0.9786,0.9786,0.0006999999999999229
85643,attorney,attorney,M,M→F,2,attorney,attorney,True,attorney,False,0.9958,0.9968,0.9968,-0.0010000000000000009
